frame_idx,timestamp_ms,nose_x,nose_y,nose_z,nose_v,left_eye_inner_x,left_eye_inner_y,left_eye_inner_z,left_eye_inner_v,left_eye_x,left_eye_y,left_eye_z,left_eye_v,left_eye_outer_x,left_eye_outer_y,left_eye_outer_z,left_eye_outer_v,right_eye_inner_x,right_eye_inner_y,right_eye_inner_z,right_eye_inner_v,right_eye_x,right_eye_y,right_eye_z,right_eye_v,right_eye_outer_x,right_eye_outer_y,right_eye_outer_z,right_eye_outer_v,left_ear_x,left_ear_y,left_ear_z,left_ear_v,right_ear_x,right_ear_y,right_ear_z,right_ear_v,mouth_left_x,mouth_left_y,mouth_left_z,mouth_left_v,mouth_right_x,mouth_right_y,mouth_right_z,mouth_right_v,left_shoulder_x,left_shoulder_y,left_shoulder_z,left_shoulder_v,right_shoulder_x,right_shoulder_y,right_shoulder_z,right_shoulder_v,left_elbow_x,left_elbow_y,left_elbow_z,left_elbow_v,right_elbow_x,right_elbow_y,right_elbow_z,right_elbow_v,left_wrist_x,left_wrist_y,left_wrist_z,left_wrist_v,right_wrist_x,right_wrist_y,right_wrist_z,right_wrist_v,left_pinky_x,left_pinky_y,left_pinky_z,left_pinky_v,right_pinky_x,right_pinky_y,right_pinky_z,right_pinky_v,left_index_x,left_index_y,left_index_z,left_index_v,right_index_x,right_index_y,right_index_z,right_index_v,left_thumb_x,left_thumb_y,left_thumb_z,left_thumb_v,right_thumb_x,right_thumb_y,right_thumb_z,right_thumb_v,left_hip_x,left_hip_y,left_hip_z,left_hip_v,right_hip_x,right_hip_y,right_hip_z,right_hip_v,left_knee_x,left_knee_y,left_knee_z,left_knee_v,right_knee_x,right_knee_y,right_knee_z,right_knee_v,left_ankle_x,left_ankle_y,left_ankle_z,left_ankle_v,right_ankle_x,right_ankle_y,right_ankle_z,right_ankle_v,left_heel_x,left_heel_y,left_heel_z,left_heel_v,right_heel_x,right_heel_y,right_heel_z,right_heel_v,left_foot_index_x,left_foot_index_y,left_foot_index_z,left_foot_index_v,right_foot_index_x,right_foot_index_y,right_foot_index_z,right_foot_index_v
0,0,0.0,0.0,0.0,0.0,0.0,0.0,0.0,0.0,0.0,0.0,0.0,0.0,0.0,0.0,0.0,0.0,0.0,0.0,0.0,0.0,0.0,0.0,0.0,0.0,0.0,0.0,0.0,0.0,0.0,0.0,0.0,0.0,0.0,0.0,0.0,0.0,0.0,0.0,0.0,0.0,0.0,0.0,0.0,0.0,0.0,0.0,0.0,0.0,0.0,0.0,0.0,0.0,0.0,0.0,0.0,0.0,0.0,0.0,0.0,0.0,0.0,0.0,0.0,0.0,0.0,0.0,0.0,0.0,0.0,0.0,0.0,0.0,0.0,0.0,0.0,0.0,0.0,0.0,0.0,0.0,0.0,0.0,0.0,0.0,0.0,0.0,0.0,0.0,0.0,0.0,0.0,0.0,0.0,0.0,0.0,0.0,0.0,0.0,0.0,0.0,0.0,0.0,0.0,0.0,0.0,0.0,0.0,0.0,0.0,0.0,0.0,0.0,0.0,0.0,0.0,0.0,0.0,0.0,0.0,0.0,0.0,0.0,0.0,0.0,0.0,0.0,0.0,0.0,0.0,0.0,0.0,0.0
1,33,0.0,0.0,0.0,0.0,0.0,0.0,0.0,0.0,0.0,0.0,0.0,0.0,0.0,0.0,0.0,0.0,0.0,0.0,0.0,0.0,0.0,0.0,0.0,0.0,0.0,0.0,0.0,0.0,0.0,0.0,0.0,0.0,0.0,0.0,0.0,0.0,0.0,0.0,0.0,0.0,0.0,0.0,0.0,0.0,0.0,0.0,0.0,0.0,0.0,0.0,0.0,0.0,0.0,0.0,0.0,0.0,0.0,0.0,0.0,0.0,0.0,0.0,0.0,0.0,0.0,0.0,0.0,0.0,0.0,0.0,0.0,0.0,0.0,0.0,0.0,0.0,0.0,0.0,0.0,0.0,0.0,0.0,0.0,0.0,0.0,0.0,0.0,0.0,0.0,0.0,0.0,0.0,0.0,0.0,0.0,0.0,0.0,0.0,0.0,0.0,0.0,0.0,0.0,0.0,0.0,0.0,0.0,0.0,0.0,0.0,0.0,0.0,0.0,0.0,0.0,0.0,0.0,0.0,0.0,0.0,0.0,0.0,0.0,0.0,0.0,0.0,0.0,0.0,0.0,0.0,0.0,0.0
2,66,0.0,0.0,0.0,0.0,0.0,0.0,0.0,0.0,0.0,0.0,0.0,0.0,0.0,0.0,0.0,0.0,0.0,0.0,0.0,0.0,0.0,0.0,0.0,0.0,0.0,0.0,0.0,0.0,0.0,0.0,0.0,0.0,0.0,0.0,0.0,0.0,0.0,0.0,0.0,0.0,0.0,0.0,0.0,0.0,0.0,0.0,0.0,0.0,0.0,0.0,0.0,0.0,0.0,0.0,0.0,0.0,0.0,0.0,0.0,0.0,0.0,0.0,0.0,0.0,0.0,0.0,0.0,0.0,0.0,0.0,0.0,0.0,0.0,0.0,0.0,0.0,0.0,0.0,0.0,0.0,0.0,0.0,0.0,0.0,0.0,0.0,0.0,0.0,0.0,0.0,0.0,0.0,0.0,0.0,0.0,0.0,0.0,0.0,0.0,0.0,0.0,0.0,0.0,0.0,0.0,0.0,0.0,0.0,0.0,0.0,0.0,0.0,0.0,0.0,0.0,0.0,0.0,0.0,0.0,0.0,0.0,0.0,0.0,0.0,0.0,0.0,0.0,0.0,0.0,0.0,0.0,0.0
3,100,0.0,0.0,0.0,0.0,0.0,0.0,0.0,0.0,0.0,0.0,0.0,0.0,0.0,0.0,0.0,0.0,0.0,0.0,0.0,0.0,0.0,0.0,0.0,0.0,0.0,0.0,0.0,0.0,0.0,0.0,0.0,0.0,0.0,0.0,0.0,0.0,0.0,0.0,0.0,0.0,0.0,0.0,0.0,0.0,0.0,0.0,0.0,0.0,0.0,0.0,0.0,0.0,0.0,0.0,0.0,0.0,0.0,0.0,0.0,0.0,0.0,0.0,0.0,0.0,0.0,0.0,0.0,0.0,0.0,0.0,0.0,0.0,0.0,0.0,0.0,0.0,0.0,0.0,0.0,0.0,0.0,0.0,0.0,0.0,0.0,0.0,0.0,0.0,0.0,0.0,0.0,0.0,0.0,0.0,0.0,0.0,0.0,0.0,0.0,0.0,0.0,0.0,0.0,0.0,0.0,0.0,0.0,0.0,0.0,0.0,0.0,0.0,0.0,0.0,0.0,0.0,0.0,0.0,0.0,0.0,0.0,0.0,0.0,0.0,0.0,0.0,0.0,0.0,0.0,0.0,0.0,0.0
4,133,0.0,0.0,0.0,0.0,0.0,0.0,0.0,0.0,0.0,0.0,0.0,0.0,0.0,0.0,0.0,0.0,0.0,0.0,0.0,0.0,0.0,0.0,0.0,0.0,0.0,0.0,0.0,0.0,0.0,0.0,0.0,0.0,0.0,0.0,0.0,0.0,0.0,0.0,0.0,0.0,0.0,0.0,0.0,0.0,0.0,0.0,0.0,0.0,0.0,0.0,0.0,0.0,0.0,0.0,0.0,0.0,0.0,0.0,0.0,0.0,0.0,0.0,0.0,0.0,0.0,0.0,0.0,0.0,0.0,0.0,0.0,0.0,0.0,0.0,0.0,0.0,0.0,0.0,0.0,0.0,0.0,0.0,0.0,0.0,0.0,0.0,0.0,0.0,0.0,0.0,0.0,0.0,0.0,0.0,0.0,0.0,0.0,0.0,0.0,0.0,0.0,0.0,0.0,0.0,0.0,0.0,0.0,0.0,0.0,0.0,0.0,0.0,0.0,0.0,0.0,0.0,0.0,0.0,0.0,0.0,0.0,0.0,0.0,0.0,0.0,0.0,0.0,0.0,0.0,0.0,0.0,0.0
5,166,0.0,0.0,0.0,0.0,0.0,0.0,0.0,0.0,0.0,0.0,0.0,0.0,0.0,0.0,0.0,0.0,0.0,0.0,0.0,0.0,0.0,0.0,0.0,0.0,0.0,0.0,0.0,0.0,0.0,0.0,0.0,0.0,0.0,0.0,0.0,0.0,0.0,0.0,0.0,0.0,0.0,0.0,0.0,0.0,0.0,0.0,0.0,0.0,0.0,0.0,0.0,0.0,0.0,0.0,0.0,0.0,0.0,0.0,0.0,0.0,0.0,0.0,0.0,0.0,0.0,0.0,0.0,0.0,0.0,0.0,0.0,0.0,0.0,0.0,0.0,0.0,0.0,0.0,0.0,0.0,0.0,0.0,0.0,0.0,0.0,0.0,0.0,0.0,0.0,0.0,0.0,0.0,0.0,0.0,0.0,0.0,0.0,0.0,0.0,0.0,0.0,0.0,0.0,0.0,0.0,0.0,0.0,0.0,0.0,0.0,0.0,0.0,0.0,0.0,0.0,0.0,0.0,0.0,0.0,0.0,0.0,0.0,0.0,0.0,0.0,0.0,0.0,0.0,0.0,0.0,0.0,0.0
6,200,0.094627,-0.308328,0.102024,0.9993,0.095072,-0.321996,0.111392,0.9992,0.098344,-0.320393,0.120171,0.9992,0.09945,-0.321318,0.114987,0.9995,0.096885,-0.333353,0.089957,0.9996,0.101616,-0.331052,0.077402,0.9996,0.105308,-0.323633,0.095427,0.9996,0.075447,-0.312453,0.168266,0.9991,0.032404,-0.282966,0.122481,0.9984,0.095624,-0.309217,0.133323,0.9976,0.084427,-0.271604,0.0917,0.9979,0.055705,-0.206748,0.203365,1.0,0.005426,-0.30342,0.193623,0.9999,0.056527,0.007872,0.141172,0.0522,0.024913,-0.099322,0.061145,0.0284,0.053721,0.216473,0.17384,0.0912,0.014246,-0.014061,-0.029595,0.0729,0.041608,0.249314,0.183449,0.094,0.041584,-0.013157,-0.081096,0.0843,0.031828,0.25192,0.175704,0.0925,0.068138,-0.03538,-0.078335,0.0797,0.051731,0.242354,0.17191,0.0749,0.020168,-0.017557,-0.037926,0.0603,0.035143,0.003019,0.024099,1.0,-0.030495,-0.007776,-0.021575,1.0,0.020489,0.309244,-0.131237,0.582,0.051656,0.29,-0.294365,0.5914,0.031267,0.61959,-0.220674,0.8656,0.028776,0.600101,-0.343586,0.7869,0.012984,0.653523,-0.229394,0.7163,0.025551,0.624865,-0.392058,0.6114,0.021248,0.612776,-0.298414,0.8189,0.017836,0.583731,-0.498721,0.7794
7,233,0.09191,-0.322328,0.102454,0.9626,0.091348,-0.335354,0.110653,0.952,0.094507,-0.333932,0.119433,0.9485,0.095571,-0.334853,0.114443,0.9523,0.095035,-0.347051,0.0895,0.9668,0.099613,-0.34485,0.077054,0.9728,0.103335,-0.337136,0.09509,0.9806,0.070833,-0.325447,0.160541,0.958,0.033788,-0.295324,0.117163,0.9698,0.093181,-0.321839,0.132975,0.9281,0.083485,-0.28478,0.091674,0.9411,0.048922,-0.223081,0.197669,0.9993,0.014468,-0.319216,0.18704,0.9998,-0.029519,-0.507543,0.148599,0.0557,0.142248,-0.537573,0.070951,0.075,0.028839,-0.556059,0.313346,0.0871,0.146922,-0.581131,0.146113,0.1202,0.023584,-0.599024,0.354614,0.0903,0.186999,-0.625637,0.123607,0.1199,0.024108,-0.590928,0.349509,0.089,0.202344,-0.635684,0.136955,0.1132,0.037498,-0.539044,0.319887,0.0725,0.145271,-0.59574,0.149384,0.0865,0.029141,0.002821,0.025233,0.9999,-0.024659,-0.007631,-0.022729,0.9999,0.01793,0.307734,-0.119084,0.5601,0.055733,0.28999,-0.281592,0.604,0.028866,0.618761,-0.195565,0.8541,0.030049,0.600101,-0.320712,0.7839,0.011187,0.65293,-0.207081,0.7278,0.026159,0.624879,-0.37284,0.6227,0.018622,0.612855,-0.26801,0.7817,0.019963,0.58448,-0.469347,0.7368
8,266,0.090412,-0.335822,0.112993,0.9611,0.088312,-0.348113,0.119379,0.9449,0.091558,-0.346843,0.127988,0.9392,0.092487,-0.347827,0.12324,0.9445,0.094003,-0.360313,0.098251,0.9645,0.098492,-0.358179,0.086047,0.9714,0.102132,-0.350407,0.104157,0.9796,0.066703,-0.338449,0.163263,0.9519,0.036451,-0.307719,0.120318,0.9661,0.091005,-0.334045,0.141046,0.9137,0.08358,-0.29745,0.099992,0.9324,0.041205,-0.237891,0.196926,0.9993,0.024271,-0.335498,0.182025,0.9998,-0.010521,-0.505382,0.222756,0.0771,0.16783,-0.539223,0.051595,0.1515,0.077561,-0.573178,0.367353,0.1004,0.181822,-0.591767,0.007552,0.1987,0.072699,-0.604839,0.402665,0.106,0.218137,-0.628297,-0.033773,0.1964,0.076684,-0.608059,0.392653,0.1053,0.22554,-0.640995,-0.019357,0.1883,0.090468,-0.560753,0.37065,0.0893,0.178068,-0.603778,0.017235,0.1586,0.021641,0.003151,0.026261,0.9999,-0.01733,-0.008082,-0.023751,0.9999,0.014193,0.308453,-0.110588,0.6021,0.061337,0.289444,-0.271046,0.642,0.026099,0.619821,-0.182755,0.8672,0.032436,0.600115,-0.306399,0.804,0.008862,0.654002,-0.195295,0.7541,0.027582,0.625016,-0.360492,0.659,0.014072,0.617878,-0.250634,0.7985,0.021938,0.586911,-0.449507,0.7559
9,300,0.095431,-0.348177,0.119577,0.9616,0.092829,-0.360118,0.124776,0.9405,0.095893,-0.358926,0.133293,0.9343,0.096881,-0.360031,0.128688,0.9405,0.100032,-0.372607,0.10376,0.9633,0.104577,-0.3706,0.091716,0.9706,0.108244,-0.362799,0.109825,0.9789,0.068424,-0.353157,0.164768,0.9483,0.045566,-0.32141,0.120375,0.9639,0.09411,-0.34618,0.146122,0.9048,0.088736,-0.309943,0.105262,0.9279,0.03543,-0.255548,0.194931,0.9993,0.036145,-0.350484,0.177606,0.9998,-0.037593,-0.430653,0.158877,0.0807,0.134935,-0.370739,0.022753,0.1632,0.054407,-0.425376,0.236558,0.0944,0.166784,-0.345838,-0.021041,0.1977,0.058182,-0.439385,0.259068,0.1015,0.169946,-0.364141,-0.052805,0.1976,0.074165,-0.436956,0.254745,0.1011,0.147463,-0.380965,-0.044485,0.1891,0.077007,-0.407921,0.237897,0.0862,0.133468,-0.353756,-0.014672,0.1565,0.014561,0.003467,0.027648,0.9999,-0.010382,-0.008497,-0.025155,0.9999,0.010275,0.312401,-0.103163,0.629,0.066825,0.288913,-0.259883,0.6718,0.022423,0.628092,-0.169886,0.8744,0.03474,0.602681,-0.289112,0.8185,0.00539,0.661523,-0.182874,0.7723,0.029031,0.627466,-0.345103,0.6856,0.008869,0.628,-0.233447,0.8003,0.024448,0.59205,-0.425879,0.7615
10,333,0.101917,-0.359007,0.113705,0.9654,0.099356,-0.370995,0.118518,0.9463,0.102269,-0.369854,0.127108,0.9407,0.10323,-0.37105,0.122586,0.9463,0.107052,-0.383863,0.096509,0.9669,0.111561,-0.381938,0.084342,0.9735,0.115237,-0.374093,0.102589,0.9809,0.07254,-0.365904,0.158506,0.9533,0.052247,-0.334537,0.110809,0.9673,0.098988,-0.356734,0.14084,0.9138,0.094246,-0.321053,0.099085,0.9348,0.031412,-0.269365,0.190485,0.9994,0.043986,-0.362467,0.169759,0.9998,-0.020813,-0.314941,0.148095,0.0882,0.088178,-0.323171,-0.004163,0.1782,-0.001122,-0.24761,0.220317,0.0978,0.092069,-0.311543,-0.02158,0.2101,-0.026724,-0.247122,0.240158,0.1077,0.113223,-0.330641,-0.056008,0.2124,-0.02402,-0.251283,0.234696,0.1071,0.109741,-0.364817,-0.04678,0.2024,0.004355,-0.229456,0.22187,0.0914,0.078277,-0.328642,-0.017344,0.1653,0.008561,0.00364,0.029369,0.9999,-0.004484,-0.008664,-0.026887,0.9999,0.013954,0.315495,-0.09627,0.6603,0.069811,0.289081,-0.250752,0.6999,0.02627,0.634914,-0.154152,0.8848,0.031866,0.608214,-0.272267,0.835,0.008084,0.667779,-0.167444,0.7891,0.026057,0.632629,-0.329607,0.71,0.010657,0.637479,-0.214512,0.8159,0.022039,0.600309,-0.405173,0.7814
11,366,0.114599,-0.368488,0.116345,0.9688,0.111508,-0.380786,0.121587,0.9517,0.11415,-0.379669,0.130165,0.9466,0.115358,-0.381029,0.125696,0.9517,0.11977,-0.394135,0.09803,0.9702,0.124352,-0.392282,0.085522,0.9761,0.128011,-0.384399,0.103964,0.9828,0.079249,-0.377368,0.162558,0.958,0.062092,-0.346964,0.107755,0.9706,0.108513,-0.365993,0.143571,0.9224,0.104619,-0.330905,0.099952,0.9413,0.028015,-0.279355,0.197441,0.9994,0.054055,-0.374318,0.163616,0.9998,-0.088114,-0.175231,0.257535,0.1284,0.115794,-0.314886,-0.110795,0.2533,-0.158597,0.060341,0.268209,0.1505,0.136571,-0.281477,-0.245936,0.2481,-0.202468,0.112335,0.282111,0.1642,0.162157,-0.310795,-0.312978,0.2505,-0.201339,0.122175,0.278989,0.1627,0.188438,-0.349109,-0.285565,0.2364,-0.157686,0.090052,0.272035,0.1419,0.136623,-0.297672,-0.241415,0.19,0.003402,0.00434,0.034158,0.9999,0.000573,-0.009365,-0.03155,0.9999,0.017552,0.318709,-0.084086,0.694,0.079271,0.288619,-0.242578,0.7299,0.023634,0.64013,-0.13234,0.8962,0.039007,0.612624,-0.256831,0.8515,0.005013,0.672842,-0.145792,0.81,0.032461,0.63742,-0.31507,0.7388,0.011388,0.645995,-0.18864,0.8341,0.037705,0.606269,-0.385769,0.8031
12,400,0.122807,-0.376238,0.122948,0.9719,0.119408,-0.389025,0.128651,0.9565,0.121889,-0.387944,0.137382,0.9519,0.123224,-0.389257,0.132689,0.9565,0.128064,-0.402452,0.104924,0.9732,0.132675,-0.400618,0.092114,0.9785,0.136328,-0.392678,0.110701,0.9845,0.0843,-0.385835,0.16974,0.9622,0.069585,-0.356963,0.113466,0.9735,0.11524,-0.373864,0.14953,0.9302,0.111893,-0.338939,0.105342,0.9472,0.026496,-0.282849,0.207021,0.9995,0.067182,-0.384138,0.159747,0.9998,-0.109254,-0.116591,0.279109,0.1532,0.163499,-0.43104,-0.085964,0.3252,-0.236887,0.091461,0.324363,0.1998,0.272445,-0.518276,-0.270278,0.3161,-0.29847,0.132727,0.335284,0.2177,0.319164,-0.56071,-0.357051,0.316,-0.294208,0.149203,0.337093,0.2146,0.370302,-0.577951,-0.32383,0.3009,-0.239694,0.119895,0.33305,0.1855,0.286206,-0.530785,-0.26827,0.2488,-0.000851,0.00548,0.039051,0.9999,0.004736,-0.01056,-0.036193,0.9999,0.028315,0.317224,-0.074203,0.722,0.089238,0.287661,-0.239959,0.7568,0.031235,0.63795,-0.117736,0.9055,0.044739,0.616106,-0.2449,0.8661,0.011001,0.671433,-0.130753,0.8282,0.037536,0.6418,-0.303144,0.7647,0.020618,0.646932,-0.171023,0.8492,0.049192,0.611226,-0.367936,0.8224
13,433,0.133151,-0.383507,0.134391,0.9747,0.128838,-0.396056,0.140364,0.9608,0.131139,-0.395052,0.149402,0.9567,0.13268,-0.396499,0.144321,0.9609,0.138603,-0.409573,0.116311,0.9759,0.143152,-0.407795,0.103158,0.9807,0.146743,-0.399735,0.121934,0.9861,0.089573,-0.392677,0.179295,0.966,0.079146,-0.364698,0.121015,0.9761,0.123692,-0.380592,0.159297,0.9372,0.121316,-0.345936,0.114288,0.9524,0.02513,-0.284769,0.216434,0.9995,0.083891,-0.392606,0.156843,0.9998,-0.132263,-0.108071,0.267955,0.1619,0.265683,-0.496704,-0.060958,0.3897,-0.285613,0.059075,0.305333,0.2239,0.380149,-0.623317,-0.205119,0.3814,-0.352143,0.091955,0.31711,0.2478,0.429682,-0.670922,-0.284306,0.3803,-0.347776,0.09653,0.322263,0.2426,0.475985,-0.686648,-0.259168,0.3657,-0.288729,0.080063,0.314352,0.2049,0.389572,-0.639945,-0.206023,0.3135,-0.00557,0.006495,0.043521,0.9999,0.009354,-0.011665,-0.040479,0.9999,0.036436,0.315397,-0.061127,0.7421,0.100387,0.286196,-0.233683,0.781,0.037876,0.63302,-0.102806,0.9115,0.054256,0.614525,-0.234365,0.8789,0.014525,0.667083,-0.114967,0.8443,0.046357,0.641448,-0.292661,0.7877,0.02605,0.646401,-0.15146,0.8598,0.066056,0.61216,-0.353896,0.8384
14,466,0.149934,-0.387959,0.144083,0.9773,0.145666,-0.400349,0.15113,0.9648,0.147805,-0.399565,0.160161,0.9611,0.149501,-0.401118,0.154427,0.9648,0.156567,-0.414045,0.124277,0.9783,0.161075,-0.412309,0.110359,0.9826,0.164612,-0.404066,0.12958,0.9875,0.101235,-0.398147,0.186091,0.9694,0.09429,-0.37145,0.122629,0.9785,0.137655,-0.384921,0.168221,0.9434,0.136018,-0.351071,0.119891,0.9572,0.026305,-0.286724,0.223172,0.9996,0.101902,-0.40007,0.152374,0.9998,-0.115649,-0.118931,0.258361,0.2129,0.317376,-0.518701,-0.055344,0.4468,-0.271011,0.032985,0.293814,0.2872,0.43959,-0.658182,-0.183625,0.4396,-0.340446,0.061577,0.311148,0.3071,0.496032,-0.705625,-0.25929,0.4368,-0.342785,0.065813,0.311833,0.3008,0.536719,-0.727721,-0.225727,0.4223,-0.280502,0.054049,0.301724,0.2589,0.451066,-0.677443,-0.169332,0.3696,-0.009486,0.007336,0.047953,0.9999,0.01319,-0.01255,-0.044833,0.9999,0.046854,0.312535,-0.049752,0.7492,0.112342,0.284753,-0.228638,0.8024,0.042704,0.624694,-0.087837,0.907,0.066297,0.612463,-0.225175,0.8897,0.016401,0.65887,-0.098888,0.8512,0.057582,0.640245,-0.283217,0.8078,0.028511,0.643748,-0.132193,0.8539,0.084003,0.613074,-0.341851,0.8515
15,500,0.171415,-0.390507,0.150909,0.9795,0.167268,-0.402794,0.160236,0.9683,0.169223,-0.402263,0.170194,0.965,0.171022,-0.403885,0.163482,0.9683,0.179381,-0.41672,0.129448,0.9804,0.183731,-0.41492,0.114544,0.9843,0.187238,-0.406572,0.134195,0.9887,0.116835,-0.401664,0.191886,0.9724,0.11302,-0.377151,0.120903,0.9807,0.155913,-0.387571,0.175058,0.9491,0.154747,-0.354646,0.122296,0.9614,0.030189,-0.288817,0.230315,0.9996,0.123514,-0.407219,0.144278,0.9999,-0.097462,-0.138548,0.278637,0.2572,0.339899,-0.506926,-0.11678,0.5012,-0.259763,0.025343,0.316629,0.3458,0.482161,-0.610893,-0.231295,0.4951,-0.336234,0.041173,0.334617,0.3652,0.542136,-0.651829,-0.312934,0.4924,-0.337031,0.041548,0.344078,0.3587,0.597072,-0.666164,-0.282312,0.4792,-0.270279,0.041201,0.328308,0.3149,0.499786,-0.626886,-0.227151,0.431,-0.013168,0.007447,0.053681,0.9999,0.016805,-0.012749,-0.050482,1.0,0.055598,0.307015,-0.031817,0.7599,0.12338,0.28304,-0.223044,0.822,0.046038,0.615572,-0.060209,0.9088,0.077468,0.609548,-0.214929,0.9004,0.018162,0.650104,-0.069838,0.8627,0.068623,0.638133,-0.272346,0.8266,0.034773,0.639524,-0.098412,0.861,0.104631,0.612428,-0.328656,0.8654
16,533,0.194373,-0.390863,0.150442,0.9815,0.189847,-0.403633,0.159943,0.9714,0.191623,-0.403393,0.170062,0.9684,0.193676,-0.404959,0.16359,0.9714,0.203269,-0.417337,0.126907,0.9823,0.207535,-0.415409,0.111685,0.9858,0.210849,-0.406758,0.131503,0.9898,0.133487,-0.404759,0.190934,0.9752,0.132761,-0.381247,0.112674,0.9825,0.175941,-0.388421,0.174524,0.954,0.175144,-0.356019,0.119335,0.9651,0.035634,-0.291445,0.234896,0.9997,0.146512,-0.413446,0.133886,0.9999,-0.077228,-0.173855,0.263147,0.2752,0.345633,-0.507217,-0.115294,0.5492,-0.209739,0.021551,0.304713,0.3752,0.557942,-0.625102,-0.080324,0.5405,-0.266572,0.039221,0.320672,0.3921,0.613768,-0.662768,-0.135595,0.5356,-0.267418,0.033087,0.325784,0.384,0.641291,-0.681936,-0.101525,0.522,-0.214481,0.031248,0.317067,0.3356,0.56604,-0.644641,-0.070873,0.4724,-0.016553,0.007464,0.058752,0.9999,0.020194,-0.012806,-0.05565,1.0,0.062759,0.303549,-0.013493,0.7581,0.133921,0.281499,-0.210322,0.8393,0.048239,0.60998,-0.032259,0.9113,0.089822,0.607236,-0.192995,0.9099,0.019448,0.643429,-0.040868,0.8713,0.080742,0.636366,-0.249794,0.8433,0.03944,0.63915,-0.065238,0.8655,0.124811,0.612638,-0.300034,0.8773
17,566,0.217774,-0.386959,0.139683,0.9833,0.213896,-0.400753,0.148731,0.9742,0.215568,-0.400744,0.15887,0.9716,0.217802,-0.402152,0.152815,0.9743,0.227685,-0.414091,0.114754,0.9841,0.231794,-0.41205,0.099587,0.9872,0.234782,-0.403041,0.119413,0.9908,0.154031,-0.40668,0.182642,0.9776,0.152689,-0.383613,0.09826,0.9842,0.197304,-0.386051,0.164828,0.9585,0.195841,-0.353931,0.108386,0.9685,0.048478,-0.293868,0.236665,0.9997,0.166785,-0.418266,0.119939,0.9999,0.010132,-0.15481,0.287158,0.2514,0.350445,-0.505262,-0.117789,0.5936,-0.109741,0.078589,0.348097,0.3469,0.556867,-0.622081,-0.086466,0.5852,-0.168243,0.107791,0.381765,0.3642,0.61232,-0.660148,-0.141695,0.5797,-0.16229,0.120733,0.371382,0.3564,0.63984,-0.679461,-0.107445,0.5667,-0.120797,0.108803,0.349846,0.3111,0.545025,-0.592184,-0.177944,0.5187,-0.018973,0.007489,0.063333,1.0,0.022678,-0.012856,-0.060312,1.0,0.068598,0.306049,0.000169,0.7666,0.142747,0.280891,-0.198847,0.8544,0.052256,0.613362,-0.013867,0.9134,0.099969,0.605261,-0.175606,0.9178,0.023672,0.645779,-0.021166,0.8783,0.091162,0.634776,-0.231495,0.8569,0.049168,0.643718,-0.042834,0.8727,0.143498,0.612967,-0.277806,0.8871
18,600,0.236051,-0.387397,0.124702,0.9849,0.232886,-0.402466,0.133331,0.9768,0.234534,-0.402841,0.143648,0.9743,0.236736,-0.403959,0.137961,0.9768,0.246719,-0.415415,0.099035,0.9856,0.25057,-0.413341,0.084149,0.9885,0.253087,-0.403966,0.103904,0.9917,0.171748,-0.412062,0.170738,0.9798,0.167729,-0.389952,0.082758,0.9858,0.214856,-0.387038,0.150961,0.9626,0.211914,-0.355814,0.09402,0.9716,0.065195,-0.298307,0.234507,0.9997,0.181489,-0.426237,0.106594,0.9999,0.158812,-0.236223,0.348949,0.2288,0.350746,-0.506458,-0.122018,0.6331,0.150065,-0.080588,0.530971,0.3195,0.550112,-0.623809,-0.099432,0.6263,0.12768,-0.082139,0.584301,0.3367,0.605152,-0.662906,-0.155218,0.6209,0.132758,-0.066078,0.568771,0.3302,0.633235,-0.68134,-0.121182,0.609,0.144761,-0.052481,0.530846,0.2893,0.540282,-0.596475,-0.183976,0.5647,-0.018337,0.008215,0.067427,1.0,0.022,-0.013534,-0.064576,1.0,0.071477,0.312874,0.011941,0.7759,0.14629,0.280265,-0.18928,0.8674,0.041776,0.618555,0.004307,0.9141,0.110539,0.602468,-0.160132,0.9235,0.012842,0.649604,-0.001468,0.8828,0.102827,0.632264,-0.214474,0.8674,0.039639,0.651116,-0.021428,0.8774,0.159702,0.613385,-0.257647,0.8937
19,633,0.250853,-0.395375,0.110339,0.9864,0.247631,-0.411851,0.119453,0.9791,0.249338,-0.412473,0.129836,0.9769,0.251472,-0.413438,0.124559,0.9791,0.260744,-0.424271,0.084626,0.9871,0.264416,-0.422201,0.070166,0.9896,0.266551,-0.412694,0.089849,0.9925,0.186025,-0.421558,0.16178,0.9819,0.179858,-0.399317,0.070592,0.9872,0.229862,-0.393942,0.138459,0.9663,0.224463,-0.363042,0.080817,0.9744,0.082421,-0.304047,0.23305,0.9997,0.188116,-0.434723,0.097476,0.9999,0.170695,-0.273503,0.392147,0.2096,0.345057,-0.511432,-0.124827,0.668,0.134568,-0.120895,0.607015,0.2974,0.534584,-0.629794,-0.111431,0.6632,0.111515,-0.109037,0.664183,0.3165,0.588056,-0.669761,-0.168162,0.6581,0.113364,-0.089375,0.649692,0.3112,0.617754,-0.686619,-0.134684,0.6474,0.128185,-0.090854,0.608531,0.2747,0.527558,-0.604505,-0.189833,0.6068,-0.014068,0.009161,0.070668,1.0,0.017718,-0.014549,-0.067883,1.0,0.07361,0.319467,0.018708,0.7943,0.149289,0.272521,-0.201014,0.8804,0.027761,0.623274,0.017748,0.9204,0.12146,0.593629,-0.172904,0.9306,-0.002146,0.653154,0.013288,0.8922,0.115033,0.623961,-0.224676,0.8794,0.026977,0.658442,-0.004928,0.8885,0.176032,0.606346,-0.269488,0.904
20,666,0.262901,-0.405264,0.095003,0.9878,0.259559,-0.422399,0.104735,0.9812,0.261265,-0.423234,0.115179,0.9792,0.263283,-0.42418,0.11015,0.9812,0.271785,-0.434597,0.069144,0.9884,0.275345,-0.432614,0.054895,0.9907,0.27716,-0.422787,0.074571,0.9933,0.197047,-0.431809,0.15198,0.9837,0.188926,-0.409125,0.056862,0.9885,0.242126,-0.402776,0.124746,0.9697,0.234855,-0.3721,0.066289,0.977,0.097377,-0.309439,0.230017,0.9997,0.188888,-0.443788,0.086809,0.9999,0.184371,-0.249712,0.377714,0.1934,0.328096,-0.516288,-0.129829,0.6978,0.192198,-0.115373,0.49282,0.2754,0.502692,-0.633097,-0.127176,0.6942,0.181465,-0.09221,0.548179,0.2957,0.55344,-0.672673,-0.184903,0.6887,0.182723,-0.069648,0.470225,0.2917,0.585547,-0.688528,-0.152348,0.6787,0.190086,-0.084212,0.457005,0.2597,0.499719,-0.60976,-0.19926,0.6394,-0.010183,0.010195,0.07355,1.0,0.013796,-0.015576,-0.070774,1.0,0.075573,0.32505,0.02376,0.8068,0.157314,0.263951,-0.20958,0.8894,0.008547,0.625474,0.029095,0.9228,0.132008,0.586511,-0.163025,0.9354,-0.023079,0.653334,0.026194,0.8943,0.126022,0.617315,-0.212613,0.8863,0.004966,0.66399,0.009562,0.8944,0.189687,0.602088,-0.254715,0.911
21,700,0.271172,-0.418027,0.068802,0.989,0.269043,-0.436064,0.079463,0.9831,0.27083,-0.437022,0.089973,0.9813,0.272305,-0.437984,0.085178,0.9831,0.278112,-0.448199,0.043566,0.9895,0.28164,-0.446343,0.029472,0.9916,0.283089,-0.436366,0.049228,0.994,0.206285,-0.444129,0.133898,0.9853,0.189911,-0.42187,0.037754,0.9896,0.25314,-0.414024,0.101147,0.9727,0.241534,-0.38391,0.042612,0.9793,0.114346,-0.314795,0.221618,0.9997,0.180695,-0.453482,0.07422,0.9999,0.29093,-0.238609,0.275495,0.2577,0.296959,-0.519146,-0.137689,0.7262,0.435511,-0.13663,0.297873,0.3461,0.455143,-0.62614,-0.152433,0.7234,0.4638,-0.136615,0.316421,0.3639,0.503287,-0.663291,-0.211961,0.7178,0.474799,-0.142713,0.277867,0.3607,0.539174,-0.679011,-0.180877,0.7087,0.444363,-0.117561,0.278437,0.3317,0.457901,-0.605007,-0.217576,0.6717,-0.004585,0.011583,0.076151,1.0,0.008062,-0.016832,-0.073353,1.0,0.075116,0.332915,0.027597,0.8192,0.1624,0.257743,-0.214889,0.8983,-0.017349,0.626901,0.045476,0.9216,0.140514,0.579911,-0.153824,0.9387,-0.050549,0.652432,0.044895,0.8913,0.135019,0.611232,-0.201009,0.8892,-0.022687,0.669152,0.02883,0.8971,0.201258,0.598232,-0.242437,0.9163
22,733,0.268402,-0.433036,0.031974,0.9901,0.267436,-0.451682,0.043387,0.9848,0.269275,-0.452636,0.053971,0.9832,0.270272,-0.453626,0.049413,0.9848,0.273124,-0.463438,0.007748,0.9906,0.276681,-0.461823,-0.006243,0.9925,0.277839,-0.451838,0.013617,0.9946,0.211505,-0.457842,0.105925,0.9868,0.181258,-0.435724,0.012241,0.9906,0.254005,-0.427453,0.067812,0.9754,0.238592,-0.397911,0.010052,0.9814,0.131012,-0.325956,0.198604,0.9998,0.162381,-0.462201,0.061895,0.9999,0.436246,-0.384104,0.02376,0.3238,0.253576,-0.513239,-0.143339,0.751,0.535519,-0.401403,-0.037875,0.4076,0.384549,-0.60373,-0.175653,0.7497,0.553455,-0.419819,-0.052136,0.4231,0.427744,-0.637036,-0.236357,0.7438,0.529064,-0.44514,-0.067024,0.4207,0.466302,-0.652019,-0.208657,0.7357,0.530246,-0.392841,-0.04905,0.393,0.393553,-0.585451,-0.235182,0.7003,0.00286,0.012809,0.076062,1.0,0.000537,-0.017926,-0.07308,1.0,0.071775,0.341681,0.025209,0.8277,0.157192,0.253366,-0.221684,0.906,-0.046508,0.627276,0.063041,0.9074,0.140213,0.575241,-0.145059,0.9406,-0.080993,0.650573,0.065068,0.8649,0.136093,0.606769,-0.189124,0.8897,-0.060308,0.673629,0.049933,0.8852,0.198986,0.597932,-0.230729,0.919
23,766,0.262257,-0.434007,-0.032366,0.9911,0.259968,-0.454357,-0.020894,0.9863,0.26166,-0.454996,-0.010186,0.9848,0.262052,-0.455778,-0.014152,0.9863,0.265135,-0.464081,-0.056973,0.9915,0.268474,-0.462501,-0.0709,0.9932,0.269487,-0.452171,-0.050465,0.9951,0.207325,-0.460511,0.046646,0.9881,0.169758,-0.431641,-0.047489,0.9916,0.250373,-0.427715,0.007496,0.9779,0.23337,-0.39716,-0.050382,0.9832,0.142761,-0.334033,0.151559,0.9998,0.140881,-0.45104,0.019167,0.9999,0.368712,-0.538047,-0.042054,0.3649,0.209349,-0.487266,-0.154331,0.7724,0.555776,-0.626111,0.140811,0.4592,0.31156,-0.558988,-0.177309,0.7429,0.58917,-0.675436,0.165097,0.4717,0.351098,-0.589563,-0.233421,0.7204,0.571824,-0.671996,0.149777,0.4704,0.389826,-0.60186,-0.209413,0.7172,0.561892,-0.606643,0.135327,0.4451,0.326428,-0.545717,-0.233425,0.6825,0.010074,0.013223,0.07601,1.0,-0.006772,-0.018318,-0.072987,1.0,0.069384,0.34968,0.038022,0.8267,0.151958,0.252964,-0.217774,0.9115,-0.054821,0.625263,0.114235,0.8879,0.111879,0.559802,-0.112376,0.9295,-0.088169,0.647121,0.118413,0.8454,0.106894,0.590199,-0.152618,0.8624,-0.071898,0.673249,0.112538,0.8757,0.159691,0.588561,-0.183169,0.9122
24,800,0.247944,-0.430019,-0.100753,0.992,0.246258,-0.450704,-0.090324,0.9877,0.247681,-0.450868,-0.079029,0.9863,0.247559,-0.451637,-0.082662,0.9877,0.249902,-0.46,-0.124817,0.9924,0.253243,-0.458465,-0.139251,0.9939,0.25413,-0.448047,-0.117956,0.9956,0.201119,-0.456361,-0.018278,0.9893,0.156728,-0.426431,-0.105141,0.9924,0.239239,-0.423336,-0.057535,0.9801,0.221259,-0.393094,-0.113701,0.9849,0.151395,-0.340365,0.097678,0.9998,0.119725,-0.442502,-0.024219,0.9999,0.37391,-0.583143,-0.221134,0.3987,0.173913,-0.456692,-0.179416,0.7512,0.457507,-0.779761,-0.156807,0.4858,0.256037,-0.510298,-0.206165,0.7003,0.466392,-0.847408,-0.147098,0.4963,0.293477,-0.538588,-0.260813,0.6729,0.430886,-0.874187,-0.159053,0.4971,0.332304,-0.550055,-0.240251,0.6723,0.453904,-0.777823,-0.161035,0.469,0.276066,-0.502738,-0.256302,0.6334,0.01652,0.012949,0.075845,1.0,-0.013531,-0.017883,-0.072762,1.0,0.06767,0.355594,0.047327,0.7765,0.14485,0.254997,-0.202767,0.8455,-0.061918,0.614193,0.148167,0.8092,0.096787,0.549543,-0.076022,0.8522,-0.095073,0.634651,0.154469,0.7687,0.092356,0.580285,-0.114966,0.7832,-0.08321,0.664289,0.153748,0.8011,0.141144,0.588334,-0.139864,0.8355
25,833,0.228856,-0.429668,-0.159581,0.9928,0.228971,-0.449256,-0.150195,0.9889,0.230437,-0.448743,-0.138678,0.9877,0.229778,-0.449165,-0.14172,0.9889,0.230768,-0.459079,-0.181795,0.9931,0.233869,-0.457402,-0.196092,0.9945,0.234754,-0.446776,-0.174271,0.996,0.195407,-0.454285,-0.073519,0.9903,0.142327,-0.423878,-0.14798,0.9932,0.224723,-0.420684,-0.113593,0.9821,0.204998,-0.39279,-0.166089,0.9864,0.158455,-0.34713,0.048939,0.9998,0.101808,-0.437517,-0.049935,0.9999,0.347448,-0.600478,-0.311984,0.4512,0.148694,-0.436265,-0.18534,0.7094,0.359672,-0.743551,-0.253468,0.5215,0.214522,-0.475352,-0.205126,0.6743,0.361203,-0.796945,-0.257956,0.5165,0.252276,-0.502545,-0.257684,0.6377,0.400862,-0.813778,-0.250981,0.5168,0.289902,-0.513975,-0.239729,0.6396,0.363777,-0.734969,-0.251624,0.4866,0.238838,-0.472975,-0.253389,0.5968,0.023691,0.012773,0.073294,1.0,-0.020844,-0.017574,-0.07033,1.0,0.067765,0.360288,0.048221,0.7302,0.128427,0.256418,-0.190273,0.8265,-0.067165,0.596486,0.168975,0.7312,0.079503,0.547236,-0.052736,0.7962,-0.100332,0.615523,0.177228,0.6949,0.076764,0.577619,-0.090782,0.7155,-0.092761,0.645261,0.180457,0.7254,0.121513,0.59149,-0.113938,0.7716
26,866,0.2134,-0.432085,-0.18564,0.9934,0.214649,-0.45107,-0.176939,0.9898,0.216215,-0.450344,-0.165413,0.9888,0.215199,-0.450576,-0.168153,0.9899,0.214883,-0.460997,-0.207282,0.9937,0.21783,-0.459241,-0.221495,0.995,0.218785,-0.448449,-0.199484,0.9964,0.190641,-0.456645,-0.098761,0.9912,0.13081,-0.425238,-0.178393,0.9937,0.213619,-0.422726,-0.138969,0.9836,0.192115,-0.395604,-0.19042,0.9875,0.164577,-0.353085,0.024229,0.9998,0.088938,-0.441534,-0.056105,0.9999,0.163497,-0.496315,-0.218186,0.4609,0.131243,-0.426849,-0.180424,0.6611,0.359672,-0.743551,-0.253468,0.4866,0.188237,-0.449262,-0.2003,0.6137,0.361203,-0.796945,-0.257956,0.4776,0.231042,-0.478695,-0.252501,0.5793,0.400862,-0.813778,-0.250981,0.4777,0.26866,-0.493212,-0.235159,0.5812,0.028418,-0.562849,-0.160728,0.4464,0.217072,-0.453408,-0.247109,0.5414,0.030599,0.012636,0.069956,1.0,-0.02784,-0.017335,-0.067067,1.0,0.068032,0.363748,0.048842,0.7125,0.109492,0.258164,-0.182166,0.8385,-0.058801,0.588241,0.191462,0.6688,0.059707,0.550554,-0.038113,0.801,-0.091204,0.606789,0.201692,0.6325,0.059785,0.580235,-0.076013,0.6867,-0.084271,0.636903,0.208823,0.6698,0.097059,0.596718,-0.098297,0.7747
27,900,0.181108,-0.428992,-0.225595,0.9939,0.184987,-0.446566,-0.220873,0.9908,0.186809,-0.445785,-0.209198,0.9898,0.185409,-0.445999,-0.211474,0.9908,0.185005,-0.457433,-0.246597,0.9942,0.18798,-0.455516,-0.260983,0.9952,0.189161,-0.4445,-0.238558,0.9966,0.175191,-0.44716,-0.150626,0.992,0.113874,-0.42025,-0.210919,0.9936,0.187269,-0.418236,-0.180925,0.985,0.165518,-0.392697,-0.226888,0.9884,0.158866,-0.340915,-0.025121,0.9998,0.078896,-0.444407,-0.074419,0.9999,0.006949,-0.095605,-0.416669,0.5015,0.12205,-0.422419,-0.174931,0.5956,0.359672,-0.743551,-0.253468,0.4941,0.1739,-0.434202,-0.185339,0.5525,0.361203,-0.796945,-0.257956,0.472,0.218529,-0.463912,-0.236619,0.5215,0.400862,-0.813778,-0.250981,0.4721,0.254931,-0.479125,-0.220411,0.5233,-0.183311,-0.043024,-0.322067,0.4262,0.217072,-0.453408,-0.247109,0.4874,0.035905,0.013483,0.064157,1.0,-0.03322,-0.018308,-0.06155,1.0,0.063692,0.36657,0.049559,0.6446,0.086414,0.260634,-0.168632,0.7775,-0.04325,0.582288,0.20576,0.6037,0.036227,0.557985,-0.020787,0.7403,-0.074191,0.601084,0.217087,0.5703,0.0395,0.586563,-0.059379,0.6249,-0.068837,0.634686,0.226601,0.6059,0.067057,0.606654,-0.080522,0.7159
28,933,0.145329,-0.412627,-0.271763,0.9944,0.151109,-0.428758,-0.270978,0.9917,0.153068,-0.427663,-0.258836,0.9908,0.151314,-0.428085,-0.261238,0.9917,0.151451,-0.440217,-0.293097,0.9947,0.154861,-0.438315,-0.308006,0.9956,0.156296,-0.427001,-0.284991,0.9968,0.151835,-0.423371,-0.209014,0.9928,0.09229,-0.400969,-0.253028,0.994,0.155623,-0.40056,-0.228452,0.9865,0.135028,-0.376329,-0.27086,0.9894,0.145479,-0.315616,-0.078309,0.9998,0.071626,-0.440091,-0.101576,0.9999,0.002961,-0.084715,-0.422131,0.5492,0.122457,-0.4211,-0.17158,0.5387,0.285643,-0.628477,-0.277128,0.5382,0.1739,-0.434202,-0.185339,0.4975,0.285372,-0.680345,-0.282521,0.5136,0.218529,-0.463912,-0.236619,0.4697,0.315339,-0.699649,-0.277796,0.5133,0.254931,-0.479125,-0.220411,0.4713,-0.29053,0.226017,-0.456082,0.4627,0.217072,-0.453408,-0.247109,0.4391,0.039396,0.015769,0.057219,1.0,-0.036775,-0.020995,-0.055055,1.0,0.061022,0.374939,0.054101,0.5811,0.063942,0.258722,-0.156627,0.7055,-0.028127,0.588349,0.216373,0.5462,0.00948,0.563206,-0.006589,0.6733,-0.058088,0.606896,0.22829,0.5165,0.015773,0.59159,-0.045738,0.5691,-0.054997,0.642022,0.239201,0.5501,0.030723,0.607943,-0.066901,0.6524
29,966,0.099024,-0.390004,-0.300158,0.995,0.105346,-0.40498,-0.303427,0.9925,0.107456,-0.403484,-0.290944,0.9917,0.105077,-0.404277,-0.293512,0.9925,0.106359,-0.416971,-0.322543,0.9952,0.110496,-0.415551,-0.337936,0.996,0.112086,-0.403967,-0.314374,0.9972,0.117423,-0.395941,-0.252556,0.9935,0.062658,-0.378131,-0.282427,0.9946,0.114683,-0.37757,-0.258939,0.9878,0.096394,-0.355007,-0.298908,0.9904,0.127105,-0.290041,-0.117102,0.9999,0.06229,-0.43436,-0.123137,0.9999,-0.005976,-0.070715,-0.421023,0.5922,0.125526,-0.426205,-0.170234,0.5543,0.247609,-0.570546,-0.280534,0.5836,0.177437,-0.460063,-0.172304,0.5404,0.246544,-0.621709,-0.28604,0.5614,0.222007,-0.492455,-0.221748,0.5196,0.273375,-0.642599,-0.282434,0.561,0.255793,-0.51093,-0.206775,0.5214,-0.299386,0.227307,-0.332695,0.5148,0.217072,-0.453408,-0.247109,0.4901,0.041134,0.018607,0.050941,1.0,-0.038987,-0.024409,-0.049197,1.0,0.058454,0.38393,0.061459,0.5799,0.038644,0.252584,-0.157171,0.7274,-0.017215,0.597087,0.227283,0.5633,-0.023407,0.552555,-0.010294,0.6938,-0.046613,0.615796,0.239222,0.5425,-0.014821,0.581758,-0.047668,0.6002,-0.045774,0.651943,0.249642,0.5779,-0.014234,0.589936,-0.072339,0.6829
30,1000,0.070719,-0.367633,-0.347316,0.9955,0.075554,-0.382829,-0.353995,0.9932,0.077308,-0.381117,-0.341219,0.9925,0.074819,-0.381695,-0.34352,0.9933,0.075096,-0.393329,-0.370573,0.9957,0.07929,-0.391788,-0.385909,0.9964,0.080852,-0.380097,-0.361897,0.9974,0.096085,-0.376598,-0.304213,0.9941,0.035533,-0.351921,-0.323939,0.9951,0.091127,-0.356632,-0.305523,0.989,0.072063,-0.332319,-0.34272,0.9913,0.113994,-0.278705,-0.157127,0.9999,0.040234,-0.4083,-0.1534,0.9999,0.008028,-0.097624,-0.414885,0.6313,0.107734,-0.395952,-0.181539,0.5439,0.255165,-0.574434,-0.277514,0.6251,0.147969,-0.419233,-0.187096,0.5531,0.255913,-0.626969,-0.282506,0.6051,0.190406,-0.450106,-0.23619,0.5361,0.280077,-0.646566,-0.280713,0.6047,0.223703,-0.469227,-0.223253,0.541,-0.25567,0.171378,-0.327124,0.5631,0.145581,-0.362668,-0.27363,0.5059,0.044751,0.019909,0.046007,1.0,-0.043016,-0.0259,-0.044413,1.0,0.057167,0.391775,0.060469,0.6214,0.012731,0.246307,-0.136608,0.7449,-0.003881,0.610039,0.225569,0.6066,-0.051042,0.536109,0.023543,0.7154,-0.032348,0.628915,0.23789,0.5836,-0.040074,0.566149,-0.015421,0.6232,-0.034804,0.666698,0.244011,0.6195,-0.048718,0.571397,-0.031882,0.7055
31,1033,0.03853,-0.355474,-0.362497,0.9959,0.040453,-0.368922,-0.37899,0.9939,0.042179,-0.367205,-0.365202,0.9933,0.039643,-0.367739,-0.368633,0.994,0.043336,-0.380216,-0.393308,0.9961,0.047044,-0.378455,-0.407941,0.9968,0.049404,-0.366779,-0.383073,0.9977,0.065855,-0.35644,-0.328828,0.9947,0.016488,-0.333474,-0.343061,0.9956,0.061564,-0.343347,-0.331685,0.9901,0.046302,-0.319743,-0.36427,0.9922,0.091516,-0.263009,-0.176995,0.9999,0.037841,-0.39322,-0.170741,0.9999,0.000164,-0.093504,-0.402959,0.5708,0.107734,-0.395952,-0.181539,0.4898,0.232139,-0.54831,-0.260673,0.5636,0.147969,-0.419233,-0.187096,0.4978,0.232639,-0.603805,-0.264005,0.5472,0.190406,-0.450106,-0.23619,0.4826,0.255591,-0.622432,-0.263188,0.5462,0.223703,-0.469227,-0.223253,0.487,-0.249714,0.156343,-0.309439,0.5089,0.145581,-0.362668,-0.27363,0.4554,0.038836,0.0226,0.042742,1.0,-0.037513,-0.028415,-0.041152,1.0,0.051179,0.395434,0.067715,0.567,0.004196,0.216779,-0.122301,0.6706,0.002485,0.6177,0.238258,0.6246,-0.056483,0.489279,0.041835,0.6445,-0.02511,0.636978,0.251489,0.6116,-0.045781,0.523213,0.002424,0.5638,-0.031878,0.674356,0.258451,0.5928,-0.054011,0.51689,-0.009092,0.6355
32,1066,0.031371,-0.329516,-0.387372,0.9961,0.029919,-0.341345,-0.404048,0.9942,0.032535,-0.339813,-0.389988,0.9936,0.030329,-0.340086,-0.393727,0.9943,0.032966,-0.351595,-0.417414,0.9963,0.036701,-0.350236,-0.432266,0.9969,0.040171,-0.339547,-0.407235,0.9978,0.050085,-0.331612,-0.354623,0.995,0.017783,-0.302384,-0.366614,0.9958,0.051249,-0.321082,-0.356418,0.9906,0.044042,-0.296899,-0.38845,0.9926,0.080766,-0.249221,-0.196959,0.9999,0.035196,-0.360454,-0.190106,0.9999,-0.002146,-0.089241,-0.394513,0.553,0.111131,-0.362556,-0.196118,0.5062,0.218636,-0.517939,-0.249383,0.564,0.152194,-0.374034,-0.204222,0.506,0.218208,-0.571659,-0.251386,0.5454,0.190406,-0.450106,-0.23619,0.478,0.239575,-0.588839,-0.251133,0.5445,0.223703,-0.469227,-0.223253,0.4821,-0.24065,0.152273,-0.297044,0.5066,0.145581,-0.362668,-0.27363,0.4473,0.035464,0.018936,0.041573,1.0,-0.034459,-0.024564,-0.039508,1.0,0.054978,0.385673,0.074098,0.543,0.006924,0.219367,-0.112636,0.6707,0.018566,0.601675,0.251909,0.6134,-0.043709,0.495586,0.041339,0.6595,-0.007714,0.621945,0.26587,0.5951,-0.034873,0.528948,0.002573,0.5758,-0.012741,0.658213,0.273496,0.581,-0.044336,0.526168,-0.012101,0.6499
33,1100,0.024212,-0.303557,-0.412246,0.9964,0.019386,-0.313767,-0.429105,0.9945,0.022891,-0.312421,-0.414774,0.9939,0.021014,-0.312433,-0.41882,0.9946,0.022595,-0.322973,-0.441519,0.9965,0.026357,-0.322016,-0.45659,0.9971,0.030938,-0.312316,-0.431396,0.9979,0.034315,-0.306783,-0.380419,0.9953,0.019078,-0.271294,-0.390167,0.9961,0.040933,-0.298816,-0.381152,0.9911,0.041782,-0.274054,-0.412629,0.993,0.070017,-0.235434,-0.216923,0.9999,0.032551,-0.327688,-0.209472,0.9999,-0.004457,-0.084978,-0.386066,0.5352,0.114528,-0.329159,-0.210698,0.5226,0.205133,-0.487567,-0.238093,0.5644,0.156419,-0.328834,-0.221347,0.5143,0.203776,-0.539513,-0.238767,0.5436,0.190406,-0.450106,-0.23619,0.4735,0.223559,-0.555246,-0.239078,0.5428,0.223703,-0.469227,-0.223253,0.4773,-0.231585,0.148203,-0.284649,0.5043,0.145581,-0.362668,-0.27363,0.4391,0.032093,0.015272,0.040404,1.0,-0.031405,-0.020713,-0.037865,1.0,0.058778,0.375913,0.08048,0.519,0.009651,0.221955,-0.102971,0.6707,0.034648,0.58565,0.26556,0.6021,-0.030934,0.501893,0.040843,0.6745,0.009682,0.606913,0.28025,0.5786,-0.023964,0.534684,0.002723,0.5878,0.006396,0.64207,0.288542,0.5692,-0.03466,0.535445,-0.01511,0.6643
34,1133,0.007926,-0.282753,-0.438907,0.9966,0.000859,-0.290889,-0.456473,0.995,0.00448,-0.289799,-0.442254,0.9944,0.00276,-0.289577,-0.445946,0.995,0.003864,-0.29919,-0.468629,0.9968,0.007668,-0.298468,-0.483557,0.9973,0.013089,-0.289234,-0.458362,0.998,0.015485,-0.286183,-0.405563,0.9957,0.006985,-0.242126,-0.415449,0.9962,0.02482,-0.281113,-0.40568,0.991,0.029178,-0.254915,-0.437067,0.9922,0.051593,-0.224435,-0.235188,0.9998,0.013992,-0.30249,-0.226056,0.9994,-0.004457,-0.084978,-0.386066,0.483,0.114528,-0.329159,-0.210698,0.4707,0.186992,-0.458208,-0.228521,0.5142,0.156419,-0.328834,-0.221347,0.4631,0.184012,-0.507855,-0.22809,0.5009,0.190406,-0.450106,-0.23619,0.4266,0.223559,-0.555246,-0.239078,0.4993,0.223703,-0.469227,-0.223253,0.43,-0.231585,0.148203,-0.284649,0.4627,0.145581,-0.362668,-0.27363,0.3956,0.029376,0.009885,0.039758,0.9999,-0.028864,-0.015213,-0.037157,0.9999,0.058778,0.375913,0.08048,0.4674,0.003442,0.223205,-0.091311,0.611,0.051466,0.542138,0.287749,0.5486,-0.025291,0.504791,0.057962,0.6344,0.027579,0.563754,0.303023,0.5284,-0.019868,0.537277,0.019271,0.5426,0.022527,0.596584,0.312684,0.5169,-0.030453,0.538663,0.003856,0.6103
35,1166,0.006697,-0.241808,-0.452553,0.9967,-0.000131,-0.248064,-0.470028,0.9952,0.003196,-0.247314,-0.455814,0.9947,0.001789,-0.24704,-0.459331,0.9953,0.003535,-0.25537,-0.482236,0.9969,0.006884,-0.254879,-0.497291,0.9974,0.011385,-0.247183,-0.47206,0.9981,0.009372,-0.241496,-0.417016,0.9959,0.010066,-0.207251,-0.428002,0.9964,0.020168,-0.240039,-0.418079,0.9914,0.026047,-0.218573,-0.449744,0.9925,0.044538,-0.185815,-0.244019,0.9998,0.017284,-0.26135,-0.236876,0.9994,-0.004457,-0.084978,-0.386066,0.466,0.114528,-0.329159,-0.210698,0.4747,0.186992,-0.458208,-0.228521,0.495,0.156419,-0.328834,-0.221347,0.4725,0.184012,-0.507855,-0.22809,0.484,0.190406,-0.450106,-0.23619,0.4345,0.223559,-0.555246,-0.239078,0.4841,0.223703,-0.469227,-0.223253,0.4389,-0.231585,0.148203,-0.284649,0.4491,0.145581,-0.362668,-0.27363,0.3995,0.026035,0.010127,0.04003,0.9999,-0.025507,-0.014731,-0.037575,0.9999,0.058778,0.375913,0.08048,0.4501,-0.000388,0.212612,-0.078382,0.5922,0.046672,0.518243,0.301207,0.5281,-0.02349,0.475896,0.080306,0.6137,0.027579,0.563754,0.303023,0.5086,-0.017785,0.511568,0.03953,0.5213,0.022527,0.596584,0.312684,0.5042,-0.030398,0.510187,0.028156,0.5931
36,1200,0.005469,-0.200864,-0.466199,0.9969,-0.001121,-0.205239,-0.483584,0.9955,0.001912,-0.20483,-0.469375,0.995,0.000819,-0.204504,-0.472716,0.9955,0.003205,-0.21155,-0.495843,0.9971,0.0061,-0.211291,-0.511024,0.9975,0.009681,-0.205132,-0.485758,0.9982,0.003259,-0.19681,-0.428469,0.9961,0.013146,-0.172377,-0.440555,0.9966,0.015515,-0.198965,-0.430478,0.9918,0.022917,-0.182231,-0.462421,0.9929,0.037484,-0.147195,-0.252849,0.9998,0.020575,-0.22021,-0.247696,0.9995,-0.004457,-0.084978,-0.386066,0.4491,0.114528,-0.329159,-0.210698,0.4786,0.186992,-0.458208,-0.228521,0.4758,0.156419,-0.328834,-0.221347,0.4818,0.184012,-0.507855,-0.22809,0.4672,0.190406,-0.450106,-0.23619,0.4424,0.223559,-0.555246,-0.239078,0.469,0.223703,-0.469227,-0.223253,0.4478,-0.231585,0.148203,-0.284649,0.4355,0.145581,-0.362668,-0.27363,0.4035,0.022695,0.010369,0.040302,0.9999,-0.022151,-0.014249,-0.037993,0.9999,0.058778,0.375913,0.08048,0.4328,-0.004217,0.202018,-0.065452,0.5733,0.041878,0.494348,0.314666,0.5075,-0.021689,0.447001,0.102649,0.5929,0.027579,0.563754,0.303023,0.4887,-0.015702,0.48586,0.059788,0.5,0.022527,0.596584,0.312684,0.4914,-0.030342,0.481711,0.052456,0.5759
37,1233,-0.017579,-0.173282,-0.481647,0.9971,-0.02559,-0.177112,-0.501024,0.9957,-0.022647,-0.176611,-0.487038,0.9952,-0.023828,-0.176157,-0.489383,0.9957,-0.021321,-0.1832,-0.510847,0.9972,-0.018564,-0.182986,-0.526389,0.9977,-0.014155,-0.176628,-0.50053,0.9983,-0.02255,-0.17387,-0.446919,0.9963,-0.006973,-0.147656,-0.452756,0.9968,-0.007384,-0.175415,-0.446003,0.9922,0.002754,-0.158482,-0.476706,0.9933,0.015892,-0.149672,-0.265929,0.9998,-0.005197,-0.193811,-0.257129,0.9995,-0.004457,-0.084978,-0.386066,0.4611,0.114528,-0.329159,-0.210698,0.482,0.186992,-0.458208,-0.228521,0.4715,0.156419,-0.328834,-0.221347,0.4664,0.184012,-0.507855,-0.22809,0.4633,0.190406,-0.450106,-0.23619,0.4325,0.223559,-0.555246,-0.239078,0.4661,0.223703,-0.469227,-0.223253,0.4392,-0.231585,0.148203,-0.284649,0.4331,0.145581,-0.362668,-0.27363,0.4008,0.024694,0.004928,0.038302,0.9999,-0.023846,-0.008089,-0.036604,0.9999,0.058778,0.375913,0.08048,0.461,-0.015757,0.202519,-0.051558,0.5639,0.062366,0.449119,0.310179,0.5284,-0.029515,0.450477,0.122979,0.5817,0.059782,0.491944,0.298626,0.5088,-0.015702,0.48586,0.059788,0.493,0.056494,0.519915,0.308511,0.514,-0.041546,0.489082,0.075964,0.5674
38,1266,-0.040628,-0.145701,-0.497094,0.9972,-0.050059,-0.148985,-0.518465,0.9959,-0.047206,-0.148392,-0.504701,0.9955,-0.048474,-0.14781,-0.506049,0.996,-0.045846,-0.15485,-0.52585,0.9974,-0.043228,-0.154682,-0.541753,0.9978,-0.037992,-0.148123,-0.515301,0.9984,-0.048359,-0.15093,-0.465369,0.9965,-0.027093,-0.122935,-0.464957,0.9969,-0.030283,-0.151866,-0.461528,0.9926,-0.017408,-0.134734,-0.49099,0.9936,-0.0057,-0.15215,-0.27901,0.9999,-0.030969,-0.167412,-0.266562,0.9995,-0.004457,-0.084978,-0.386066,0.4731,0.114528,-0.329159,-0.210698,0.4854,0.186992,-0.458208,-0.228521,0.4673,0.156419,-0.328834,-0.221347,0.451,0.184012,-0.507855,-0.22809,0.4594,0.190406,-0.450106,-0.23619,0.4227,0.223559,-0.555246,-0.239078,0.4633,0.223703,-0.469227,-0.223253,0.4307,-0.231585,0.148203,-0.284649,0.4307,0.145581,-0.362668,-0.27363,0.3981,0.026694,-0.000513,0.036302,0.9999,-0.025541,-0.001928,-0.035216,0.9999,0.058778,0.375913,0.08048,0.4891,-0.027296,0.203019,-0.037663,0.5545,0.082853,0.403889,0.305692,0.5492,-0.037342,0.453953,0.14331,0.5705,0.091985,0.420135,0.294229,0.5289,-0.015702,0.48586,0.059788,0.4859,0.090462,0.443246,0.304338,0.5366,-0.05275,0.496452,0.099473,0.5589
39,1300,-0.073901,-0.108819,-0.514166,0.9975,-0.084053,-0.113568,-0.53608,0.9963,-0.08147,-0.113031,-0.522616,0.9959,-0.082853,-0.112252,-0.522858,0.9964,-0.082107,-0.118971,-0.542964,0.9976,-0.079789,-0.119236,-0.558265,0.998,-0.07328,-0.113316,-0.531536,0.9986,-0.080273,-0.127218,-0.485896,0.9968,-0.059703,-0.097003,-0.474236,0.9973,-0.062658,-0.12169,-0.477293,0.9934,-0.048033,-0.105047,-0.504725,0.9942,-0.032486,-0.151894,-0.297685,0.9999,-0.072136,-0.139236,-0.272611,0.9996,-0.038286,-0.13316,-0.37882,0.5251,0.032031,-0.217583,-0.239077,0.5312,0.140305,-0.46795,-0.217991,0.5194,0.072693,-0.187655,-0.254165,0.5035,0.137461,-0.516593,-0.212997,0.5116,0.190406,-0.450106,-0.23619,0.4777,0.168416,-0.553606,-0.228131,0.5154,0.223703,-0.469227,-0.223253,0.4851,-0.231585,0.148203,-0.284649,0.4856,0.145581,-0.362668,-0.27363,0.4562,0.026295,-0.00804,0.031986,0.9999,-0.025369,0.005997,-0.031049,0.9999,0.090931,0.253081,0.071963,0.54,-0.008188,0.193969,-0.020146,0.5979,0.098275,0.352653,0.298311,0.594,0.007884,0.409872,0.168912,0.6127,0.104278,0.37142,0.289245,0.5747,0.070524,0.396499,0.117388,0.5355,0.114937,0.393764,0.297824,0.5828,0.000354,0.451584,0.128503,0.6023
40,1333,-0.124895,-0.070611,-0.520086,0.9977,-0.137057,-0.078709,-0.542248,0.9967,-0.134519,-0.078455,-0.528871,0.9963,-0.136276,-0.077428,-0.529439,0.9967,-0.136058,-0.081941,-0.546497,0.9979,-0.13438,-0.082744,-0.561426,0.9982,-0.12669,-0.077951,-0.535122,0.9987,-0.131644,-0.107161,-0.496931,0.9971,-0.10861,-0.07058,-0.468075,0.9975,-0.113084,-0.091596,-0.48451,0.994,-0.095583,-0.074386,-0.507581,0.9948,-0.071465,-0.152157,-0.310005,0.9999,-0.126517,-0.110312,-0.263548,0.9996,-0.048199,-0.146212,-0.377127,0.5724,-0.002414,-0.178229,-0.23737,0.5767,0.130603,-0.466261,-0.224939,0.5672,0.035795,-0.132648,-0.258933,0.5527,0.130278,-0.51392,-0.220055,0.5601,0.026329,-0.18386,-0.26748,0.5291,0.159252,-0.547317,-0.237047,0.5635,0.044573,-0.20181,-0.280641,0.5359,-0.171952,0.015371,-0.296374,0.5365,0.002044,-0.136328,-0.296693,0.5099,0.024676,-0.016183,0.027341,0.9999,-0.024219,0.014273,-0.026406,1.0,0.109773,0.21504,0.065002,0.5848,0.014332,0.189886,-0.017469,0.637,0.145027,0.278096,0.279141,0.6341,0.064556,0.379625,0.168588,0.6488,0.151058,0.298359,0.272058,0.6139,0.117759,0.370387,0.119291,0.5763,0.16278,0.317939,0.275334,0.6241,0.061973,0.422962,0.127051,0.64
41,1366,-0.170356,-0.029135,-0.515106,0.998,-0.185093,-0.040232,-0.538117,0.997,-0.182567,-0.040315,-0.524963,0.9967,-0.184525,-0.039043,-0.525843,0.997,-0.185332,-0.041747,-0.539877,0.9981,-0.184119,-0.04308,-0.554474,0.9984,-0.175586,-0.039821,-0.528605,0.9988,-0.179956,-0.084601,-0.499444,0.9974,-0.155085,-0.043763,-0.455718,0.9978,-0.159015,-0.05743,-0.481944,0.9946,-0.139409,-0.041077,-0.501113,0.9953,-0.110247,-0.146842,-0.320098,0.9999,-0.178052,-0.079967,-0.244532,0.9996,-0.060034,-0.158454,-0.377678,0.6151,-0.036592,-0.137013,-0.228483,0.6109,0.120935,-0.455204,-0.23527,0.6104,-0.000785,-0.073426,-0.256599,0.5947,0.123838,-0.500088,-0.231098,0.6039,-0.007968,-0.121977,-0.266505,0.5729,0.151257,-0.527353,-0.24924,0.607,0.006656,-0.138656,-0.282271,0.5794,-0.156972,-0.009032,-0.302182,0.5826,-0.028911,-0.082556,-0.294135,0.556,0.023263,-0.02275,0.01997,0.9999,-0.023375,0.020908,-0.018968,1.0,0.128665,0.194102,0.041878,0.6261,0.031164,0.195184,-0.022974,0.6728,0.196126,0.238219,0.241737,0.6704,0.116673,0.36869,0.150426,0.6833,0.202962,0.261179,0.237182,0.6505,0.161986,0.362084,0.1043,0.617,0.214487,0.288772,0.232722,0.6615,0.113441,0.420095,0.10637,0.6756
42,1400,-0.226927,0.002543,-0.477448,0.9981,-0.241632,-0.0105,-0.501699,0.9973,-0.239399,-0.01064,-0.488794,0.997,-0.241261,-0.009338,-0.489958,0.9973,-0.244481,-0.012781,-0.502043,0.9983,-0.243303,-0.014148,-0.516432,0.9985,-0.23409,-0.012243,-0.491148,0.9989,-0.23131,-0.06301,-0.475024,0.9977,-0.205824,-0.022092,-0.421481,0.9979,-0.213582,-0.029029,-0.448728,0.9951,-0.192477,-0.016133,-0.465377,0.9957,-0.149728,-0.123922,-0.314987,0.9999,-0.222967,-0.062224,-0.207728,0.9996,-0.079951,-0.138926,-0.378293,0.6274,-0.06179,-0.109938,-0.206132,0.5512,0.090059,-0.396548,-0.243658,0.632,-0.02928,-0.034193,-0.235805,0.5475,0.092828,-0.434272,-0.239312,0.6237,-0.036415,-0.080036,-0.246896,0.5351,0.117391,-0.457817,-0.256364,0.626,-0.025561,-0.095506,-0.263089,0.5407,-0.16441,0.010968,-0.305136,0.5877,-0.054201,-0.045435,-0.273183,0.5174,0.022112,-0.020362,0.010437,0.9999,-0.022672,0.018482,-0.009589,0.9999,0.13937,0.202307,0.033661,0.5841,0.045284,0.198635,-0.012785,0.613,0.227071,0.258136,0.223043,0.6901,0.156639,0.369932,0.135878,0.6703,0.23474,0.282012,0.220521,0.6665,0.196309,0.366047,0.099328,0.6181,0.242586,0.316178,0.21275,0.6826,0.149258,0.42942,0.101514,0.6719
43,1433,-0.278665,0.010516,-0.438573,0.9983,-0.290616,-0.006123,-0.462676,0.9976,-0.288548,-0.006299,-0.450206,0.9973,-0.290515,-0.004737,-0.451469,0.9976,-0.295703,-0.008861,-0.461645,0.9984,-0.294393,-0.010267,-0.475828,0.9987,-0.284673,-0.009612,-0.451095,0.999,-0.273509,-0.060583,-0.44493,0.9979,-0.247691,-0.02501,-0.381321,0.9981,-0.262946,-0.020408,-0.413204,0.9956,-0.240713,-0.010994,-0.427598,0.9962,-0.183594,-0.110502,-0.303484,0.9999,-0.259102,-0.052417,-0.169319,0.9997,-0.099165,-0.128772,-0.381337,0.6639,-0.080432,-0.087427,-0.185828,0.5069,0.048956,-0.349808,-0.263561,0.6684,-0.051729,-0.002165,-0.215467,0.5296,0.04902,-0.381501,-0.260971,0.6606,-0.058759,-0.044663,-0.227151,0.5221,0.068901,-0.401078,-0.276235,0.6626,-0.051491,-0.059204,-0.243688,0.5282,-0.181306,0.020695,-0.319014,0.6268,-0.074136,-0.014429,-0.252449,0.5036,0.021229,-0.018841,0.001619,0.9999,-0.022371,0.016967,-0.000821,0.9999,0.138059,0.212539,0.022085,0.6034,0.044342,0.205179,-0.007946,0.568,0.246097,0.287856,0.194864,0.6935,0.182476,0.388631,0.129598,0.6344,0.256021,0.312625,0.194714,0.6708,0.218007,0.387205,0.094174,0.6075,0.256533,0.354243,0.184961,0.6906,0.166079,0.455159,0.095438,0.6496
44,1466,-0.322537,-0.003645,-0.376485,0.9984,-0.332537,-0.020132,-0.400927,0.9978,-0.331047,-0.020188,-0.389058,0.9975,-0.332754,-0.01882,-0.390199,0.9978,-0.338636,-0.025002,-0.399409,0.9985,-0.337141,-0.026172,-0.412876,0.9987,-0.326892,-0.02624,-0.389029,0.9991,-0.31073,-0.071063,-0.394188,0.9981,-0.281368,-0.044731,-0.325179,0.9982,-0.304432,-0.032527,-0.355059,0.996,-0.28025,-0.025329,-0.367805,0.9965,-0.218508,-0.103523,-0.276739,0.9999,-0.289511,-0.065655,-0.11628,0.9996,-0.138644,-0.117952,-0.366105,0.694,-0.080432,-0.087427,-0.185828,0.4626,-0.0251,-0.30427,-0.254063,0.6997,-0.096423,0.00896,-0.184591,0.518,-0.030309,-0.330109,-0.251611,0.6917,-0.106178,-0.032494,-0.196767,0.5229,-0.014147,-0.347144,-0.263862,0.6932,-0.103224,-0.047174,-0.212999,0.5283,-0.225579,0.028883,-0.305286,0.6578,-0.117099,-0.00257,-0.220572,0.5038,0.018881,-0.015788,-0.007059,0.9999,-0.020715,0.013846,0.007796,0.9999,0.127745,0.226608,0.010338,0.6153,0.039919,0.213822,-0.00374,0.5271,0.24394,0.321219,0.169598,0.6887,0.184859,0.409316,0.128461,0.5963,0.254397,0.34715,0.171898,0.6656,0.217812,0.410957,0.093625,0.5941,0.251013,0.394463,0.161815,0.6847,0.163143,0.479686,0.094996,0.6172
45,1500,-0.339033,-0.035125,-0.285532,0.9985,-0.345759,-0.050152,-0.304331,0.9978,-0.344519,-0.049992,-0.292677,0.9976,-0.346388,-0.049125,-0.294724,0.9979,-0.353583,-0.055482,-0.304581,0.9986,-0.351444,-0.05578,-0.316932,0.9988,-0.340684,-0.056042,-0.29454,0.9991,-0.319931,-0.097932,-0.294519,0.9982,-0.293496,-0.066975,-0.230101,0.9983,-0.31774,-0.062302,-0.264038,0.9962,-0.292453,-0.052182,-0.277256,0.9966,-0.242601,-0.117381,-0.203956,0.9999,-0.296419,-0.075243,-0.037554,0.9996,-0.167058,-0.121817,-0.315215,0.6706,-0.080432,-0.087427,-0.185828,0.423,-0.088486,-0.268633,-0.195953,0.7066,-0.124,0.034052,-0.14391,0.5037,-0.099303,-0.291823,-0.191683,0.7029,-0.136746,-0.004676,-0.156481,0.5223,-0.08563,-0.299542,-0.20043,0.7012,-0.135521,-0.025165,-0.171204,0.5258,-0.261892,0.032855,-0.243726,0.664,-0.143664,0.022621,-0.178263,0.5017,0.014818,-0.016939,-0.013966,0.9999,-0.017334,0.014677,0.015343,0.9999,0.112295,0.235142,0.002409,0.6435,0.037084,0.22504,-0.003983,0.545,0.224301,0.343047,0.148186,0.6745,0.187213,0.430018,0.118325,0.5964,0.233353,0.371972,0.15086,0.6936,0.217729,0.435716,0.08207,0.6299,0.224339,0.420544,0.14094,0.6998,0.163678,0.505116,0.079636,0.6368
46,1533,-0.330813,-0.070712,-0.200449,0.9949,-0.336872,-0.083129,-0.218173,0.9931,-0.335333,-0.082715,-0.206859,0.9925,-0.337387,-0.082677,-0.209898,0.9953,-0.342803,-0.090666,-0.219969,0.9957,-0.34088,-0.090817,-0.232186,0.9958,-0.329745,-0.091108,-0.211067,0.997,-0.318288,-0.121366,-0.216786,0.9967,-0.283617,-0.098299,-0.16283,0.9941,-0.313285,-0.092921,-0.1829,0.994,-0.285364,-0.083897,-0.199238,0.9928,-0.255039,-0.12401,-0.156178,0.9999,-0.286823,-0.106313,0.003919,0.9996,-0.176388,-0.124098,-0.286291,0.6205,-0.080432,-0.087427,-0.185828,0.3846,-0.09335,-0.247641,-0.172482,0.6483,-0.124,0.034052,-0.14391,0.4552,-0.102563,-0.268296,-0.167274,0.6466,-0.136746,-0.004676,-0.156481,0.4733,-0.08709,-0.268543,-0.174538,0.6431,-0.135521,-0.025165,-0.171204,0.476,-0.25198,0.031625,-0.2172,0.606,-0.143664,0.022621,-0.178263,0.4537,0.009001,-0.012037,-0.014972,0.9999,-0.011896,0.009245,0.016829,0.9999,0.105555,0.247025,0.003932,0.6726,0.036129,0.232612,-0.002951,0.5614,0.218736,0.370648,0.136783,0.6869,0.187654,0.447985,0.115393,0.6171,0.227316,0.403388,0.141338,0.7174,0.21618,0.457976,0.078645,0.6599,0.216107,0.452973,0.135852,0.7024,0.15984,0.521835,0.074495,0.6414
47,1566,-0.306607,-0.109184,-0.125635,0.9954,-0.312189,-0.118762,-0.141482,0.9937,-0.310298,-0.117965,-0.130456,0.9931,-0.312707,-0.118734,-0.134355,0.9957,-0.316073,-0.128075,-0.145219,0.996,-0.314448,-0.128305,-0.157603,0.9961,-0.303161,-0.128162,-0.137495,0.9972,-0.302722,-0.148168,-0.14682,0.9969,-0.261692,-0.130767,-0.10595,0.9945,-0.293711,-0.126901,-0.111473,0.9945,-0.264314,-0.117951,-0.131762,0.9934,-0.256813,-0.134496,-0.110978,0.9999,-0.268663,-0.139927,0.03379,0.9997,-0.171977,-0.129918,-0.260137,0.5665,-0.080432,-0.087427,-0.185828,0.3503,-0.083157,-0.243722,-0.153299,0.5954,-0.124,0.034052,-0.14391,0.4153,-0.090388,-0.264784,-0.147817,0.5976,-0.136746,-0.004676,-0.156481,0.4343,-0.074632,-0.263713,-0.153781,0.593,-0.135521,-0.025165,-0.171204,0.4354,-0.231936,0.017929,-0.195258,0.5562,-0.143664,0.022621,-0.178263,0.413,0.002378,-0.006739,-0.012643,0.9999,-0.005585,0.003514,0.014848,0.9999,0.100485,0.262064,0.008133,0.6986,0.036035,0.239005,-0.001436,0.5601,0.213711,0.400951,0.126554,0.6887,0.186765,0.466808,0.113906,0.6233,0.221283,0.437896,0.13342,0.7374,0.213214,0.481474,0.076525,0.6793,0.208255,0.485936,0.132661,0.7029,0.154958,0.537553,0.070365,0.6354
48,1600,-0.272437,-0.149224,-0.076568,0.9823,-0.278215,-0.157596,-0.090626,0.9727,-0.2766,-0.156578,-0.080029,0.9662,-0.278365,-0.158239,-0.083809,0.9793,-0.280565,-0.16939,-0.097803,0.9843,-0.278699,-0.169786,-0.110362,0.9852,-0.267271,-0.169438,-0.090374,0.991,-0.280624,-0.180448,-0.096291,0.9791,-0.23596,-0.166643,-0.074262,0.9832,-0.266009,-0.162703,-0.063747,0.9651,-0.236094,-0.15326,-0.089226,0.9674,-0.250689,-0.148697,-0.068674,0.9999,-0.250807,-0.178319,0.050335,0.9997,-0.168079,-0.132139,-0.233838,0.51,-0.080432,-0.087427,-0.185828,0.3273,-0.075031,-0.232015,-0.127922,0.5359,-0.124,0.034052,-0.14391,0.3767,-0.081136,-0.251724,-0.12089,0.538,-0.136746,-0.004676,-0.156481,0.3927,-0.065502,-0.250486,-0.126234,0.5338,-0.135521,-0.025165,-0.171204,0.3934,-0.215935,0.01446,-0.168245,0.5007,-0.143664,0.022621,-0.178263,0.3726,-0.002464,-0.001866,-0.005702,0.9999,-0.000842,-0.001707,0.007909,0.9999,0.094063,0.273744,0.012637,0.6367,0.038747,0.244199,-0.005563,0.5397,0.20465,0.425209,0.119574,0.629,0.182201,0.484556,0.101313,0.5947,0.209795,0.466731,0.126573,0.7032,0.205763,0.503594,0.062209,0.6525,0.197453,0.511671,0.12809,0.6395,0.148499,0.553573,0.055262,0.5907
49,1633,-0.237333,-0.180833,-0.044524,0.9841,-0.243484,-0.189014,-0.056064,0.9754,-0.242199,-0.187923,-0.045586,0.9696,-0.24326,-0.190093,-0.049397,0.9813,-0.244753,-0.202376,-0.066223,0.9858,-0.242611,-0.202721,-0.078677,0.9867,-0.231217,-0.201855,-0.058918,0.9919,-0.254014,-0.210541,-0.056266,0.9812,-0.211398,-0.195797,-0.050679,0.9848,-0.235087,-0.192723,-0.030168,0.9686,-0.206561,-0.181438,-0.059963,0.9707,-0.234425,-0.167937,-0.022789,0.9999,-0.233458,-0.211733,0.061291,0.9997,-0.168079,-0.132139,-0.233838,0.4606,-0.080432,-0.087427,-0.185828,0.3933,-0.075031,-0.232015,-0.127922,0.491,-0.124,0.034052,-0.14391,0.4347,-0.081136,-0.251724,-0.12089,0.4946,-0.136746,-0.004676,-0.156481,0.4434,-0.065502,-0.250486,-0.126234,0.4914,-0.135521,-0.025165,-0.171204,0.4424,-0.215935,0.01446,-0.168245,0.4611,-0.143664,0.022621,-0.178263,0.4119,-0.005322,0.001404,0.003403,0.9999,0.002199,-0.005247,-0.001082,0.9999,0.08967,0.28057,0.014794,0.6254,0.040983,0.248453,-0.015167,0.5819,0.194127,0.442591,0.107968,0.605,0.173694,0.497787,0.08127,0.6258,0.195643,0.48824,0.112858,0.7107,0.194955,0.519686,0.039851,0.6775,0.187648,0.533437,0.11617,0.632,0.143932,0.566525,0.032043,0.6201
50,1666,-0.199935,-0.218526,-0.035771,0.9856,-0.204343,-0.227645,-0.041168,0.9778,-0.203304,-0.226653,-0.03103,0.9726,-0.203837,-0.229027,-0.034599,0.9832,-0.206237,-0.242747,-0.056255,0.9872,-0.203895,-0.242965,-0.068642,0.988,-0.192682,-0.241478,-0.048883,0.9927,-0.218305,-0.247015,-0.033078,0.983,-0.186485,-0.234076,-0.03899,0.9863,-0.200587,-0.227999,-0.013698,0.9717,-0.17607,-0.215378,-0.05005,0.9735,-0.202348,-0.193885,0.008196,0.9999,-0.219713,-0.247482,0.063116,0.9997,-0.168079,-0.132139,-0.233838,0.431,-0.080432,-0.087427,-0.185828,0.452,-0.038307,-0.23719,-0.077929,0.508,-0.124,0.034052,-0.14391,0.4901,-0.041918,-0.256592,-0.068582,0.5145,-0.136746,-0.004676,-0.156481,0.4971,-0.027577,-0.256409,-0.074895,0.5142,-0.135521,-0.025165,-0.171204,0.4961,-0.215935,0.01446,-0.168245,0.4849,-0.143664,0.022621,-0.178263,0.4659,-0.000973,0.004455,0.011343,0.9999,-0.001743,-0.008459,-0.008891,0.9999,0.086444,0.289617,0.014305,0.6482,0.035648,0.252928,-0.024219,0.6185,0.187007,0.466042,0.098217,0.6374,0.153548,0.512367,0.067971,0.6576,0.185954,0.515686,0.102032,0.7294,0.171839,0.536181,0.026378,0.682,0.18049,0.558713,0.104205,0.6638,0.129325,0.58221,0.015124,0.6518
51,1700,-0.157513,-0.258669,-0.032705,0.9871,-0.159089,-0.267636,-0.03196,0.98,-0.158184,-0.266584,-0.022499,0.9753,-0.158286,-0.269266,-0.025736,0.9849,-0.16266,-0.284275,-0.050875,0.9885,-0.160058,-0.284254,-0.063286,0.9892,-0.149575,-0.282028,-0.043528,0.9934,-0.170386,-0.280394,-0.013169,0.9847,-0.156548,-0.271095,-0.02744,0.9877,-0.158746,-0.263835,-0.003616,0.9745,-0.140929,-0.250488,-0.044302,0.9762,-0.155358,-0.215938,0.03691,0.9999,-0.199914,-0.281919,0.068062,0.9998,-0.168079,-0.132139,-0.233838,0.4595,-0.080432,-0.087427,-0.185828,0.4945,-0.018121,-0.241719,-0.072444,0.5421,-0.091067,-0.037708,-0.155503,0.5288,-0.022946,-0.261341,-0.065755,0.5457,-0.091227,-0.073128,-0.17731,0.5305,-0.011143,-0.262878,-0.07094,0.5439,-0.083096,-0.099326,-0.186507,0.5272,-0.15277,-0.02666,-0.145487,0.5113,-0.143664,0.022621,-0.178263,0.4913,0.005448,0.007063,0.018813,0.9999,-0.007626,-0.011217,-0.016277,0.9999,0.078311,0.300086,0.013716,0.6655,0.031892,0.256213,-0.038032,0.6543,0.159058,0.492123,0.088751,0.6656,0.140892,0.527519,0.043073,0.6904,0.151021,0.544411,0.092402,0.7441,0.157362,0.552868,0.000806,0.7068,0.152232,0.586719,0.093369,0.6918,0.118212,0.596869,-0.018553,0.6847
52,1733,-0.115152,-0.298605,-0.055276,0.9883,-0.113808,-0.306828,-0.052527,0.982,-0.11309,-0.305688,-0.04307,0.9777,-0.112939,-0.308541,-0.046241,0.9863,-0.11899,-0.324385,-0.07172,0.9896,-0.116176,-0.324087,-0.084309,0.9902,-0.106626,-0.320917,-0.064455,0.9941,-0.119696,-0.312226,-0.023677,0.9862,-0.12306,-0.305639,-0.038497,0.9888,-0.115093,-0.299414,-0.023251,0.977,-0.103896,-0.285444,-0.063622,0.9785,-0.103829,-0.236864,0.035376,0.9999,-0.174175,-0.31411,0.059656,0.9998,-0.168079,-0.132139,-0.233838,0.4972,-0.074618,-0.1524,-0.1851,0.5133,-0.001953,-0.248724,-0.080947,0.5673,-0.081999,-0.057774,-0.16569,0.527,-0.009228,-0.268626,-0.075863,0.5634,-0.078421,-0.091181,-0.18966,0.5194,0.00038,-0.271756,-0.080048,0.5603,-0.067855,-0.118353,-0.197334,0.5141,-0.129883,-0.045916,-0.14866,0.522,-0.143664,0.022621,-0.178263,0.4714,0.011769,0.009092,0.024304,0.9999,-0.013408,-0.013369,-0.021717,0.9999,0.068548,0.308905,0.011991,0.6647,0.028676,0.259895,-0.046558,0.6656,0.134705,0.514402,0.081045,0.6865,0.120539,0.540249,0.028489,0.7081,0.122567,0.566935,0.085003,0.7413,0.135437,0.565888,-0.013596,0.6902,0.126962,0.608015,0.082628,0.7149,0.102393,0.608725,-0.037035,0.7048
53,1766,-0.081522,-0.333119,-0.059786,0.9895,-0.077917,-0.341064,-0.067022,0.9838,-0.077512,-0.33991,-0.05833,0.9799,-0.07694,-0.342986,-0.060513,0.9877,-0.081522,-0.358098,-0.076997,0.9906,-0.078396,-0.357698,-0.090549,0.9912,-0.069833,-0.353684,-0.06985,0.9946,-0.078769,-0.340491,-0.029722,0.9876,-0.082382,-0.330494,-0.040675,0.9899,-0.079597,-0.330028,-0.03649,0.9793,-0.070688,-0.313846,-0.067179,0.9806,-0.068794,-0.258175,0.028005,0.9999,-0.127246,-0.33403,0.060081,0.9998,-0.108211,-0.167219,-0.224909,0.5164,-0.074618,-0.1524,-0.1851,0.4644,0.007934,-0.255003,-0.092835,0.5888,-0.081999,-0.057774,-0.16569,0.4985,-0.000137,-0.274323,-0.089024,0.5916,-0.069416,-0.105965,-0.19772,0.5089,0.008347,-0.278533,-0.09266,0.5886,-0.05755,-0.133721,-0.204869,0.5032,-0.112213,-0.06372,-0.155426,0.5407,-0.143664,0.022621,-0.178263,0.4556,0.01382,0.010152,0.025822,0.9999,-0.014689,-0.014566,-0.023133,0.9999,0.057832,0.315911,0.008346,0.614,0.024589,0.261722,-0.052534,0.6083,0.106265,0.532873,0.069905,0.6711,0.103388,0.549725,0.018806,0.6602,0.089299,0.584806,0.0734,0.718,0.117141,0.575693,-0.022721,0.6444,0.093954,0.624951,0.068039,0.6933,0.087908,0.61796,-0.05154,0.6575
54,1800,-0.052423,-0.367528,-0.061071,0.9905,-0.045463,-0.37531,-0.071417,0.9854,-0.045112,-0.374234,-0.062822,0.9819,-0.044421,-0.377324,-0.064825,0.9889,-0.048089,-0.391667,-0.078229,0.9915,-0.044956,-0.391163,-0.092144,0.9921,-0.037285,-0.386266,-0.071161,0.9952,-0.036238,-0.366549,-0.037719,0.9888,-0.04458,-0.354484,-0.038436,0.9908,-0.046488,-0.359555,-0.041049,0.9813,-0.04119,-0.341806,-0.067787,0.9825,-0.027155,-0.274583,0.014772,0.9999,-0.0895,-0.353049,0.068649,0.9998,-0.091794,-0.179439,-0.223835,0.5543,-0.074618,-0.1524,-0.1851,0.4233,0.012576,-0.264887,-0.098947,0.608,-0.081999,-0.057774,-0.16569,0.4607,0.0027,-0.283937,-0.095379,0.6076,-0.069416,-0.105965,-0.19772,0.4796,0.011084,-0.289066,-0.098728,0.6037,-0.05755,-0.133721,-0.204869,0.4754,-0.100705,-0.084372,-0.15703,0.545,-0.143664,0.022621,-0.178263,0.4282,0.017388,0.011386,0.023247,0.9999,-0.017688,-0.015843,-0.020485,0.9999,0.045495,0.318968,-0.003071,0.6148,0.016152,0.26044,-0.059233,0.6089,0.080306,0.546557,0.059344,0.6584,0.07613,0.556383,0.009457,0.6598,0.060804,0.597534,0.063279,0.68,0.08883,0.582449,-0.03132,0.6313,0.062763,0.638966,0.054416,0.6875,0.058594,0.622583,-0.063777,0.6691
55,1833,-0.028486,-0.395478,-0.053833,0.9915,-0.020019,-0.403411,-0.068089,0.9868,-0.019572,-0.402402,-0.059281,0.9837,-0.01866,-0.405518,-0.061046,0.99,-0.019845,-0.4191,-0.071085,0.9924,-0.016778,-0.418197,-0.084745,0.9928,-0.009987,-0.412714,-0.063532,0.9956,-0.002835,-0.388492,-0.042225,0.9899,-0.009111,-0.373745,-0.0295,0.9917,-0.019041,-0.383872,-0.038736,0.9832,-0.015706,-0.364379,-0.059576,0.9843,-0.001383,-0.292108,0.006875,0.9999,-0.039052,-0.366185,0.08326,0.9998,-0.080858,-0.19468,-0.215206,0.5532,-0.074618,-0.1524,-0.1851,0.3823,0.015912,-0.277215,-0.076988,0.5747,-0.081999,-0.057774,-0.16569,0.4189,0.005301,-0.29695,-0.071233,0.5755,-0.069416,-0.105965,-0.19772,0.4393,0.01414,-0.301471,-0.074532,0.5717,-0.05755,-0.133721,-0.204869,0.4356,-0.09077,-0.105956,-0.133544,0.5122,-0.143664,0.022621,-0.178263,0.3923,0.015272,0.01056,0.018231,0.9999,-0.015056,-0.015134,-0.015423,1.0,0.029002,0.318051,-0.009655,0.5748,0.00984,0.261906,-0.062599,0.5642,0.048322,0.552954,0.045041,0.6257,0.045679,0.562051,-0.00243,0.627,0.02475,0.601898,0.047795,0.6638,0.055817,0.588,-0.04338,0.6137,0.022694,0.64282,0.038745,0.6583,0.023968,0.626528,-0.07689,0.6469
56,1866,-0.004504,-0.417941,-0.036676,0.992,0.003915,-0.426185,-0.054284,0.9879,0.004428,-0.425277,-0.045471,0.985,0.005615,-0.428323,-0.047301,0.9907,0.007537,-0.44021,-0.055704,0.993,0.010741,-0.439049,-0.069348,0.9934,0.016527,-0.433038,-0.047844,0.9959,0.023193,-0.408495,-0.045922,0.9906,0.023772,-0.387624,-0.018859,0.9921,0.006342,-0.404235,-0.026286,0.9841,0.009342,-0.382192,-0.044055,0.9851,0.016131,-0.310138,0.001622,0.9999,0.008731,-0.373448,0.09358,0.9998,-0.073931,-0.20771,-0.211293,0.5233,-0.074618,-0.1524,-0.1851,0.3452,0.019369,-0.285412,-0.077459,0.5293,-0.081999,-0.057774,-0.16569,0.3803,0.010366,-0.30526,-0.071585,0.5366,-0.069416,-0.105965,-0.19772,0.4008,0.020134,-0.309333,-0.074595,0.5334,-0.05755,-0.133721,-0.204869,0.3972,-0.09077,-0.105956,-0.133544,0.4737,-0.143664,0.022621,-0.178263,0.3573,0.008865,0.007857,0.013716,0.9999,-0.00821,-0.012399,-0.010882,1.0,0.008134,0.316133,-0.014648,0.5776,0.001744,0.265268,-0.061401,0.5521,0.007409,0.552762,0.030886,0.6463,0.011438,0.567801,-0.011677,0.6445,-0.020998,0.598815,0.032686,0.6827,0.018221,0.593497,-0.052442,0.6381,-0.028578,0.637716,0.024147,0.6583,-0.016252,0.629909,-0.085153,0.6478
57,1900,0.013128,-0.436093,-0.022063,0.9928,0.022465,-0.44455,-0.04187,0.9891,0.022984,-0.44386,-0.032825,0.9865,0.024321,-0.446731,-0.03476,0.9917,0.028128,-0.457365,-0.041101,0.9937,0.031192,-0.45588,-0.05437,0.994,0.036178,-0.449367,-0.032942,0.9963,0.048838,-0.423601,-0.047371,0.9916,0.050761,-0.398653,-0.003045,0.9929,0.026814,-0.420215,-0.01469,0.9856,0.028424,-0.395971,-0.028761,0.9865,0.034227,-0.323294,-0.002179,0.9999,0.044198,-0.373967,0.114293,0.9998,-0.068744,-0.22076,-0.19999,0.5504,-0.074618,-0.1524,-0.1851,0.3114,0.02085,-0.291992,-0.05801,0.5198,-0.081999,-0.057774,-0.16569,0.3445,0.013989,-0.311762,-0.050245,0.5247,-0.069416,-0.105965,-0.19772,0.3649,0.025564,-0.31464,-0.053427,0.5205,-0.05755,-0.133721,-0.204869,0.3614,-0.09077,-0.105956,-0.133544,0.4584,-0.143664,0.022621,-0.178263,0.3255,0.00423,0.005168,0.005633,1.0,-0.003362,-0.009628,-0.00257,1.0,-0.010152,0.312258,-0.029327,0.617,-0.010294,0.265921,-0.058226,0.5219,-0.026823,0.553965,-0.001617,0.6796,-0.023901,0.570981,-0.010415,0.6333,-0.058791,0.597798,-0.002285,0.7094,-0.021101,0.596672,-0.051177,0.6433,-0.074844,0.631173,-0.014376,0.6896,-0.059899,0.627517,-0.082377,0.6479
58,1933,0.028553,-0.451632,-0.006342,0.9935,0.038603,-0.460222,-0.027563,0.9901,0.039188,-0.459867,-0.018442,0.9878,0.040615,-0.462456,-0.020279,0.9925,0.046402,-0.471798,-0.025075,0.9943,0.049265,-0.470023,-0.037738,0.9946,0.053425,-0.462873,-0.016632,0.9967,0.070435,-0.436238,-0.041811,0.9924,0.072793,-0.407054,0.013666,0.9935,0.044782,-0.433611,-0.00099,0.9869,0.044718,-0.40748,-0.011926,0.9877,0.049443,-0.333715,-0.004551,0.9999,0.074007,-0.3749,0.134403,0.9998,-0.064395,-0.23167,-0.185898,0.5351,-0.074618,-0.1524,-0.1851,0.2805,0.02085,-0.291992,-0.05801,0.4799,-0.081999,-0.057774,-0.16569,0.311,0.013989,-0.311762,-0.050245,0.4859,-0.069416,-0.105965,-0.19772,0.3304,0.025564,-0.31464,-0.053427,0.4817,-0.05755,-0.133721,-0.204869,0.3273,-0.09077,-0.105956,-0.133544,0.4227,-0.143664,0.022621,-0.178263,0.295,0.000618,0.003125,-0.0015,0.9999,0.000208,-0.007555,0.004679,1.0,-0.02684,0.309557,-0.039617,0.645,-0.024781,0.261952,-0.054842,0.5035,-0.055169,0.55578,-0.022885,0.7037,-0.068733,0.564067,-0.006311,0.6441,-0.089019,0.597386,-0.024441,0.7194,-0.071172,0.589092,-0.046702,0.6572,-0.115632,0.629028,-0.039117,0.7112,-0.11524,0.614237,-0.076524,0.6624
59,1966,0.053301,-0.464762,0.008505,0.9939,0.062616,-0.473419,-0.015323,0.9907,0.062947,-0.473305,-0.006143,0.9886,0.064514,-0.475733,-0.007951,0.9929,0.07411,-0.483777,-0.011986,0.9946,0.076841,-0.48184,-0.024354,0.995,0.080211,-0.474135,-0.003491,0.9969,0.092061,-0.447876,-0.038233,0.993,0.102789,-0.413659,0.027177,0.994,0.069357,-0.445436,0.011286,0.9877,0.069869,-0.417216,0.00176,0.9884,0.062428,-0.343071,-0.006282,0.9999,0.109473,-0.375939,0.145673,0.9998,-0.064395,-0.23167,-0.185898,0.4993,-0.074618,-0.1524,-0.1851,0.2534,0.02085,-0.291992,-0.05801,0.4356,-0.081999,-0.057774,-0.16569,0.282,0.013989,-0.311762,-0.050245,0.4438,-0.069416,-0.105965,-0.19772,0.3028,0.025564,-0.31464,-0.053427,0.4401,-0.05755,-0.133721,-0.204869,0.2997,-0.09077,-0.105956,-0.133544,0.3857,-0.143664,0.022621,-0.178263,0.2703,-0.002866,0.001422,-0.00726,0.9999,0.003881,-0.005801,0.010553,1.0,-0.044017,0.307391,-0.03951,0.6735,-0.038673,0.258585,-0.051374,0.526,-0.084817,0.557759,-0.020575,0.7285,-0.112598,0.556636,0.00079,0.6699,-0.1202,0.597966,-0.021118,0.7307,-0.119858,0.580982,-0.038859,0.6806,-0.153783,0.627469,-0.035333,0.7235,-0.165553,0.600285,-0.066152,0.677
60,2000,0.078676,-0.477722,0.022097,0.9944,0.087331,-0.486389,-0.003883,0.9915,0.087653,-0.486419,0.005322,0.9896,0.089272,-0.488686,0.003536,0.9934,0.102875,-0.495149,-0.000151,0.9951,0.105471,-0.493044,-0.012294,0.9954,0.108057,-0.484695,0.008463,0.9972,0.11385,-0.458795,-0.036334,0.9936,0.132535,-0.419184,0.039535,0.9945,0.094041,-0.456902,0.022719,0.9887,0.094791,-0.426746,0.014438,0.9894,0.075891,-0.353074,-0.008499,0.9999,0.152794,-0.375336,0.152201,0.9998,-0.064395,-0.23167,-0.185898,0.4984,-0.074618,-0.1524,-0.1851,0.2481,0.02085,-0.291992,-0.05801,0.3943,-0.081999,-0.057774,-0.16569,0.2543,0.013989,-0.311762,-0.050245,0.4024,-0.069416,-0.105965,-0.19772,0.2731,0.025564,-0.31464,-0.053427,0.399,-0.05755,-0.133721,-0.204869,0.2703,-0.09077,-0.105956,-0.133544,0.3494,-0.143664,0.022621,-0.178263,0.2439,-0.007037,-0.000181,-0.012212,1.0,0.008434,-0.004161,0.015784,1.0,-0.063618,0.308427,-0.040116,0.7037,-0.053422,0.255157,-0.047713,0.5649,-0.118515,0.562358,-0.019827,0.7536,-0.163859,0.545608,0.00655,0.7,-0.155083,0.600066,-0.019326,0.7534,-0.176473,0.568842,-0.032351,0.709,-0.196192,0.626059,-0.031331,0.7437,-0.22294,0.582953,-0.057212,0.7008
61,2033,0.103885,-0.48624,0.03084,0.9948,0.110586,-0.495747,0.003574,0.9921,0.110848,-0.495864,0.012819,0.9903,0.112483,-0.497965,0.011027,0.9938,0.130541,-0.501396,0.00763,0.9954,0.132962,-0.499085,-0.004485,0.9958,0.134894,-0.489765,0.016229,0.9974,0.129827,-0.466197,-0.037798,0.9941,0.157288,-0.419363,0.036899,0.995,0.116779,-0.464089,0.030154,0.9894,0.118612,-0.431626,0.022492,0.9901,0.084762,-0.359787,-0.009756,0.9999,0.188059,-0.371403,0.144792,0.9998,-0.064395,-0.23167,-0.185898,0.4584,-0.074618,-0.1524,-0.1851,0.2432,0.02085,-0.291992,-0.05801,0.355,-0.081999,-0.057774,-0.16569,0.2293,0.013989,-0.311762,-0.050245,0.3624,-0.069416,-0.105965,-0.19772,0.2462,0.025564,-0.31464,-0.053427,0.3593,-0.05755,-0.133721,-0.204869,0.2436,-0.09077,-0.105956,-0.133544,0.3147,-0.143664,0.022621,-0.178263,0.2199,-0.011037,-0.001291,-0.012987,1.0,0.012875,-0.003045,0.016276,1.0,-0.079914,0.308989,-0.033255,0.7269,-0.064022,0.251986,-0.043593,0.5924,-0.144518,0.563367,-0.005956,0.7708,-0.201,0.534579,0.016471,0.7211,-0.181605,0.598916,-0.004234,0.7661,-0.217352,0.556906,-0.020958,0.7265,-0.227127,0.622533,-0.011653,0.741,-0.262107,0.567352,-0.04221,0.6999
62,2066,0.131334,-0.488259,0.037995,0.9943,0.136313,-0.498576,0.009845,0.9914,0.136438,-0.498879,0.019138,0.9897,0.138163,-0.500755,0.017481,0.9929,0.159767,-0.501829,0.012386,0.9949,0.162125,-0.499416,0.000212,0.9955,0.163418,-0.489269,0.020857,0.9971,0.145947,-0.471202,-0.039405,0.994,0.180998,-0.417068,0.028972,0.9951,0.140537,-0.466263,0.036172,0.9886,0.143401,-0.432148,0.02675,0.9895,0.092215,-0.365508,-0.010722,0.9999,0.219253,-0.367662,0.130752,0.9998,-0.064395,-0.23167,-0.185898,0.4251,-0.074618,-0.1524,-0.1851,0.2655,0.02085,-0.291992,-0.05801,0.3198,-0.081999,-0.057774,-0.16569,0.2072,0.013989,-0.311762,-0.050245,0.3266,-0.069416,-0.105965,-0.19772,0.2222,0.025564,-0.31464,-0.053427,0.3238,-0.05755,-0.133721,-0.204869,0.2198,-0.09077,-0.105956,-0.133544,0.2837,-0.143664,0.022621,-0.178263,0.1984,-0.015071,-0.002276,-0.010957,1.0,0.017304,-0.002058,0.013877,1.0,-0.094819,0.308768,-0.021613,0.7356,-0.07299,0.248772,-0.037005,0.6001,-0.167352,0.561216,0.015231,0.7793,-0.231614,0.523061,0.032625,0.734,-0.204626,0.594684,0.018451,0.7721,-0.250789,0.544498,-0.0031,0.7368,-0.253623,0.617339,0.014408,0.7217,-0.292516,0.552623,-0.021662,0.6822
63,2100,0.161066,-0.488133,0.042433,0.9943,0.164263,-0.499154,0.012908,0.9914,0.164279,-0.49972,0.022277,0.9898,0.165991,-0.501315,0.020903,0.9928,0.191347,-0.500336,0.013324,0.995,0.19355,-0.497805,0.00126,0.9956,0.194162,-0.48687,0.021786,0.9972,0.164462,-0.474371,-0.043439,0.9942,0.206669,-0.413184,0.018172,0.9954,0.166622,-0.46626,0.039431,0.9883,0.170348,-0.430877,0.02786,0.9895,0.102029,-0.370985,-0.011556,0.9998,0.252532,-0.363048,0.114183,0.9998,-0.064395,-0.23167,-0.185898,0.3863,-0.074618,-0.1524,-0.1851,0.2703,0.02085,-0.291992,-0.05801,0.2879,-0.081999,-0.057774,-0.16569,0.1868,0.013989,-0.311762,-0.050245,0.2941,-0.069416,-0.105965,-0.19772,0.2003,0.025564,-0.31464,-0.053427,0.2916,-0.05755,-0.133721,-0.204869,0.1981,-0.09077,-0.105956,-0.133544,0.2555,-0.143664,0.022621,-0.178263,0.1788,-0.019511,-0.003403,-0.007654,1.0,0.022169,-0.000961,0.010175,1.0,-0.112399,0.306461,-0.009021,0.7254,-0.081827,0.245819,-0.029174,0.5852,-0.194181,0.557666,0.037041,0.7728,-0.26126,0.511405,0.051844,0.7258,-0.2318,0.589101,0.04204,0.7703,-0.283182,0.531943,0.018275,0.7306,-0.282116,0.611837,0.041078,0.6882,-0.320197,0.539138,0.001796,0.6448
64,2133,0.184022,-0.487495,0.045411,0.9907,0.186435,-0.498644,0.014772,0.9865,0.186365,-0.499288,0.024127,0.9829,0.188144,-0.500786,0.022822,0.9875,0.215407,-0.498247,0.0136,0.9922,0.217655,-0.495664,0.001344,0.9932,0.217773,-0.484214,0.021978,0.9958,0.18128,-0.475629,-0.047278,0.9897,0.22782,-0.408535,0.010724,0.9936,0.1873,-0.465818,0.041022,0.9813,0.191359,-0.429423,0.028087,0.9839,0.113397,-0.375319,-0.013109,0.9997,0.280851,-0.356806,0.101401,0.9997,-0.064395,-0.23167,-0.185898,0.3494,-0.074618,-0.1524,-0.1851,0.2557,0.02085,-0.291992,-0.05801,0.2593,-0.081999,-0.057774,-0.16569,0.1684,0.013989,-0.311762,-0.050245,0.2649,-0.069416,-0.105965,-0.19772,0.1805,0.025564,-0.31464,-0.053427,0.2628,-0.05755,-0.133721,-0.204869,0.1785,-0.09077,-0.105956,-0.133544,0.2302,-0.143664,0.022621,-0.178263,0.1611,-0.02415,-0.005531,-0.004724,0.9999,0.027176,0.001152,0.006949,1.0,-0.128427,0.303933,0.001497,0.6597,-0.088936,0.243443,-0.022121,0.5351,-0.221194,0.552839,0.054989,0.7166,-0.282683,0.502708,0.06457,0.6708,-0.260103,0.582262,0.062507,0.7431,-0.306737,0.52224,0.032515,0.6894,-0.305872,0.605784,0.062275,0.6272,-0.340257,0.529794,0.016621,0.5864
65,2166,0.204104,-0.484574,0.049639,0.9873,0.205852,-0.495904,0.018908,0.9798,0.205724,-0.49654,0.028025,0.9748,0.207629,-0.497988,0.026645,0.9815,0.235853,-0.494448,0.015983,0.9885,0.238254,-0.491742,0.003484,0.9904,0.238059,-0.480098,0.024229,0.9939,0.195817,-0.474864,-0.046186,0.9842,0.244786,-0.404221,0.005741,0.9912,0.205102,-0.463514,0.044547,0.9736,0.209109,-0.426454,0.029956,0.9773,0.1239,-0.37616,-0.008629,0.9995,0.301663,-0.352622,0.092698,0.9997,-0.064395,-0.23167,-0.185898,0.3162,-0.074618,-0.1524,-0.1851,0.2665,0.02085,-0.291992,-0.05801,0.2337,-0.081999,-0.057774,-0.16569,0.1528,0.013989,-0.311762,-0.050245,0.2394,-0.069416,-0.105965,-0.19772,0.1634,0.025564,-0.31464,-0.053427,0.2374,-0.05755,-0.133721,-0.204869,0.1616,-0.09077,-0.105956,-0.133544,0.208,-0.143664,0.022621,-0.178263,0.1458,-0.027623,-0.007088,-0.000767,0.9999,0.03097,0.002718,0.002784,0.9999,-0.140922,0.30126,0.006947,0.5999,-0.094465,0.242835,-0.020892,0.5166,-0.243289,0.548485,0.062745,0.6714,-0.299259,0.495983,0.06501,0.6439,-0.284099,0.576128,0.071742,0.7248,-0.324725,0.514534,0.033429,0.67,-0.323551,0.601029,0.071851,0.5794,-0.353639,0.523437,0.019413,0.5452
66,2200,0.230344,-0.479336,0.054052,0.9864,0.231665,-0.491173,0.023544,0.9778,0.231503,-0.491772,0.032395,0.9726,0.233505,-0.493153,0.030908,0.9797,0.262697,-0.488502,0.01865,0.9872,0.265229,-0.485709,0.005895,0.9894,0.264568,-0.47383,0.026761,0.9932,0.215569,-0.473013,-0.044114,0.9825,0.265942,-0.398992,0.001672,0.9903,0.228151,-0.45933,0.048469,0.9699,0.23176,-0.421638,0.032025,0.9739,0.138169,-0.376393,-0.002963,0.9994,0.322744,-0.347177,0.083474,0.9996,-0.064395,-0.23167,-0.185898,0.2858,-0.074618,-0.1524,-0.1851,0.2688,0.02085,-0.291992,-0.05801,0.2106,-0.081999,-0.057774,-0.16569,0.1383,0.013989,-0.311762,-0.050245,0.216,-0.069416,-0.105965,-0.19772,0.1477,0.025564,-0.31464,-0.053427,0.2142,-0.05755,-0.133721,-0.204869,0.146,-0.09077,-0.105956,-0.133544,0.1877,-0.143664,0.022621,-0.178263,0.1317,-0.031055,-0.009183,0.003893,0.9999,0.034722,0.004892,-0.002158,0.9999,-0.154143,0.295729,0.012993,0.5686,-0.100361,0.241984,-0.018156,0.5069,-0.270684,0.538504,0.0693,0.6759,-0.317885,0.488716,0.065951,0.6496,-0.314303,0.563368,0.079617,0.738,-0.344915,0.506454,0.034859,0.675,-0.34515,0.591761,0.080204,0.5668,-0.367431,0.517243,0.022503,0.5262
67,2233,0.255692,-0.471681,0.055914,0.9867,0.257103,-0.4841,0.026226,0.9783,0.25684,-0.484771,0.034882,0.9734,0.259009,-0.486,0.033205,0.9804,0.287889,-0.480696,0.019171,0.9872,0.290639,-0.477891,0.006101,0.9894,0.289518,-0.46591,0.027106,0.993,0.236891,-0.470842,-0.042523,0.983,0.285978,-0.393651,-0.003015,0.9894,0.251302,-0.453806,0.050378,0.9705,0.254077,-0.415396,0.031437,0.9737,0.153106,-0.376558,0.000806,0.9994,0.338376,-0.342847,0.073779,0.9996,-0.064395,-0.23167,-0.185898,0.2597,-0.074618,-0.1524,-0.1851,0.2515,0.02085,-0.291992,-0.05801,0.1916,-0.081999,-0.057774,-0.16569,0.1311,0.013989,-0.311762,-0.050245,0.1989,-0.069416,-0.105965,-0.19772,0.1418,0.025564,-0.31464,-0.053427,0.1973,-0.05755,-0.133721,-0.204869,0.1393,-0.09077,-0.105956,-0.133544,0.1723,-0.143664,0.022621,-0.178263,0.1229,-0.033926,-0.011527,0.007564,0.9999,0.03777,0.007397,-0.005957,0.9999,-0.165767,0.290897,0.017496,0.5695,-0.100361,0.241984,-0.018156,0.4909,-0.299096,0.530072,0.066537,0.6968,-0.332283,0.483038,0.069838,0.6573,-0.345667,0.552777,0.076561,0.7569,-0.360379,0.500284,0.03894,0.682,-0.367792,0.584377,0.078548,0.5808,-0.378359,0.513173,0.026988,0.5156
68,2266,0.279487,-0.465052,0.052827,0.9867,0.280578,-0.478051,0.024071,0.9787,0.280223,-0.478818,0.032779,0.9738,0.282463,-0.47992,0.030851,0.9809,0.310978,-0.474228,0.015078,0.9872,0.313859,-0.471414,0.001754,0.9893,0.312302,-0.459351,0.022855,0.9929,0.25562,-0.468983,-0.042948,0.9834,0.303062,-0.389617,-0.011418,0.9885,0.272973,-0.448865,0.048069,0.9714,0.274904,-0.409985,0.026539,0.9742,0.166747,-0.376187,0.003549,0.9994,0.350317,-0.339811,0.061342,0.9995,-0.064395,-0.23167,-0.185898,0.2346,-0.074618,-0.1524,-0.1851,0.2418,0.02085,-0.291992,-0.05801,0.1734,-0.081999,-0.057774,-0.16569,0.1255,0.013989,-0.311762,-0.050245,0.1813,-0.069416,-0.105965,-0.19772,0.1365,0.025564,-0.31464,-0.053427,0.1799,-0.05755,-0.133721,-0.204869,0.133,-0.09077,-0.105956,-0.133544,0.1568,-0.143664,0.022621,-0.178263,0.1146,-0.036138,-0.013577,0.011525,0.9999,0.040126,0.009598,-0.009957,0.9999,-0.175401,0.28646,0.020716,0.5612,-0.100361,0.241984,-0.018156,0.4656,-0.325007,0.520188,0.06468,0.7117,-0.343865,0.478885,0.078509,0.6568,-0.373941,0.540507,0.074671,0.7673,-0.372616,0.495992,0.048144,0.6713,-0.388861,0.575956,0.077612,0.5906,-0.378359,0.513173,0.026988,0.4978
69,2300,0.307947,-0.45252,0.038666,0.988,0.308978,-0.466752,0.013348,0.9808,0.308684,-0.467569,0.02218,0.9764,0.310843,-0.468539,0.020006,0.9828,0.337239,-0.463397,0.000768,0.9884,0.340154,-0.460513,-0.012742,0.9904,0.338206,-0.448354,0.00841,0.9935,0.27915,-0.463824,-0.043308,0.985,0.317898,-0.386151,-0.026552,0.9895,0.299212,-0.438841,0.038239,0.9742,0.298256,-0.401043,0.012124,0.9766,0.186423,-0.371568,0.013688,0.9995,0.359599,-0.340995,0.041471,0.9995,-0.064395,-0.23167,-0.185898,0.2118,-0.074618,-0.1524,-0.1851,0.2982,0.02085,-0.291992,-0.05801,0.1603,-0.081999,-0.057774,-0.16569,0.1514,0.013989,-0.311762,-0.050245,0.1741,-0.069416,-0.105965,-0.19772,0.1552,0.025564,-0.31464,-0.053427,0.1734,-0.05755,-0.133721,-0.204869,0.1481,-0.09077,-0.105956,-0.133544,0.1501,-0.143664,0.022621,-0.178263,0.1209,-0.034794,-0.013845,0.019905,0.9999,0.038934,0.010133,-0.018403,0.9999,-0.183947,0.282188,0.024205,0.5397,-0.111156,0.242702,-0.015546,0.5036,-0.351486,0.507557,0.065058,0.7218,-0.355983,0.474821,0.085079,0.6836,-0.402619,0.525122,0.075213,0.7725,-0.384795,0.491977,0.055706,0.6844,-0.411498,0.565997,0.077249,0.6193,-0.392041,0.514308,0.036603,0.5352
70,2333,0.335759,-0.437653,0.021719,0.989,0.337785,-0.452741,0.000381,0.9826,0.337608,-0.45361,0.009355,0.9786,0.33959,-0.454438,0.006927,0.9844,0.363144,-0.450507,-0.015721,0.9895,0.366151,-0.447583,-0.029457,0.9913,0.363848,-0.435393,-0.008308,0.9941,0.305033,-0.456054,-0.043576,0.9864,0.332181,-0.383068,-0.041416,0.9905,0.325555,-0.42671,0.026394,0.9766,0.321125,-0.39072,-0.004411,0.9788,0.209925,-0.362548,0.024654,0.9995,0.362483,-0.34501,0.022387,0.9996,-0.064395,-0.23167,-0.185898,0.1916,-0.074618,-0.1524,-0.1851,0.3435,0.02085,-0.291992,-0.05801,0.1482,-0.081999,-0.057774,-0.16569,0.1865,0.013989,-0.311762,-0.050245,0.1672,-0.069416,-0.105965,-0.19772,0.1898,0.025564,-0.31464,-0.053427,0.167,-0.05755,-0.133721,-0.204869,0.179,-0.09077,-0.105956,-0.133544,0.1436,-0.143664,0.022621,-0.178263,0.136,-0.030641,-0.011697,0.028613,0.9999,0.034883,0.008297,-0.027073,1.0,-0.192691,0.277935,0.028624,0.5482,-0.116291,0.243701,-0.017642,0.5464,-0.381017,0.492055,0.072958,0.7424,-0.368441,0.471562,0.089536,0.7121,-0.434221,0.506717,0.084328,0.7844,-0.397123,0.488944,0.061376,0.7003,-0.437851,0.553218,0.083153,0.6523,-0.40002,0.516647,0.038797,0.5763
71,2366,0.361356,-0.424677,0.007388,0.9901,0.364447,-0.440721,-0.010026,0.9842,0.364413,-0.441588,-0.000874,0.9806,0.366141,-0.442267,-0.003536,0.9859,0.386837,-0.439697,-0.029347,0.9905,0.389854,-0.436731,-0.04318,0.9921,0.387214,-0.424514,-0.02212,0.9947,0.32877,-0.449245,-0.041128,0.9877,0.344216,-0.382163,-0.053004,0.9914,0.349813,-0.415937,0.01691,0.9789,0.3417,-0.38185,-0.018178,0.9809,0.232467,-0.351836,0.037246,0.9995,0.361872,-0.351599,0.00771,0.9996,-0.064395,-0.23167,-0.185898,0.1747,-0.074618,-0.1524,-0.1851,0.387,0.02085,-0.291992,-0.05801,0.1359,-0.081999,-0.057774,-0.16569,0.2097,0.013989,-0.311762,-0.050245,0.1559,-0.069416,-0.105965,-0.19772,0.2109,0.025564,-0.31464,-0.053427,0.156,-0.05755,-0.133721,-0.204869,0.1972,-0.09077,-0.105956,-0.133544,0.1342,-0.143664,0.022621,-0.178263,0.1449,-0.025969,-0.008218,0.036376,1.0,0.030275,0.005069,-0.034804,1.0,-0.202801,0.272927,0.032548,0.5607,-0.122673,0.244655,-0.019656,0.5813,-0.414502,0.474311,0.079092,0.7582,-0.382608,0.471982,0.090557,0.7383,-0.469534,0.486327,0.091283,0.7927,-0.410636,0.490035,0.062732,0.7165,-0.468135,0.539132,0.088483,0.6806,-0.408797,0.521625,0.035898,0.6135
72,2400,0.381903,-0.411854,-0.012638,0.9909,0.386677,-0.428053,-0.026209,0.9857,0.38678,-0.428925,-0.016863,0.9824,0.388195,-0.429485,-0.019622,0.9872,0.406082,-0.42875,-0.048004,0.9914,0.409054,-0.425813,-0.061941,0.9928,0.4061,-0.413575,-0.040967,0.9952,0.350501,-0.440051,-0.041979,0.9889,0.353887,-0.381575,-0.06611,0.9921,0.369598,-0.404657,0.002145,0.9809,0.35797,-0.373218,-0.036449,0.9826,0.254017,-0.339719,0.04533,0.9995,0.358434,-0.357512,-0.005997,0.9996,-0.064395,-0.23167,-0.185898,0.1606,-0.074618,-0.1524,-0.1851,0.4301,0.02085,-0.291992,-0.05801,0.1266,-0.081999,-0.057774,-0.16569,0.2526,0.013989,-0.311762,-0.050245,0.1479,-0.069416,-0.105965,-0.19772,0.2477,0.025564,-0.31464,-0.053427,0.1478,-0.05755,-0.133721,-0.204869,0.2307,-0.09077,-0.105956,-0.133544,0.1264,-0.143664,0.022621,-0.178263,0.1645,-0.020608,-0.004302,0.042511,1.0,0.025,0.001314,-0.040889,1.0,-0.212054,0.268045,0.035001,0.5594,-0.129082,0.245588,-0.021026,0.5939,-0.444864,0.456706,0.0842,0.7671,-0.396286,0.473324,0.091599,0.7567,-0.50114,0.466276,0.097125,0.7939,-0.423352,0.491827,0.064091,0.7149,-0.498132,0.523999,0.09298,0.7029,-0.417665,0.52672,0.034219,0.6402
73,2433,0.400343,-0.400532,-0.034308,0.9916,0.407014,-0.416289,-0.044311,0.9868,0.407232,-0.417079,-0.034882,0.9838,0.408388,-0.417648,-0.037758,0.9882,0.423527,-0.418975,-0.067931,0.9921,0.42647,-0.416029,-0.082002,0.9934,0.42323,-0.403916,-0.06106,0.9956,0.372344,-0.429311,-0.045512,0.9898,0.363374,-0.3811,-0.078397,0.9927,0.388003,-0.394048,-0.014515,0.9826,0.372887,-0.365636,-0.055681,0.9842,0.275543,-0.325449,0.051153,0.9995,0.356271,-0.364077,-0.017605,0.9996,-0.064395,-0.23167,-0.185898,0.154,-0.074618,-0.1524,-0.1851,0.4818,0.02085,-0.291992,-0.05801,0.1315,-0.081999,-0.057774,-0.16569,0.318,0.013989,-0.311762,-0.050245,0.1587,-0.069416,-0.105965,-0.19772,0.3074,0.025564,-0.31464,-0.053427,0.1577,-0.05755,-0.133721,-0.204869,0.2887,-0.09077,-0.105956,-0.133544,0.1316,-0.143664,0.022621,-0.178263,0.212,-0.015078,0.000307,0.047927,1.0,0.019553,-0.003193,-0.046262,1.0,-0.220579,0.263979,0.039789,0.5557,-0.135051,0.24639,-0.025919,0.6283,-0.470565,0.442601,0.098718,0.7802,-0.408173,0.474284,0.088727,0.7784,-0.527122,0.450514,0.113058,0.7984,-0.434425,0.493151,0.061776,0.7266,-0.523386,0.511751,0.104834,0.7256,-0.425572,0.531204,0.027548,0.6718
74,2466,0.413795,-0.391927,-0.059218,0.9914,0.421865,-0.40769,-0.065786,0.9867,0.422161,-0.408349,-0.056238,0.9834,0.42307,-0.408962,-0.059159,0.9882,0.436342,-0.411391,-0.089306,0.992,0.439247,-0.408405,-0.103441,0.9933,0.435813,-0.396101,-0.082556,0.9955,0.391653,-0.414963,-0.052421,0.9895,0.37114,-0.381762,-0.087217,0.9922,0.40208,-0.385826,-0.034627,0.9833,0.384259,-0.359173,-0.075738,0.9849,0.29674,-0.305229,0.050133,0.9994,0.353759,-0.371451,-0.021307,0.9996,-0.064395,-0.23167,-0.185898,0.1786,-0.074618,-0.1524,-0.1851,0.4962,0.02085,-0.291992,-0.05801,0.1492,-0.081999,-0.057774,-0.16569,0.3389,0.013989,-0.311762,-0.050245,0.1698,-0.069416,-0.105965,-0.19772,0.3163,0.025564,-0.31464,-0.053427,0.1661,-0.05755,-0.133721,-0.204869,0.2942,-0.09077,-0.105956,-0.133544,0.135,-0.143664,0.022621,-0.178263,0.2132,-0.008743,0.006375,0.052696,1.0,0.013267,-0.009133,-0.051005,1.0,-0.228914,0.260053,0.04415,0.536,-0.141304,0.245755,-0.0308,0.6526,-0.49172,0.429159,0.117553,0.7799,-0.419222,0.47508,0.085901,0.7949,-0.547461,0.435932,0.133347,0.7817,-0.444135,0.494319,0.059561,0.7218,-0.544584,0.499165,0.120445,0.7348,-0.433043,0.53475,0.019753,0.6954
75,2500,0.424835,-0.389957,-0.083962,0.992,0.433174,-0.402174,-0.087754,0.9876,0.433543,-0.402561,-0.078008,0.9845,0.434275,-0.403358,-0.080928,0.9891,0.446855,-0.409554,-0.109772,0.9925,0.450051,-0.40665,-0.123888,0.9937,0.446739,-0.394688,-0.103059,0.9958,0.407985,-0.402156,-0.062126,0.9903,0.377591,-0.384274,-0.094022,0.9923,0.412956,-0.378715,-0.05585,0.9848,0.394138,-0.358491,-0.095208,0.9861,0.315121,-0.285506,0.042806,0.9995,0.350426,-0.378579,-0.01914,0.9996,-0.064395,-0.23167,-0.185898,0.235,-0.074618,-0.1524,-0.1851,0.4989,0.02085,-0.291992,-0.05801,0.1942,-0.081999,-0.057774,-0.16569,0.3502,0.013989,-0.311762,-0.050245,0.1992,-0.069416,-0.105965,-0.19772,0.3163,0.025564,-0.31464,-0.053427,0.1918,-0.05755,-0.133721,-0.204869,0.2925,-0.09077,-0.105956,-0.133544,0.1512,-0.143664,0.022621,-0.178263,0.2107,-0.00222,0.012667,0.054161,1.0,0.006736,-0.015287,-0.052415,1.0,-0.236513,0.256397,0.047725,0.514,-0.148543,0.244315,-0.03409,0.6599,-0.508713,0.41743,0.136692,0.7587,-0.430271,0.475521,0.088578,0.799,-0.563498,0.423589,0.15337,0.7343,-0.453257,0.495262,0.062673,0.6891,-0.562442,0.486331,0.137001,0.7253,-0.442914,0.53783,0.013476,0.7045
76,2533,0.433868,-0.389583,-0.107524,0.9927,0.442223,-0.397377,-0.10929,0.9886,0.442665,-0.397438,-0.099348,0.9858,0.443242,-0.398533,-0.102245,0.99,0.455987,-0.40892,-0.128921,0.9931,0.4593,-0.406132,-0.143096,0.9942,0.455734,-0.394537,-0.122281,0.9961,0.423824,-0.388976,-0.073685,0.9911,0.383392,-0.386356,-0.09968,0.9927,0.421813,-0.373289,-0.076722,0.9862,0.402654,-0.358775,-0.113394,0.9874,0.333595,-0.264364,0.031687,0.9995,0.347838,-0.384719,-0.014921,0.9996,-0.064395,-0.23167,-0.185898,0.3037,-0.015668,-0.207781,-0.173723,0.5242,0.02085,-0.291992,-0.05801,0.2623,-0.081999,-0.057774,-0.16569,0.3825,0.013989,-0.311762,-0.050245,0.2577,-0.069416,-0.105965,-0.19772,0.3378,0.025564,-0.31464,-0.053427,0.2481,-0.05755,-0.133721,-0.204869,0.312,-0.09077,-0.105956,-0.133544,0.1956,-0.143664,0.022621,-0.178263,0.2239,0.0042,0.018913,0.053575,1.0,0.000281,-0.021366,-0.051815,1.0,-0.243655,0.252786,0.050723,0.5229,-0.156059,0.241917,-0.036673,0.6819,-0.523604,0.407111,0.156477,0.7639,-0.44049,0.475683,0.097058,0.8126,-0.576084,0.413046,0.173628,0.7153,-0.461579,0.49604,0.070707,0.6831,-0.577965,0.474162,0.155195,0.7377,-0.453734,0.539583,0.016169,0.7259
77,2566,0.440864,-0.391526,-0.126379,0.9932,0.449456,-0.395044,-0.1276,0.9896,0.449967,-0.394928,-0.117458,0.987,0.450388,-0.39633,-0.120314,0.9909,0.46299,-0.409664,-0.144104,0.9936,0.466374,-0.407047,-0.158313,0.9946,0.462741,-0.395785,-0.137473,0.9964,0.437481,-0.376836,-0.087369,0.9919,0.390218,-0.386445,-0.104252,0.993,0.428977,-0.369049,-0.094971,0.9875,0.409602,-0.359916,-0.128098,0.9885,0.348765,-0.24429,0.016151,0.9995,0.345741,-0.389813,-0.008889,0.9996,-0.064395,-0.23167,-0.185898,0.366,-0.007329,-0.215994,-0.170955,0.506,0.02085,-0.291992,-0.05801,0.3243,-0.081999,-0.057774,-0.16569,0.3795,0.013989,-0.311762,-0.050245,0.313,-0.069416,-0.105965,-0.19772,0.334,0.025564,-0.31464,-0.053427,0.3012,-0.05755,-0.133721,-0.204869,0.3076,-0.09077,-0.105956,-0.133544,0.2372,-0.143664,0.022621,-0.178263,0.2205,0.009949,0.024937,0.050874,1.0,-0.005517,-0.027228,-0.049035,1.0,-0.250255,0.249509,0.053456,0.5303,-0.164591,0.236869,-0.037349,0.7039,-0.531396,0.396521,0.182848,0.7583,-0.449462,0.472641,0.107756,0.8258,-0.581543,0.402318,0.199679,0.6835,-0.468942,0.494035,0.080586,0.687,-0.588085,0.460034,0.181963,0.7383,-0.465049,0.536556,0.023741,0.7465
78,2600,0.445188,-0.395238,-0.140893,0.9937,0.455753,-0.394605,-0.142613,0.9905,0.456332,-0.394388,-0.132328,0.9882,0.456623,-0.396078,-0.135108,0.9917,0.468888,-0.411258,-0.155501,0.9941,0.472305,-0.408833,-0.169741,0.995,0.468781,-0.39785,-0.148869,0.9967,0.450534,-0.364361,-0.101825,0.9927,0.3993,-0.383531,-0.104463,0.9934,0.435269,-0.366228,-0.110189,0.9887,0.415658,-0.361615,-0.139144,0.9896,0.363013,-0.224265,-0.001575,0.9996,0.347282,-0.39133,6.7e-05,0.9996,-0.064395,-0.23167,-0.185898,0.424,-0.007329,-0.215994,-0.170955,0.4905,0.02085,-0.291992,-0.05801,0.3853,-0.081999,-0.057774,-0.16569,0.3875,0.013989,-0.311762,-0.050245,0.3719,-0.069416,-0.105965,-0.19772,0.3439,0.025564,-0.31464,-0.053427,0.3593,-0.05755,-0.133721,-0.204869,0.3169,-0.09077,-0.105956,-0.133544,0.2882,-0.143664,0.022621,-0.178263,0.2288,0.015102,0.030779,0.046777,1.0,-0.010709,-0.032905,-0.044847,1.0,-0.25555,0.246435,0.055208,0.5332,-0.173208,0.229648,-0.036144,0.7239,-0.532072,0.386541,0.207582,0.7397,-0.456973,0.466772,0.120384,0.836,-0.580552,0.392268,0.223739,0.6473,-0.474725,0.489591,0.092198,0.6939,-0.591639,0.445078,0.208837,0.7282,-0.475418,0.530493,0.035534,0.7638
79,2633,0.448034,-0.398335,-0.152939,0.9942,0.460541,-0.394546,-0.155489,0.9913,0.461184,-0.39425,-0.145093,0.9892,0.461343,-0.396154,-0.147736,0.9925,0.473185,-0.412509,-0.164676,0.9946,0.476566,-0.410206,-0.178969,0.9954,0.473126,-0.399468,-0.158051,0.9969,0.461626,-0.353109,-0.115034,0.9934,0.407441,-0.379793,-0.103834,0.9937,0.440079,-0.364052,-0.123242,0.9898,0.42016,-0.362923,-0.14794,0.9906,0.374497,-0.20692,-0.01781,0.9996,0.350379,-0.390635,0.007363,0.9997,-0.064395,-0.23167,-0.185898,0.4735,-0.007329,-0.215994,-0.170955,0.4701,0.02085,-0.291992,-0.05801,0.4386,-0.081999,-0.057774,-0.16569,0.3861,0.013989,-0.311762,-0.050245,0.4238,-0.069416,-0.105965,-0.19772,0.3469,0.025564,-0.31464,-0.053427,0.4106,-0.05755,-0.133721,-0.204869,0.3198,-0.09077,-0.105956,-0.133544,0.3288,-0.143664,0.022621,-0.178263,0.2298,0.019116,0.035971,0.043041,1.0,-0.014776,-0.037908,-0.041013,1.0,-0.259202,0.244104,0.051118,0.5088,-0.180436,0.222224,-0.038384,0.7249,-0.52924,0.379623,0.221526,0.6779,-0.463006,0.458655,0.128059,0.8134,-0.576641,0.38534,0.23787,0.5886,-0.479349,0.483125,0.099407,0.6566,-0.5921,0.434578,0.225717,0.6731,-0.484861,0.522034,0.043913,0.7495
80,2666,0.449987,-0.402256,-0.161279,0.9947,0.464224,-0.39638,-0.165321,0.9921,0.46497,-0.396187,-0.154778,0.9902,0.464998,-0.398189,-0.157249,0.9932,0.476384,-0.414326,-0.171459,0.9951,0.479663,-0.412185,-0.185723,0.9958,0.476221,-0.401575,-0.164751,0.9972,0.469308,-0.345738,-0.128691,0.994,0.414205,-0.375786,-0.104187,0.9943,0.443857,-0.363954,-0.13308,0.9908,0.423498,-0.364533,-0.154309,0.9915,0.383413,-0.195705,-0.034422,0.9997,0.354757,-0.387451,0.01235,0.9997,0.024565,-0.197356,-0.189903,0.5058,-0.007329,-0.215994,-0.170955,0.43,0.02085,-0.291992,-0.05801,0.4574,-0.081999,-0.057774,-0.16569,0.3548,0.013989,-0.311762,-0.050245,0.4356,-0.069416,-0.105965,-0.19772,0.321,0.025564,-0.31464,-0.053427,0.421,-0.05755,-0.133721,-0.204869,0.2962,-0.09077,-0.105956,-0.133544,0.3306,-0.143664,0.022621,-0.178263,0.2133,0.022081,0.039757,0.038293,1.0,-0.017775,-0.041595,-0.036215,1.0,-0.259202,0.244104,0.051118,0.4972,-0.186547,0.216432,-0.028692,0.719,-0.520141,0.374444,0.243265,0.635,-0.468163,0.448144,0.147368,0.811,-0.56758,0.380218,0.258336,0.542,-0.483574,0.474299,0.115879,0.6498,-0.585146,0.425979,0.250688,0.6331,-0.4938,0.507796,0.063683,0.7538
81,2700,0.451257,-0.406033,-0.168401,0.995,0.466685,-0.398732,-0.174985,0.9927,0.467432,-0.398698,-0.1642,0.991,0.467401,-0.400708,-0.166538,0.9937,0.479001,-0.415882,-0.178462,0.9954,0.482159,-0.413893,-0.192708,0.996,0.478745,-0.403307,-0.171549,0.9973,0.473487,-0.339688,-0.145555,0.9946,0.420092,-0.370522,-0.109339,0.9946,0.445951,-0.365162,-0.142379,0.9914,0.42611,-0.366032,-0.160317,0.9919,0.383966,-0.193557,-0.054158,0.9997,0.363672,-0.375411,0.015967,0.9997,0.024565,-0.197356,-0.189903,0.479,-0.007329,-0.215994,-0.170955,0.3871,0.02085,-0.291992,-0.05801,0.4186,-0.081999,-0.057774,-0.16569,0.3198,0.013989,-0.311762,-0.050245,0.3998,-0.069416,-0.105965,-0.19772,0.2899,0.025564,-0.31464,-0.053427,0.3862,-0.05755,-0.133721,-0.204869,0.2676,-0.09077,-0.105956,-0.133544,0.3022,-0.143664,0.022621,-0.178263,0.1928,0.021683,0.039387,0.032004,1.0,-0.017386,-0.041239,-0.030065,1.0,-0.259202,0.244104,0.051118,0.4722,-0.187903,0.210692,-0.009048,0.6538,-0.515976,0.369886,0.259112,0.6435,-0.46654,0.433982,0.180817,0.763,-0.5633,0.375784,0.272589,0.5363,-0.482603,0.461775,0.144246,0.6177,-0.582751,0.418139,0.267343,0.6304,-0.495667,0.489602,0.09986,0.7124
82,2733,0.452511,-0.409908,-0.174973,0.9954,0.469103,-0.401088,-0.184418,0.9934,0.469861,-0.401269,-0.173305,0.9919,0.469758,-0.403244,-0.175615,0.9943,0.481911,-0.417351,-0.185191,0.9958,0.48483,-0.415503,-0.19949,0.9964,0.481159,-0.404927,-0.17813,0.9976,0.477299,-0.334328,-0.16334,0.9951,0.427148,-0.363343,-0.115047,0.995,0.447959,-0.366935,-0.151523,0.9921,0.428417,-0.367463,-0.166079,0.9925,0.382199,-0.193674,-0.076219,0.9997,0.376348,-0.3598,0.018969,0.9997,0.024565,-0.197356,-0.189903,0.4629,-0.007329,-0.215994,-0.170955,0.3487,0.02085,-0.291992,-0.05801,0.3868,-0.081999,-0.057774,-0.16569,0.289,0.013989,-0.311762,-0.050245,0.3706,-0.069416,-0.105965,-0.19772,0.2636,0.025564,-0.31464,-0.053427,0.3581,-0.05755,-0.133721,-0.204869,0.2436,-0.09077,-0.105956,-0.133544,0.2789,-0.143664,0.022621,-0.178263,0.1759,0.01858,0.035739,0.023666,1.0,-0.014367,-0.037567,-0.021769,1.0,-0.259202,0.244104,0.051118,0.4516,-0.187691,0.205552,0.014715,0.5924,-0.513521,0.36418,0.27318,0.6529,-0.463394,0.422497,0.219252,0.7231,-0.56051,0.370373,0.2854,0.5371,-0.480312,0.45122,0.177565,0.5998,-0.58057,0.407645,0.282021,0.6294,-0.495591,0.473951,0.1416,0.6789
83,2766,0.453914,-0.412672,-0.184814,0.9805,0.471576,-0.401959,-0.196095,0.9838,0.472336,-0.402219,-0.184896,0.984,0.472186,-0.404264,-0.18714,0.9887,0.484811,-0.417485,-0.194595,0.9819,0.487538,-0.4158,-0.209074,0.9827,0.483445,-0.405154,-0.187518,0.9872,0.481462,-0.328466,-0.179801,0.9921,0.433639,-0.357497,-0.121869,0.976,0.450023,-0.367489,-0.163001,0.9837,0.430467,-0.368059,-0.174767,0.9784,0.382933,-0.186706,-0.097097,0.9997,0.38606,-0.351631,0.020059,0.9995,0.024565,-0.197356,-0.189903,0.4815,-0.007329,-0.215994,-0.170955,0.3139,0.02085,-0.291992,-0.05801,0.3883,-0.081999,-0.057774,-0.16569,0.2602,0.013989,-0.311762,-0.050245,0.376,-0.069416,-0.105965,-0.19772,0.2376,0.025564,-0.31464,-0.053427,0.3637,-0.05755,-0.133721,-0.204869,0.2197,-0.09077,-0.105956,-0.133544,0.2711,-0.143664,0.022621,-0.178263,0.1587,0.016355,0.036354,0.017831,1.0,-0.012202,-0.038075,-0.016076,1.0,-0.259202,0.244104,0.051118,0.4322,-0.189993,0.199618,0.02669,0.5808,-0.505041,0.36457,0.294257,0.6555,-0.464525,0.410181,0.241206,0.7316,-0.552769,0.37023,0.303433,0.5137,-0.481596,0.439981,0.197715,0.6051,-0.574963,0.404325,0.30459,0.629,-0.502332,0.456888,0.165522,0.6918
84,2800,0.455165,-0.413972,-0.192707,0.9811,0.473512,-0.401729,-0.206163,0.9845,0.474267,-0.402164,-0.194951,0.9847,0.474093,-0.404225,-0.196978,0.9891,0.487321,-0.415408,-0.20291,0.9829,0.489846,-0.413838,-0.217384,0.9835,0.485376,-0.402969,-0.195672,0.9879,0.482369,-0.322922,-0.197361,0.9925,0.43884,-0.348509,-0.130366,0.9775,0.451344,-0.366849,-0.172895,0.9837,0.432188,-0.366681,-0.182085,0.9786,0.378481,-0.182168,-0.117245,0.9995,0.397119,-0.334924,0.0201,0.9994,0.024565,-0.197356,-0.189903,0.4434,-0.007329,-0.215994,-0.170955,0.2826,0.02085,-0.291992,-0.05801,0.3507,-0.081999,-0.057774,-0.16569,0.2344,0.013989,-0.311762,-0.050245,0.3399,-0.069416,-0.105965,-0.19772,0.2143,0.025564,-0.31464,-0.053427,0.3289,-0.05755,-0.133721,-0.204869,0.1981,-0.09077,-0.105956,-0.133544,0.2449,-0.143664,0.022621,-0.178263,0.1432,0.012967,0.033416,0.010756,1.0,-0.008657,-0.03519,-0.009357,1.0,-0.259202,0.244104,0.051118,0.4069,-0.188553,0.195881,0.045283,0.5262,-0.498659,0.359209,0.308471,0.662,-0.4626,0.399988,0.274117,0.6994,-0.54614,0.365659,0.316165,0.5159,-0.480519,0.431551,0.227932,0.5923,-0.573163,0.392406,0.319338,0.6223,-0.503599,0.445524,0.202427,0.6567
85,2833,0.456598,-0.415815,-0.200556,0.9829,0.475442,-0.402415,-0.216773,0.9861,0.476214,-0.403108,-0.205332,0.9862,0.476019,-0.405174,-0.207212,0.9902,0.490021,-0.414422,-0.211232,0.9846,0.492315,-0.412986,-0.225626,0.9852,0.487362,-0.402061,-0.203801,0.9891,0.483185,-0.318569,-0.213922,0.9932,0.443181,-0.341937,-0.138374,0.9798,0.452661,-0.366738,-0.182959,0.9853,0.433651,-0.365775,-0.189414,0.9808,0.37571,-0.17688,-0.135012,0.9995,0.404717,-0.324803,0.019134,0.9994,0.024565,-0.197356,-0.189903,0.4598,-0.007329,-0.215994,-0.170955,0.255,0.02085,-0.291992,-0.05801,0.3289,-0.081999,-0.057774,-0.16569,0.2132,0.013989,-0.311762,-0.050245,0.3158,-0.069416,-0.105965,-0.19772,0.1969,0.025564,-0.31464,-0.053427,0.305,-0.05755,-0.133721,-0.204869,0.1824,-0.09077,-0.105956,-0.133544,0.2258,-0.143664,0.022621,-0.178263,0.132,0.010396,0.032677,0.00479,1.0,-0.005928,-0.034577,-0.003433,1.0,-0.259202,0.244104,0.051118,0.4411,-0.191274,0.190814,0.058749,0.5317,-0.491018,0.36232,0.327519,0.677,-0.466037,0.387273,0.29956,0.7178,-0.539326,0.367522,0.331996,0.5009,-0.483961,0.41947,0.252007,0.6112,-0.568466,0.389568,0.338393,0.6398,-0.511024,0.42541,0.230217,0.683
86,2866,0.457835,-0.417487,-0.209096,0.9812,0.476781,-0.403267,-0.227775,0.9853,0.477601,-0.404175,-0.216334,0.9854,0.477383,-0.406223,-0.217929,0.9895,0.492296,-0.413582,-0.220316,0.9844,0.494399,-0.412261,-0.234478,0.985,0.489078,-0.401264,-0.212567,0.9892,0.482102,-0.314983,-0.231773,0.9932,0.446303,-0.335631,-0.148285,0.9808,0.453415,-0.366698,-0.193574,0.984,0.434796,-0.365001,-0.197298,0.98,0.37212,-0.172654,-0.152864,0.9994,0.410653,-0.314338,0.016328,0.9994,0.024565,-0.197356,-0.189903,0.4246,-0.007329,-0.215994,-0.170955,0.2295,0.02085,-0.291992,-0.05801,0.2964,-0.081999,-0.057774,-0.16569,0.192,0.013989,-0.311762,-0.050245,0.2846,-0.069416,-0.105965,-0.19772,0.1774,0.025564,-0.31464,-0.053427,0.2748,-0.05755,-0.133721,-0.204869,0.1643,-0.09077,-0.105956,-0.133544,0.2034,-0.143664,0.022621,-0.178263,0.1189,0.008549,0.032509,-0.000404,1.0,-0.003986,-0.034607,0.001558,1.0,-0.259202,0.244104,0.051118,0.4212,-0.191274,0.190814,0.058749,0.4981,-0.481975,0.366485,0.34831,0.6667,-0.469601,0.372344,0.325226,0.7114,-0.539326,0.367522,0.331996,0.4719,-0.487768,0.404797,0.276829,0.6048,-0.56178,0.387842,0.358293,0.6194,-0.517914,0.401047,0.258504,0.6779
87,2900,0.455553,-0.418349,-0.221778,0.9593,0.474236,-0.403485,-0.242737,0.9699,0.475074,-0.404564,-0.231297,0.9692,0.474754,-0.406598,-0.232661,0.9777,0.49119,-0.41206,-0.233504,0.9718,0.49294,-0.410833,-0.247365,0.9717,0.48696,-0.399626,-0.225436,0.9823,0.478727,-0.31035,-0.252325,0.9867,0.44661,-0.329045,-0.161135,0.9734,0.450911,-0.365753,-0.207774,0.9674,0.432644,-0.363617,-0.208892,0.9659,0.367089,-0.167238,-0.1722,0.9991,0.415088,-0.304966,0.011056,0.9993,0.024565,-0.197356,-0.189903,0.3844,-0.007329,-0.215994,-0.170955,0.2066,0.02085,-0.291992,-0.05801,0.2668,-0.081999,-0.057774,-0.16569,0.1728,0.013989,-0.311762,-0.050245,0.2562,-0.069416,-0.105965,-0.19772,0.1597,0.025564,-0.31464,-0.053427,0.2474,-0.05755,-0.133721,-0.204869,0.1479,-0.09077,-0.105956,-0.133544,0.1831,-0.143664,0.022621,-0.178263,0.1071,0.006946,0.033493,-0.004863,1.0,-0.002392,-0.035778,0.005807,1.0,-0.259202,0.244104,0.051118,0.3916,-0.191274,0.190814,0.058749,0.4551,-0.476096,0.370498,0.363462,0.6469,-0.474231,0.357655,0.346689,0.6905,-0.539326,0.367522,0.331996,0.4385,-0.492552,0.390472,0.297728,0.5785,-0.557629,0.38722,0.372332,0.5914,-0.525015,0.377765,0.281472,0.6555
88,2933,0.453218,-0.417741,-0.234454,0.9617,0.471237,-0.402581,-0.257428,0.9719,0.472138,-0.403848,-0.246003,0.9713,0.471731,-0.405842,-0.247027,0.9792,0.489757,-0.409164,-0.246647,0.9738,0.491145,-0.407981,-0.260202,0.9736,0.484408,-0.396519,-0.238231,0.9836,0.474318,-0.305183,-0.272328,0.9877,0.446088,-0.321691,-0.174668,0.9755,0.448209,-0.36363,-0.222039,0.9695,0.430278,-0.36108,-0.220975,0.9683,0.359255,-0.161508,-0.191051,0.9991,0.420251,-0.294311,0.005456,0.9993,0.024565,-0.197356,-0.189903,0.3589,-0.007329,-0.215994,-0.170955,0.186,0.02085,-0.291992,-0.05801,0.2412,-0.081999,-0.057774,-0.16569,0.1557,0.013989,-0.311762,-0.050245,0.2317,-0.069416,-0.105965,-0.19772,0.144,0.025564,-0.31464,-0.053427,0.2237,-0.05755,-0.133721,-0.204869,0.1334,-0.09077,-0.105956,-0.133544,0.1654,-0.143664,0.022621,-0.178263,0.0966,0.005342,0.03458,-0.009386,1.0,-0.00066,-0.037046,0.01008,1.0,-0.259202,0.244104,0.051118,0.3953,-0.191274,0.190814,0.058749,0.4255,-0.470443,0.37431,0.377598,0.6513,-0.480005,0.341446,0.369245,0.6878,-0.539326,0.367522,0.331996,0.425,-0.498412,0.374572,0.319688,0.5703,-0.553509,0.386064,0.385706,0.5895,-0.532641,0.351668,0.306719,0.6527
89,2966,0.450332,-0.415941,-0.243812,0.9655,0.466988,-0.401076,-0.268582,0.9747,0.467977,-0.40251,-0.257184,0.9741,0.467546,-0.40444,-0.257913,0.9812,0.48728,-0.405578,-0.256971,0.9764,0.488344,-0.404382,-0.270282,0.9763,0.480881,-0.392724,-0.248245,0.9852,0.467326,-0.301203,-0.288984,0.9889,0.443707,-0.314406,-0.187773,0.9779,0.444512,-0.361178,-0.232912,0.9725,0.42724,-0.357812,-0.230498,0.9714,0.348152,-0.160877,-0.205169,0.9991,0.426579,-0.281065,-0.001636,0.9994,0.024565,-0.197356,-0.189903,0.3288,-0.007329,-0.215994,-0.170955,0.1676,0.02085,-0.291992,-0.05801,0.2176,-0.081999,-0.057774,-0.16569,0.1404,0.013989,-0.311762,-0.050245,0.2091,-0.069416,-0.105965,-0.19772,0.13,0.025564,-0.31464,-0.053427,0.2019,-0.05755,-0.133721,-0.204869,0.1204,-0.09077,-0.105956,-0.133544,0.1493,-0.143664,0.022621,-0.178263,0.0873,0.002741,0.03328,-0.012965,1.0,0.002201,-0.035882,0.013476,1.0,-0.259202,0.244104,0.051118,0.3971,-0.191274,0.190814,0.058749,0.3949,-0.468427,0.377457,0.389063,0.6465,-0.485133,0.326999,0.390261,0.6738,-0.539326,0.367522,0.331996,0.4114,-0.503706,0.360297,0.340051,0.5521,-0.550653,0.385014,0.396417,0.5735,-0.538446,0.328488,0.331913,0.6295
90,3000,0.451553,-0.414421,-0.239426,0.9689,0.466616,-0.399951,-0.266325,0.9772,0.467575,-0.40149,-0.254961,0.9767,0.467175,-0.40337,-0.255435,0.9831,0.489083,-0.402433,-0.255016,0.9787,0.49,-0.401261,-0.26806,0.9786,0.48212,-0.389391,-0.24593,0.9867,0.462921,-0.300454,-0.296014,0.99,0.443826,-0.306895,-0.197388,0.9801,0.443222,-0.359478,-0.230837,0.9752,0.427633,-0.355009,-0.228279,0.9742,0.339269,-0.167912,-0.212411,0.9992,0.432351,-0.266265,-0.006385,0.9995,0.024565,-0.197356,-0.189903,0.2983,-0.007329,-0.215994,-0.170955,0.151,0.02085,-0.291992,-0.05801,0.1959,-0.081999,-0.057774,-0.16569,0.1265,0.013989,-0.311762,-0.050245,0.1883,-0.069416,-0.105965,-0.19772,0.1171,0.025564,-0.31464,-0.053427,0.1818,-0.05755,-0.133721,-0.204869,0.1085,-0.09077,-0.105956,-0.133544,0.1344,-0.143664,0.022621,-0.178263,0.0787,-0.000817,0.028661,-0.015559,1.0,0.005956,-0.031404,0.015981,1.0,-0.259202,0.244104,0.051118,0.4461,-0.191274,0.190814,0.058749,0.3865,-0.467135,0.379574,0.397814,0.6662,-0.487168,0.314492,0.408644,0.6661,-0.539326,0.367522,0.331996,0.436,-0.506331,0.347741,0.358154,0.5534,-0.548864,0.382947,0.406232,0.5847,-0.53934,0.309602,0.355526,0.6163
91,3033,0.454567,-0.40922,-0.230789,0.972,0.467848,-0.396222,-0.259516,0.9794,0.468654,-0.397852,-0.2481,0.979,0.468347,-0.399601,-0.248414,0.9847,0.492439,-0.395948,-0.249206,0.9808,0.493265,-0.394755,-0.262095,0.9807,0.485095,-0.382575,-0.239863,0.988,0.45877,-0.300441,-0.29766,0.991,0.444646,-0.296593,-0.205052,0.9821,0.443396,-0.356113,-0.224248,0.9776,0.429664,-0.348602,-0.222595,0.9768,0.33112,-0.176043,-0.21514,0.9992,0.438964,-0.249258,-0.011637,0.9995,0.024565,-0.197356,-0.189903,0.2768,-0.007329,-0.215994,-0.170955,0.1403,0.02085,-0.291992,-0.05801,0.1764,-0.081999,-0.057774,-0.16569,0.1139,0.013989,-0.311762,-0.050245,0.1696,-0.069416,-0.105965,-0.19772,0.1055,0.025564,-0.31464,-0.053427,0.1638,-0.05755,-0.133721,-0.204869,0.0977,-0.09077,-0.105956,-0.133544,0.1212,-0.143664,0.022621,-0.178263,0.0709,-0.005596,0.023427,-0.017455,1.0,0.010886,-0.026266,0.017707,1.0,-0.259202,0.244104,0.051118,0.497,-0.191274,0.190814,0.058749,0.3769,-0.467245,0.379817,0.403642,0.6908,-0.485292,0.301433,0.424695,0.6444,-0.539326,0.367522,0.331996,0.4743,-0.505532,0.334633,0.374784,0.5508,-0.549191,0.378362,0.415308,0.6036,-0.536835,0.292431,0.37786,0.589
92,3066,0.458935,-0.402213,-0.218814,0.9747,0.470526,-0.390868,-0.249349,0.9815,0.471126,-0.3927,-0.237554,0.9811,0.47083,-0.394089,-0.237855,0.9862,0.496931,-0.387437,-0.239589,0.9827,0.497862,-0.386351,-0.252667,0.9827,0.489316,-0.374055,-0.230191,0.9892,0.455079,-0.300484,-0.294898,0.9919,0.445767,-0.284935,-0.208393,0.9839,0.444897,-0.351483,-0.214258,0.9798,0.432621,-0.34065,-0.213407,0.9791,0.323633,-0.183508,-0.213565,0.9993,0.445242,-0.231442,-0.016321,0.9995,0.024565,-0.197356,-0.189903,0.2742,-0.007329,-0.215994,-0.170955,0.1419,0.02085,-0.291992,-0.05801,0.1591,-0.081999,-0.057774,-0.16569,0.1029,0.013989,-0.311762,-0.050245,0.1532,-0.069416,-0.105965,-0.19772,0.0954,0.025564,-0.31464,-0.053427,0.148,-0.05755,-0.133721,-0.204869,0.0884,-0.09077,-0.105956,-0.133544,0.1096,-0.143664,0.022621,-0.178263,0.0643,-0.010642,0.017908,-0.018316,1.0,0.016013,-0.020846,0.018298,1.0,-0.264931,0.226139,0.086131,0.5442,-0.191274,0.190814,0.058749,0.3688,-0.465482,0.378253,0.412845,0.7164,-0.478323,0.289072,0.442843,0.6306,-0.528284,0.364462,0.3715,0.5181,-0.499735,0.321683,0.394012,0.561,-0.547288,0.372051,0.428813,0.6311,-0.529435,0.277282,0.401632,0.577
93,3100,0.463578,-0.392645,-0.205253,0.9772,0.473301,-0.383641,-0.237361,0.9833,0.47376,-0.385742,-0.225436,0.9829,0.473507,-0.386808,-0.225743,0.9876,0.501472,-0.376916,-0.228735,0.9845,0.502385,-0.375885,-0.241788,0.9844,0.493476,-0.363355,-0.219271,0.9902,0.450692,-0.300814,-0.290054,0.9927,0.446864,-0.27264,-0.21063,0.9855,0.446744,-0.345181,-0.202983,0.9818,0.435774,-0.330823,-0.203411,0.9811,0.315814,-0.192056,-0.209385,0.9994,0.45159,-0.213144,-0.023428,0.9996,0.024565,-0.197356,-0.189903,0.2574,-0.007329,-0.215994,-0.170955,0.1368,0.02085,-0.291992,-0.05801,0.1435,-0.081999,-0.057774,-0.16569,0.093,0.013989,-0.311762,-0.050245,0.1382,-0.069416,-0.105965,-0.19772,0.0862,0.025564,-0.31464,-0.053427,0.1336,-0.05755,-0.133721,-0.204869,0.0799,-0.09077,-0.105956,-0.133544,0.099,-0.143664,0.022621,-0.178263,0.0582,-0.015873,0.011753,-0.017796,1.0,0.021302,-0.014756,0.017521,1.0,-0.265509,0.220548,0.094962,0.5562,-0.191274,0.190814,0.058749,0.3384,-0.461809,0.373511,0.423744,0.7105,-0.469501,0.277274,0.460935,0.5847,-0.523673,0.361256,0.383938,0.5291,-0.492082,0.309022,0.41402,0.533,-0.543648,0.363225,0.445171,0.6143,-0.520509,0.263343,0.426386,0.5321
94,3133,0.467459,-0.383212,-0.192541,0.9795,0.475457,-0.376683,-0.22584,0.9849,0.475835,-0.379075,-0.213948,0.9846,0.475642,-0.379888,-0.214212,0.9888,0.504961,-0.367223,-0.218489,0.986,0.505795,-0.366144,-0.231466,0.9859,0.496589,-0.353465,-0.208993,0.9912,0.446756,-0.301382,-0.284201,0.9934,0.447179,-0.26233,-0.211359,0.9869,0.448502,-0.338879,-0.192255,0.9836,0.438362,-0.321476,-0.194136,0.983,0.309845,-0.20024,-0.202851,0.9994,0.456271,-0.197958,-0.030756,0.9996,0.024565,-0.197356,-0.189903,0.2358,-0.007329,-0.215994,-0.170955,0.1264,0.02085,-0.291992,-0.05801,0.1294,-0.081999,-0.057774,-0.16569,0.084,0.013989,-0.311762,-0.050245,0.1248,-0.069416,-0.105965,-0.19772,0.0779,0.025564,-0.31464,-0.053427,0.1206,-0.05755,-0.133721,-0.204869,0.0722,-0.09077,-0.105956,-0.133544,0.0895,-0.143664,0.022621,-0.178263,0.0526,-0.019912,0.006113,-0.015511,1.0,0.025427,-0.009215,0.015093,1.0,-0.265525,0.214697,0.10382,0.5111,-0.191274,0.190814,0.058749,0.3055,-0.458366,0.366652,0.434294,0.6581,-0.460958,0.268079,0.475086,0.5298,-0.519436,0.356203,0.395693,0.5002,-0.492082,0.309022,0.41402,0.4861,-0.53957,0.354425,0.459604,0.5636,-0.520509,0.263343,0.426386,0.4814
95,3166,0.470529,-0.376528,-0.18322,0.9815,0.477298,-0.371707,-0.2173,0.9864,0.477622,-0.374291,-0.205422,0.9861,0.477437,-0.374945,-0.205701,0.9899,0.507746,-0.360419,-0.210907,0.9874,0.508538,-0.359303,-0.223931,0.9873,0.499078,-0.34655,-0.201478,0.9921,0.442906,-0.30299,-0.279945,0.9941,0.446447,-0.254773,-0.211944,0.9882,0.44998,-0.334319,-0.184506,0.9852,0.440412,-0.314777,-0.187501,0.9847,0.304814,-0.208583,-0.19741,0.9994,0.459438,-0.18564,-0.039146,0.9996,0.024565,-0.197356,-0.189903,0.217,-0.007329,-0.215994,-0.170955,0.1192,0.02085,-0.291992,-0.05801,0.1166,-0.081999,-0.057774,-0.16569,0.0757,0.013989,-0.311762,-0.050245,0.1126,-0.069416,-0.105965,-0.19772,0.0703,0.025564,-0.31464,-0.053427,0.1089,-0.05755,-0.133721,-0.204869,0.0651,-0.09077,-0.105956,-0.133544,0.0809,-0.143664,0.022621,-0.178263,0.0474,-0.023306,0.000917,-0.012672,0.9999,0.028901,-0.004111,0.012207,0.9999,-0.265525,0.214697,0.10382,0.4633,-0.191274,0.190814,0.058749,0.2752,-0.455984,0.359661,0.442265,0.6011,-0.460958,0.268079,0.475086,0.4781,-0.519436,0.356203,0.395693,0.4649,-0.492082,0.309022,0.41402,0.4404,-0.53672,0.346574,0.470146,0.5122,-0.520509,0.263343,0.426386,0.4341
96,3200,0.473621,-0.369924,-0.175734,0.9833,0.478914,-0.367109,-0.21035,0.9877,0.479185,-0.369917,-0.198409,0.9875,0.479012,-0.370396,-0.198815,0.9909,0.510154,-0.354143,-0.204805,0.9886,0.5109,-0.353008,-0.217988,0.9886,0.501193,-0.340325,-0.195462,0.9929,0.439664,-0.304429,-0.276126,0.9946,0.445024,-0.24776,-0.212478,0.9894,0.452023,-0.329786,-0.17827,0.9866,0.442429,-0.307973,-0.182322,0.9862,0.302269,-0.215982,-0.191849,0.9994,0.458611,-0.173569,-0.046573,0.9995,0.024565,-0.197356,-0.189903,0.1964,-0.007329,-0.215994,-0.170955,0.1075,0.02085,-0.291992,-0.05801,0.1055,-0.081999,-0.057774,-0.16569,0.0682,0.013989,-0.311762,-0.050245,0.1022,-0.069416,-0.105965,-0.19772,0.0633,0.025564,-0.31464,-0.053427,0.0988,-0.05755,-0.133721,-0.204869,0.0587,-0.09077,-0.105956,-0.133544,0.0736,-0.143664,0.022621,-0.178263,0.0427,-0.026208,-0.004412,-0.009378,0.9999,0.031868,0.00115,0.008949,0.9999,-0.265525,0.214697,0.10382,0.4174,-0.191274,0.190814,0.058749,0.2477,-0.454757,0.351926,0.450212,0.5422,-0.460958,0.268079,0.475086,0.4305,-0.519436,0.356203,0.395693,0.4211,-0.492082,0.309022,0.41402,0.3969,-0.53672,0.346574,0.470146,0.4617,-0.520509,0.263343,0.426386,0.3908
97,3233,0.476796,-0.363756,-0.170889,0.985,0.480606,-0.362716,-0.205084,0.989,0.480794,-0.365671,-0.193073,0.9887,0.480646,-0.366029,-0.193835,0.9918,0.512075,-0.348361,-0.20129,0.9898,0.512766,-0.347203,-0.214803,0.9897,0.502886,-0.334636,-0.192121,0.9936,0.437066,-0.305552,-0.273095,0.9952,0.443231,-0.241718,-0.214808,0.9904,0.454389,-0.325505,-0.17441,0.988,0.444341,-0.30177,-0.180451,0.9875,0.302589,-0.222662,-0.187834,0.9995,0.456246,-0.162576,-0.054909,0.9995,0.024565,-0.197356,-0.189903,0.1888,-0.007329,-0.215994,-0.170955,0.1005,0.02085,-0.291992,-0.05801,0.0995,-0.081999,-0.057774,-0.16569,0.0617,0.013989,-0.311762,-0.050245,0.0976,-0.069416,-0.105965,-0.19772,0.0572,0.025564,-0.31464,-0.053427,0.0948,-0.05755,-0.133721,-0.204869,0.0531,-0.09077,-0.105956,-0.133544,0.0712,-0.143664,0.022621,-0.178263,0.0386,-0.028545,-0.009364,-0.006585,0.9999,0.034232,0.006106,0.006196,0.9999,-0.265525,0.214697,0.10382,0.3781,-0.191274,0.190814,0.058749,0.223,-0.454757,0.351926,0.450212,0.4953,-0.460958,0.268079,0.475086,0.3882,-0.519436,0.356203,0.395693,0.3929,-0.492082,0.309022,0.41402,0.3589,-0.53672,0.346574,0.470146,0.4195,-0.520509,0.263343,0.426386,0.3522
98,3266,0.482208,-0.351648,-0.16633,0.9865,0.484422,-0.352934,-0.200138,0.99,0.484563,-0.356028,-0.188155,0.9898,0.484489,-0.356225,-0.189081,0.9926,0.51544,-0.33723,-0.197954,0.9908,0.516052,-0.336059,-0.211604,0.9907,0.506044,-0.323619,-0.188849,0.9942,0.43763,-0.30383,-0.268685,0.9956,0.441743,-0.233254,-0.216802,0.9914,0.459137,-0.316256,-0.170307,0.9892,0.448139,-0.290653,-0.178444,0.9888,0.306729,-0.228564,-0.184389,0.9995,0.453556,-0.152146,-0.061228,0.9995,0.024565,-0.197356,-0.189903,0.1853,-0.007329,-0.215994,-0.170955,0.092,0.02085,-0.291992,-0.05801,0.1043,-0.081999,-0.057774,-0.16569,0.0567,0.013989,-0.311762,-0.050245,0.1026,-0.069416,-0.105965,-0.19772,0.0528,0.025564,-0.31464,-0.053427,0.0999,-0.05755,-0.133721,-0.204869,0.0489,-0.09077,-0.105956,-0.133544,0.0768,-0.143664,0.022621,-0.178263,0.0355,-0.030253,-0.014233,-0.004023,0.9999,0.035922,0.011013,0.003695,0.9999,-0.265525,0.214697,0.10382,0.3464,-0.191274,0.190814,0.058749,0.2012,-0.454757,0.351926,0.450212,0.4594,-0.460958,0.268079,0.475086,0.3515,-0.519436,0.356203,0.395693,0.3754,-0.492082,0.309022,0.41402,0.3266,-0.53672,0.346574,0.470146,0.3836,-0.520509,0.263343,0.426386,0.3179
99,3300,0.488029,-0.335232,-0.162342,0.9878,0.488946,-0.339162,-0.196052,0.991,0.489072,-0.34238,-0.18409,0.9908,0.489076,-0.342464,-0.185119,0.9933,0.519259,-0.322514,-0.194839,0.9917,0.519769,-0.321341,-0.208627,0.9916,0.509679,-0.309117,-0.185818,0.9948,0.43967,-0.299794,-0.263089,0.996,0.440448,-0.224475,-0.219001,0.9922,0.46448,-0.303451,-0.166731,0.9902,0.452216,-0.276517,-0.176862,0.9898,0.311388,-0.233882,-0.179441,0.9996,0.45023,-0.143101,-0.066797,0.9995,0.024565,-0.197356,-0.189903,0.1695,-0.007329,-0.215994,-0.170955,0.0838,0.02085,-0.291992,-0.05801,0.0952,-0.081999,-0.057774,-0.16569,0.0515,0.013989,-0.311762,-0.050245,0.094,-0.069416,-0.105965,-0.19772,0.048,0.025564,-0.31464,-0.053427,0.0916,-0.05755,-0.133721,-0.204869,0.0445,-0.09077,-0.105956,-0.133544,0.0708,-0.143664,0.022621,-0.178263,0.0323,-0.030946,-0.018991,-0.000559,0.9999,0.036544,0.015852,0.000382,0.9999,-0.265525,0.214697,0.10382,0.3157,-0.191274,0.190814,0.058749,0.1816,-0.454757,0.351926,0.450212,0.4237,-0.460958,0.268079,0.475086,0.319,-0.519436,0.356203,0.395693,0.3552,-0.492082,0.309022,0.41402,0.2975,-0.53672,0.346574,0.470146,0.3492,-0.520509,0.263343,0.426386,0.2871
100,3333,0.493348,-0.319984,-0.158875,0.989,0.493146,-0.326058,-0.192035,0.9919,0.493255,-0.329371,-0.180143,0.9917,0.493332,-0.329384,-0.181213,0.994,0.523047,-0.308528,-0.192264,0.9925,0.523423,-0.307374,-0.206082,0.9925,0.513272,-0.295287,-0.183277,0.9953,0.441572,-0.295179,-0.256974,0.9964,0.439643,-0.216163,-0.220752,0.9929,0.469265,-0.29145,-0.162974,0.9911,0.456049,-0.263478,-0.175284,0.9908,0.314991,-0.238698,-0.174144,0.9996,0.447511,-0.135804,-0.071211,0.9995,0.024565,-0.197356,-0.189903,0.1569,-0.007329,-0.215994,-0.170955,0.0771,0.02085,-0.291992,-0.05801,0.0872,-0.081999,-0.057774,-0.16569,0.0469,0.013989,-0.311762,-0.050245,0.0863,-0.069416,-0.105965,-0.19772,0.0438,0.025564,-0.31464,-0.053427,0.0841,-0.05755,-0.133721,-0.204869,0.0406,-0.09077,-0.105956,-0.133544,0.0655,-0.143664,0.022621,-0.178263,0.0294,-0.031066,-0.023216,0.00254,0.9999,0.036648,0.020177,-0.002619,0.9999,-0.265525,0.214697,0.10382,0.2956,-0.191274,0.190814,0.058749,0.1655,-0.454757,0.351926,0.450212,0.4181,-0.460958,0.268079,0.475086,0.2995,-0.519436,0.356203,0.395693,0.3677,-0.492082,0.309022,0.41402,0.2818,-0.53672,0.346574,0.470146,0.3317,-0.520509,0.263343,0.426386,0.2629
101,3366,0.495662,-0.31432,-0.154182,0.9901,0.494296,-0.321525,-0.187611,0.9927,0.494369,-0.32488,-0.175819,0.9925,0.494543,-0.324872,-0.176931,0.9945,0.524664,-0.302986,-0.188364,0.9932,0.524865,-0.301835,-0.202125,0.9932,0.514731,-0.289753,-0.179389,0.9958,0.440748,-0.293599,-0.253212,0.9968,0.439052,-0.210351,-0.219742,0.9936,0.471236,-0.286879,-0.158788,0.992,0.457988,-0.257771,-0.171645,0.9917,0.315329,-0.242756,-0.169532,0.9996,0.445551,-0.130291,-0.073722,0.9995,0.024565,-0.197356,-0.189903,0.1444,-0.007329,-0.215994,-0.170955,0.071,0.02085,-0.291992,-0.05801,0.08,-0.081999,-0.057774,-0.16569,0.0427,0.013989,-0.311762,-0.050245,0.0794,-0.069416,-0.105965,-0.19772,0.0399,0.025564,-0.31464,-0.053427,0.0774,-0.05755,-0.133721,-0.204869,0.037,-0.09077,-0.105956,-0.133544,0.0605,-0.143664,0.022621,-0.178263,0.0268,-0.031257,-0.026639,0.005062,0.9999,0.036829,0.023647,-0.005083,0.9999,-0.265525,0.214697,0.10382,0.272,-0.191274,0.190814,0.058749,0.1511,-0.454757,0.351926,0.450212,0.4059,-0.460958,0.268079,0.475086,0.2799,-0.519436,0.356203,0.395693,0.3711,-0.492082,0.309022,0.41402,0.2672,-0.53672,0.346574,0.470146,0.3126,-0.520509,0.263343,0.426386,0.2407
102,3400,0.497081,-0.308621,-0.149465,0.991,0.494354,-0.316984,-0.183584,0.9934,0.494388,-0.320384,-0.171927,0.9932,0.494663,-0.320347,-0.173229,0.9951,0.524982,-0.297465,-0.184864,0.9939,0.525004,-0.296309,-0.198529,0.9939,0.514937,-0.284262,-0.175942,0.9962,0.438864,-0.292027,-0.251356,0.9971,0.437324,-0.204361,-0.219871,0.9942,0.472495,-0.282304,-0.155121,0.9928,0.459091,-0.251977,-0.168495,0.9925,0.315366,-0.246951,-0.164704,0.9997,0.442264,-0.123439,-0.077551,0.9995,0.024565,-0.197356,-0.189903,0.1361,-0.007329,-0.215994,-0.170955,0.0726,0.02085,-0.291992,-0.05801,0.0765,-0.081999,-0.057774,-0.16569,0.0417,0.013989,-0.311762,-0.050245,0.0764,-0.069416,-0.105965,-0.19772,0.0384,0.025564,-0.31464,-0.053427,0.0743,-0.05755,-0.133721,-0.204869,0.0357,-0.09077,-0.105956,-0.133544,0.0586,-0.143664,0.022621,-0.178263,0.0255,-0.031184,-0.030565,0.008227,0.9999,0.036745,0.02762,-0.008192,0.9999,-0.265525,0.214697,0.10382,0.2491,-0.191274,0.190814,0.058749,0.1404,-0.454757,0.351926,0.450212,0.3929,-0.460958,0.268079,0.475086,0.2666,-0.519436,0.356203,0.395693,0.3687,-0.492082,0.309022,0.41402,0.2548,-0.53672,0.346574,0.470146,0.2944,-0.520509,0.263343,0.426386,0.2217
103,3433,0.495747,-0.306501,-0.158209,0.9919,0.492359,-0.315098,-0.1924,0.994,0.492304,-0.318417,-0.180667,0.9939,0.492571,-0.318439,-0.182149,0.9955,0.522895,-0.295513,-0.193535,0.9945,0.522751,-0.294297,-0.207221,0.9945,0.512762,-0.282435,-0.184616,0.9965,0.436031,-0.290693,-0.259595,0.9974,0.434102,-0.200649,-0.227354,0.9948,0.471387,-0.280062,-0.163654,0.9935,0.457628,-0.249379,-0.17691,0.9933,0.314492,-0.249611,-0.168501,0.9997,0.437707,-0.11857,-0.086058,0.9995,0.024565,-0.197356,-0.189903,0.1248,-0.007329,-0.215994,-0.170955,0.0665,0.02085,-0.291992,-0.05801,0.0704,-0.081999,-0.057774,-0.16569,0.0379,0.013989,-0.311762,-0.050245,0.0705,-0.069416,-0.105965,-0.19772,0.0348,0.025564,-0.31464,-0.053427,0.0686,-0.05755,-0.133721,-0.204869,0.0324,-0.09077,-0.105956,-0.133544,0.0542,-0.143664,0.022621,-0.178263,0.0231,-0.030668,-0.033383,0.010924,0.9999,0.036164,0.030478,-0.010813,0.9999,-0.265525,0.214697,0.10382,0.2258,-0.191274,0.190814,0.058749,0.1286,-0.454757,0.351926,0.450212,0.3724,-0.460958,0.268079,0.475086,0.2569,-0.519436,0.356203,0.395693,0.3477,-0.492082,0.309022,0.41402,0.2384,-0.53672,0.346574,0.470146,0.2769,-0.520509,0.263343,0.426386,0.2075
104,3466,0.483293,-0.299748,-0.183397,0.9922,0.479932,-0.308374,-0.217355,0.9942,0.479928,-0.311519,-0.205758,0.9937,0.479837,-0.311507,-0.20693,0.9956,0.509359,-0.290328,-0.218472,0.9948,0.509155,-0.28893,-0.232111,0.9947,0.499025,-0.277153,-0.209353,0.9967,0.428037,-0.282457,-0.278754,0.9972,0.42045,-0.197587,-0.246888,0.9949,0.461936,-0.272743,-0.186228,0.9907,0.446219,-0.24369,-0.199489,0.9912,0.313796,-0.243094,-0.179036,0.9997,0.425816,-0.118531,-0.102519,0.9994,0.024565,-0.197356,-0.189903,0.1125,-0.007329,-0.215994,-0.170955,0.0608,0.02085,-0.291992,-0.05801,0.0633,-0.081999,-0.057774,-0.16569,0.0341,0.013989,-0.311762,-0.050245,0.0634,-0.069416,-0.105965,-0.19772,0.0313,0.025564,-0.31464,-0.053427,0.0617,-0.05755,-0.133721,-0.204869,0.0292,-0.09077,-0.105956,-0.133544,0.0488,-0.143664,0.022621,-0.178263,0.0208,-0.027554,-0.031553,0.01326,0.9999,0.033087,0.028684,-0.013088,0.9999,-0.265525,0.214697,0.10382,0.2033,-0.191274,0.190814,0.058749,0.1158,-0.454757,0.351926,0.450212,0.3354,-0.460958,0.268079,0.475086,0.2314,-0.519436,0.356203,0.395693,0.3133,-0.492082,0.309022,0.41402,0.2146,-0.53672,0.346574,0.470146,0.2495,-0.520509,0.263343,0.426386,0.1868
105,3500,0.466893,-0.286409,-0.213378,0.9897,0.463788,-0.294641,-0.246904,0.9927,0.463886,-0.297608,-0.235185,0.9909,0.463437,-0.297687,-0.236175,0.9946,0.49169,-0.278861,-0.248538,0.9941,0.491463,-0.277468,-0.262124,0.9936,0.480977,-0.265764,-0.239423,0.9964,0.417768,-0.267838,-0.299275,0.9961,0.403344,-0.194215,-0.270672,0.9937,0.448707,-0.259435,-0.212166,0.9798,0.430759,-0.233568,-0.226211,0.9809,0.312917,-0.228174,-0.190546,0.9995,0.413136,-0.125165,-0.121392,0.999,0.024565,-0.197356,-0.189903,0.1015,-0.007329,-0.215994,-0.170955,0.0558,0.02085,-0.291992,-0.05801,0.057,-0.081999,-0.057774,-0.16569,0.0307,0.013989,-0.311762,-0.050245,0.0571,-0.069416,-0.105965,-0.19772,0.0282,0.025564,-0.31464,-0.053427,0.0556,-0.05755,-0.133721,-0.204869,0.0263,-0.09077,-0.105956,-0.133544,0.0439,-0.143664,0.022621,-0.178263,0.0187,-0.022981,-0.025766,0.015635,0.9999,0.028542,0.0229,-0.015422,0.9999,-0.265525,0.214697,0.10382,0.183,-0.191274,0.190814,0.058749,0.1043,-0.454757,0.351926,0.450212,0.3024,-0.460958,0.268079,0.475086,0.2089,-0.519436,0.356203,0.395693,0.2826,-0.492082,0.309022,0.41402,0.1936,-0.53672,0.346574,0.470146,0.225,-0.520509,0.263343,0.426386,0.1685
106,3533,0.451312,-0.277668,-0.235355,0.9811,0.448449,-0.285894,-0.268803,0.9837,0.448541,-0.288666,-0.256989,0.9826,0.447593,-0.288749,-0.257928,0.9889,0.474937,-0.271301,-0.27066,0.9898,0.474762,-0.26986,-0.284083,0.9909,0.464203,-0.257986,-0.261604,0.9946,0.406543,-0.259159,-0.316114,0.9927,0.386775,-0.190964,-0.288469,0.9901,0.435841,-0.251212,-0.23135,0.9656,0.416349,-0.226225,-0.245593,0.9703,0.309254,-0.219151,-0.200051,0.9995,0.396713,-0.130623,-0.134349,0.9991,0.024565,-0.197356,-0.189903,0.0965,-0.007329,-0.215994,-0.170955,0.0561,0.02085,-0.291992,-0.05801,0.0542,-0.081999,-0.057774,-0.16569,0.0292,0.013989,-0.311762,-0.050245,0.0543,-0.069416,-0.105965,-0.19772,0.0268,0.025564,-0.31464,-0.053427,0.0528,-0.05755,-0.133721,-0.204869,0.025,-0.09077,-0.105956,-0.133544,0.0417,-0.143664,0.022621,-0.178263,0.0178,-0.019127,-0.022688,0.017134,0.9999,0.024583,0.019742,-0.01695,0.9999,-0.265525,0.214697,0.10382,0.1738,-0.191274,0.190814,0.058749,0.0991,-0.454757,0.351926,0.450212,0.2873,-0.460958,0.268079,0.475086,0.1985,-0.519436,0.356203,0.395693,0.2687,-0.492082,0.309022,0.41402,0.1839,-0.53672,0.346574,0.470146,0.2138,-0.520509,0.263343,0.426386,0.1601
107,3566,0.435731,-0.268928,-0.257332,0.9725,0.43311,-0.277148,-0.290701,0.9747,0.433197,-0.279724,-0.278794,0.9743,0.43175,-0.279811,-0.279681,0.9831,0.458185,-0.263741,-0.292781,0.9856,0.458061,-0.262253,-0.306043,0.9881,0.447428,-0.250208,-0.283784,0.9927,0.395318,-0.25048,-0.332953,0.9893,0.370207,-0.187713,-0.306267,0.9865,0.422974,-0.242989,-0.250534,0.9515,0.401939,-0.218882,-0.264976,0.9596,0.30559,-0.210128,-0.209555,0.9995,0.380291,-0.13608,-0.147307,0.9991,0.024565,-0.197356,-0.189903,0.0914,-0.007329,-0.215994,-0.170955,0.0564,0.02085,-0.291992,-0.05801,0.0513,-0.081999,-0.057774,-0.16569,0.0277,0.013989,-0.311762,-0.050245,0.0514,-0.069416,-0.105965,-0.19772,0.0255,0.025564,-0.31464,-0.053427,0.05,-0.05755,-0.133721,-0.204869,0.0237,-0.09077,-0.105956,-0.133544,0.0395,-0.143664,0.022621,-0.178263,0.0169,-0.015273,-0.01961,0.018632,0.9999,0.020623,0.016584,-0.018478,0.9999,-0.265525,0.214697,0.10382,0.1647,-0.191274,0.190814,0.058749,0.0939,-0.454757,0.351926,0.450212,0.2722,-0.460958,0.268079,0.475086,0.1881,-0.519436,0.356203,0.395693,0.2549,-0.492082,0.309022,0.41402,0.1743,-0.53672,0.346574,0.470146,0.2026,-0.520509,0.263343,0.426386,0.1517
108,3600,0.415203,-0.26108,-0.282547,0.9751,0.413468,-0.269141,-0.315246,0.9771,0.413415,-0.271409,-0.303214,0.9768,0.411545,-0.271558,-0.304242,0.9847,0.437258,-0.256885,-0.316723,0.9868,0.437292,-0.25534,-0.329548,0.9892,0.42659,-0.243037,-0.307396,0.9933,0.381888,-0.241233,-0.35078,0.9903,0.352291,-0.184251,-0.322859,0.9873,0.405609,-0.23537,-0.273102,0.9557,0.383654,-0.212162,-0.287022,0.9628,0.300505,-0.198912,-0.219605,0.9996,0.361889,-0.143549,-0.158876,0.9992,0.024565,-0.197356,-0.189903,0.0824,-0.007329,-0.215994,-0.170955,0.0599,0.02085,-0.291992,-0.05801,0.0462,-0.081999,-0.057774,-0.16569,0.0251,0.013989,-0.311762,-0.050245,0.0463,-0.069416,-0.105965,-0.19772,0.023,0.025564,-0.31464,-0.053427,0.045,-0.05755,-0.133721,-0.204869,0.0214,-0.09077,-0.105956,-0.133544,0.0356,-0.143664,0.022621,-0.178263,0.0152,-0.01099,-0.015384,0.020196,0.9999,0.016298,0.012546,-0.020069,0.9999,-0.265525,0.214697,0.10382,0.1731,-0.191274,0.190814,0.058749,0.0851,-0.454757,0.351926,0.450212,0.2537,-0.460958,0.268079,0.475086,0.1694,-0.519436,0.356203,0.395693,0.2542,-0.492082,0.309022,0.41402,0.1572,-0.53672,0.346574,0.470146,0.2228,-0.520509,0.263343,0.426386,0.1373
109,3633,0.397563,-0.258649,-0.301597,0.9742,0.395951,-0.266047,-0.334622,0.9783,0.395995,-0.268004,-0.322639,0.9776,0.393821,-0.268175,-0.323596,0.9855,0.419399,-0.255043,-0.33552,0.9875,0.419557,-0.253478,-0.348212,0.9895,0.408882,-0.240961,-0.326017,0.9937,0.367722,-0.234155,-0.368303,0.9903,0.336852,-0.182139,-0.337229,0.9878,0.390134,-0.231983,-0.290684,0.9512,0.367427,-0.209577,-0.303871,0.9614,0.289709,-0.190666,-0.231955,0.9994,0.347957,-0.148072,-0.170136,0.9992,0.024565,-0.197356,-0.189903,0.0742,-0.007329,-0.215994,-0.170955,0.0543,0.02085,-0.291992,-0.05801,0.0416,-0.081999,-0.057774,-0.16569,0.0226,0.013989,-0.311762,-0.050245,0.0417,-0.069416,-0.105965,-0.19772,0.0207,0.025564,-0.31464,-0.053427,0.0405,-0.05755,-0.133721,-0.204869,0.0192,-0.09077,-0.105956,-0.133544,0.032,-0.143664,0.022621,-0.178263,0.0137,-0.007509,-0.012153,0.02066,0.9999,0.012786,0.009407,-0.020447,0.9999,-0.265525,0.214697,0.10382,0.1558,-0.191274,0.190814,0.058749,0.0766,-0.454757,0.351926,0.450212,0.2284,-0.460958,0.268079,0.475086,0.1528,-0.519436,0.356203,0.395693,0.2291,-0.492082,0.309022,0.41402,0.1418,-0.53672,0.346574,0.470146,0.2005,-0.520509,0.263343,0.426386,0.1237
110,3666,0.382928,-0.250234,-0.315575,0.9751,0.381705,-0.256672,-0.348536,0.979,0.381803,-0.258528,-0.336541,0.9783,0.379413,-0.258492,-0.337361,0.9859,0.403918,-0.247049,-0.349947,0.9879,0.404029,-0.245354,-0.362585,0.9899,0.393813,-0.232621,-0.340389,0.9939,0.356981,-0.226023,-0.378205,0.9906,0.322224,-0.176564,-0.349831,0.9882,0.377346,-0.225054,-0.302793,0.9528,0.353975,-0.202973,-0.316824,0.9626,0.283103,-0.186145,-0.239226,0.9994,0.330572,-0.151809,-0.178488,0.9992,0.024565,-0.197356,-0.189903,0.0764,-0.007329,-0.215994,-0.170955,0.0737,0.02085,-0.291992,-0.05801,0.0453,-0.081999,-0.057774,-0.16569,0.0388,0.013989,-0.311762,-0.050245,0.0464,-0.069416,-0.105965,-0.19772,0.035,0.025564,-0.31464,-0.053427,0.0454,-0.05755,-0.133721,-0.204869,0.0338,-0.09077,-0.105956,-0.133544,0.0366,-0.143664,0.022621,-0.178263,0.0256,-0.003792,-0.010468,0.020822,0.9999,0.008958,0.00771,-0.02058,0.9999,-0.265525,0.214697,0.10382,0.172,-0.191274,0.190814,0.058749,0.0924,-0.454757,0.351926,0.450212,0.2313,-0.460958,0.268079,0.475086,0.1718,-0.519436,0.356203,0.395693,0.2324,-0.492082,0.309022,0.41402,0.1538,-0.53672,0.346574,0.470146,0.2073,-0.520509,0.263343,0.426386,0.1384
111,3700,0.368292,-0.241819,-0.329553,0.9759,0.367459,-0.247297,-0.36245,0.9797,0.367612,-0.249052,-0.350443,0.979,0.365005,-0.248809,-0.351127,0.9864,0.388437,-0.239055,-0.364374,0.9884,0.388501,-0.237231,-0.376957,0.9902,0.378744,-0.224281,-0.354761,0.9941,0.346239,-0.217892,-0.388108,0.9909,0.307596,-0.170989,-0.362432,0.9886,0.364557,-0.218126,-0.314902,0.9544,0.340522,-0.19637,-0.329777,0.9639,0.276497,-0.181623,-0.246497,0.9994,0.313187,-0.155547,-0.186839,0.9992,0.024565,-0.197356,-0.189903,0.0786,-0.007329,-0.215994,-0.170955,0.0931,0.02085,-0.291992,-0.05801,0.0491,-0.081999,-0.057774,-0.16569,0.0551,0.013989,-0.311762,-0.050245,0.0511,-0.069416,-0.105965,-0.19772,0.0493,0.025564,-0.31464,-0.053427,0.0504,-0.05755,-0.133721,-0.204869,0.0485,-0.09077,-0.105956,-0.133544,0.0411,-0.143664,0.022621,-0.178263,0.0375,-7.5e-05,-0.008782,0.020984,0.9999,0.005131,0.006013,-0.020712,0.9999,-0.265525,0.214697,0.10382,0.1882,-0.191274,0.190814,0.058749,0.1082,-0.454757,0.351926,0.450212,0.2342,-0.460958,0.268079,0.475086,0.1909,-0.519436,0.356203,0.395693,0.2358,-0.492082,0.309022,0.41402,0.1658,-0.53672,0.346574,0.470146,0.2141,-0.520509,0.263343,0.426386,0.1531
112,3733,0.353656,-0.233405,-0.343531,0.9767,0.353213,-0.237922,-0.376365,0.9804,0.35342,-0.239577,-0.364345,0.9798,0.350597,-0.239126,-0.364892,0.9869,0.372956,-0.231061,-0.378801,0.9888,0.372973,-0.229107,-0.391329,0.9906,0.363675,-0.215941,-0.369133,0.9943,0.335498,-0.20976,-0.39801,0.9912,0.292967,-0.165414,-0.375033,0.989,0.351769,-0.211197,-0.327011,0.956,0.32707,-0.189767,-0.342731,0.9652,0.269891,-0.177102,-0.253769,0.9994,0.295801,-0.159285,-0.195191,0.9992,0.024565,-0.197356,-0.189903,0.0808,-0.007329,-0.215994,-0.170955,0.1125,0.02085,-0.291992,-0.05801,0.0529,-0.081999,-0.057774,-0.16569,0.0714,0.013989,-0.311762,-0.050245,0.0558,-0.069416,-0.105965,-0.19772,0.0637,0.025564,-0.31464,-0.053427,0.0553,-0.05755,-0.133721,-0.204869,0.0631,-0.09077,-0.105956,-0.133544,0.0457,-0.143664,0.022621,-0.178263,0.0494,0.003642,-0.007096,0.021146,0.9999,0.001303,0.004316,-0.020845,0.9999,-0.265525,0.214697,0.10382,0.2044,-0.191274,0.190814,0.058749,0.124,-0.454757,0.351926,0.450212,0.2371,-0.460958,0.268079,0.475086,0.2099,-0.519436,0.356203,0.395693,0.2391,-0.492082,0.309022,0.41402,0.1777,-0.53672,0.346574,0.470146,0.2209,-0.520509,0.263343,0.426386,0.1678
113,3766,0.3392,-0.224836,-0.359184,0.9789,0.339051,-0.228602,-0.392008,0.9823,0.339268,-0.2301,-0.379857,0.9816,0.336312,-0.229502,-0.380476,0.9881,0.357646,-0.222892,-0.39515,0.9898,0.357646,-0.220795,-0.407777,0.9915,0.348821,-0.20749,-0.385584,0.9949,0.324104,-0.201378,-0.409492,0.992,0.278801,-0.159382,-0.390032,0.9901,0.338811,-0.204237,-0.340774,0.9601,0.313871,-0.182879,-0.357819,0.9685,0.261853,-0.176339,-0.262732,0.9995,0.279383,-0.162922,-0.205422,0.9993,0.024565,-0.197356,-0.189903,0.0741,-0.007329,-0.215994,-0.170955,0.1381,0.02085,-0.291992,-0.05801,0.0516,-0.081999,-0.057774,-0.16569,0.1221,0.013989,-0.311762,-0.050245,0.0553,-0.069416,-0.105965,-0.19772,0.1013,0.025564,-0.31464,-0.053427,0.0556,-0.05755,-0.133721,-0.204869,0.1022,-0.09077,-0.105956,-0.133544,0.0452,-0.143664,0.022621,-0.178263,0.0741,0.007787,-0.005829,0.021354,0.9999,-0.002925,0.003014,-0.021006,0.9999,-0.265525,0.214697,0.10382,0.1855,-0.191274,0.190814,0.058749,0.1184,-0.454757,0.351926,0.450212,0.2198,-0.460958,0.268079,0.475086,0.2052,-0.519436,0.356203,0.395693,0.2189,-0.492082,0.309022,0.41402,0.1664,-0.53672,0.346574,0.470146,0.2118,-0.520509,0.263343,0.426386,0.1709
114,3800,0.3392,-0.224836,-0.359184,0.9789,0.339051,-0.228602,-0.392008,0.9823,0.339268,-0.2301,-0.379857,0.9816,0.336312,-0.229502,-0.380476,0.9881,0.357646,-0.222892,-0.39515,0.9898,0.357646,-0.220795,-0.407777,0.9915,0.348821,-0.20749,-0.385584,0.9949,0.324104,-0.201378,-0.409492,0.992,0.278801,-0.159382,-0.390032,0.9901,0.338811,-0.204237,-0.340774,0.9601,0.313871,-0.182879,-0.357819,0.9685,0.261853,-0.176339,-0.262732,0.9995,0.279383,-0.162922,-0.205422,0.9993,0.024565,-0.197356,-0.189903,0.0741,-0.007329,-0.215994,-0.170955,0.1381,0.02085,-0.291992,-0.05801,0.0516,-0.081999,-0.057774,-0.16569,0.1221,0.013989,-0.311762,-0.050245,0.0553,-0.069416,-0.105965,-0.19772,0.1013,0.025564,-0.31464,-0.053427,0.0556,-0.05755,-0.133721,-0.204869,0.1022,-0.09077,-0.105956,-0.133544,0.0452,-0.143664,0.022621,-0.178263,0.0741,0.007787,-0.005829,0.021354,0.9999,-0.002925,0.003014,-0.021006,0.9999,-0.265525,0.214697,0.10382,0.1855,-0.191274,0.190814,0.058749,0.1184,-0.454757,0.351926,0.450212,0.2198,-0.460958,0.268079,0.475086,0.2052,-0.519436,0.356203,0.395693,0.2189,-0.492082,0.309022,0.41402,0.1664,-0.53672,0.346574,0.470146,0.2118,-0.520509,0.263343,0.426386,0.1709
115,3833,0.3392,-0.224836,-0.359184,0.9789,0.339051,-0.228602,-0.392008,0.9823,0.339268,-0.2301,-0.379857,0.9816,0.336312,-0.229502,-0.380476,0.9881,0.357646,-0.222892,-0.39515,0.9898,0.357646,-0.220795,-0.407777,0.9915,0.348821,-0.20749,-0.385584,0.9949,0.324104,-0.201378,-0.409492,0.992,0.278801,-0.159382,-0.390032,0.9901,0.338811,-0.204237,-0.340774,0.9601,0.313871,-0.182879,-0.357819,0.9685,0.261853,-0.176339,-0.262732,0.9995,0.279383,-0.162922,-0.205422,0.9993,0.024565,-0.197356,-0.189903,0.0741,-0.007329,-0.215994,-0.170955,0.1381,0.02085,-0.291992,-0.05801,0.0516,-0.081999,-0.057774,-0.16569,0.1221,0.013989,-0.311762,-0.050245,0.0553,-0.069416,-0.105965,-0.19772,0.1013,0.025564,-0.31464,-0.053427,0.0556,-0.05755,-0.133721,-0.204869,0.1022,-0.09077,-0.105956,-0.133544,0.0452,-0.143664,0.022621,-0.178263,0.0741,0.007787,-0.005829,0.021354,0.9999,-0.002925,0.003014,-0.021006,0.9999,-0.265525,0.214697,0.10382,0.1855,-0.191274,0.190814,0.058749,0.1184,-0.454757,0.351926,0.450212,0.2198,-0.460958,0.268079,0.475086,0.2052,-0.519436,0.356203,0.395693,0.2189,-0.492082,0.309022,0.41402,0.1664,-0.53672,0.346574,0.470146,0.2118,-0.520509,0.263343,0.426386,0.1709
116,3866,0.3392,-0.224836,-0.359184,0.9789,0.339051,-0.228602,-0.392008,0.9823,0.339268,-0.2301,-0.379857,0.9816,0.336312,-0.229502,-0.380476,0.9881,0.357646,-0.222892,-0.39515,0.9898,0.357646,-0.220795,-0.407777,0.9915,0.348821,-0.20749,-0.385584,0.9949,0.324104,-0.201378,-0.409492,0.992,0.278801,-0.159382,-0.390032,0.9901,0.338811,-0.204237,-0.340774,0.9601,0.313871,-0.182879,-0.357819,0.9685,0.261853,-0.176339,-0.262732,0.9995,0.279383,-0.162922,-0.205422,0.9993,0.024565,-0.197356,-0.189903,0.0741,-0.007329,-0.215994,-0.170955,0.1381,0.02085,-0.291992,-0.05801,0.0516,-0.081999,-0.057774,-0.16569,0.1221,0.013989,-0.311762,-0.050245,0.0553,-0.069416,-0.105965,-0.19772,0.1013,0.025564,-0.31464,-0.053427,0.0556,-0.05755,-0.133721,-0.204869,0.1022,-0.09077,-0.105956,-0.133544,0.0452,-0.143664,0.022621,-0.178263,0.0741,0.007787,-0.005829,0.021354,0.9999,-0.002925,0.003014,-0.021006,0.9999,-0.265525,0.214697,0.10382,0.1855,-0.191274,0.190814,0.058749,0.1184,-0.454757,0.351926,0.450212,0.2198,-0.460958,0.268079,0.475086,0.2052,-0.519436,0.356203,0.395693,0.2189,-0.492082,0.309022,0.41402,0.1664,-0.53672,0.346574,0.470146,0.2118,-0.520509,0.263343,0.426386,0.1709
117,3900,0.3392,-0.224836,-0.359184,0.9789,0.339051,-0.228602,-0.392008,0.9823,0.339268,-0.2301,-0.379857,0.9816,0.336312,-0.229502,-0.380476,0.9881,0.357646,-0.222892,-0.39515,0.9898,0.357646,-0.220795,-0.407777,0.9915,0.348821,-0.20749,-0.385584,0.9949,0.324104,-0.201378,-0.409492,0.992,0.278801,-0.159382,-0.390032,0.9901,0.338811,-0.204237,-0.340774,0.9601,0.313871,-0.182879,-0.357819,0.9685,0.261853,-0.176339,-0.262732,0.9995,0.279383,-0.162922,-0.205422,0.9993,0.024565,-0.197356,-0.189903,0.0741,-0.007329,-0.215994,-0.170955,0.1381,0.02085,-0.291992,-0.05801,0.0516,-0.081999,-0.057774,-0.16569,0.1221,0.013989,-0.311762,-0.050245,0.0553,-0.069416,-0.105965,-0.19772,0.1013,0.025564,-0.31464,-0.053427,0.0556,-0.05755,-0.133721,-0.204869,0.1022,-0.09077,-0.105956,-0.133544,0.0452,-0.143664,0.022621,-0.178263,0.0741,0.007787,-0.005829,0.021354,0.9999,-0.002925,0.003014,-0.021006,0.9999,-0.265525,0.214697,0.10382,0.1855,-0.191274,0.190814,0.058749,0.1184,-0.454757,0.351926,0.450212,0.2198,-0.460958,0.268079,0.475086,0.2052,-0.519436,0.356203,0.395693,0.2189,-0.492082,0.309022,0.41402,0.1664,-0.53672,0.346574,0.470146,0.2118,-0.520509,0.263343,0.426386,0.1709
118,3933,0.3392,-0.224836,-0.359184,0.9789,0.339051,-0.228602,-0.392008,0.9823,0.339268,-0.2301,-0.379857,0.9816,0.336312,-0.229502,-0.380476,0.9881,0.357646,-0.222892,-0.39515,0.9898,0.357646,-0.220795,-0.407777,0.9915,0.348821,-0.20749,-0.385584,0.9949,0.324104,-0.201378,-0.409492,0.992,0.278801,-0.159382,-0.390032,0.9901,0.338811,-0.204237,-0.340774,0.9601,0.313871,-0.182879,-0.357819,0.9685,0.261853,-0.176339,-0.262732,0.9995,0.279383,-0.162922,-0.205422,0.9993,0.024565,-0.197356,-0.189903,0.0741,-0.007329,-0.215994,-0.170955,0.1381,0.02085,-0.291992,-0.05801,0.0516,-0.081999,-0.057774,-0.16569,0.1221,0.013989,-0.311762,-0.050245,0.0553,-0.069416,-0.105965,-0.19772,0.1013,0.025564,-0.31464,-0.053427,0.0556,-0.05755,-0.133721,-0.204869,0.1022,-0.09077,-0.105956,-0.133544,0.0452,-0.143664,0.022621,-0.178263,0.0741,0.007787,-0.005829,0.021354,0.9999,-0.002925,0.003014,-0.021006,0.9999,-0.265525,0.214697,0.10382,0.1855,-0.191274,0.190814,0.058749,0.1184,-0.454757,0.351926,0.450212,0.2198,-0.460958,0.268079,0.475086,0.2052,-0.519436,0.356203,0.395693,0.2189,-0.492082,0.309022,0.41402,0.1664,-0.53672,0.346574,0.470146,0.2118,-0.520509,0.263343,0.426386,0.1709
119,3966,0.3392,-0.224836,-0.359184,0.9789,0.339051,-0.228602,-0.392008,0.9823,0.339268,-0.2301,-0.379857,0.9816,0.336312,-0.229502,-0.380476,0.9881,0.357646,-0.222892,-0.39515,0.9898,0.357646,-0.220795,-0.407777,0.9915,0.348821,-0.20749,-0.385584,0.9949,0.324104,-0.201378,-0.409492,0.992,0.278801,-0.159382,-0.390032,0.9901,0.338811,-0.204237,-0.340774,0.9601,0.313871,-0.182879,-0.357819,0.9685,0.261853,-0.176339,-0.262732,0.9995,0.279383,-0.162922,-0.205422,0.9993,0.024565,-0.197356,-0.189903,0.0741,-0.007329,-0.215994,-0.170955,0.1381,0.02085,-0.291992,-0.05801,0.0516,-0.081999,-0.057774,-0.16569,0.1221,0.013989,-0.311762,-0.050245,0.0553,-0.069416,-0.105965,-0.19772,0.1013,0.025564,-0.31464,-0.053427,0.0556,-0.05755,-0.133721,-0.204869,0.1022,-0.09077,-0.105956,-0.133544,0.0452,-0.143664,0.022621,-0.178263,0.0741,0.007787,-0.005829,0.021354,0.9999,-0.002925,0.003014,-0.021006,0.9999,-0.265525,0.214697,0.10382,0.1855,-0.191274,0.190814,0.058749,0.1184,-0.454757,0.351926,0.450212,0.2198,-0.460958,0.268079,0.475086,0.2052,-0.519436,0.356203,0.395693,0.2189,-0.492082,0.309022,0.41402,0.1664,-0.53672,0.346574,0.470146,0.2118,-0.520509,0.263343,0.426386,0.1709
120,4000,0.3392,-0.224836,-0.359184,0.9789,0.339051,-0.228602,-0.392008,0.9823,0.339268,-0.2301,-0.379857,0.9816,0.336312,-0.229502,-0.380476,0.9881,0.357646,-0.222892,-0.39515,0.9898,0.357646,-0.220795,-0.407777,0.9915,0.348821,-0.20749,-0.385584,0.9949,0.324104,-0.201378,-0.409492,0.992,0.278801,-0.159382,-0.390032,0.9901,0.338811,-0.204237,-0.340774,0.9601,0.313871,-0.182879,-0.357819,0.9685,0.261853,-0.176339,-0.262732,0.9995,0.279383,-0.162922,-0.205422,0.9993,0.024565,-0.197356,-0.189903,0.0741,-0.007329,-0.215994,-0.170955,0.1381,0.02085,-0.291992,-0.05801,0.0516,-0.081999,-0.057774,-0.16569,0.1221,0.013989,-0.311762,-0.050245,0.0553,-0.069416,-0.105965,-0.19772,0.1013,0.025564,-0.31464,-0.053427,0.0556,-0.05755,-0.133721,-0.204869,0.1022,-0.09077,-0.105956,-0.133544,0.0452,-0.143664,0.022621,-0.178263,0.0741,0.007787,-0.005829,0.021354,0.9999,-0.002925,0.003014,-0.021006,0.9999,-0.265525,0.214697,0.10382,0.1855,-0.191274,0.190814,0.058749,0.1184,-0.454757,0.351926,0.450212,0.2198,-0.460958,0.268079,0.475086,0.2052,-0.519436,0.356203,0.395693,0.2189,-0.492082,0.309022,0.41402,0.1664,-0.53672,0.346574,0.470146,0.2118,-0.520509,0.263343,0.426386,0.1709
121,4033,0.3392,-0.224836,-0.359184,0.9789,0.339051,-0.228602,-0.392008,0.9823,0.339268,-0.2301,-0.379857,0.9816,0.336312,-0.229502,-0.380476,0.9881,0.357646,-0.222892,-0.39515,0.9898,0.357646,-0.220795,-0.407777,0.9915,0.348821,-0.20749,-0.385584,0.9949,0.324104,-0.201378,-0.409492,0.992,0.278801,-0.159382,-0.390032,0.9901,0.338811,-0.204237,-0.340774,0.9601,0.313871,-0.182879,-0.357819,0.9685,0.261853,-0.176339,-0.262732,0.9995,0.279383,-0.162922,-0.205422,0.9993,0.024565,-0.197356,-0.189903,0.0741,-0.007329,-0.215994,-0.170955,0.1381,0.02085,-0.291992,-0.05801,0.0516,-0.081999,-0.057774,-0.16569,0.1221,0.013989,-0.311762,-0.050245,0.0553,-0.069416,-0.105965,-0.19772,0.1013,0.025564,-0.31464,-0.053427,0.0556,-0.05755,-0.133721,-0.204869,0.1022,-0.09077,-0.105956,-0.133544,0.0452,-0.143664,0.022621,-0.178263,0.0741,0.007787,-0.005829,0.021354,0.9999,-0.002925,0.003014,-0.021006,0.9999,-0.265525,0.214697,0.10382,0.1855,-0.191274,0.190814,0.058749,0.1184,-0.454757,0.351926,0.450212,0.2198,-0.460958,0.268079,0.475086,0.2052,-0.519436,0.356203,0.395693,0.2189,-0.492082,0.309022,0.41402,0.1664,-0.53672,0.346574,0.470146,0.2118,-0.520509,0.263343,0.426386,0.1709
122,4066,0.3392,-0.224836,-0.359184,0.9789,0.339051,-0.228602,-0.392008,0.9823,0.339268,-0.2301,-0.379857,0.9816,0.336312,-0.229502,-0.380476,0.9881,0.357646,-0.222892,-0.39515,0.9898,0.357646,-0.220795,-0.407777,0.9915,0.348821,-0.20749,-0.385584,0.9949,0.324104,-0.201378,-0.409492,0.992,0.278801,-0.159382,-0.390032,0.9901,0.338811,-0.204237,-0.340774,0.9601,0.313871,-0.182879,-0.357819,0.9685,0.261853,-0.176339,-0.262732,0.9995,0.279383,-0.162922,-0.205422,0.9993,0.024565,-0.197356,-0.189903,0.0741,-0.007329,-0.215994,-0.170955,0.1381,0.02085,-0.291992,-0.05801,0.0516,-0.081999,-0.057774,-0.16569,0.1221,0.013989,-0.311762,-0.050245,0.0553,-0.069416,-0.105965,-0.19772,0.1013,0.025564,-0.31464,-0.053427,0.0556,-0.05755,-0.133721,-0.204869,0.1022,-0.09077,-0.105956,-0.133544,0.0452,-0.143664,0.022621,-0.178263,0.0741,0.007787,-0.005829,0.021354,0.9999,-0.002925,0.003014,-0.021006,0.9999,-0.265525,0.214697,0.10382,0.1855,-0.191274,0.190814,0.058749,0.1184,-0.454757,0.351926,0.450212,0.2198,-0.460958,0.268079,0.475086,0.2052,-0.519436,0.356203,0.395693,0.2189,-0.492082,0.309022,0.41402,0.1664,-0.53672,0.346574,0.470146,0.2118,-0.520509,0.263343,0.426386,0.1709
123,4100,0.3392,-0.224836,-0.359184,0.9789,0.339051,-0.228602,-0.392008,0.9823,0.339268,-0.2301,-0.379857,0.9816,0.336312,-0.229502,-0.380476,0.9881,0.357646,-0.222892,-0.39515,0.9898,0.357646,-0.220795,-0.407777,0.9915,0.348821,-0.20749,-0.385584,0.9949,0.324104,-0.201378,-0.409492,0.992,0.278801,-0.159382,-0.390032,0.9901,0.338811,-0.204237,-0.340774,0.9601,0.313871,-0.182879,-0.357819,0.9685,0.261853,-0.176339,-0.262732,0.9995,0.279383,-0.162922,-0.205422,0.9993,0.024565,-0.197356,-0.189903,0.0741,-0.007329,-0.215994,-0.170955,0.1381,0.02085,-0.291992,-0.05801,0.0516,-0.081999,-0.057774,-0.16569,0.1221,0.013989,-0.311762,-0.050245,0.0553,-0.069416,-0.105965,-0.19772,0.1013,0.025564,-0.31464,-0.053427,0.0556,-0.05755,-0.133721,-0.204869,0.1022,-0.09077,-0.105956,-0.133544,0.0452,-0.143664,0.022621,-0.178263,0.0741,0.007787,-0.005829,0.021354,0.9999,-0.002925,0.003014,-0.021006,0.9999,-0.265525,0.214697,0.10382,0.1855,-0.191274,0.190814,0.058749,0.1184,-0.454757,0.351926,0.450212,0.2198,-0.460958,0.268079,0.475086,0.2052,-0.519436,0.356203,0.395693,0.2189,-0.492082,0.309022,0.41402,0.1664,-0.53672,0.346574,0.470146,0.2118,-0.520509,0.263343,0.426386,0.1709
124,4133,0.3392,-0.224836,-0.359184,0.9789,0.339051,-0.228602,-0.392008,0.9823,0.339268,-0.2301,-0.379857,0.9816,0.336312,-0.229502,-0.380476,0.9881,0.357646,-0.222892,-0.39515,0.9898,0.357646,-0.220795,-0.407777,0.9915,0.348821,-0.20749,-0.385584,0.9949,0.324104,-0.201378,-0.409492,0.992,0.278801,-0.159382,-0.390032,0.9901,0.338811,-0.204237,-0.340774,0.9601,0.313871,-0.182879,-0.357819,0.9685,0.261853,-0.176339,-0.262732,0.9995,0.279383,-0.162922,-0.205422,0.9993,0.024565,-0.197356,-0.189903,0.0741,-0.007329,-0.215994,-0.170955,0.1381,0.02085,-0.291992,-0.05801,0.0516,-0.081999,-0.057774,-0.16569,0.1221,0.013989,-0.311762,-0.050245,0.0553,-0.069416,-0.105965,-0.19772,0.1013,0.025564,-0.31464,-0.053427,0.0556,-0.05755,-0.133721,-0.204869,0.1022,-0.09077,-0.105956,-0.133544,0.0452,-0.143664,0.022621,-0.178263,0.0741,0.007787,-0.005829,0.021354,0.9999,-0.002925,0.003014,-0.021006,0.9999,-0.265525,0.214697,0.10382,0.1855,-0.191274,0.190814,0.058749,0.1184,-0.454757,0.351926,0.450212,0.2198,-0.460958,0.268079,0.475086,0.2052,-0.519436,0.356203,0.395693,0.2189,-0.492082,0.309022,0.41402,0.1664,-0.53672,0.346574,0.470146,0.2118,-0.520509,0.263343,0.426386,0.1709
125,4166,0.3392,-0.224836,-0.359184,0.9789,0.339051,-0.228602,-0.392008,0.9823,0.339268,-0.2301,-0.379857,0.9816,0.336312,-0.229502,-0.380476,0.9881,0.357646,-0.222892,-0.39515,0.9898,0.357646,-0.220795,-0.407777,0.9915,0.348821,-0.20749,-0.385584,0.9949,0.324104,-0.201378,-0.409492,0.992,0.278801,-0.159382,-0.390032,0.9901,0.338811,-0.204237,-0.340774,0.9601,0.313871,-0.182879,-0.357819,0.9685,0.261853,-0.176339,-0.262732,0.9995,0.279383,-0.162922,-0.205422,0.9993,0.024565,-0.197356,-0.189903,0.0741,-0.007329,-0.215994,-0.170955,0.1381,0.02085,-0.291992,-0.05801,0.0516,-0.081999,-0.057774,-0.16569,0.1221,0.013989,-0.311762,-0.050245,0.0553,-0.069416,-0.105965,-0.19772,0.1013,0.025564,-0.31464,-0.053427,0.0556,-0.05755,-0.133721,-0.204869,0.1022,-0.09077,-0.105956,-0.133544,0.0452,-0.143664,0.022621,-0.178263,0.0741,0.007787,-0.005829,0.021354,0.9999,-0.002925,0.003014,-0.021006,0.9999,-0.265525,0.214697,0.10382,0.1855,-0.191274,0.190814,0.058749,0.1184,-0.454757,0.351926,0.450212,0.2198,-0.460958,0.268079,0.475086,0.2052,-0.519436,0.356203,0.395693,0.2189,-0.492082,0.309022,0.41402,0.1664,-0.53672,0.346574,0.470146,0.2118,-0.520509,0.263343,0.426386,0.1709
126,4200,0.3392,-0.224836,-0.359184,0.9789,0.339051,-0.228602,-0.392008,0.9823,0.339268,-0.2301,-0.379857,0.9816,0.336312,-0.229502,-0.380476,0.9881,0.357646,-0.222892,-0.39515,0.9898,0.357646,-0.220795,-0.407777,0.9915,0.348821,-0.20749,-0.385584,0.9949,0.324104,-0.201378,-0.409492,0.992,0.278801,-0.159382,-0.390032,0.9901,0.338811,-0.204237,-0.340774,0.9601,0.313871,-0.182879,-0.357819,0.9685,0.261853,-0.176339,-0.262732,0.9995,0.279383,-0.162922,-0.205422,0.9993,0.024565,-0.197356,-0.189903,0.0741,-0.007329,-0.215994,-0.170955,0.1381,0.02085,-0.291992,-0.05801,0.0516,-0.081999,-0.057774,-0.16569,0.1221,0.013989,-0.311762,-0.050245,0.0553,-0.069416,-0.105965,-0.19772,0.1013,0.025564,-0.31464,-0.053427,0.0556,-0.05755,-0.133721,-0.204869,0.1022,-0.09077,-0.105956,-0.133544,0.0452,-0.143664,0.022621,-0.178263,0.0741,0.007787,-0.005829,0.021354,0.9999,-0.002925,0.003014,-0.021006,0.9999,-0.265525,0.214697,0.10382,0.1855,-0.191274,0.190814,0.058749,0.1184,-0.454757,0.351926,0.450212,0.2198,-0.460958,0.268079,0.475086,0.2052,-0.519436,0.356203,0.395693,0.2189,-0.492082,0.309022,0.41402,0.1664,-0.53672,0.346574,0.470146,0.2118,-0.520509,0.263343,0.426386,0.1709
127,4233,0.3392,-0.224836,-0.359184,0.9789,0.339051,-0.228602,-0.392008,0.9823,0.339268,-0.2301,-0.379857,0.9816,0.336312,-0.229502,-0.380476,0.9881,0.357646,-0.222892,-0.39515,0.9898,0.357646,-0.220795,-0.407777,0.9915,0.348821,-0.20749,-0.385584,0.9949,0.324104,-0.201378,-0.409492,0.992,0.278801,-0.159382,-0.390032,0.9901,0.338811,-0.204237,-0.340774,0.9601,0.313871,-0.182879,-0.357819,0.9685,0.261853,-0.176339,-0.262732,0.9995,0.279383,-0.162922,-0.205422,0.9993,0.024565,-0.197356,-0.189903,0.0741,-0.007329,-0.215994,-0.170955,0.1381,0.02085,-0.291992,-0.05801,0.0516,-0.081999,-0.057774,-0.16569,0.1221,0.013989,-0.311762,-0.050245,0.0553,-0.069416,-0.105965,-0.19772,0.1013,0.025564,-0.31464,-0.053427,0.0556,-0.05755,-0.133721,-0.204869,0.1022,-0.09077,-0.105956,-0.133544,0.0452,-0.143664,0.022621,-0.178263,0.0741,0.007787,-0.005829,0.021354,0.9999,-0.002925,0.003014,-0.021006,0.9999,-0.265525,0.214697,0.10382,0.1855,-0.191274,0.190814,0.058749,0.1184,-0.454757,0.351926,0.450212,0.2198,-0.460958,0.268079,0.475086,0.2052,-0.519436,0.356203,0.395693,0.2189,-0.492082,0.309022,0.41402,0.1664,-0.53672,0.346574,0.470146,0.2118,-0.520509,0.263343,0.426386,0.1709
128,4266,0.3392,-0.224836,-0.359184,0.9789,0.339051,-0.228602,-0.392008,0.9823,0.339268,-0.2301,-0.379857,0.9816,0.336312,-0.229502,-0.380476,0.9881,0.357646,-0.222892,-0.39515,0.9898,0.357646,-0.220795,-0.407777,0.9915,0.348821,-0.20749,-0.385584,0.9949,0.324104,-0.201378,-0.409492,0.992,0.278801,-0.159382,-0.390032,0.9901,0.338811,-0.204237,-0.340774,0.9601,0.313871,-0.182879,-0.357819,0.9685,0.261853,-0.176339,-0.262732,0.9995,0.279383,-0.162922,-0.205422,0.9993,0.024565,-0.197356,-0.189903,0.0741,-0.007329,-0.215994,-0.170955,0.1381,0.02085,-0.291992,-0.05801,0.0516,-0.081999,-0.057774,-0.16569,0.1221,0.013989,-0.311762,-0.050245,0.0553,-0.069416,-0.105965,-0.19772,0.1013,0.025564,-0.31464,-0.053427,0.0556,-0.05755,-0.133721,-0.204869,0.1022,-0.09077,-0.105956,-0.133544,0.0452,-0.143664,0.022621,-0.178263,0.0741,0.007787,-0.005829,0.021354,0.9999,-0.002925,0.003014,-0.021006,0.9999,-0.265525,0.214697,0.10382,0.1855,-0.191274,0.190814,0.058749,0.1184,-0.454757,0.351926,0.450212,0.2198,-0.460958,0.268079,0.475086,0.2052,-0.519436,0.356203,0.395693,0.2189,-0.492082,0.309022,0.41402,0.1664,-0.53672,0.346574,0.470146,0.2118,-0.520509,0.263343,0.426386,0.1709
129,4300,0.3392,-0.224836,-0.359184,0.9789,0.339051,-0.228602,-0.392008,0.9823,0.339268,-0.2301,-0.379857,0.9816,0.336312,-0.229502,-0.380476,0.9881,0.357646,-0.222892,-0.39515,0.9898,0.357646,-0.220795,-0.407777,0.9915,0.348821,-0.20749,-0.385584,0.9949,0.324104,-0.201378,-0.409492,0.992,0.278801,-0.159382,-0.390032,0.9901,0.338811,-0.204237,-0.340774,0.9601,0.313871,-0.182879,-0.357819,0.9685,0.261853,-0.176339,-0.262732,0.9995,0.279383,-0.162922,-0.205422,0.9993,0.024565,-0.197356,-0.189903,0.0741,-0.007329,-0.215994,-0.170955,0.1381,0.02085,-0.291992,-0.05801,0.0516,-0.081999,-0.057774,-0.16569,0.1221,0.013989,-0.311762,-0.050245,0.0553,-0.069416,-0.105965,-0.19772,0.1013,0.025564,-0.31464,-0.053427,0.0556,-0.05755,-0.133721,-0.204869,0.1022,-0.09077,-0.105956,-0.133544,0.0452,-0.143664,0.022621,-0.178263,0.0741,0.007787,-0.005829,0.021354,0.9999,-0.002925,0.003014,-0.021006,0.9999,-0.265525,0.214697,0.10382,0.1855,-0.191274,0.190814,0.058749,0.1184,-0.454757,0.351926,0.450212,0.2198,-0.460958,0.268079,0.475086,0.2052,-0.519436,0.356203,0.395693,0.2189,-0.492082,0.309022,0.41402,0.1664,-0.53672,0.346574,0.470146,0.2118,-0.520509,0.263343,0.426386,0.1709
130,4333,0.3392,-0.224836,-0.359184,0.9789,0.339051,-0.228602,-0.392008,0.9823,0.339268,-0.2301,-0.379857,0.9816,0.336312,-0.229502,-0.380476,0.9881,0.357646,-0.222892,-0.39515,0.9898,0.357646,-0.220795,-0.407777,0.9915,0.348821,-0.20749,-0.385584,0.9949,0.324104,-0.201378,-0.409492,0.992,0.278801,-0.159382,-0.390032,0.9901,0.338811,-0.204237,-0.340774,0.9601,0.313871,-0.182879,-0.357819,0.9685,0.261853,-0.176339,-0.262732,0.9995,0.279383,-0.162922,-0.205422,0.9993,0.024565,-0.197356,-0.189903,0.0741,-0.007329,-0.215994,-0.170955,0.1381,0.02085,-0.291992,-0.05801,0.0516,-0.081999,-0.057774,-0.16569,0.1221,0.013989,-0.311762,-0.050245,0.0553,-0.069416,-0.105965,-0.19772,0.1013,0.025564,-0.31464,-0.053427,0.0556,-0.05755,-0.133721,-0.204869,0.1022,-0.09077,-0.105956,-0.133544,0.0452,-0.143664,0.022621,-0.178263,0.0741,0.007787,-0.005829,0.021354,0.9999,-0.002925,0.003014,-0.021006,0.9999,-0.265525,0.214697,0.10382,0.1855,-0.191274,0.190814,0.058749,0.1184,-0.454757,0.351926,0.450212,0.2198,-0.460958,0.268079,0.475086,0.2052,-0.519436,0.356203,0.395693,0.2189,-0.492082,0.309022,0.41402,0.1664,-0.53672,0.346574,0.470146,0.2118,-0.520509,0.263343,0.426386,0.1709
131,4366,0.3392,-0.224836,-0.359184,0.9789,0.339051,-0.228602,-0.392008,0.9823,0.339268,-0.2301,-0.379857,0.9816,0.336312,-0.229502,-0.380476,0.9881,0.357646,-0.222892,-0.39515,0.9898,0.357646,-0.220795,-0.407777,0.9915,0.348821,-0.20749,-0.385584,0.9949,0.324104,-0.201378,-0.409492,0.992,0.278801,-0.159382,-0.390032,0.9901,0.338811,-0.204237,-0.340774,0.9601,0.313871,-0.182879,-0.357819,0.9685,0.261853,-0.176339,-0.262732,0.9995,0.279383,-0.162922,-0.205422,0.9993,0.024565,-0.197356,-0.189903,0.0741,-0.007329,-0.215994,-0.170955,0.1381,0.02085,-0.291992,-0.05801,0.0516,-0.081999,-0.057774,-0.16569,0.1221,0.013989,-0.311762,-0.050245,0.0553,-0.069416,-0.105965,-0.19772,0.1013,0.025564,-0.31464,-0.053427,0.0556,-0.05755,-0.133721,-0.204869,0.1022,-0.09077,-0.105956,-0.133544,0.0452,-0.143664,0.022621,-0.178263,0.0741,0.007787,-0.005829,0.021354,0.9999,-0.002925,0.003014,-0.021006,0.9999,-0.265525,0.214697,0.10382,0.1855,-0.191274,0.190814,0.058749,0.1184,-0.454757,0.351926,0.450212,0.2198,-0.460958,0.268079,0.475086,0.2052,-0.519436,0.356203,0.395693,0.2189,-0.492082,0.309022,0.41402,0.1664,-0.53672,0.346574,0.470146,0.2118,-0.520509,0.263343,0.426386,0.1709
132,4400,0.321792,-0.201638,-0.398423,0.9796,0.322345,-0.204876,-0.42762,0.9829,0.32273,-0.206422,-0.415192,0.9823,0.319595,-0.205481,-0.415757,0.9885,0.339792,-0.198587,-0.432589,0.9902,0.339864,-0.196849,-0.445272,0.9917,0.331262,-0.182869,-0.422832,0.995,0.306538,-0.18798,-0.427719,0.9923,0.257556,-0.135869,-0.418432,0.9904,0.32289,-0.188625,-0.372267,0.9614,0.298054,-0.162783,-0.392891,0.9695,0.239833,-0.173824,-0.267675,0.9995,0.258189,-0.152565,-0.218233,0.9993,0.024565,-0.197356,-0.189903,0.0746,-0.007329,-0.215994,-0.170955,0.1615,0.02085,-0.291992,-0.05801,0.0516,-0.081999,-0.057774,-0.16569,0.1212,0.013989,-0.311762,-0.050245,0.0551,-0.069416,-0.105965,-0.19772,0.1003,0.025564,-0.31464,-0.053427,0.0553,-0.05755,-0.133721,-0.204869,0.1034,-0.09077,-0.105956,-0.133544,0.0468,-0.143664,0.022621,-0.178263,0.0765,0.008674,-0.011413,0.025027,0.9999,-0.003421,0.008816,-0.024181,0.9999,-0.265525,0.214697,0.10382,0.1981,-0.191274,0.190814,0.058749,0.141,-0.454757,0.351926,0.450212,0.2426,-0.460958,0.268079,0.475086,0.2185,-0.519436,0.356203,0.395693,0.2417,-0.492082,0.309022,0.41402,0.1789,-0.53672,0.346574,0.470146,0.2354,-0.520509,0.263343,0.426386,0.1842
133,4433,0.304384,-0.178441,-0.437662,0.9803,0.30564,-0.181149,-0.463233,0.9835,0.306193,-0.182744,-0.450528,0.9829,0.302877,-0.18146,-0.451037,0.9889,0.321937,-0.174282,-0.470029,0.9905,0.322083,-0.172904,-0.482767,0.992,0.313704,-0.158248,-0.46008,0.9952,0.288972,-0.174581,-0.445946,0.9926,0.236312,-0.112355,-0.446831,0.9907,0.306968,-0.173013,-0.403759,0.9628,0.282236,-0.142687,-0.427963,0.9706,0.217812,-0.171308,-0.272619,0.9995,0.236994,-0.142209,-0.231044,0.9994,0.024565,-0.197356,-0.189903,0.0751,-0.007329,-0.215994,-0.170955,0.1849,0.02085,-0.291992,-0.05801,0.0516,-0.081999,-0.057774,-0.16569,0.1204,0.013989,-0.311762,-0.050245,0.0548,-0.069416,-0.105965,-0.19772,0.0994,0.025564,-0.31464,-0.053427,0.0549,-0.05755,-0.133721,-0.204869,0.1046,-0.09077,-0.105956,-0.133544,0.0484,-0.143664,0.022621,-0.178263,0.0788,0.009561,-0.016997,0.0287,0.9999,-0.003917,0.014619,-0.027356,0.9999,-0.265525,0.214697,0.10382,0.2108,-0.191274,0.190814,0.058749,0.1636,-0.454757,0.351926,0.450212,0.2653,-0.460958,0.268079,0.475086,0.2318,-0.519436,0.356203,0.395693,0.2644,-0.492082,0.309022,0.41402,0.1913,-0.53672,0.346574,0.470146,0.2589,-0.520509,0.263343,0.426386,0.1975
134,4466,0.286977,-0.155243,-0.476901,0.981,0.288934,-0.157423,-0.498845,0.9841,0.289655,-0.159066,-0.485863,0.9835,0.28616,-0.157439,-0.486318,0.9893,0.304083,-0.149977,-0.507468,0.9909,0.304301,-0.148959,-0.520262,0.9923,0.296146,-0.133627,-0.497328,0.9954,0.271407,-0.161183,-0.464174,0.9928,0.215068,-0.088841,-0.47523,0.991,0.291046,-0.157401,-0.435252,0.9641,0.266418,-0.122591,-0.463035,0.9716,0.195791,-0.168793,-0.277563,0.9995,0.215799,-0.131852,-0.243856,0.9994,0.024565,-0.197356,-0.189903,0.0756,-0.007329,-0.215994,-0.170955,0.2082,0.02085,-0.291992,-0.05801,0.0516,-0.081999,-0.057774,-0.16569,0.1196,0.013989,-0.311762,-0.050245,0.0546,-0.069416,-0.105965,-0.19772,0.0984,0.025564,-0.31464,-0.053427,0.0546,-0.05755,-0.133721,-0.204869,0.1058,-0.09077,-0.105956,-0.133544,0.05,-0.143664,0.022621,-0.178263,0.0812,0.010449,-0.022581,0.032373,0.9999,-0.004412,0.020421,-0.03053,0.9999,-0.265525,0.214697,0.10382,0.2234,-0.191274,0.190814,0.058749,0.1862,-0.454757,0.351926,0.450212,0.2881,-0.460958,0.268079,0.475086,0.2452,-0.519436,0.356203,0.395693,0.2872,-0.492082,0.309022,0.41402,0.2038,-0.53672,0.346574,0.470146,0.2825,-0.520509,0.263343,0.426386,0.2108
135,4500,0.279175,-0.139252,-0.495788,0.9829,0.280929,-0.14102,-0.515909,0.9857,0.281698,-0.142778,-0.503238,0.9851,0.27833,-0.14099,-0.50351,0.9903,0.295201,-0.132994,-0.525497,0.9918,0.295824,-0.132396,-0.537868,0.9931,0.287868,-0.11677,-0.515172,0.9958,0.263174,-0.149616,-0.474167,0.9935,0.204996,-0.071899,-0.488843,0.9919,0.28382,-0.144835,-0.450747,0.9677,0.259235,-0.108196,-0.479978,0.9745,0.185747,-0.161677,-0.281189,0.9996,0.205809,-0.121128,-0.250109,0.9994,0.024565,-0.197356,-0.189903,0.0734,-0.007329,-0.215994,-0.170955,0.2505,0.02085,-0.291992,-0.05801,0.0479,-0.081999,-0.057774,-0.16569,0.1104,0.013989,-0.311762,-0.050245,0.0505,-0.069416,-0.105965,-0.19772,0.0907,0.025564,-0.31464,-0.053427,0.0505,-0.05755,-0.133721,-0.204869,0.1,-0.09077,-0.105956,-0.133544,0.0482,-0.143664,0.022621,-0.178263,0.0782,0.010601,-0.025259,0.033733,0.9999,-0.004548,0.023153,-0.031503,0.9999,-0.265525,0.214697,0.10382,0.2106,-0.191274,0.190814,0.058749,0.1861,-0.454757,0.351926,0.450212,0.3374,-0.460958,0.268079,0.475086,0.2508,-0.519436,0.356203,0.395693,0.3428,-0.492082,0.309022,0.41402,0.2304,-0.53672,0.346574,0.470146,0.3335,-0.520509,0.263343,0.426386,0.2166
136,4533,0.270101,-0.124558,-0.508783,0.9846,0.272022,-0.127104,-0.529043,0.9871,0.273595,-0.128599,-0.518067,0.9866,0.270835,-0.126899,-0.51845,0.9913,0.285071,-0.118349,-0.538117,0.9926,0.286179,-0.117579,-0.549774,0.9938,0.279065,-0.10255,-0.528074,0.9963,0.253565,-0.138751,-0.485052,0.9942,0.191826,-0.057848,-0.501266,0.9928,0.273537,-0.132027,-0.462348,0.9709,0.249744,-0.091332,-0.494366,0.977,0.184398,-0.153665,-0.285643,0.9996,0.191748,-0.109693,-0.26099,0.9995,0.024565,-0.197356,-0.189903,0.1661,-0.007329,-0.215994,-0.170955,0.3254,0.02085,-0.291992,-0.05801,0.1431,-0.081999,-0.057774,-0.16569,0.1994,0.013989,-0.311762,-0.050245,0.1454,-0.069416,-0.105965,-0.19772,0.1816,0.025564,-0.31464,-0.053427,0.1454,-0.05755,-0.133721,-0.204869,0.19,-0.09077,-0.105956,-0.133544,0.1434,-0.143664,0.022621,-0.178263,0.1704,0.011495,-0.025782,0.03511,0.9999,-0.005974,0.024565,-0.032575,0.9999,-0.265525,0.214697,0.10382,0.2179,-0.191274,0.190814,0.058749,0.169,-0.454757,0.351926,0.450212,0.3899,-0.460958,0.268079,0.475086,0.251,-0.519436,0.356203,0.395693,0.4046,-0.492082,0.309022,0.41402,0.2665,-0.53672,0.346574,0.470146,0.3958,-0.520509,0.263343,0.426386,0.2565
137,4566,0.253502,-0.107954,-0.522121,0.9861,0.253359,-0.111052,-0.542546,0.9884,0.255315,-0.112314,-0.532076,0.988,0.252637,-0.110561,-0.532738,0.9922,0.265486,-0.101707,-0.551635,0.9933,0.266832,-0.100788,-0.563124,0.9944,0.260555,-0.086002,-0.541602,0.9966,0.23674,-0.125606,-0.495666,0.9948,0.172119,-0.040576,-0.513275,0.9935,0.258903,-0.117105,-0.474884,0.9738,0.235229,-0.074546,-0.508259,0.9793,0.176288,-0.146978,-0.292018,0.9997,0.176054,-0.09892,-0.269641,0.9995,0.024565,-0.197356,-0.189903,0.167,-0.007329,-0.215994,-0.170955,0.3307,0.02085,-0.291992,-0.05801,0.1469,-0.081999,-0.057774,-0.16569,0.2223,0.013989,-0.311762,-0.050245,0.1404,-0.069416,-0.105965,-0.19772,0.1895,0.025564,-0.31464,-0.053427,0.1418,-0.05755,-0.133721,-0.204869,0.2071,-0.09077,-0.105956,-0.133544,0.1402,-0.143664,0.022621,-0.178263,0.1809,0.012997,-0.026631,0.036768,0.9999,-0.007778,0.025897,-0.034083,0.9999,-0.265525,0.214697,0.10382,0.1973,-0.191274,0.190814,0.058749,0.1706,-0.454757,0.351926,0.450212,0.352,-0.460958,0.268079,0.475086,0.2284,-0.519436,0.356203,0.395693,0.3648,-0.492082,0.309022,0.41402,0.2408,-0.53672,0.346574,0.470146,0.3596,-0.520509,0.263343,0.426386,0.2366
138,4600,0.232368,-0.089507,-0.54065,0.9875,0.231375,-0.09321,-0.560578,0.9895,0.233462,-0.094235,-0.5503,0.9892,0.231486,-0.092435,-0.552084,0.993,0.241354,-0.083863,-0.570212,0.994,0.243391,-0.083003,-0.580863,0.995,0.237414,-0.068055,-0.560109,0.997,0.219971,-0.110607,-0.509755,0.9953,0.148592,-0.022377,-0.528133,0.9941,0.240616,-0.100265,-0.492291,0.9764,0.215616,-0.056817,-0.526332,0.9814,0.17033,-0.138855,-0.303228,0.9997,0.1563,-0.090719,-0.279475,0.9996,0.024565,-0.197356,-0.189903,0.2502,-0.007329,-0.215994,-0.170955,0.3234,0.02085,-0.291992,-0.05801,0.2321,-0.081999,-0.057774,-0.16569,0.2222,0.013989,-0.311762,-0.050245,0.226,-0.069416,-0.105965,-0.19772,0.1899,0.025564,-0.31464,-0.053427,0.2273,-0.05755,-0.133721,-0.204869,0.2149,-0.09077,-0.105956,-0.133544,0.2259,-0.143664,0.022621,-0.178263,0.192,0.017234,-0.028451,0.038245,0.9999,-0.011883,0.027787,-0.035426,0.9999,-0.265525,0.214697,0.10382,0.2147,-0.191274,0.190814,0.058749,0.2286,-0.454757,0.351926,0.450212,0.3507,-0.460958,0.268079,0.475086,0.2234,-0.519436,0.356203,0.395693,0.3537,-0.492082,0.309022,0.41402,0.2289,-0.53672,0.346574,0.470146,0.3735,-0.520509,0.263343,0.426386,0.2368
139,4633,0.216472,-0.076198,-0.550846,0.9888,0.214701,-0.079873,-0.570892,0.9906,0.216739,-0.080956,-0.561042,0.9902,0.215075,-0.079079,-0.56276,0.9937,0.222602,-0.070237,-0.58082,0.9946,0.225353,-0.069687,-0.590565,0.9955,0.21931,-0.054489,-0.570468,0.9973,0.207568,-0.100439,-0.519333,0.9958,0.130222,-0.009162,-0.536432,0.9947,0.227291,-0.08861,-0.50182,0.9788,0.200956,-0.044587,-0.535447,0.9832,0.165395,-0.133413,-0.309809,0.9997,0.14022,-0.084847,-0.285368,0.9996,0.024565,-0.197356,-0.189903,0.2366,-0.007329,-0.215994,-0.170955,0.3224,0.02085,-0.291992,-0.05801,0.2214,-0.081999,-0.057774,-0.16569,0.2041,0.013989,-0.311762,-0.050245,0.2147,-0.069416,-0.105965,-0.19772,0.1743,0.025564,-0.31464,-0.053427,0.2161,-0.05755,-0.133721,-0.204869,0.1988,-0.09077,-0.105956,-0.133544,0.2152,-0.143664,0.022621,-0.178263,0.1774,0.020546,-0.029783,0.038824,0.9999,-0.015349,0.029073,-0.035903,0.9999,-0.265525,0.214697,0.10382,0.1997,-0.191274,0.190814,0.058749,0.2171,-0.454757,0.351926,0.450212,0.3397,-0.460958,0.268079,0.475086,0.2061,-0.519436,0.356203,0.395693,0.3487,-0.492082,0.309022,0.41402,0.216,-0.53672,0.346574,0.470146,0.3694,-0.520509,0.263343,0.426386,0.22
140,4666,0.196237,-0.060708,-0.558638,0.9899,0.192831,-0.064207,-0.579563,0.9915,0.194977,-0.065199,-0.569717,0.9912,0.193394,-0.063206,-0.571204,0.9943,0.199079,-0.054203,-0.588996,0.9951,0.202154,-0.053799,-0.598372,0.9959,0.196574,-0.038354,-0.578543,0.9975,0.190588,-0.08847,-0.52838,0.9962,0.107767,0.007072,-0.543759,0.9952,0.210597,-0.075073,-0.50947,0.9809,0.182775,-0.02993,-0.542298,0.9849,0.15777,-0.128546,-0.316013,0.9997,0.121251,-0.07587,-0.291278,0.9997,0.024565,-0.197356,-0.189903,0.2924,-0.007329,-0.215994,-0.170955,0.3681,0.02085,-0.291992,-0.05801,0.2937,-0.081999,-0.057774,-0.16569,0.2362,0.013989,-0.311762,-0.050245,0.2865,-0.069416,-0.105965,-0.19772,0.2097,0.025564,-0.31464,-0.053427,0.287,-0.05755,-0.133721,-0.204869,0.2397,-0.09077,-0.105956,-0.133544,0.2855,-0.143664,0.022621,-0.178263,0.2123,0.024413,-0.031099,0.039339,1.0,-0.019409,0.0303,-0.03629,0.9999,-0.265525,0.214697,0.10382,0.2072,-0.191274,0.190814,0.058749,0.2609,-0.454757,0.351926,0.450212,0.3629,-0.460958,0.268079,0.475086,0.2581,-0.519436,0.356203,0.395693,0.3825,-0.492082,0.309022,0.41402,0.2662,-0.53672,0.346574,0.470146,0.3971,-0.520509,0.263343,0.426386,0.2595
141,4700,0.170764,-0.043699,-0.566727,0.9909,0.16574,-0.047334,-0.588945,0.9924,0.167722,-0.04843,-0.579186,0.9921,0.166253,-0.046331,-0.580291,0.9949,0.169958,-0.036889,-0.597838,0.9956,0.173657,-0.036829,-0.606535,0.9963,0.168007,-0.021153,-0.587134,0.9978,0.169643,-0.075386,-0.538226,0.9966,0.081659,0.024368,-0.551443,0.9957,0.189019,-0.059976,-0.517705,0.9828,0.160402,-0.014153,-0.549225,0.9864,0.14937,-0.12318,-0.322381,0.9998,0.096958,-0.067024,-0.296831,0.9997,0.024565,-0.197356,-0.189903,0.2807,-0.007329,-0.215994,-0.170955,0.3825,0.02085,-0.291992,-0.05801,0.2711,-0.081999,-0.057774,-0.16569,0.2242,0.013989,-0.311762,-0.050245,0.2653,-0.069416,-0.105965,-0.19772,0.1967,0.025564,-0.31464,-0.053427,0.2654,-0.05755,-0.133721,-0.204869,0.2248,-0.09077,-0.105956,-0.133544,0.2629,-0.143664,0.022621,-0.178263,0.1985,0.029572,-0.031604,0.038732,1.0,-0.025004,0.030139,-0.035635,1.0,-0.265525,0.214697,0.10382,0.2218,-0.191274,0.190814,0.058749,0.2429,-0.454757,0.351926,0.450212,0.3784,-0.460958,0.268079,0.475086,0.2339,-0.519436,0.356203,0.395693,0.3811,-0.492082,0.309022,0.41402,0.2439,-0.53672,0.346574,0.470146,0.4163,-0.520509,0.263343,0.426386,0.2373
142,4733,0.142007,-0.02723,-0.573859,0.9918,0.135617,-0.030849,-0.597575,0.9931,0.13764,-0.03188,-0.58768,0.9929,0.136131,-0.029759,-0.588539,0.9954,0.138194,-0.020369,-0.605232,0.9961,0.142145,-0.020473,-0.613587,0.9967,0.136974,-0.004624,-0.594366,0.998,0.147476,-0.062288,-0.547877,0.9969,0.054935,0.041179,-0.55726,0.9961,0.165299,-0.045219,-0.525441,0.9845,0.135804,0.001493,-0.55499,0.9878,0.141591,-0.118321,-0.328616,0.9998,0.07377,-0.057877,-0.301455,0.9997,0.024565,-0.197356,-0.189903,0.3279,-0.007329,-0.215994,-0.170955,0.418,0.02085,-0.291992,-0.05801,0.3155,-0.081999,-0.057774,-0.16569,0.2368,0.013989,-0.311762,-0.050245,0.303,-0.069416,-0.105965,-0.19772,0.1992,0.025564,-0.31464,-0.053427,0.3019,-0.05755,-0.133721,-0.204869,0.2258,-0.09077,-0.105956,-0.133544,0.2895,-0.143664,0.022621,-0.178263,0.198,0.034608,-0.031602,0.037781,1.0,-0.030392,0.029485,-0.034695,1.0,-0.265525,0.214697,0.10382,0.2276,-0.191274,0.190814,0.058749,0.2257,-0.454757,0.351926,0.450212,0.379,-0.460958,0.268079,0.475086,0.2133,-0.519436,0.356203,0.395693,0.3665,-0.492082,0.309022,0.41402,0.2244,-0.53672,0.346574,0.470146,0.4282,-0.520509,0.263343,0.426386,0.2215
143,4766,0.114694,-0.010575,-0.573631,0.9926,0.10797,-0.013419,-0.599574,0.9938,0.110023,-0.014165,-0.589386,0.9936,0.108446,-0.012055,-0.590027,0.9958,0.108763,-0.003669,-0.60577,0.9965,0.112868,-0.003694,-0.614228,0.997,0.108534,0.012238,-0.59483,0.9982,0.12733,-0.047745,-0.553791,0.9972,0.030747,0.056448,-0.558136,0.9965,0.142507,-0.030198,-0.52677,0.9861,0.111893,0.01672,-0.554152,0.989,0.134793,-0.112271,-0.3338,0.9998,0.051905,-0.050551,-0.302764,0.9997,0.024565,-0.197356,-0.189903,0.3279,-0.007329,-0.215994,-0.170955,0.3994,0.02085,-0.291992,-0.05801,0.2981,-0.081999,-0.057774,-0.16569,0.2192,0.013989,-0.311762,-0.050245,0.2884,-0.069416,-0.105965,-0.19772,0.1845,0.025564,-0.31464,-0.053427,0.2872,-0.05755,-0.133721,-0.204869,0.2088,-0.09077,-0.105956,-0.133544,0.2719,-0.143664,0.022621,-0.178263,0.1837,0.039294,-0.030046,0.035942,1.0,-0.035372,0.027378,-0.033033,1.0,-0.265525,0.214697,0.10382,0.269,-0.191274,0.190814,0.058749,0.2164,-0.454757,0.351926,0.450212,0.4293,-0.460958,0.268079,0.475086,0.2126,-0.519436,0.356203,0.395693,0.4048,-0.492082,0.309022,0.41402,0.2309,-0.53672,0.346574,0.470146,0.4782,-0.520509,0.263343,0.426386,0.2487
144,4800,0.082265,0.008291,-0.568379,0.9934,0.075601,0.007304,-0.597051,0.9944,0.077708,0.006883,-0.586531,0.9942,0.075957,0.008988,-0.586908,0.9963,0.074542,0.016012,-0.601917,0.9968,0.078792,0.01606,-0.610628,0.9973,0.075573,0.032032,-0.59109,0.9984,0.103295,-0.029781,-0.557786,0.9975,0.003798,0.074355,-0.557719,0.9969,0.11503,-0.013567,-0.523827,0.9875,0.083573,0.033536,-0.549554,0.9901,0.126272,-0.10501,-0.337096,0.9998,0.02583,-0.042626,-0.304525,0.9998,0.024565,-0.197356,-0.189903,0.3905,-0.007329,-0.215994,-0.170955,0.3864,0.02085,-0.291992,-0.05801,0.3368,-0.081999,-0.057774,-0.16569,0.2003,0.013989,-0.311762,-0.050245,0.3184,-0.069416,-0.105965,-0.19772,0.1691,0.025564,-0.31464,-0.053427,0.3121,-0.05755,-0.133721,-0.204869,0.1911,-0.09077,-0.105956,-0.133544,0.2904,-0.143664,0.022621,-0.178263,0.1686,0.044337,-0.028276,0.033743,1.0,-0.040751,0.025003,-0.031046,1.0,-0.265525,0.214697,0.10382,0.2848,-0.191274,0.190814,0.058749,0.2026,-0.454757,0.351926,0.450212,0.4761,-0.460958,0.268079,0.475086,0.2056,-0.519436,0.356203,0.395693,0.4507,-0.492082,0.309022,0.41402,0.2416,-0.318926,0.43556,0.433922,0.5164,-0.520509,0.263343,0.426386,0.2417
145,4833,0.059225,0.01993,-0.565106,0.994,0.052398,0.021248,-0.595292,0.995,0.054647,0.02102,-0.584621,0.9948,0.052817,0.02327,-0.584801,0.9966,0.050122,0.027409,-0.599408,0.9971,0.054341,0.027964,-0.608254,0.9976,0.052036,0.043491,-0.588568,0.9985,0.085735,-0.0183,-0.558596,0.9977,-0.016067,0.083097,-0.556146,0.9972,0.095018,-0.002654,-0.521708,0.9887,0.062901,0.043248,-0.546415,0.9911,0.118988,-0.100381,-0.338235,0.9998,0.006139,-0.042165,-0.305035,0.9998,0.024565,-0.197356,-0.189903,0.4237,-0.007329,-0.215994,-0.170955,0.374,0.02085,-0.291992,-0.05801,0.3991,-0.081999,-0.057774,-0.16569,0.2245,0.013989,-0.311762,-0.050245,0.3823,-0.069416,-0.105965,-0.19772,0.2,0.025564,-0.31464,-0.053427,0.3765,-0.05755,-0.133721,-0.204869,0.224,-0.09077,-0.105956,-0.133544,0.3536,-0.143664,0.022621,-0.178263,0.1948,0.04859,-0.027261,0.032256,1.0,-0.045273,0.023504,-0.029678,1.0,-0.265525,0.214697,0.10382,0.2939,-0.191274,0.190814,0.058749,0.2327,-0.261296,0.312334,0.432305,0.5023,-0.460958,0.268079,0.475086,0.2437,-0.519436,0.356203,0.395693,0.4703,-0.492082,0.309022,0.41402,0.273,-0.282698,0.424758,0.432819,0.5471,-0.520509,0.263343,0.426386,0.2782
146,4866,0.036061,0.02672,-0.560796,0.9946,0.028995,0.029325,-0.592414,0.9955,0.031384,0.029142,-0.581546,0.9953,0.029476,0.031424,-0.581565,0.997,0.025375,0.033631,-0.595783,0.9974,0.029493,0.034527,-0.604808,0.9978,0.028137,0.049639,-0.584987,0.9987,0.067838,-0.011374,-0.557188,0.998,-0.036398,0.087303,-0.552689,0.9975,0.074862,0.0032,-0.518358,0.9898,0.042093,0.048609,-0.542069,0.992,0.111236,-0.099947,-0.336393,0.9999,-0.01464,-0.044933,-0.30494,0.9998,0.024565,-0.197356,-0.189903,0.4244,-0.007329,-0.215994,-0.170955,0.3417,0.02085,-0.291992,-0.05801,0.4286,-0.081999,-0.057774,-0.16569,0.2034,0.013989,-0.311762,-0.050245,0.4138,-0.069416,-0.105965,-0.19772,0.1818,0.025564,-0.31464,-0.053427,0.4069,-0.05755,-0.133721,-0.204869,0.2036,-0.09077,-0.105956,-0.133544,0.3734,-0.143664,0.022621,-0.178263,0.1769,0.053106,-0.027309,0.03086,1.0,-0.050071,0.023181,-0.028373,1.0,-0.265525,0.214697,0.10382,0.2842,-0.191274,0.190814,0.058749,0.2652,-0.222143,0.298185,0.432309,0.5187,-0.460958,0.268079,0.475086,0.2778,-0.519436,0.356203,0.395693,0.4848,-0.492082,0.309022,0.41402,0.3007,-0.2356,0.403903,0.436197,0.562,-0.520509,0.263343,0.426386,0.3001
147,4900,0.015464,0.031577,-0.562331,0.9952,0.007334,0.034468,-0.596023,0.9959,0.009897,0.034352,-0.584749,0.9958,0.007911,0.036647,-0.584572,0.9973,0.002749,0.037967,-0.597998,0.9977,0.006752,0.039003,-0.607232,0.998,0.006139,0.053975,-0.587245,0.9988,0.050912,-0.008369,-0.560952,0.9982,-0.055571,0.091052,-0.552922,0.9977,0.057295,0.006674,-0.520745,0.9909,0.024097,0.05268,-0.54244,0.9928,0.103689,-0.102873,-0.338075,0.9999,-0.033979,-0.04599,-0.305621,0.9998,0.024565,-0.197356,-0.189903,0.4765,-0.007329,-0.215994,-0.170955,0.3331,0.02085,-0.291992,-0.05801,0.4835,-0.081999,-0.057774,-0.16569,0.1869,0.013989,-0.311762,-0.050245,0.469,-0.069416,-0.105965,-0.19772,0.1676,0.025564,-0.31464,-0.053427,0.4622,-0.05755,-0.133721,-0.204869,0.1874,-0.09077,-0.105956,-0.133544,0.4284,-0.143664,0.022621,-0.178263,0.1625,0.057051,-0.027386,0.029629,1.0,-0.054282,0.022915,-0.027195,1.0,-0.265525,0.214697,0.10382,0.2948,-0.191274,0.190814,0.058749,0.2537,-0.184467,0.285542,0.431832,0.5458,-0.460958,0.268079,0.475086,0.27,-0.283098,0.2934,0.406775,0.51,-0.492082,0.309022,0.41402,0.3012,-0.190965,0.384024,0.437513,0.5916,-0.520509,0.263343,0.426386,0.3025
148,4933,-0.006172,0.036515,-0.56697,0.9956,-0.015255,0.039575,-0.602707,0.9964,-0.01249,0.039522,-0.591113,0.9962,-0.014598,0.041828,-0.590719,0.9975,-0.020619,0.042528,-0.603272,0.9979,-0.016678,0.043623,-0.612721,0.9982,-0.016583,0.058544,-0.59258,0.9989,0.033663,-0.005585,-0.568603,0.9984,-0.07395,0.095133,-0.556462,0.9979,0.038919,0.010229,-0.526434,0.9918,0.005601,0.056941,-0.546091,0.9935,0.096808,-0.105285,-0.343207,0.9999,-0.052687,-0.046116,-0.30876,0.9998,0.05817,-0.19837,-0.179407,0.5262,-0.007329,-0.215994,-0.170955,0.3126,0.060075,-0.244665,-0.016326,0.5342,-0.081999,-0.057774,-0.16569,0.1701,0.050274,-0.266516,-0.007162,0.5206,-0.069416,-0.105965,-0.19772,0.1532,0.053392,-0.265665,-0.012485,0.5142,-0.05755,-0.133721,-0.204869,0.171,-0.09077,-0.105956,-0.133544,0.4818,-0.143664,0.022621,-0.178263,0.148,0.061047,-0.027405,0.028352,1.0,-0.058607,0.02263,-0.025927,1.0,-0.265525,0.214697,0.10382,0.2664,-0.191274,0.190814,0.058749,0.2288,-0.184467,0.285542,0.431832,0.4944,-0.460958,0.268079,0.475086,0.2438,-0.283098,0.2934,0.406775,0.4669,-0.492082,0.309022,0.41402,0.2749,-0.156933,0.385835,0.440355,0.5364,-0.520509,0.263343,0.426386,0.2732
149,4966,-0.031311,0.043361,-0.570249,0.9961,-0.040174,0.046492,-0.608459,0.9967,-0.037232,0.046684,-0.59655,0.9966,-0.039513,0.048972,-0.595838,0.9978,-0.046765,0.048616,-0.606609,0.9981,-0.042808,0.049473,-0.616224,0.9984,-0.041935,0.064188,-0.595938,0.999,0.01538,-0.001247,-0.575664,0.9985,-0.092616,0.099339,-0.557746,0.9982,0.017198,0.015157,-0.531469,0.9926,-0.015737,0.062408,-0.548192,0.9941,0.089234,-0.106931,-0.348003,0.9999,-0.073942,-0.043193,-0.311232,0.9999,0.062367,-0.198844,-0.177858,0.5734,-0.007329,-0.215994,-0.170955,0.3767,0.062815,-0.236919,-0.008225,0.5787,-0.081999,-0.057774,-0.16569,0.2307,0.051592,-0.25823,0.001402,0.5649,-0.069416,-0.105965,-0.19772,0.2119,0.054209,-0.256259,-0.003891,0.558,-0.05755,-0.133721,-0.204869,0.2264,-0.034918,-0.097156,-0.061445,0.5256,-0.143664,0.022621,-0.178263,0.1999,0.064938,-0.027387,0.025842,1.0,-0.062774,0.022323,-0.023429,1.0,-0.265525,0.214697,0.10382,0.3322,-0.191274,0.190814,0.058749,0.2622,-0.12067,0.293496,0.430806,0.5413,-0.460958,0.268079,0.475086,0.2776,-0.215234,0.301915,0.410334,0.5174,-0.492082,0.309022,0.41402,0.3341,-0.115119,0.39068,0.442058,0.5783,-0.520509,0.263343,0.426386,0.3139
