frame_idx,timestamp_ms,processing_time_s,frame_state,pose_detected,pose_usable,quality_reason,quality_score,pose_visibility_mean,pose_visibility_min,pose_low_visibility_count,visible_joint_ratio,motion_jump,bbox_area_ratio,consistency_score,mean_abs_normalized_deviation,bone_variance_mean,bone_stddev_mean,pose_coverage,detected_pose_coverage,usable_pose_coverage,source_name,stable_frame_used,correction_metadata,Length_UpperArm_L,Normalized_UpperArm_L,Variance_UpperArm_L,StdDev_UpperArm_L,Length_LowerArm_L,Normalized_LowerArm_L,Variance_LowerArm_L,StdDev_LowerArm_L,Length_UpperArm_R,Normalized_UpperArm_R,Variance_UpperArm_R,StdDev_UpperArm_R,Length_LowerArm_R,Normalized_LowerArm_R,Variance_LowerArm_R,StdDev_LowerArm_R,Length_UpperLeg_L,Normalized_UpperLeg_L,Variance_UpperLeg_L,StdDev_UpperLeg_L,Length_LowerLeg_L,Normalized_LowerLeg_L,Variance_LowerLeg_L,StdDev_LowerLeg_L,Length_UpperLeg_R,Normalized_UpperLeg_R,Variance_UpperLeg_R,StdDev_UpperLeg_R,Length_LowerLeg_R,Normalized_LowerLeg_R,Variance_LowerLeg_R,StdDev_LowerLeg_R,Length_Shoulder,Normalized_Shoulder,Variance_Shoulder,StdDev_Shoulder,Length_Hip,Normalized_Hip,Variance_Hip,StdDev_Hip,Reference_Length_UpperArm_L,Reference_Length_LowerArm_L,Reference_Length_UpperArm_R,Reference_Length_LowerArm_R,Reference_Length_UpperLeg_L,Reference_Length_LowerLeg_L,Reference_Length_UpperLeg_R,Reference_Length_LowerLeg_R,Reference_Length_Shoulder,Reference_Length_Hip
0,0,0.131939,detected,1,0,partial_pose,0.4642,0.4906,0.0554,19,0.4242,0.0,0.0053,1.0,0.0,0.0,0.0,1.0,1.0,0.0,world,False,"{""0"": ""raw_mediapipe"", ""1"": ""raw_mediapipe"", ""2"": ""raw_mediapipe"", ""3"": ""raw_mediapipe"", ""4"": ""raw_mediapipe"", ""5"": ""raw_mediapipe"", ""6"": ""raw_mediapipe"", ""7"": ""raw_mediapipe"", ""8"": ""raw_mediapipe"", ""9"": ""raw_mediapipe"", ""10"": ""raw_mediapipe"", ""11"": ""raw_mediapipe"", ""12"": ""raw_mediapipe"", ""13"": ""raw_mediapipe"", ""14"": ""raw_mediapipe"", ""15"": ""raw_mediapipe"", ""16"": ""raw_mediapipe"", ""17"": ""raw_mediapipe"", ""18"": ""raw_mediapipe"", ""19"": ""raw_mediapipe"", ""20"": ""raw_mediapipe"", ""21"": ""raw_mediapipe"", ""22"": ""raw_mediapipe"", ""23"": ""raw_mediapipe"", ""24"": ""raw_mediapipe"", ""25"": ""raw_mediapipe"", ""26"": ""raw_mediapipe"", ""27"": ""raw_mediapipe"", ""28"": ""raw_mediapipe"", ""29"": ""raw_mediapipe"", ""30"": ""raw_mediapipe"", ""31"": ""raw_mediapipe"", ""32"": ""raw_mediapipe""}",0.0,0.0,0.0,0.0,0.0,0.0,0.0,0.0,0.0,0.0,0.0,0.0,0.0,0.0,0.0,0.0,0.3053,0.0,0.0,0.0,0.2133,0.0,0.0,0.0,0.2341,0.0,0.0,0.0,0.3087,0.0,0.0,0.0,0.0,0.0,0.0,0.0,0.0,0.0,0.0,0.0,0.0,0.0,0.0,0.0,0.0,0.0,0.0,0.0,0.0,0.0
1,33,0.1588,detected,1,0,low_confidence,0.3177,0.5128,0.064,21,0.3636,0.7421,0.0099,1.0,0.0,0.0,0.0,1.0,1.0,0.0,world,False,"{""0"": ""raw_mediapipe"", ""1"": ""raw_mediapipe"", ""2"": ""raw_mediapipe"", ""3"": ""raw_mediapipe"", ""4"": ""raw_mediapipe"", ""5"": ""raw_mediapipe"", ""6"": ""raw_mediapipe"", ""7"": ""raw_mediapipe"", ""8"": ""raw_mediapipe"", ""9"": ""raw_mediapipe"", ""10"": ""raw_mediapipe"", ""11"": ""raw_mediapipe"", ""12"": ""raw_mediapipe"", ""13"": ""raw_mediapipe"", ""14"": ""raw_mediapipe"", ""15"": ""raw_mediapipe"", ""16"": ""raw_mediapipe"", ""17"": ""raw_mediapipe"", ""18"": ""raw_mediapipe"", ""19"": ""raw_mediapipe"", ""20"": ""raw_mediapipe"", ""21"": ""raw_mediapipe"", ""22"": ""raw_mediapipe"", ""23"": ""raw_mediapipe"", ""24"": ""raw_mediapipe"", ""25"": ""raw_mediapipe"", ""26"": ""raw_mediapipe"", ""27"": ""raw_mediapipe"", ""28"": ""raw_mediapipe"", ""29"": ""raw_mediapipe"", ""30"": ""raw_mediapipe"", ""31"": ""raw_mediapipe"", ""32"": ""raw_mediapipe""}",0.0,0.0,0.0,0.0,0.0,0.0,0.0,0.0,0.0,0.0,0.0,0.0,0.0,0.0,0.0,0.0,0.306,0.0,0.0,0.0,0.2151,0.0,0.0,0.0,0.2379,0.0,0.0,0.0,0.3085,0.0,0.0,0.0,0.0,0.0,0.0,0.0,0.0,0.0,0.0,0.0,0.0,0.0,0.0,0.0,0.0,0.0,0.0,0.0,0.0,0.0
2,66,0.192534,detected,1,0,low_confidence,0.3268,0.5058,0.0721,21,0.3636,0.3161,0.0146,1.0,0.0,0.0,0.0,1.0,1.0,0.0,world,False,"{""0"": ""raw_mediapipe"", ""1"": ""raw_mediapipe"", ""2"": ""raw_mediapipe"", ""3"": ""raw_mediapipe"", ""4"": ""raw_mediapipe"", ""5"": ""raw_mediapipe"", ""6"": ""raw_mediapipe"", ""7"": ""raw_mediapipe"", ""8"": ""raw_mediapipe"", ""9"": ""raw_mediapipe"", ""10"": ""raw_mediapipe"", ""11"": ""raw_mediapipe"", ""12"": ""raw_mediapipe"", ""13"": ""raw_mediapipe"", ""14"": ""raw_mediapipe"", ""15"": ""raw_mediapipe"", ""16"": ""raw_mediapipe"", ""17"": ""raw_mediapipe"", ""18"": ""raw_mediapipe"", ""19"": ""raw_mediapipe"", ""20"": ""raw_mediapipe"", ""21"": ""raw_mediapipe"", ""22"": ""raw_mediapipe"", ""23"": ""raw_mediapipe"", ""24"": ""raw_mediapipe"", ""25"": ""raw_mediapipe"", ""26"": ""raw_mediapipe"", ""27"": ""raw_mediapipe"", ""28"": ""raw_mediapipe"", ""29"": ""raw_mediapipe"", ""30"": ""raw_mediapipe"", ""31"": ""raw_mediapipe"", ""32"": ""raw_mediapipe""}",0.0,0.0,0.0,0.0,0.0,0.0,0.0,0.0,0.0,0.0,0.0,0.0,0.0,0.0,0.0,0.0,0.307,0.0,0.0,0.0,0.2177,0.0,0.0,0.0,0.2408,0.0,0.0,0.0,0.3084,0.0,0.0,0.0,0.0,0.0,0.0,0.0,0.0,0.0,0.0,0.0,0.0,0.0,0.0,0.0,0.0,0.0,0.0,0.0,0.0,0.0
3,100,0.217946,detected,1,0,low_confidence,0.3358,0.5363,0.0769,21,0.3636,0.3301,0.0135,1.0,0.0,0.0,0.0,1.0,1.0,0.0,world,False,"{""0"": ""raw_mediapipe"", ""1"": ""raw_mediapipe"", ""2"": ""raw_mediapipe"", ""3"": ""raw_mediapipe"", ""4"": ""raw_mediapipe"", ""5"": ""raw_mediapipe"", ""6"": ""raw_mediapipe"", ""7"": ""raw_mediapipe"", ""8"": ""raw_mediapipe"", ""9"": ""raw_mediapipe"", ""10"": ""raw_mediapipe"", ""11"": ""raw_mediapipe"", ""12"": ""raw_mediapipe"", ""13"": ""raw_mediapipe"", ""14"": ""raw_mediapipe"", ""15"": ""raw_mediapipe"", ""16"": ""raw_mediapipe"", ""17"": ""raw_mediapipe"", ""18"": ""raw_mediapipe"", ""19"": ""raw_mediapipe"", ""20"": ""raw_mediapipe"", ""21"": ""raw_mediapipe"", ""22"": ""raw_mediapipe"", ""23"": ""raw_mediapipe"", ""24"": ""raw_mediapipe"", ""25"": ""raw_mediapipe"", ""26"": ""raw_mediapipe"", ""27"": ""raw_mediapipe"", ""28"": ""raw_mediapipe"", ""29"": ""raw_mediapipe"", ""30"": ""raw_mediapipe"", ""31"": ""raw_mediapipe"", ""32"": ""raw_mediapipe""}",0.0,0.0,0.0,0.0,0.0,0.0,0.0,0.0,0.0,0.0,0.0,0.0,0.0,0.0,0.0,0.0,0.3076,0.0,0.0,0.0,0.2206,0.0,0.0,0.0,0.244,0.0,0.0,0.0,0.3116,0.0,0.0,0.0,0.0,0.0,0.0,0.0,0.0,0.0,0.0,0.0,0.0,0.0,0.0,0.0,0.0,0.0,0.0,0.0,0.0,0.0
4,133,0.245016,detected,1,0,low_confidence,0.3261,0.5665,0.1439,20,0.3939,0.895,0.0018,1.0,0.0,0.0,0.0,1.0,1.0,0.0,world,False,"{""0"": ""raw_mediapipe"", ""1"": ""raw_mediapipe"", ""2"": ""raw_mediapipe"", ""3"": ""raw_mediapipe"", ""4"": ""raw_mediapipe"", ""5"": ""raw_mediapipe"", ""6"": ""raw_mediapipe"", ""7"": ""raw_mediapipe"", ""8"": ""raw_mediapipe"", ""9"": ""raw_mediapipe"", ""10"": ""raw_mediapipe"", ""11"": ""raw_mediapipe"", ""12"": ""raw_mediapipe"", ""13"": ""raw_mediapipe"", ""14"": ""raw_mediapipe"", ""15"": ""raw_mediapipe"", ""16"": ""raw_mediapipe"", ""17"": ""raw_mediapipe"", ""18"": ""raw_mediapipe"", ""19"": ""raw_mediapipe"", ""20"": ""raw_mediapipe"", ""21"": ""raw_mediapipe"", ""22"": ""raw_mediapipe"", ""23"": ""raw_mediapipe"", ""24"": ""raw_mediapipe"", ""25"": ""raw_mediapipe"", ""26"": ""raw_mediapipe"", ""27"": ""raw_mediapipe"", ""28"": ""raw_mediapipe"", ""29"": ""raw_mediapipe"", ""30"": ""raw_mediapipe"", ""31"": ""raw_mediapipe"", ""32"": ""raw_mediapipe""}",0.0,0.0,0.0,0.0,0.0,0.0,0.0,0.0,0.0,0.0,0.0,0.0,0.0,0.0,0.0,0.0,0.304,0.0,0.0,0.0,0.221,0.0,0.0,0.0,0.2456,0.0,0.0,0.0,0.3074,0.0,0.0,0.0,0.0,0.0,0.0,0.0,0.0,0.0,0.0,0.0,0.0,0.0,0.0,0.0,0.0,0.0,0.0,0.0,0.0,0.0
5,166,0.272969,detected,1,0,low_confidence,0.3543,0.5945,0.1478,18,0.4545,1.6551,0.0023,1.0,0.0,0.0,0.0,1.0,1.0,0.0,world,False,"{""0"": ""raw_mediapipe"", ""1"": ""raw_mediapipe"", ""2"": ""raw_mediapipe"", ""3"": ""raw_mediapipe"", ""4"": ""raw_mediapipe"", ""5"": ""raw_mediapipe"", ""6"": ""raw_mediapipe"", ""7"": ""raw_mediapipe"", ""8"": ""raw_mediapipe"", ""9"": ""raw_mediapipe"", ""10"": ""raw_mediapipe"", ""11"": ""raw_mediapipe"", ""12"": ""raw_mediapipe"", ""13"": ""raw_mediapipe"", ""14"": ""raw_mediapipe"", ""15"": ""raw_mediapipe"", ""16"": ""raw_mediapipe"", ""17"": ""raw_mediapipe"", ""18"": ""raw_mediapipe"", ""19"": ""raw_mediapipe"", ""20"": ""raw_mediapipe"", ""21"": ""raw_mediapipe"", ""22"": ""raw_mediapipe"", ""23"": ""raw_mediapipe"", ""24"": ""raw_mediapipe"", ""25"": ""raw_mediapipe"", ""26"": ""raw_mediapipe"", ""27"": ""raw_mediapipe"", ""28"": ""raw_mediapipe"", ""29"": ""raw_mediapipe"", ""30"": ""raw_mediapipe"", ""31"": ""raw_mediapipe"", ""32"": ""raw_mediapipe""}",0.0,0.0,0.0,0.0,0.0,0.0,0.0,0.0,0.0,0.0,0.0,0.0,0.0,0.0,0.0,0.0,0.3029,0.0,0.0,0.0,0.2318,0.0,0.0,0.0,0.2482,0.0,0.0,0.0,0.3142,0.0,0.0,0.0,0.0,0.0,0.0,0.0,0.0,0.0,0.0,0.0,0.0,0.0,0.0,0.0,0.0,0.0,0.0,0.0,0.0,0.0
6,200,0.29719,detected,1,0,low_confidence,0.368,0.6127,0.1946,17,0.4848,1.4254,0.0017,1.0,0.0,0.0,0.0,1.0,1.0,0.0,world,False,"{""0"": ""raw_mediapipe"", ""1"": ""raw_mediapipe"", ""2"": ""raw_mediapipe"", ""3"": ""raw_mediapipe"", ""4"": ""raw_mediapipe"", ""5"": ""raw_mediapipe"", ""6"": ""raw_mediapipe"", ""7"": ""raw_mediapipe"", ""8"": ""raw_mediapipe"", ""9"": ""raw_mediapipe"", ""10"": ""raw_mediapipe"", ""11"": ""raw_mediapipe"", ""12"": ""raw_mediapipe"", ""13"": ""raw_mediapipe"", ""14"": ""raw_mediapipe"", ""15"": ""raw_mediapipe"", ""16"": ""raw_mediapipe"", ""17"": ""raw_mediapipe"", ""18"": ""raw_mediapipe"", ""19"": ""raw_mediapipe"", ""20"": ""raw_mediapipe"", ""21"": ""raw_mediapipe"", ""22"": ""raw_mediapipe"", ""23"": ""raw_mediapipe"", ""24"": ""raw_mediapipe"", ""25"": ""raw_mediapipe"", ""26"": ""raw_mediapipe"", ""27"": ""raw_mediapipe"", ""28"": ""raw_mediapipe"", ""29"": ""raw_mediapipe"", ""30"": ""raw_mediapipe"", ""31"": ""raw_mediapipe"", ""32"": ""raw_mediapipe""}",0.0,0.0,0.0,0.0,0.0,0.0,0.0,0.0,0.0,0.0,0.0,0.0,0.0,0.0,0.0,0.0,0.2967,0.0,0.0,0.0,0.2363,0.0,0.0,0.0,0.2507,0.0,0.0,0.0,0.3115,0.0,0.0,0.0,0.0,0.0,0.0,0.0,0.0,0.0,0.0,0.0,0.0,0.0,0.0,0.0,0.0,0.0,0.0,0.0,0.0,0.0
7,233,0.330416,detected,1,0,low_confidence,0.4293,0.6234,0.1811,10,0.697,1.8377,0.0017,1.0,0.0,0.0,0.0,1.0,1.0,0.0,world,False,"{""0"": ""raw_mediapipe"", ""1"": ""raw_mediapipe"", ""2"": ""raw_mediapipe"", ""3"": ""raw_mediapipe"", ""4"": ""raw_mediapipe"", ""5"": ""raw_mediapipe"", ""6"": ""raw_mediapipe"", ""7"": ""raw_mediapipe"", ""8"": ""raw_mediapipe"", ""9"": ""raw_mediapipe"", ""10"": ""raw_mediapipe"", ""11"": ""raw_mediapipe"", ""12"": ""raw_mediapipe"", ""13"": ""raw_mediapipe"", ""14"": ""raw_mediapipe"", ""15"": ""raw_mediapipe"", ""16"": ""raw_mediapipe"", ""17"": ""raw_mediapipe"", ""18"": ""raw_mediapipe"", ""19"": ""raw_mediapipe"", ""20"": ""raw_mediapipe"", ""21"": ""raw_mediapipe"", ""22"": ""raw_mediapipe"", ""23"": ""raw_mediapipe"", ""24"": ""raw_mediapipe"", ""25"": ""raw_mediapipe"", ""26"": ""raw_mediapipe"", ""27"": ""raw_mediapipe"", ""28"": ""raw_mediapipe"", ""29"": ""raw_mediapipe"", ""30"": ""raw_mediapipe"", ""31"": ""raw_mediapipe"", ""32"": ""raw_mediapipe""}",0.0,0.0,0.0,0.0,0.0,0.0,0.0,0.0,0.0,0.0,0.0,0.0,0.0,0.0,0.0,0.0,0.2956,0.0,0.0,0.0,0.2468,0.0,0.0,0.0,0.2567,0.0,0.0,0.0,0.3113,0.0,0.0,0.0,0.0,0.0,0.0,0.0,0.0,0.0,0.0,0.0,0.0,0.0,0.0,0.0,0.0,0.0,0.0,0.0,0.0,0.0
8,266,0.359963,detected,1,0,low_confidence,0.432,0.6259,0.1663,10,0.697,0.3868,0.0024,1.0,0.0,0.0,0.0,1.0,1.0,0.0,world,False,"{""0"": ""raw_mediapipe"", ""1"": ""raw_mediapipe"", ""2"": ""raw_mediapipe"", ""3"": ""raw_mediapipe"", ""4"": ""raw_mediapipe"", ""5"": ""raw_mediapipe"", ""6"": ""raw_mediapipe"", ""7"": ""raw_mediapipe"", ""8"": ""raw_mediapipe"", ""9"": ""raw_mediapipe"", ""10"": ""raw_mediapipe"", ""11"": ""raw_mediapipe"", ""12"": ""raw_mediapipe"", ""13"": ""raw_mediapipe"", ""14"": ""raw_mediapipe"", ""15"": ""raw_mediapipe"", ""16"": ""raw_mediapipe"", ""17"": ""raw_mediapipe"", ""18"": ""raw_mediapipe"", ""19"": ""raw_mediapipe"", ""20"": ""raw_mediapipe"", ""21"": ""raw_mediapipe"", ""22"": ""raw_mediapipe"", ""23"": ""raw_mediapipe"", ""24"": ""raw_mediapipe"", ""25"": ""raw_mediapipe"", ""26"": ""raw_mediapipe"", ""27"": ""raw_mediapipe"", ""28"": ""raw_mediapipe"", ""29"": ""raw_mediapipe"", ""30"": ""raw_mediapipe"", ""31"": ""raw_mediapipe"", ""32"": ""raw_mediapipe""}",0.0,0.0,0.0,0.0,0.0,0.0,0.0,0.0,0.0,0.0,0.0,0.0,0.0,0.0,0.0,0.0,0.2959,0.0,0.0,0.0,0.2564,0.0,0.0,0.0,0.2625,0.0,0.0,0.0,0.3094,0.0,0.0,0.0,0.0,0.0,0.0,0.0,0.0,0.0,0.0,0.0,0.0,0.0,0.0,0.0,0.0,0.0,0.0,0.0,0.0,0.0
9,300,0.385158,detected,1,0,low_confidence,0.4329,0.6284,0.1507,10,0.697,0.6957,0.0024,1.0,0.0,0.0,0.0,1.0,1.0,0.0,world,False,"{""0"": ""raw_mediapipe"", ""1"": ""raw_mediapipe"", ""2"": ""raw_mediapipe"", ""3"": ""raw_mediapipe"", ""4"": ""raw_mediapipe"", ""5"": ""raw_mediapipe"", ""6"": ""raw_mediapipe"", ""7"": ""raw_mediapipe"", ""8"": ""raw_mediapipe"", ""9"": ""raw_mediapipe"", ""10"": ""raw_mediapipe"", ""11"": ""raw_mediapipe"", ""12"": ""raw_mediapipe"", ""13"": ""raw_mediapipe"", ""14"": ""raw_mediapipe"", ""15"": ""raw_mediapipe"", ""16"": ""raw_mediapipe"", ""17"": ""raw_mediapipe"", ""18"": ""raw_mediapipe"", ""19"": ""raw_mediapipe"", ""20"": ""raw_mediapipe"", ""21"": ""raw_mediapipe"", ""22"": ""raw_mediapipe"", ""23"": ""raw_mediapipe"", ""24"": ""raw_mediapipe"", ""25"": ""raw_mediapipe"", ""26"": ""raw_mediapipe"", ""27"": ""raw_mediapipe"", ""28"": ""raw_mediapipe"", ""29"": ""raw_mediapipe"", ""30"": ""raw_mediapipe"", ""31"": ""raw_mediapipe"", ""32"": ""raw_mediapipe""}",0.0,0.0,0.0,0.0,0.0,0.0,0.0,0.0,0.0,0.0,0.0,0.0,0.0,0.0,0.0,0.0,0.2947,0.0,0.0,0.0,0.2582,0.0,0.0,0.0,0.267,0.0,0.0,0.0,0.3037,0.0,0.0,0.0,0.0,0.0,0.0,0.0,0.0,0.0,0.0,0.0,0.0,0.0,0.0,0.0,0.0,0.0,0.0,0.0,0.0,0.0
10,333,0.408163,detected,1,0,low_confidence,0.4419,0.6389,0.157,10,0.697,0.4473,0.0044,1.0,0.0,0.0,0.0,1.0,1.0,0.0,world,False,"{""0"": ""raw_mediapipe"", ""1"": ""raw_mediapipe"", ""2"": ""raw_mediapipe"", ""3"": ""raw_mediapipe"", ""4"": ""raw_mediapipe"", ""5"": ""raw_mediapipe"", ""6"": ""raw_mediapipe"", ""7"": ""raw_mediapipe"", ""8"": ""raw_mediapipe"", ""9"": ""raw_mediapipe"", ""10"": ""raw_mediapipe"", ""11"": ""raw_mediapipe"", ""12"": ""raw_mediapipe"", ""13"": ""raw_mediapipe"", ""14"": ""raw_mediapipe"", ""15"": ""raw_mediapipe"", ""16"": ""raw_mediapipe"", ""17"": ""raw_mediapipe"", ""18"": ""raw_mediapipe"", ""19"": ""raw_mediapipe"", ""20"": ""raw_mediapipe"", ""21"": ""raw_mediapipe"", ""22"": ""raw_mediapipe"", ""23"": ""raw_mediapipe"", ""24"": ""raw_mediapipe"", ""25"": ""raw_mediapipe"", ""26"": ""raw_mediapipe"", ""27"": ""raw_mediapipe"", ""28"": ""raw_mediapipe"", ""29"": ""raw_mediapipe"", ""30"": ""raw_mediapipe"", ""31"": ""raw_mediapipe"", ""32"": ""raw_mediapipe""}",0.0,0.0,0.0,0.0,0.0,0.0,0.0,0.0,0.0,0.0,0.0,0.0,0.0,0.0,0.0,0.0,0.2901,0.0,0.0,0.0,0.2601,0.0,0.0,0.0,0.271,0.0,0.0,0.0,0.3023,0.0,0.0,0.0,0.0,0.0,0.0,0.0,0.0,0.0,0.0,0.0,0.0,0.0,0.0,0.0,0.0,0.0,0.0,0.0,0.0,0.0
11,366,0.564268,interpolated,0,0,interpolated,0.0,0.0,0.0,0,0.0,0.0,0.0,1.0,0.0,0.0,0.0,0.9167,0.9167,0.0,world,False,{},0.0,0.0,0.0,0.0,0.0,0.0,0.0,0.0,0.0,0.0,0.0,0.0,0.0,0.0,0.0,0.0,0.2872,0.0,0.0,0.0,0.256,0.0,0.0,0.0,0.2727,0.0,0.0,0.0,0.2916,0.0,0.0,0.0,0.0,0.0,0.0,0.0,0.0,0.0,0.0,0.0,0.0,0.0,0.0,0.0,0.0,0.0,0.0,0.0,0.0,0.0
12,400,0.568889,interpolated,0,0,interpolated,0.0,0.0,0.0,0,0.0,0.0,0.0,1.0,0.0,0.0,0.0,0.8462,0.8462,0.0,world,False,{},0.0,0.0,0.0,0.0,0.0,0.0,0.0,0.0,0.0,0.0,0.0,0.0,0.0,0.0,0.0,0.0,0.2846,0.0,0.0,0.0,0.252,0.0,0.0,0.0,0.2745,0.0,0.0,0.0,0.2812,0.0,0.0,0.0,0.0,0.0,0.0,0.0,0.0,0.0,0.0,0.0,0.0,0.0,0.0,0.0,0.0,0.0,0.0,0.0,0.0,0.0
13,433,0.573009,detected,1,0,partial_pose,0.4742,0.6661,0.237,10,0.697,0.7734,0.0131,1.0,0.0,0.0,0.0,0.8571,0.8571,0.0,world,False,"{""0"": ""raw_mediapipe"", ""1"": ""raw_mediapipe"", ""2"": ""raw_mediapipe"", ""3"": ""raw_mediapipe"", ""4"": ""raw_mediapipe"", ""5"": ""raw_mediapipe"", ""6"": ""raw_mediapipe"", ""7"": ""raw_mediapipe"", ""8"": ""raw_mediapipe"", ""9"": ""raw_mediapipe"", ""10"": ""raw_mediapipe"", ""11"": ""raw_mediapipe"", ""12"": ""raw_mediapipe"", ""13"": ""raw_mediapipe"", ""14"": ""raw_mediapipe"", ""15"": ""raw_mediapipe"", ""16"": ""raw_mediapipe"", ""17"": ""raw_mediapipe"", ""18"": ""raw_mediapipe"", ""19"": ""raw_mediapipe"", ""20"": ""raw_mediapipe"", ""21"": ""raw_mediapipe"", ""22"": ""raw_mediapipe"", ""23"": ""raw_mediapipe"", ""24"": ""raw_mediapipe"", ""25"": ""raw_mediapipe"", ""26"": ""raw_mediapipe"", ""27"": ""raw_mediapipe"", ""28"": ""raw_mediapipe"", ""29"": ""raw_mediapipe"", ""30"": ""raw_mediapipe"", ""31"": ""raw_mediapipe"", ""32"": ""raw_mediapipe""}",0.0,0.0,0.0,0.0,0.0,0.0,0.0,0.0,0.0,0.0,0.0,0.0,0.0,0.0,0.0,0.0,0.2824,0.0,0.0,0.0,0.248,0.0,0.0,0.0,0.2762,0.0,0.0,0.0,0.2711,0.0,0.0,0.0,0.0,0.0,0.0,0.0,0.0,0.0,0.0,0.0,0.0,0.0,0.0,0.0,0.0,0.0,0.0,0.0,0.0,0.0
14,466,0.594585,detected,1,0,partial_pose,0.4866,0.6929,0.2962,10,0.697,0.9232,0.0141,1.0,0.0,0.0,0.0,0.8667,0.8667,0.0,world,False,"{""0"": ""raw_mediapipe"", ""1"": ""raw_mediapipe"", ""2"": ""raw_mediapipe"", ""3"": ""raw_mediapipe"", ""4"": ""raw_mediapipe"", ""5"": ""raw_mediapipe"", ""6"": ""raw_mediapipe"", ""7"": ""raw_mediapipe"", ""8"": ""raw_mediapipe"", ""9"": ""raw_mediapipe"", ""10"": ""raw_mediapipe"", ""11"": ""raw_mediapipe"", ""12"": ""raw_mediapipe"", ""13"": ""raw_mediapipe"", ""14"": ""raw_mediapipe"", ""15"": ""raw_mediapipe"", ""16"": ""raw_mediapipe"", ""17"": ""raw_mediapipe"", ""18"": ""raw_mediapipe"", ""19"": ""raw_mediapipe"", ""20"": ""raw_mediapipe"", ""21"": ""raw_mediapipe"", ""22"": ""raw_mediapipe"", ""23"": ""raw_mediapipe"", ""24"": ""raw_mediapipe"", ""25"": ""raw_mediapipe"", ""26"": ""raw_mediapipe"", ""27"": ""raw_mediapipe"", ""28"": ""raw_mediapipe"", ""29"": ""raw_mediapipe"", ""30"": ""raw_mediapipe"", ""31"": ""raw_mediapipe"", ""32"": ""raw_mediapipe""}",0.0,0.0,0.0,0.0,0.0,0.0,0.0,0.0,0.0,0.0,0.0,0.0,0.0,0.0,0.0,0.0,0.2783,0.0,0.0,0.0,0.2488,0.0,0.0,0.0,0.2686,0.0,0.0,0.0,0.2708,0.0,0.0,0.0,0.0,0.0,0.0,0.0,0.0,0.0,0.0,0.0,0.0,0.0,0.0,0.0,0.0,0.0,0.0,0.0,0.0,0.0
15,500,0.61592,detected,1,0,partial_pose,0.4841,0.715,0.3392,10,0.697,0.4078,0.0097,1.0,0.0,0.0,0.0,0.875,0.875,0.0,world,False,"{""0"": ""raw_mediapipe"", ""1"": ""raw_mediapipe"", ""2"": ""raw_mediapipe"", ""3"": ""raw_mediapipe"", ""4"": ""raw_mediapipe"", ""5"": ""raw_mediapipe"", ""6"": ""raw_mediapipe"", ""7"": ""raw_mediapipe"", ""8"": ""raw_mediapipe"", ""9"": ""raw_mediapipe"", ""10"": ""raw_mediapipe"", ""11"": ""raw_mediapipe"", ""12"": ""raw_mediapipe"", ""13"": ""raw_mediapipe"", ""14"": ""raw_mediapipe"", ""15"": ""raw_mediapipe"", ""16"": ""raw_mediapipe"", ""17"": ""raw_mediapipe"", ""18"": ""raw_mediapipe"", ""19"": ""raw_mediapipe"", ""20"": ""raw_mediapipe"", ""21"": ""raw_mediapipe"", ""22"": ""raw_mediapipe"", ""23"": ""raw_mediapipe"", ""24"": ""raw_mediapipe"", ""25"": ""raw_mediapipe"", ""26"": ""raw_mediapipe"", ""27"": ""raw_mediapipe"", ""28"": ""raw_mediapipe"", ""29"": ""raw_mediapipe"", ""30"": ""raw_mediapipe"", ""31"": ""raw_mediapipe"", ""32"": ""raw_mediapipe""}",0.0,0.0,0.0,0.0,0.0,0.0,0.0,0.0,0.0,0.0,0.0,0.0,0.0,0.0,0.0,0.0,0.279,0.0,0.0,0.0,0.2445,0.0,0.0,0.0,0.2646,0.0,0.0,0.0,0.2753,0.0,0.0,0.0,0.0,0.0,0.0,0.0,0.0,0.0,0.0,0.0,0.0,0.0,0.0,0.0,0.0,0.0,0.0,0.0,0.0,0.0
16,533,0.638692,detected,1,0,unstable,0.5195,0.7374,0.3879,7,0.7879,1.1488,0.0106,1.0,0.0,0.0,0.0,0.8824,0.8824,0.0,world,False,"{""0"": ""raw_mediapipe"", ""1"": ""raw_mediapipe"", ""2"": ""raw_mediapipe"", ""3"": ""raw_mediapipe"", ""4"": ""raw_mediapipe"", ""5"": ""raw_mediapipe"", ""6"": ""raw_mediapipe"", ""7"": ""raw_mediapipe"", ""8"": ""raw_mediapipe"", ""9"": ""raw_mediapipe"", ""10"": ""raw_mediapipe"", ""11"": ""raw_mediapipe"", ""12"": ""raw_mediapipe"", ""13"": ""raw_mediapipe"", ""14"": ""raw_mediapipe"", ""15"": ""raw_mediapipe"", ""16"": ""raw_mediapipe"", ""17"": ""raw_mediapipe"", ""18"": ""raw_mediapipe"", ""19"": ""raw_mediapipe"", ""20"": ""raw_mediapipe"", ""21"": ""raw_mediapipe"", ""22"": ""raw_mediapipe"", ""23"": ""raw_mediapipe"", ""24"": ""raw_mediapipe"", ""25"": ""raw_mediapipe"", ""26"": ""raw_mediapipe"", ""27"": ""raw_mediapipe"", ""28"": ""raw_mediapipe"", ""29"": ""raw_mediapipe"", ""30"": ""raw_mediapipe"", ""31"": ""raw_mediapipe"", ""32"": ""raw_mediapipe""}",0.0,0.0,0.0,0.0,0.0,0.0,0.0,0.0,0.0,0.0,0.0,0.0,0.0,0.0,0.0,0.0,0.2795,0.0,0.0,0.0,0.2369,0.0,0.0,0.0,0.2631,0.0,0.0,0.0,0.2766,0.0,0.0,0.0,0.0,0.0,0.0,0.0,0.0,0.0,0.0,0.0,0.0,0.0,0.0,0.0,0.0,0.0,0.0,0.0,0.0,0.0
17,566,0.670265,detected,1,0,unstable,0.5365,0.7457,0.3502,5,0.8485,0.6159,0.0096,1.0,0.0,0.0,0.0,0.8889,0.8889,0.0,world,False,"{""0"": ""raw_mediapipe"", ""1"": ""raw_mediapipe"", ""2"": ""raw_mediapipe"", ""3"": ""raw_mediapipe"", ""4"": ""raw_mediapipe"", ""5"": ""raw_mediapipe"", ""6"": ""raw_mediapipe"", ""7"": ""raw_mediapipe"", ""8"": ""raw_mediapipe"", ""9"": ""raw_mediapipe"", ""10"": ""raw_mediapipe"", ""11"": ""raw_mediapipe"", ""12"": ""raw_mediapipe"", ""13"": ""raw_mediapipe"", ""14"": ""raw_mediapipe"", ""15"": ""raw_mediapipe"", ""16"": ""raw_mediapipe"", ""17"": ""raw_mediapipe"", ""18"": ""raw_mediapipe"", ""19"": ""raw_mediapipe"", ""20"": ""raw_mediapipe"", ""21"": ""raw_mediapipe"", ""22"": ""raw_mediapipe"", ""23"": ""raw_mediapipe"", ""24"": ""raw_mediapipe"", ""25"": ""raw_mediapipe"", ""26"": ""raw_mediapipe"", ""27"": ""raw_mediapipe"", ""28"": ""raw_mediapipe"", ""29"": ""raw_mediapipe"", ""30"": ""raw_mediapipe"", ""31"": ""raw_mediapipe"", ""32"": ""raw_mediapipe""}",0.0,0.0,0.0,0.0,0.0,0.0,0.0,0.0,0.5249,0.0,0.0,0.0,0.205,0.0,0.0,0.0,0.2813,0.0,0.0,0.0,0.2447,0.0,0.0,0.0,0.266,0.0,0.0,0.0,0.2865,0.0,0.0,0.0,0.0,0.0,0.0,0.0,0.0,0.0,0.0,0.0,0.0,0.0,0.0,0.0,0.0,0.0,0.0,0.0,0.0,0.0
18,600,0.693252,detected,1,0,unstable,0.5485,0.7641,0.3384,5,0.8485,0.4606,0.0116,1.0,0.0,0.0,0.0,0.8947,0.8947,0.0,world,False,"{""0"": ""raw_mediapipe"", ""1"": ""raw_mediapipe"", ""2"": ""raw_mediapipe"", ""3"": ""raw_mediapipe"", ""4"": ""raw_mediapipe"", ""5"": ""raw_mediapipe"", ""6"": ""raw_mediapipe"", ""7"": ""raw_mediapipe"", ""8"": ""raw_mediapipe"", ""9"": ""raw_mediapipe"", ""10"": ""raw_mediapipe"", ""11"": ""raw_mediapipe"", ""12"": ""raw_mediapipe"", ""13"": ""raw_mediapipe"", ""14"": ""raw_mediapipe"", ""15"": ""raw_mediapipe"", ""16"": ""raw_mediapipe"", ""17"": ""raw_mediapipe"", ""18"": ""raw_mediapipe"", ""19"": ""raw_mediapipe"", ""20"": ""raw_mediapipe"", ""21"": ""raw_mediapipe"", ""22"": ""raw_mediapipe"", ""23"": ""raw_mediapipe"", ""24"": ""raw_mediapipe"", ""25"": ""raw_mediapipe"", ""26"": ""raw_mediapipe"", ""27"": ""raw_mediapipe"", ""28"": ""raw_mediapipe"", ""29"": ""raw_mediapipe"", ""30"": ""raw_mediapipe"", ""31"": ""raw_mediapipe"", ""32"": ""raw_mediapipe""}",0.0,0.0,0.0,0.0,0.0,0.0,0.0,0.0,0.4867,0.0,0.0,0.0,0.207,0.0,0.0,0.0,0.2865,0.0,0.0,0.0,0.2501,0.0,0.0,0.0,0.2647,0.0,0.0,0.0,0.2911,0.0,0.0,0.0,0.0,0.0,0.0,0.0,0.0,0.0,0.0,0.0,0.0,0.0,0.0,0.0,0.0,0.0,0.0,0.0,0.0,0.0
19,633,0.727909,detected,1,0,unstable,0.5539,0.7741,0.3153,5,0.8485,0.8592,0.0123,1.0,0.0,0.0,0.0,0.9,0.9,0.0,world,False,"{""0"": ""raw_mediapipe"", ""1"": ""raw_mediapipe"", ""2"": ""raw_mediapipe"", ""3"": ""raw_mediapipe"", ""4"": ""raw_mediapipe"", ""5"": ""raw_mediapipe"", ""6"": ""raw_mediapipe"", ""7"": ""raw_mediapipe"", ""8"": ""raw_mediapipe"", ""9"": ""raw_mediapipe"", ""10"": ""raw_mediapipe"", ""11"": ""raw_mediapipe"", ""12"": ""raw_mediapipe"", ""13"": ""raw_mediapipe"", ""14"": ""raw_mediapipe"", ""15"": ""raw_mediapipe"", ""16"": ""raw_mediapipe"", ""17"": ""raw_mediapipe"", ""18"": ""raw_mediapipe"", ""19"": ""raw_mediapipe"", ""20"": ""raw_mediapipe"", ""21"": ""raw_mediapipe"", ""22"": ""raw_mediapipe"", ""23"": ""raw_mediapipe"", ""24"": ""raw_mediapipe"", ""25"": ""raw_mediapipe"", ""26"": ""raw_mediapipe"", ""27"": ""raw_mediapipe"", ""28"": ""raw_mediapipe"", ""29"": ""raw_mediapipe"", ""30"": ""raw_mediapipe"", ""31"": ""raw_mediapipe"", ""32"": ""raw_mediapipe""}",0.0,0.0,0.0,0.0,0.0,0.0,0.0,0.0,0.4535,0.0,0.0,0.0,0.204,0.0,0.0,0.0,0.2909,0.0,0.0,0.0,0.2556,0.0,0.0,0.0,0.263,0.0,0.0,0.0,0.296,0.0,0.0,0.0,0.0,0.0,0.0,0.0,0.0,0.0,0.0,0.0,0.0,0.0,0.0,0.0,0.0,0.0,0.0,0.0,0.0,0.0
20,666,0.751008,detected,1,0,unstable,0.5588,0.7819,0.2998,5,0.8485,0.423,0.013,1.0,0.0,0.0,0.0,0.9048,0.9048,0.0,world,False,"{""0"": ""raw_mediapipe"", ""1"": ""raw_mediapipe"", ""2"": ""raw_mediapipe"", ""3"": ""raw_mediapipe"", ""4"": ""raw_mediapipe"", ""5"": ""raw_mediapipe"", ""6"": ""raw_mediapipe"", ""7"": ""raw_mediapipe"", ""8"": ""raw_mediapipe"", ""9"": ""raw_mediapipe"", ""10"": ""raw_mediapipe"", ""11"": ""raw_mediapipe"", ""12"": ""raw_mediapipe"", ""13"": ""raw_mediapipe"", ""14"": ""raw_mediapipe"", ""15"": ""raw_mediapipe"", ""16"": ""raw_mediapipe"", ""17"": ""raw_mediapipe"", ""18"": ""raw_mediapipe"", ""19"": ""raw_mediapipe"", ""20"": ""raw_mediapipe"", ""21"": ""raw_mediapipe"", ""22"": ""raw_mediapipe"", ""23"": ""raw_mediapipe"", ""24"": ""raw_mediapipe"", ""25"": ""raw_mediapipe"", ""26"": ""raw_mediapipe"", ""27"": ""raw_mediapipe"", ""28"": ""raw_mediapipe"", ""29"": ""raw_mediapipe"", ""30"": ""raw_mediapipe"", ""31"": ""raw_mediapipe"", ""32"": ""raw_mediapipe""}",0.0,0.0,0.0,0.0,0.0,0.0,0.0,0.0,0.4288,0.0,0.0,0.0,0.1925,0.0,0.0,0.0,0.2967,0.0,0.0,0.0,0.2588,0.0,0.0,0.0,0.266,0.0,0.0,0.0,0.3004,0.0,0.0,0.0,0.0,0.0,0.0,0.0,0.0,0.0,0.0,0.0,0.0,0.0,0.0,0.0,0.0,0.0,0.0,0.0,0.0,0.0
21,700,0.777671,detected,1,0,unstable,0.5721,0.8024,0.3494,5,0.8485,0.4828,0.0153,1.0,0.0,0.0,0.0,0.9091,0.9091,0.0,world,False,"{""0"": ""raw_mediapipe"", ""1"": ""raw_mediapipe"", ""2"": ""raw_mediapipe"", ""3"": ""raw_mediapipe"", ""4"": ""raw_mediapipe"", ""5"": ""raw_mediapipe"", ""6"": ""raw_mediapipe"", ""7"": ""raw_mediapipe"", ""8"": ""raw_mediapipe"", ""9"": ""raw_mediapipe"", ""10"": ""raw_mediapipe"", ""11"": ""raw_mediapipe"", ""12"": ""raw_mediapipe"", ""13"": ""raw_mediapipe"", ""14"": ""raw_mediapipe"", ""15"": ""raw_mediapipe"", ""16"": ""raw_mediapipe"", ""17"": ""raw_mediapipe"", ""18"": ""raw_mediapipe"", ""19"": ""raw_mediapipe"", ""20"": ""raw_mediapipe"", ""21"": ""raw_mediapipe"", ""22"": ""raw_mediapipe"", ""23"": ""raw_mediapipe"", ""24"": ""raw_mediapipe"", ""25"": ""raw_mediapipe"", ""26"": ""raw_mediapipe"", ""27"": ""raw_mediapipe"", ""28"": ""raw_mediapipe"", ""29"": ""raw_mediapipe"", ""30"": ""raw_mediapipe"", ""31"": ""raw_mediapipe"", ""32"": ""raw_mediapipe""}",0.0,0.0,0.0,0.0,0.0,0.0,0.0,0.0,0.3957,0.0,0.0,0.0,0.1843,0.0,0.0,0.0,0.3035,0.0,0.0,0.0,0.2611,0.0,0.0,0.0,0.2699,0.0,0.0,0.0,0.307,0.0,0.0,0.0,0.0,0.0,0.0,0.0,0.0,0.0,0.0,0.0,0.0,0.0,0.0,0.0,0.0,0.0,0.0,0.0,0.0,0.0
22,733,0.799731,detected,1,0,unstable,0.625,0.8206,0.4087,1,0.9697,0.6471,0.0205,1.0,0.0,0.0,0.0,0.913,0.913,0.0,world,False,"{""0"": ""raw_mediapipe"", ""1"": ""raw_mediapipe"", ""2"": ""raw_mediapipe"", ""3"": ""raw_mediapipe"", ""4"": ""raw_mediapipe"", ""5"": ""raw_mediapipe"", ""6"": ""raw_mediapipe"", ""7"": ""raw_mediapipe"", ""8"": ""raw_mediapipe"", ""9"": ""raw_mediapipe"", ""10"": ""raw_mediapipe"", ""11"": ""raw_mediapipe"", ""12"": ""raw_mediapipe"", ""13"": ""raw_mediapipe"", ""14"": ""raw_mediapipe"", ""15"": ""raw_mediapipe"", ""16"": ""raw_mediapipe"", ""17"": ""raw_mediapipe"", ""18"": ""raw_mediapipe"", ""19"": ""raw_mediapipe"", ""20"": ""raw_mediapipe"", ""21"": ""raw_mediapipe"", ""22"": ""raw_mediapipe"", ""23"": ""raw_mediapipe"", ""24"": ""raw_mediapipe"", ""25"": ""raw_mediapipe"", ""26"": ""raw_mediapipe"", ""27"": ""raw_mediapipe"", ""28"": ""raw_mediapipe"", ""29"": ""raw_mediapipe"", ""30"": ""raw_mediapipe"", ""31"": ""raw_mediapipe"", ""32"": ""raw_mediapipe""}",0.0,0.0,0.0,0.0,0.0,0.0,0.0,0.0,0.3574,0.0,0.0,0.0,0.1584,0.0,0.0,0.0,0.3103,0.0,0.0,0.0,0.2544,0.0,0.0,0.0,0.279,0.0,0.0,0.0,0.3058,0.0,0.0,0.0,0.0,0.0,0.0,0.0,0.0,0.0,0.0,0.0,0.0,0.0,0.0,0.0,0.0,0.0,0.0,0.0,0.0,0.0
23,766,0.823826,detected,1,0,unstable,0.6366,0.837,0.4596,1,0.9697,0.9392,0.0227,1.0,0.0,0.0,0.0,0.9167,0.9167,0.0,world,False,"{""0"": ""raw_mediapipe"", ""1"": ""raw_mediapipe"", ""2"": ""raw_mediapipe"", ""3"": ""raw_mediapipe"", ""4"": ""raw_mediapipe"", ""5"": ""raw_mediapipe"", ""6"": ""raw_mediapipe"", ""7"": ""raw_mediapipe"", ""8"": ""raw_mediapipe"", ""9"": ""raw_mediapipe"", ""10"": ""raw_mediapipe"", ""11"": ""raw_mediapipe"", ""12"": ""raw_mediapipe"", ""13"": ""raw_mediapipe"", ""14"": ""raw_mediapipe"", ""15"": ""raw_mediapipe"", ""16"": ""raw_mediapipe"", ""17"": ""raw_mediapipe"", ""18"": ""raw_mediapipe"", ""19"": ""raw_mediapipe"", ""20"": ""raw_mediapipe"", ""21"": ""raw_mediapipe"", ""22"": ""raw_mediapipe"", ""23"": ""raw_mediapipe"", ""24"": ""raw_mediapipe"", ""25"": ""raw_mediapipe"", ""26"": ""raw_mediapipe"", ""27"": ""raw_mediapipe"", ""28"": ""raw_mediapipe"", ""29"": ""raw_mediapipe"", ""30"": ""raw_mediapipe"", ""31"": ""raw_mediapipe"", ""32"": ""raw_mediapipe""}",0.0,0.0,0.0,0.0,0.0,0.0,0.0,0.0,0.3036,0.0,0.0,0.0,0.1252,0.0,0.0,0.0,0.3192,0.0,0.0,0.0,0.2482,0.0,0.0,0.0,0.2844,0.0,0.0,0.0,0.2827,0.0,0.0,0.0,0.0,0.0,0.0,0.0,0.0,0.0,0.0,0.0,0.0,0.0,0.0,0.0,0.0,0.0,0.0,0.0,0.0,0.0
24,800,0.847058,detected,1,0,unstable,0.6566,0.8496,0.5126,0,1.0,0.7463,0.0255,1.0,0.0,0.0,0.0,0.92,0.92,0.0,world,False,"{""0"": ""raw_mediapipe"", ""1"": ""raw_mediapipe"", ""2"": ""raw_mediapipe"", ""3"": ""raw_mediapipe"", ""4"": ""raw_mediapipe"", ""5"": ""raw_mediapipe"", ""6"": ""raw_mediapipe"", ""7"": ""raw_mediapipe"", ""8"": ""raw_mediapipe"", ""9"": ""raw_mediapipe"", ""10"": ""raw_mediapipe"", ""11"": ""raw_mediapipe"", ""12"": ""raw_mediapipe"", ""13"": ""raw_mediapipe"", ""14"": ""raw_mediapipe"", ""15"": ""raw_mediapipe"", ""16"": ""raw_mediapipe"", ""17"": ""raw_mediapipe"", ""18"": ""raw_mediapipe"", ""19"": ""raw_mediapipe"", ""20"": ""raw_mediapipe"", ""21"": ""raw_mediapipe"", ""22"": ""raw_mediapipe"", ""23"": ""raw_mediapipe"", ""24"": ""raw_mediapipe"", ""25"": ""raw_mediapipe"", ""26"": ""raw_mediapipe"", ""27"": ""raw_mediapipe"", ""28"": ""raw_mediapipe"", ""29"": ""raw_mediapipe"", ""30"": ""raw_mediapipe"", ""31"": ""raw_mediapipe"", ""32"": ""raw_mediapipe""}",0.4572,0.0,0.0,0.0,0.2718,0.0,0.0,0.0,0.2425,0.0,0.0,0.0,0.0846,0.0,0.0,0.0,0.3279,0.0,0.0,0.0,0.239,0.0,0.0,0.0,0.2909,0.0,0.0,0.0,0.2705,0.0,0.0,0.0,0.0,0.0,0.0,0.0,0.0,0.0,0.0,0.0,0.0,0.0,0.0,0.0,0.0,0.0,0.0,0.0,0.0,0.0
25,833,0.873727,detected,1,0,unstable,0.6405,0.8589,0.5607,0,1.0,0.4888,0.0176,1.0,0.0,0.0,0.0,0.9231,0.9231,0.0,world,False,"{""0"": ""raw_mediapipe"", ""1"": ""raw_mediapipe"", ""2"": ""raw_mediapipe"", ""3"": ""raw_mediapipe"", ""4"": ""raw_mediapipe"", ""5"": ""raw_mediapipe"", ""6"": ""raw_mediapipe"", ""7"": ""raw_mediapipe"", ""8"": ""raw_mediapipe"", ""9"": ""raw_mediapipe"", ""10"": ""raw_mediapipe"", ""11"": ""raw_mediapipe"", ""12"": ""raw_mediapipe"", ""13"": ""raw_mediapipe"", ""14"": ""raw_mediapipe"", ""15"": ""raw_mediapipe"", ""16"": ""raw_mediapipe"", ""17"": ""raw_mediapipe"", ""18"": ""raw_mediapipe"", ""19"": ""raw_mediapipe"", ""20"": ""raw_mediapipe"", ""21"": ""raw_mediapipe"", ""22"": ""raw_mediapipe"", ""23"": ""raw_mediapipe"", ""24"": ""raw_mediapipe"", ""25"": ""raw_mediapipe"", ""26"": ""raw_mediapipe"", ""27"": ""raw_mediapipe"", ""28"": ""raw_mediapipe"", ""29"": ""raw_mediapipe"", ""30"": ""raw_mediapipe"", ""31"": ""raw_mediapipe"", ""32"": ""raw_mediapipe""}",0.4227,0.0,0.0,0.0,0.2374,0.0,0.0,0.0,0.1918,0.0,0.0,0.0,0.0596,0.0,0.0,0.0,0.3345,0.0,0.0,0.0,0.2354,0.0,0.0,0.0,0.2915,0.0,0.0,0.0,0.2719,0.0,0.0,0.0,0.0,0.0,0.0,0.0,0.0,0.0,0.0,0.0,0.0,0.0,0.0,0.0,0.0,0.0,0.0,0.0,0.0,0.0
26,866,0.89747,detected,1,0,unstable,0.6201,0.8457,0.5781,0,1.0,0.5861,0.0115,1.0,0.0,0.0,0.0,0.9259,0.9259,0.0,world,False,"{""0"": ""raw_mediapipe"", ""1"": ""raw_mediapipe"", ""2"": ""raw_mediapipe"", ""3"": ""raw_mediapipe"", ""4"": ""raw_mediapipe"", ""5"": ""raw_mediapipe"", ""6"": ""raw_mediapipe"", ""7"": ""raw_mediapipe"", ""8"": ""raw_mediapipe"", ""9"": ""raw_mediapipe"", ""10"": ""raw_mediapipe"", ""11"": ""raw_mediapipe"", ""12"": ""raw_mediapipe"", ""13"": ""raw_mediapipe"", ""14"": ""raw_mediapipe"", ""15"": ""raw_mediapipe"", ""16"": ""raw_mediapipe"", ""17"": ""raw_mediapipe"", ""18"": ""raw_mediapipe"", ""19"": ""raw_mediapipe"", ""20"": ""raw_mediapipe"", ""21"": ""raw_mediapipe"", ""22"": ""raw_mediapipe"", ""23"": ""raw_mediapipe"", ""24"": ""raw_mediapipe"", ""25"": ""raw_mediapipe"", ""26"": ""raw_mediapipe"", ""27"": ""raw_mediapipe"", ""28"": ""raw_mediapipe"", ""29"": ""raw_mediapipe"", ""30"": ""raw_mediapipe"", ""31"": ""raw_mediapipe"", ""32"": ""raw_mediapipe""}",0.3848,0.0,0.0,0.0,0.2068,0.0,0.0,0.0,0.1638,0.0,0.0,0.0,0.0654,0.0,0.0,0.0,0.3403,0.0,0.0,0.0,0.2292,0.0,0.0,0.0,0.2896,0.0,0.0,0.0,0.2768,0.0,0.0,0.0,0.0,0.0,0.0,0.0,0.0,0.0,0.0,0.0,0.0,0.0,0.0,0.0,0.0,0.0,0.0,0.0,0.0,0.0
27,900,0.921231,detected,1,0,unstable,0.6241,0.851,0.6201,0,1.0,1.2988,0.0123,1.0,0.0,0.0,0.0,0.9286,0.9286,0.0,world,False,"{""0"": ""raw_mediapipe"", ""1"": ""raw_mediapipe"", ""2"": ""raw_mediapipe"", ""3"": ""raw_mediapipe"", ""4"": ""raw_mediapipe"", ""5"": ""raw_mediapipe"", ""6"": ""raw_mediapipe"", ""7"": ""raw_mediapipe"", ""8"": ""raw_mediapipe"", ""9"": ""raw_mediapipe"", ""10"": ""raw_mediapipe"", ""11"": ""raw_mediapipe"", ""12"": ""raw_mediapipe"", ""13"": ""raw_mediapipe"", ""14"": ""raw_mediapipe"", ""15"": ""raw_mediapipe"", ""16"": ""raw_mediapipe"", ""17"": ""raw_mediapipe"", ""18"": ""raw_mediapipe"", ""19"": ""raw_mediapipe"", ""20"": ""raw_mediapipe"", ""21"": ""raw_mediapipe"", ""22"": ""raw_mediapipe"", ""23"": ""raw_mediapipe"", ""24"": ""raw_mediapipe"", ""25"": ""raw_mediapipe"", ""26"": ""raw_mediapipe"", ""27"": ""raw_mediapipe"", ""28"": ""raw_mediapipe"", ""29"": ""raw_mediapipe"", ""30"": ""raw_mediapipe"", ""31"": ""raw_mediapipe"", ""32"": ""raw_mediapipe""}",0.3367,0.0,0.0,0.0,0.1795,0.0,0.0,0.0,0.1272,0.0,0.0,0.0,0.0628,0.0,0.0,0.0,0.3491,0.0,0.0,0.0,0.2255,0.0,0.0,0.0,0.2854,0.0,0.0,0.0,0.2839,0.0,0.0,0.0,0.0,0.0,0.0,0.0,0.0,0.0,0.0,0.0,0.0,0.0,0.0,0.0,0.0,0.0,0.0,0.0,0.0,0.0
28,933,0.954528,detected,1,0,unstable,0.6385,0.8503,0.581,0,1.0,0.4723,0.0182,1.0,0.0,0.0,0.0,0.931,0.931,0.0,world,False,"{""0"": ""raw_mediapipe"", ""1"": ""raw_mediapipe"", ""2"": ""raw_mediapipe"", ""3"": ""raw_mediapipe"", ""4"": ""raw_mediapipe"", ""5"": ""raw_mediapipe"", ""6"": ""raw_mediapipe"", ""7"": ""raw_mediapipe"", ""8"": ""raw_mediapipe"", ""9"": ""raw_mediapipe"", ""10"": ""raw_mediapipe"", ""11"": ""raw_mediapipe"", ""12"": ""raw_mediapipe"", ""13"": ""raw_mediapipe"", ""14"": ""raw_mediapipe"", ""15"": ""raw_mediapipe"", ""16"": ""raw_mediapipe"", ""17"": ""raw_mediapipe"", ""18"": ""raw_mediapipe"", ""19"": ""raw_mediapipe"", ""20"": ""raw_mediapipe"", ""21"": ""raw_mediapipe"", ""22"": ""raw_mediapipe"", ""23"": ""raw_mediapipe"", ""24"": ""raw_mediapipe"", ""25"": ""raw_mediapipe"", ""26"": ""raw_mediapipe"", ""27"": ""raw_mediapipe"", ""28"": ""raw_mediapipe"", ""29"": ""raw_mediapipe"", ""30"": ""raw_mediapipe"", ""31"": ""raw_mediapipe"", ""32"": ""raw_mediapipe""}",0.291,0.0,0.0,0.0,0.1574,0.0,0.0,0.0,0.0982,0.0,0.0,0.0,0.0585,0.0,0.0,0.0,0.3575,0.0,0.0,0.0,0.2245,0.0,0.0,0.0,0.2721,0.0,0.0,0.0,0.2902,0.0,0.0,0.0,0.0,0.0,0.0,0.0,0.0,0.0,0.0,0.0,0.0,0.0,0.0,0.0,0.0,0.0,0.0,0.0,0.0,0.0
29,966,0.979937,detected,1,0,unstable,0.6608,0.8618,0.6153,0,1.0,0.4553,0.0253,1.0,0.0,0.0,0.0,0.9333,0.9333,0.0,world,False,"{""0"": ""raw_mediapipe"", ""1"": ""raw_mediapipe"", ""2"": ""raw_mediapipe"", ""3"": ""raw_mediapipe"", ""4"": ""raw_mediapipe"", ""5"": ""raw_mediapipe"", ""6"": ""raw_mediapipe"", ""7"": ""raw_mediapipe"", ""8"": ""raw_mediapipe"", ""9"": ""raw_mediapipe"", ""10"": ""raw_mediapipe"", ""11"": ""raw_mediapipe"", ""12"": ""raw_mediapipe"", ""13"": ""raw_mediapipe"", ""14"": ""raw_mediapipe"", ""15"": ""raw_mediapipe"", ""16"": ""raw_mediapipe"", ""17"": ""raw_mediapipe"", ""18"": ""raw_mediapipe"", ""19"": ""raw_mediapipe"", ""20"": ""raw_mediapipe"", ""21"": ""raw_mediapipe"", ""22"": ""raw_mediapipe"", ""23"": ""raw_mediapipe"", ""24"": ""raw_mediapipe"", ""25"": ""raw_mediapipe"", ""26"": ""raw_mediapipe"", ""27"": ""raw_mediapipe"", ""28"": ""raw_mediapipe"", ""29"": ""raw_mediapipe"", ""30"": ""raw_mediapipe"", ""31"": ""raw_mediapipe"", ""32"": ""raw_mediapipe""}",0.2487,0.0,0.0,0.0,0.145,0.0,0.0,0.0,0.0928,0.0,0.0,0.0,0.0632,0.0,0.0,0.0,0.364,0.0,0.0,0.0,0.2314,0.0,0.0,0.0,0.2606,0.0,0.0,0.0,0.2967,0.0,0.0,0.0,0.0,0.0,0.0,0.0,0.0,0.0,0.0,0.0,0.0,0.0,0.0,0.0,0.0,0.0,0.0,0.0,0.0,0.0
30,1000,1.003599,detected,1,0,unstable,0.6592,0.8635,0.6085,0,1.0,0.7428,0.0244,1.0,0.0,0.0,0.0,0.9355,0.9355,0.0,world,False,"{""0"": ""raw_mediapipe"", ""1"": ""raw_mediapipe"", ""2"": ""raw_mediapipe"", ""3"": ""raw_mediapipe"", ""4"": ""raw_mediapipe"", ""5"": ""raw_mediapipe"", ""6"": ""raw_mediapipe"", ""7"": ""raw_mediapipe"", ""8"": ""raw_mediapipe"", ""9"": ""raw_mediapipe"", ""10"": ""raw_mediapipe"", ""11"": ""raw_mediapipe"", ""12"": ""raw_mediapipe"", ""13"": ""raw_mediapipe"", ""14"": ""raw_mediapipe"", ""15"": ""raw_mediapipe"", ""16"": ""raw_mediapipe"", ""17"": ""raw_mediapipe"", ""18"": ""raw_mediapipe"", ""19"": ""raw_mediapipe"", ""20"": ""raw_mediapipe"", ""21"": ""raw_mediapipe"", ""22"": ""raw_mediapipe"", ""23"": ""raw_mediapipe"", ""24"": ""raw_mediapipe"", ""25"": ""raw_mediapipe"", ""26"": ""raw_mediapipe"", ""27"": ""raw_mediapipe"", ""28"": ""raw_mediapipe"", ""29"": ""raw_mediapipe"", ""30"": ""raw_mediapipe"", ""31"": ""raw_mediapipe"", ""32"": ""raw_mediapipe""}",0.2301,0.0,0.0,0.0,0.1223,0.0,0.0,0.0,0.092,0.0,0.0,0.0,0.0695,0.0,0.0,0.0,0.3657,0.0,0.0,0.0,0.2428,0.0,0.0,0.0,0.2412,0.0,0.0,0.0,0.29,0.0,0.0,0.0,0.0,0.0,0.0,0.0,0.0,0.0,0.0,0.0,0.0,0.0,0.0,0.0,0.0,0.0,0.0,0.0,0.0,0.0
31,1033,1.027588,detected,1,0,unstable,0.6395,0.854,0.6266,0,1.0,0.472,0.018,1.0,0.0,0.0,0.0,0.9375,0.9375,0.0,world,False,"{""0"": ""raw_mediapipe"", ""1"": ""raw_mediapipe"", ""2"": ""raw_mediapipe"", ""3"": ""raw_mediapipe"", ""4"": ""raw_mediapipe"", ""5"": ""raw_mediapipe"", ""6"": ""raw_mediapipe"", ""7"": ""raw_mediapipe"", ""8"": ""raw_mediapipe"", ""9"": ""raw_mediapipe"", ""10"": ""raw_mediapipe"", ""11"": ""raw_mediapipe"", ""12"": ""raw_mediapipe"", ""13"": ""raw_mediapipe"", ""14"": ""raw_mediapipe"", ""15"": ""raw_mediapipe"", ""16"": ""raw_mediapipe"", ""17"": ""raw_mediapipe"", ""18"": ""raw_mediapipe"", ""19"": ""raw_mediapipe"", ""20"": ""raw_mediapipe"", ""21"": ""raw_mediapipe"", ""22"": ""raw_mediapipe"", ""23"": ""raw_mediapipe"", ""24"": ""raw_mediapipe"", ""25"": ""raw_mediapipe"", ""26"": ""raw_mediapipe"", ""27"": ""raw_mediapipe"", ""28"": ""raw_mediapipe"", ""29"": ""raw_mediapipe"", ""30"": ""raw_mediapipe"", ""31"": ""raw_mediapipe"", ""32"": ""raw_mediapipe""}",0.2021,0.0,0.0,0.0,0.116,0.0,0.0,0.0,0.096,0.0,0.0,0.0,0.076,0.0,0.0,0.0,0.3671,0.0,0.0,0.0,0.2465,0.0,0.0,0.0,0.2394,0.0,0.0,0.0,0.2897,0.0,0.0,0.0,0.0,0.0,0.0,0.0,0.0,0.0,0.0,0.0,0.0,0.0,0.0,0.0,0.0,0.0,0.0,0.0,0.0,0.0
32,1066,1.053951,detected,1,0,unstable,0.616,0.8292,0.5749,0,1.0,0.9291,0.0124,1.0,0.0,0.0,0.0,0.9394,0.9394,0.0,world,False,"{""0"": ""raw_mediapipe"", ""1"": ""raw_mediapipe"", ""2"": ""raw_mediapipe"", ""3"": ""raw_mediapipe"", ""4"": ""raw_mediapipe"", ""5"": ""raw_mediapipe"", ""6"": ""raw_mediapipe"", ""7"": ""raw_mediapipe"", ""8"": ""raw_mediapipe"", ""9"": ""raw_mediapipe"", ""10"": ""raw_mediapipe"", ""11"": ""raw_mediapipe"", ""12"": ""raw_mediapipe"", ""13"": ""raw_mediapipe"", ""14"": ""raw_mediapipe"", ""15"": ""raw_mediapipe"", ""16"": ""raw_mediapipe"", ""17"": ""raw_mediapipe"", ""18"": ""raw_mediapipe"", ""19"": ""raw_mediapipe"", ""20"": ""raw_mediapipe"", ""21"": ""raw_mediapipe"", ""22"": ""raw_mediapipe"", ""23"": ""raw_mediapipe"", ""24"": ""raw_mediapipe"", ""25"": ""raw_mediapipe"", ""26"": ""raw_mediapipe"", ""27"": ""raw_mediapipe"", ""28"": ""raw_mediapipe"", ""29"": ""raw_mediapipe"", ""30"": ""raw_mediapipe"", ""31"": ""raw_mediapipe"", ""32"": ""raw_mediapipe""}",0.18,0.0,0.0,0.0,0.109,0.0,0.0,0.0,0.0896,0.0,0.0,0.0,0.075,0.0,0.0,0.0,0.3709,0.0,0.0,0.0,0.258,0.0,0.0,0.0,0.2346,0.0,0.0,0.0,0.2898,0.0,0.0,0.0,0.0,0.0,0.0,0.0,0.0,0.0,0.0,0.0,0.0,0.0,0.0,0.0,0.0,0.0,0.0,0.0,0.0,0.0
33,1100,1.077079,detected,1,0,unstable,0.609,0.8229,0.5507,0,1.0,0.8513,0.0105,1.0,0.0,0.0,0.0,0.9412,0.9412,0.0,world,False,"{""0"": ""raw_mediapipe"", ""1"": ""raw_mediapipe"", ""2"": ""raw_mediapipe"", ""3"": ""raw_mediapipe"", ""4"": ""raw_mediapipe"", ""5"": ""raw_mediapipe"", ""6"": ""raw_mediapipe"", ""7"": ""raw_mediapipe"", ""8"": ""raw_mediapipe"", ""9"": ""raw_mediapipe"", ""10"": ""raw_mediapipe"", ""11"": ""raw_mediapipe"", ""12"": ""raw_mediapipe"", ""13"": ""raw_mediapipe"", ""14"": ""raw_mediapipe"", ""15"": ""raw_mediapipe"", ""16"": ""raw_mediapipe"", ""17"": ""raw_mediapipe"", ""18"": ""raw_mediapipe"", ""19"": ""raw_mediapipe"", ""20"": ""raw_mediapipe"", ""21"": ""raw_mediapipe"", ""22"": ""raw_mediapipe"", ""23"": ""raw_mediapipe"", ""24"": ""raw_mediapipe"", ""25"": ""raw_mediapipe"", ""26"": ""raw_mediapipe"", ""27"": ""raw_mediapipe"", ""28"": ""raw_mediapipe"", ""29"": ""raw_mediapipe"", ""30"": ""raw_mediapipe"", ""31"": ""raw_mediapipe"", ""32"": ""raw_mediapipe""}",0.163,0.0,0.0,0.0,0.1102,0.0,0.0,0.0,0.0866,0.0,0.0,0.0,0.0774,0.0,0.0,0.0,0.3751,0.0,0.0,0.0,0.2706,0.0,0.0,0.0,0.2335,0.0,0.0,0.0,0.2916,0.0,0.0,0.0,0.0,0.0,0.0,0.0,0.0,0.0,0.0,0.0,0.0,0.0,0.0,0.0,0.0,0.0,0.0,0.0,0.0,0.0
34,1133,1.104198,detected,1,0,unstable,0.5994,0.8147,0.5506,0,1.0,1.7146,0.0079,1.0,0.0,0.0,0.0,0.9429,0.9429,0.0,world,False,"{""0"": ""raw_mediapipe"", ""1"": ""raw_mediapipe"", ""2"": ""raw_mediapipe"", ""3"": ""raw_mediapipe"", ""4"": ""raw_mediapipe"", ""5"": ""raw_mediapipe"", ""6"": ""raw_mediapipe"", ""7"": ""raw_mediapipe"", ""8"": ""raw_mediapipe"", ""9"": ""raw_mediapipe"", ""10"": ""raw_mediapipe"", ""11"": ""raw_mediapipe"", ""12"": ""raw_mediapipe"", ""13"": ""raw_mediapipe"", ""14"": ""raw_mediapipe"", ""15"": ""raw_mediapipe"", ""16"": ""raw_mediapipe"", ""17"": ""raw_mediapipe"", ""18"": ""raw_mediapipe"", ""19"": ""raw_mediapipe"", ""20"": ""raw_mediapipe"", ""21"": ""raw_mediapipe"", ""22"": ""raw_mediapipe"", ""23"": ""raw_mediapipe"", ""24"": ""raw_mediapipe"", ""25"": ""raw_mediapipe"", ""26"": ""raw_mediapipe"", ""27"": ""raw_mediapipe"", ""28"": ""raw_mediapipe"", ""29"": ""raw_mediapipe"", ""30"": ""raw_mediapipe"", ""31"": ""raw_mediapipe"", ""32"": ""raw_mediapipe""}",0.1487,0.0,0.0,0.0,0.1085,0.0,0.0,0.0,0.0862,0.0,0.0,0.0,0.0765,0.0,0.0,0.0,0.3655,0.0,0.0,0.0,0.2501,0.0,0.0,0.0,0.2375,0.0,0.0,0.0,0.2979,0.0,0.0,0.0,0.0,0.0,0.0,0.0,0.0,0.0,0.0,0.0,0.0,0.0,0.0,0.0,0.0,0.0,0.0,0.0,0.0,0.0
35,1166,1.128086,detected,1,0,unstable,0.5928,0.8001,0.5034,0,1.0,2.3508,0.0075,1.0,0.0,0.0,0.0,0.9444,0.9444,0.0,world,False,"{""0"": ""raw_mediapipe"", ""1"": ""raw_mediapipe"", ""2"": ""raw_mediapipe"", ""3"": ""raw_mediapipe"", ""4"": ""raw_mediapipe"", ""5"": ""raw_mediapipe"", ""6"": ""raw_mediapipe"", ""7"": ""raw_mediapipe"", ""8"": ""raw_mediapipe"", ""9"": ""raw_mediapipe"", ""10"": ""raw_mediapipe"", ""11"": ""raw_mediapipe"", ""12"": ""raw_mediapipe"", ""13"": ""raw_mediapipe"", ""14"": ""raw_mediapipe"", ""15"": ""raw_mediapipe"", ""16"": ""raw_mediapipe"", ""17"": ""raw_mediapipe"", ""18"": ""raw_mediapipe"", ""19"": ""raw_mediapipe"", ""20"": ""raw_mediapipe"", ""21"": ""raw_mediapipe"", ""22"": ""raw_mediapipe"", ""23"": ""raw_mediapipe"", ""24"": ""raw_mediapipe"", ""25"": ""raw_mediapipe"", ""26"": ""raw_mediapipe"", ""27"": ""raw_mediapipe"", ""28"": ""raw_mediapipe"", ""29"": ""raw_mediapipe"", ""30"": ""raw_mediapipe"", ""31"": ""raw_mediapipe"", ""32"": ""raw_mediapipe""}",0.1419,0.0,0.0,0.0,0.1136,0.0,0.0,0.0,0.0916,0.0,0.0,0.0,0.0807,0.0,0.0,0.0,0.3409,0.0,0.0,0.0,0.2336,0.0,0.0,0.0,0.2357,0.0,0.0,0.0,0.2856,0.0,0.0,0.0,0.0,0.0,0.0,0.0,0.0,0.0,0.0,0.0,0.0,0.0,0.0,0.0,0.0,0.0,0.0,0.0,0.0,0.0
36,1200,1.151392,detected,1,0,unstable,0.5774,0.7872,0.4578,7,0.7879,0.6594,0.0262,1.0,0.0,0.0,0.0,0.9459,0.9459,0.0,world,False,"{""0"": ""raw_mediapipe"", ""1"": ""raw_mediapipe"", ""2"": ""raw_mediapipe"", ""3"": ""raw_mediapipe"", ""4"": ""raw_mediapipe"", ""5"": ""raw_mediapipe"", ""6"": ""raw_mediapipe"", ""7"": ""raw_mediapipe"", ""8"": ""raw_mediapipe"", ""9"": ""raw_mediapipe"", ""10"": ""raw_mediapipe"", ""11"": ""raw_mediapipe"", ""12"": ""raw_mediapipe"", ""13"": ""raw_mediapipe"", ""14"": ""raw_mediapipe"", ""15"": ""raw_mediapipe"", ""16"": ""raw_mediapipe"", ""17"": ""raw_mediapipe"", ""18"": ""raw_mediapipe"", ""19"": ""raw_mediapipe"", ""20"": ""raw_mediapipe"", ""21"": ""raw_mediapipe"", ""22"": ""raw_mediapipe"", ""23"": ""raw_mediapipe"", ""24"": ""raw_mediapipe"", ""25"": ""raw_mediapipe"", ""26"": ""raw_mediapipe"", ""27"": ""raw_mediapipe"", ""28"": ""raw_mediapipe"", ""29"": ""raw_mediapipe"", ""30"": ""raw_mediapipe"", ""31"": ""raw_mediapipe"", ""32"": ""raw_mediapipe""}",0.0,0.0,0.0,0.0,0.0,0.0,0.0,0.0,0.0963,0.0,0.0,0.0,0.0,0.0,0.0,0.0,0.3436,0.0,0.0,0.0,0.2381,0.0,0.0,0.0,0.2152,0.0,0.0,0.0,0.2444,0.0,0.0,0.0,0.0,0.0,0.0,0.0,0.0,0.0,0.0,0.0,0.0,0.0,0.0,0.0,0.0,0.0,0.0,0.0,0.0,0.0
37,1233,1.17634,detected,1,0,unstable,0.5559,0.7838,0.4246,8,0.7576,0.6386,0.0214,1.0,0.0,0.0,0.0,0.9474,0.9474,0.0,world,False,"{""0"": ""raw_mediapipe"", ""1"": ""raw_mediapipe"", ""2"": ""raw_mediapipe"", ""3"": ""raw_mediapipe"", ""4"": ""raw_mediapipe"", ""5"": ""raw_mediapipe"", ""6"": ""raw_mediapipe"", ""7"": ""raw_mediapipe"", ""8"": ""raw_mediapipe"", ""9"": ""raw_mediapipe"", ""10"": ""raw_mediapipe"", ""11"": ""raw_mediapipe"", ""12"": ""raw_mediapipe"", ""13"": ""raw_mediapipe"", ""14"": ""raw_mediapipe"", ""15"": ""raw_mediapipe"", ""16"": ""raw_mediapipe"", ""17"": ""raw_mediapipe"", ""18"": ""raw_mediapipe"", ""19"": ""raw_mediapipe"", ""20"": ""raw_mediapipe"", ""21"": ""raw_mediapipe"", ""22"": ""raw_mediapipe"", ""23"": ""raw_mediapipe"", ""24"": ""raw_mediapipe"", ""25"": ""raw_mediapipe"", ""26"": ""raw_mediapipe"", ""27"": ""raw_mediapipe"", ""28"": ""raw_mediapipe"", ""29"": ""raw_mediapipe"", ""30"": ""raw_mediapipe"", ""31"": ""raw_mediapipe"", ""32"": ""raw_mediapipe""}",0.171,0.0,0.0,0.0,0.0,0.0,0.0,0.0,0.1075,0.0,0.0,0.0,0.0,0.0,0.0,0.0,0.3117,0.0,0.0,0.0,0.213,0.0,0.0,0.0,0.2217,0.0,0.0,0.0,0.2489,0.0,0.0,0.0,0.0,0.0,0.0,0.0,0.0,0.0,0.0,0.0,0.0,0.0,0.0,0.0,0.0,0.0,0.0,0.0,0.0,0.0
38,1266,1.200698,detected,1,0,unstable,0.5284,0.7799,0.4172,8,0.7576,0.4043,0.011,1.0,0.0,0.0,0.0,0.9487,0.9487,0.0,world,False,"{""0"": ""raw_mediapipe"", ""1"": ""raw_mediapipe"", ""2"": ""raw_mediapipe"", ""3"": ""raw_mediapipe"", ""4"": ""raw_mediapipe"", ""5"": ""raw_mediapipe"", ""6"": ""raw_mediapipe"", ""7"": ""raw_mediapipe"", ""8"": ""raw_mediapipe"", ""9"": ""raw_mediapipe"", ""10"": ""raw_mediapipe"", ""11"": ""raw_mediapipe"", ""12"": ""raw_mediapipe"", ""13"": ""raw_mediapipe"", ""14"": ""raw_mediapipe"", ""15"": ""raw_mediapipe"", ""16"": ""raw_mediapipe"", ""17"": ""raw_mediapipe"", ""18"": ""raw_mediapipe"", ""19"": ""raw_mediapipe"", ""20"": ""raw_mediapipe"", ""21"": ""raw_mediapipe"", ""22"": ""raw_mediapipe"", ""23"": ""raw_mediapipe"", ""24"": ""raw_mediapipe"", ""25"": ""raw_mediapipe"", ""26"": ""raw_mediapipe"", ""27"": ""raw_mediapipe"", ""28"": ""raw_mediapipe"", ""29"": ""raw_mediapipe"", ""30"": ""raw_mediapipe"", ""31"": ""raw_mediapipe"", ""32"": ""raw_mediapipe""}",0.1801,0.0,0.0,0.0,0.0,0.0,0.0,0.0,0.112,0.0,0.0,0.0,0.0,0.0,0.0,0.0,0.287,0.0,0.0,0.0,0.191,0.0,0.0,0.0,0.2151,0.0,0.0,0.0,0.2252,0.0,0.0,0.0,0.0,0.0,0.0,0.0,0.0,0.0,0.0,0.0,0.0,0.0,0.0,0.0,0.0,0.0,0.0,0.0,0.0,0.0
39,1300,1.25801,interpolated,0,0,interpolated,0.0,0.0,0.0,0,0.0,0.0,0.0,1.0,0.0,0.0,0.0,0.925,0.925,0.0,world,False,{},0.1827,0.0,0.0,0.0,0.0,0.0,0.0,0.0,0.114,0.0,0.0,0.0,0.0,0.0,0.0,0.0,0.2705,0.0,0.0,0.0,0.1836,0.0,0.0,0.0,0.2096,0.0,0.0,0.0,0.206,0.0,0.0,0.0,0.0,0.0,0.0,0.0,0.0,0.0,0.0,0.0,0.0,0.0,0.0,0.0,0.0,0.0,0.0,0.0,0.0,0.0
40,1333,1.263159,detected,1,0,unstable,0.6505,0.7983,0.4604,5,0.8485,0.3958,0.0472,1.0,0.0,0.0,0.0,0.9268,0.9268,0.0,world,False,"{""0"": ""raw_mediapipe"", ""1"": ""raw_mediapipe"", ""2"": ""raw_mediapipe"", ""3"": ""raw_mediapipe"", ""4"": ""raw_mediapipe"", ""5"": ""raw_mediapipe"", ""6"": ""raw_mediapipe"", ""7"": ""raw_mediapipe"", ""8"": ""raw_mediapipe"", ""9"": ""raw_mediapipe"", ""10"": ""raw_mediapipe"", ""11"": ""raw_mediapipe"", ""12"": ""raw_mediapipe"", ""13"": ""raw_mediapipe"", ""14"": ""raw_mediapipe"", ""15"": ""raw_mediapipe"", ""16"": ""raw_mediapipe"", ""17"": ""raw_mediapipe"", ""18"": ""raw_mediapipe"", ""19"": ""raw_mediapipe"", ""20"": ""raw_mediapipe"", ""21"": ""raw_mediapipe"", ""22"": ""raw_mediapipe"", ""23"": ""raw_mediapipe"", ""24"": ""raw_mediapipe"", ""25"": ""raw_mediapipe"", ""26"": ""raw_mediapipe"", ""27"": ""raw_mediapipe"", ""28"": ""raw_mediapipe"", ""29"": ""raw_mediapipe"", ""30"": ""raw_mediapipe"", ""31"": ""raw_mediapipe"", ""32"": ""raw_mediapipe""}",0.1858,0.0,0.0,0.0,0.0954,0.0,0.0,0.0,0.1165,0.0,0.0,0.0,0.0,0.0,0.0,0.0,0.2579,0.0,0.0,0.0,0.1825,0.0,0.0,0.0,0.2048,0.0,0.0,0.0,0.1887,0.0,0.0,0.0,0.0,0.0,0.0,0.0,0.0,0.0,0.0,0.0,0.0,0.0,0.0,0.0,0.0,0.0,0.0,0.0,0.0,0.0
41,1366,1.292972,detected,1,0,unstable,0.6689,0.8107,0.4699,3,0.9091,0.3215,0.0462,1.0,0.0,0.0,0.0,0.9286,0.9286,0.0,world,False,"{""0"": ""raw_mediapipe"", ""1"": ""raw_mediapipe"", ""2"": ""raw_mediapipe"", ""3"": ""raw_mediapipe"", ""4"": ""raw_mediapipe"", ""5"": ""raw_mediapipe"", ""6"": ""raw_mediapipe"", ""7"": ""raw_mediapipe"", ""8"": ""raw_mediapipe"", ""9"": ""raw_mediapipe"", ""10"": ""raw_mediapipe"", ""11"": ""raw_mediapipe"", ""12"": ""raw_mediapipe"", ""13"": ""raw_mediapipe"", ""14"": ""raw_mediapipe"", ""15"": ""raw_mediapipe"", ""16"": ""raw_mediapipe"", ""17"": ""raw_mediapipe"", ""18"": ""raw_mediapipe"", ""19"": ""raw_mediapipe"", ""20"": ""raw_mediapipe"", ""21"": ""raw_mediapipe"", ""22"": ""raw_mediapipe"", ""23"": ""raw_mediapipe"", ""24"": ""raw_mediapipe"", ""25"": ""raw_mediapipe"", ""26"": ""raw_mediapipe"", ""27"": ""raw_mediapipe"", ""28"": ""raw_mediapipe"", ""29"": ""raw_mediapipe"", ""30"": ""raw_mediapipe"", ""31"": ""raw_mediapipe"", ""32"": ""raw_mediapipe""}",0.1941,0.0,0.0,0.0,0.094,0.0,0.0,0.0,0.1182,0.0,0.0,0.0,0.0756,0.0,0.0,0.0,0.2492,0.0,0.0,0.0,0.1905,0.0,0.0,0.0,0.1975,0.0,0.0,0.0,0.1948,0.0,0.0,0.0,0.0,0.0,0.0,0.0,0.0,0.0,0.0,0.0,0.0,0.0,0.0,0.0,0.0,0.0,0.0,0.0,0.0,0.0
42,1400,1.315732,detected,1,0,unstable,0.641,0.8212,0.4873,2,0.9394,0.4816,0.0301,1.0,0.0,0.0,0.0,0.9302,0.9302,0.0,world,False,"{""0"": ""raw_mediapipe"", ""1"": ""raw_mediapipe"", ""2"": ""raw_mediapipe"", ""3"": ""raw_mediapipe"", ""4"": ""raw_mediapipe"", ""5"": ""raw_mediapipe"", ""6"": ""raw_mediapipe"", ""7"": ""raw_mediapipe"", ""8"": ""raw_mediapipe"", ""9"": ""raw_mediapipe"", ""10"": ""raw_mediapipe"", ""11"": ""raw_mediapipe"", ""12"": ""raw_mediapipe"", ""13"": ""raw_mediapipe"", ""14"": ""raw_mediapipe"", ""15"": ""raw_mediapipe"", ""16"": ""raw_mediapipe"", ""17"": ""raw_mediapipe"", ""18"": ""raw_mediapipe"", ""19"": ""raw_mediapipe"", ""20"": ""raw_mediapipe"", ""21"": ""raw_mediapipe"", ""22"": ""raw_mediapipe"", ""23"": ""raw_mediapipe"", ""24"": ""raw_mediapipe"", ""25"": ""raw_mediapipe"", ""26"": ""raw_mediapipe"", ""27"": ""raw_mediapipe"", ""28"": ""raw_mediapipe"", ""29"": ""raw_mediapipe"", ""30"": ""raw_mediapipe"", ""31"": ""raw_mediapipe"", ""32"": ""raw_mediapipe""}",0.1844,0.0,0.0,0.0,0.0953,0.0,0.0,0.0,0.1218,0.0,0.0,0.0,0.0696,0.0,0.0,0.0,0.2547,0.0,0.0,0.0,0.1984,0.0,0.0,0.0,0.2003,0.0,0.0,0.0,0.2095,0.0,0.0,0.0,0.0,0.0,0.0,0.0,0.0,0.0,0.0,0.0,0.0,0.0,0.0,0.0,0.0,0.0,0.0,0.0,0.0,0.0
43,1433,1.342787,detected,1,0,unstable,0.653,0.823,0.4821,3,0.9091,1.0155,0.0379,1.0,0.0,0.0,0.0,0.9318,0.9318,0.0,world,False,"{""0"": ""raw_mediapipe"", ""1"": ""raw_mediapipe"", ""2"": ""raw_mediapipe"", ""3"": ""raw_mediapipe"", ""4"": ""raw_mediapipe"", ""5"": ""raw_mediapipe"", ""6"": ""raw_mediapipe"", ""7"": ""raw_mediapipe"", ""8"": ""raw_mediapipe"", ""9"": ""raw_mediapipe"", ""10"": ""raw_mediapipe"", ""11"": ""raw_mediapipe"", ""12"": ""raw_mediapipe"", ""13"": ""raw_mediapipe"", ""14"": ""raw_mediapipe"", ""15"": ""raw_mediapipe"", ""16"": ""raw_mediapipe"", ""17"": ""raw_mediapipe"", ""18"": ""raw_mediapipe"", ""19"": ""raw_mediapipe"", ""20"": ""raw_mediapipe"", ""21"": ""raw_mediapipe"", ""22"": ""raw_mediapipe"", ""23"": ""raw_mediapipe"", ""24"": ""raw_mediapipe"", ""25"": ""raw_mediapipe"", ""26"": ""raw_mediapipe"", ""27"": ""raw_mediapipe"", ""28"": ""raw_mediapipe"", ""29"": ""raw_mediapipe"", ""30"": ""raw_mediapipe"", ""31"": ""raw_mediapipe"", ""32"": ""raw_mediapipe""}",0.1771,0.0,0.0,0.0,0.0864,0.0,0.0,0.0,0.1216,0.0,0.0,0.0,0.0596,0.0,0.0,0.0,0.2667,0.0,0.0,0.0,0.2007,0.0,0.0,0.0,0.2111,0.0,0.0,0.0,0.226,0.0,0.0,0.0,0.0,0.0,0.0,0.0,0.0,0.0,0.0,0.0,0.0,0.0,0.0,0.0,0.0,0.0,0.0,0.0,0.0,0.0
44,1466,1.366456,detected,1,0,unstable,0.6957,0.8264,0.5051,0,1.0,0.9604,0.0447,1.0,0.0,0.0,0.0,0.9333,0.9333,0.0,world,False,"{""0"": ""raw_mediapipe"", ""1"": ""raw_mediapipe"", ""2"": ""raw_mediapipe"", ""3"": ""raw_mediapipe"", ""4"": ""raw_mediapipe"", ""5"": ""raw_mediapipe"", ""6"": ""raw_mediapipe"", ""7"": ""raw_mediapipe"", ""8"": ""raw_mediapipe"", ""9"": ""raw_mediapipe"", ""10"": ""raw_mediapipe"", ""11"": ""raw_mediapipe"", ""12"": ""raw_mediapipe"", ""13"": ""raw_mediapipe"", ""14"": ""raw_mediapipe"", ""15"": ""raw_mediapipe"", ""16"": ""raw_mediapipe"", ""17"": ""raw_mediapipe"", ""18"": ""raw_mediapipe"", ""19"": ""raw_mediapipe"", ""20"": ""raw_mediapipe"", ""21"": ""raw_mediapipe"", ""22"": ""raw_mediapipe"", ""23"": ""raw_mediapipe"", ""24"": ""raw_mediapipe"", ""25"": ""raw_mediapipe"", ""26"": ""raw_mediapipe"", ""27"": ""raw_mediapipe"", ""28"": ""raw_mediapipe"", ""29"": ""raw_mediapipe"", ""30"": ""raw_mediapipe"", ""31"": ""raw_mediapipe"", ""32"": ""raw_mediapipe""}",0.1558,0.0,0.0,0.0,0.077,0.0,0.0,0.0,0.1146,0.0,0.0,0.0,0.0466,0.0,0.0,0.0,0.279,0.0,0.0,0.0,0.2022,0.0,0.0,0.0,0.2233,0.0,0.0,0.0,0.2317,0.0,0.0,0.0,0.0,0.0,0.0,0.0,0.0,0.0,0.0,0.0,0.0,0.0,0.0,0.0,0.0,0.0,0.0,0.0,0.0,0.0
45,1500,1.389071,detected,1,0,unstable,0.6508,0.8196,0.489,4,0.8788,0.5824,0.0408,1.0,0.0,0.0,0.0,0.9348,0.9348,0.0,world,False,"{""0"": ""raw_mediapipe"", ""1"": ""raw_mediapipe"", ""2"": ""raw_mediapipe"", ""3"": ""raw_mediapipe"", ""4"": ""raw_mediapipe"", ""5"": ""raw_mediapipe"", ""6"": ""raw_mediapipe"", ""7"": ""raw_mediapipe"", ""8"": ""raw_mediapipe"", ""9"": ""raw_mediapipe"", ""10"": ""raw_mediapipe"", ""11"": ""raw_mediapipe"", ""12"": ""raw_mediapipe"", ""13"": ""raw_mediapipe"", ""14"": ""raw_mediapipe"", ""15"": ""raw_mediapipe"", ""16"": ""raw_mediapipe"", ""17"": ""raw_mediapipe"", ""18"": ""raw_mediapipe"", ""19"": ""raw_mediapipe"", ""20"": ""raw_mediapipe"", ""21"": ""raw_mediapipe"", ""22"": ""raw_mediapipe"", ""23"": ""raw_mediapipe"", ""24"": ""raw_mediapipe"", ""25"": ""raw_mediapipe"", ""26"": ""raw_mediapipe"", ""27"": ""raw_mediapipe"", ""28"": ""raw_mediapipe"", ""29"": ""raw_mediapipe"", ""30"": ""raw_mediapipe"", ""31"": ""raw_mediapipe"", ""32"": ""raw_mediapipe""}",0.1462,0.0,0.0,0.0,0.0639,0.0,0.0,0.0,0.0,0.0,0.0,0.0,0.0,0.0,0.0,0.0,0.2619,0.0,0.0,0.0,0.1819,0.0,0.0,0.0,0.2292,0.0,0.0,0.0,0.2285,0.0,0.0,0.0,0.0,0.0,0.0,0.0,0.0,0.0,0.0,0.0,0.0,0.0,0.0,0.0,0.0,0.0,0.0,0.0,0.0,0.0
46,1533,1.414925,detected,1,0,unstable,0.6276,0.8108,0.4709,5,0.8485,0.4975,0.0362,1.0,0.0,0.0,0.0,0.9362,0.9362,0.0,world,False,"{""0"": ""raw_mediapipe"", ""1"": ""raw_mediapipe"", ""2"": ""raw_mediapipe"", ""3"": ""raw_mediapipe"", ""4"": ""raw_mediapipe"", ""5"": ""raw_mediapipe"", ""6"": ""raw_mediapipe"", ""7"": ""raw_mediapipe"", ""8"": ""raw_mediapipe"", ""9"": ""raw_mediapipe"", ""10"": ""raw_mediapipe"", ""11"": ""raw_mediapipe"", ""12"": ""raw_mediapipe"", ""13"": ""raw_mediapipe"", ""14"": ""raw_mediapipe"", ""15"": ""raw_mediapipe"", ""16"": ""raw_mediapipe"", ""17"": ""raw_mediapipe"", ""18"": ""raw_mediapipe"", ""19"": ""raw_mediapipe"", ""20"": ""raw_mediapipe"", ""21"": ""raw_mediapipe"", ""22"": ""raw_mediapipe"", ""23"": ""raw_mediapipe"", ""24"": ""raw_mediapipe"", ""25"": ""raw_mediapipe"", ""26"": ""raw_mediapipe"", ""27"": ""raw_mediapipe"", ""28"": ""raw_mediapipe"", ""29"": ""raw_mediapipe"", ""30"": ""raw_mediapipe"", ""31"": ""raw_mediapipe"", ""32"": ""raw_mediapipe""}",0.1486,0.0,0.0,0.0,0.0532,0.0,0.0,0.0,0.0,0.0,0.0,0.0,0.0,0.0,0.0,0.0,0.2689,0.0,0.0,0.0,0.1776,0.0,0.0,0.0,0.2404,0.0,0.0,0.0,0.2228,0.0,0.0,0.0,0.0,0.0,0.0,0.0,0.0,0.0,0.0,0.0,0.0,0.0,0.0,0.0,0.0,0.0,0.0,0.0,0.0,0.0
47,1566,1.439689,detected,1,0,unstable,0.5829,0.7903,0.4529,8,0.7576,0.3975,0.0312,1.0,0.0,0.0,0.0,0.9375,0.9375,0.0,world,False,"{""0"": ""raw_mediapipe"", ""1"": ""raw_mediapipe"", ""2"": ""raw_mediapipe"", ""3"": ""raw_mediapipe"", ""4"": ""raw_mediapipe"", ""5"": ""raw_mediapipe"", ""6"": ""raw_mediapipe"", ""7"": ""raw_mediapipe"", ""8"": ""raw_mediapipe"", ""9"": ""raw_mediapipe"", ""10"": ""raw_mediapipe"", ""11"": ""raw_mediapipe"", ""12"": ""raw_mediapipe"", ""13"": ""raw_mediapipe"", ""14"": ""raw_mediapipe"", ""15"": ""raw_mediapipe"", ""16"": ""raw_mediapipe"", ""17"": ""raw_mediapipe"", ""18"": ""raw_mediapipe"", ""19"": ""raw_mediapipe"", ""20"": ""raw_mediapipe"", ""21"": ""raw_mediapipe"", ""22"": ""raw_mediapipe"", ""23"": ""raw_mediapipe"", ""24"": ""raw_mediapipe"", ""25"": ""raw_mediapipe"", ""26"": ""raw_mediapipe"", ""27"": ""raw_mediapipe"", ""28"": ""raw_mediapipe"", ""29"": ""raw_mediapipe"", ""30"": ""raw_mediapipe"", ""31"": ""raw_mediapipe"", ""32"": ""raw_mediapipe""}",0.1597,0.0,0.0,0.0,0.0508,0.0,0.0,0.0,0.0,0.0,0.0,0.0,0.0,0.0,0.0,0.0,0.2809,0.0,0.0,0.0,0.1837,0.0,0.0,0.0,0.2535,0.0,0.0,0.0,0.2236,0.0,0.0,0.0,0.0,0.0,0.0,0.0,0.0,0.0,0.0,0.0,0.0,0.0,0.0,0.0,0.0,0.0,0.0,0.0,0.0,0.0
48,1600,1.463402,detected,1,0,unstable,0.6037,0.7999,0.4753,5,0.8485,0.4018,0.0282,1.0,0.0,0.0,0.0,0.9388,0.9388,0.0,world,False,"{""0"": ""raw_mediapipe"", ""1"": ""raw_mediapipe"", ""2"": ""raw_mediapipe"", ""3"": ""raw_mediapipe"", ""4"": ""raw_mediapipe"", ""5"": ""raw_mediapipe"", ""6"": ""raw_mediapipe"", ""7"": ""raw_mediapipe"", ""8"": ""raw_mediapipe"", ""9"": ""raw_mediapipe"", ""10"": ""raw_mediapipe"", ""11"": ""raw_mediapipe"", ""12"": ""raw_mediapipe"", ""13"": ""raw_mediapipe"", ""14"": ""raw_mediapipe"", ""15"": ""raw_mediapipe"", ""16"": ""raw_mediapipe"", ""17"": ""raw_mediapipe"", ""18"": ""raw_mediapipe"", ""19"": ""raw_mediapipe"", ""20"": ""raw_mediapipe"", ""21"": ""raw_mediapipe"", ""22"": ""raw_mediapipe"", ""23"": ""raw_mediapipe"", ""24"": ""raw_mediapipe"", ""25"": ""raw_mediapipe"", ""26"": ""raw_mediapipe"", ""27"": ""raw_mediapipe"", ""28"": ""raw_mediapipe"", ""29"": ""raw_mediapipe"", ""30"": ""raw_mediapipe"", ""31"": ""raw_mediapipe"", ""32"": ""raw_mediapipe""}",0.1656,0.0,0.0,0.0,0.058,0.0,0.0,0.0,0.0,0.0,0.0,0.0,0.0,0.0,0.0,0.0,0.2938,0.0,0.0,0.0,0.1903,0.0,0.0,0.0,0.2646,0.0,0.0,0.0,0.2276,0.0,0.0,0.0,0.0,0.0,0.0,0.0,0.0,0.0,0.0,0.0,0.0,0.0,0.0,0.0,0.0,0.0,0.0,0.0,0.0,0.0
49,1633,1.489228,detected,1,0,unstable,0.6098,0.7965,0.4762,3,0.9091,0.5108,0.0247,1.0,0.0,0.0,0.0,0.94,0.94,0.0,world,False,"{""0"": ""raw_mediapipe"", ""1"": ""raw_mediapipe"", ""2"": ""raw_mediapipe"", ""3"": ""raw_mediapipe"", ""4"": ""raw_mediapipe"", ""5"": ""raw_mediapipe"", ""6"": ""raw_mediapipe"", ""7"": ""raw_mediapipe"", ""8"": ""raw_mediapipe"", ""9"": ""raw_mediapipe"", ""10"": ""raw_mediapipe"", ""11"": ""raw_mediapipe"", ""12"": ""raw_mediapipe"", ""13"": ""raw_mediapipe"", ""14"": ""raw_mediapipe"", ""15"": ""raw_mediapipe"", ""16"": ""raw_mediapipe"", ""17"": ""raw_mediapipe"", ""18"": ""raw_mediapipe"", ""19"": ""raw_mediapipe"", ""20"": ""raw_mediapipe"", ""21"": ""raw_mediapipe"", ""22"": ""raw_mediapipe"", ""23"": ""raw_mediapipe"", ""24"": ""raw_mediapipe"", ""25"": ""raw_mediapipe"", ""26"": ""raw_mediapipe"", ""27"": ""raw_mediapipe"", ""28"": ""raw_mediapipe"", ""29"": ""raw_mediapipe"", ""30"": ""raw_mediapipe"", ""31"": ""raw_mediapipe"", ""32"": ""raw_mediapipe""}",0.1768,0.0,0.0,0.0,0.0575,0.0,0.0,0.0,0.1959,0.0,0.0,0.0,0.0588,0.0,0.0,0.0,0.3034,0.0,0.0,0.0,0.1964,0.0,0.0,0.0,0.2767,0.0,0.0,0.0,0.2325,0.0,0.0,0.0,0.0,0.0,0.0,0.0,0.0,0.0,0.0,0.0,0.0,0.0,0.0,0.0,0.0,0.0,0.0,0.0,0.0,0.0
50,1666,1.514043,detected,1,0,unstable,0.5997,0.8029,0.4505,4,0.8788,0.5612,0.0229,1.0,0.0,0.0,0.0,0.9412,0.9412,0.0,world,False,"{""0"": ""raw_mediapipe"", ""1"": ""raw_mediapipe"", ""2"": ""raw_mediapipe"", ""3"": ""raw_mediapipe"", ""4"": ""raw_mediapipe"", ""5"": ""raw_mediapipe"", ""6"": ""raw_mediapipe"", ""7"": ""raw_mediapipe"", ""8"": ""raw_mediapipe"", ""9"": ""raw_mediapipe"", ""10"": ""raw_mediapipe"", ""11"": ""raw_mediapipe"", ""12"": ""raw_mediapipe"", ""13"": ""raw_mediapipe"", ""14"": ""raw_mediapipe"", ""15"": ""raw_mediapipe"", ""16"": ""raw_mediapipe"", ""17"": ""raw_mediapipe"", ""18"": ""raw_mediapipe"", ""19"": ""raw_mediapipe"", ""20"": ""raw_mediapipe"", ""21"": ""raw_mediapipe"", ""22"": ""raw_mediapipe"", ""23"": ""raw_mediapipe"", ""24"": ""raw_mediapipe"", ""25"": ""raw_mediapipe"", ""26"": ""raw_mediapipe"", ""27"": ""raw_mediapipe"", ""28"": ""raw_mediapipe"", ""29"": ""raw_mediapipe"", ""30"": ""raw_mediapipe"", ""31"": ""raw_mediapipe"", ""32"": ""raw_mediapipe""}",0.1907,0.0,0.0,0.0,0.0,0.0,0.0,0.0,0.207,0.0,0.0,0.0,0.0649,0.0,0.0,0.0,0.3109,0.0,0.0,0.0,0.2034,0.0,0.0,0.0,0.2861,0.0,0.0,0.0,0.2371,0.0,0.0,0.0,0.0,0.0,0.0,0.0,0.0,0.0,0.0,0.0,0.0,0.0,0.0,0.0,0.0,0.0,0.0,0.0,0.0,0.0
51,1700,1.538933,detected,1,0,unstable,0.657,0.8158,0.4925,1,0.9697,0.4382,0.0341,1.0,0.0,0.0,0.0,0.9423,0.9423,0.0,world,False,"{""0"": ""raw_mediapipe"", ""1"": ""raw_mediapipe"", ""2"": ""raw_mediapipe"", ""3"": ""raw_mediapipe"", ""4"": ""raw_mediapipe"", ""5"": ""raw_mediapipe"", ""6"": ""raw_mediapipe"", ""7"": ""raw_mediapipe"", ""8"": ""raw_mediapipe"", ""9"": ""raw_mediapipe"", ""10"": ""raw_mediapipe"", ""11"": ""raw_mediapipe"", ""12"": ""raw_mediapipe"", ""13"": ""raw_mediapipe"", ""14"": ""raw_mediapipe"", ""15"": ""raw_mediapipe"", ""16"": ""raw_mediapipe"", ""17"": ""raw_mediapipe"", ""18"": ""raw_mediapipe"", ""19"": ""raw_mediapipe"", ""20"": ""raw_mediapipe"", ""21"": ""raw_mediapipe"", ""22"": ""raw_mediapipe"", ""23"": ""raw_mediapipe"", ""24"": ""raw_mediapipe"", ""25"": ""raw_mediapipe"", ""26"": ""raw_mediapipe"", ""27"": ""raw_mediapipe"", ""28"": ""raw_mediapipe"", ""29"": ""raw_mediapipe"", ""30"": ""raw_mediapipe"", ""31"": ""raw_mediapipe"", ""32"": ""raw_mediapipe""}",0.2016,0.0,0.0,0.0,0.0595,0.0,0.0,0.0,0.2171,0.0,0.0,0.0,0.0752,0.0,0.0,0.0,0.3194,0.0,0.0,0.0,0.2015,0.0,0.0,0.0,0.2953,0.0,0.0,0.0,0.2486,0.0,0.0,0.0,0.0,0.0,0.0,0.0,0.0,0.0,0.0,0.0,0.0,0.0,0.0,0.0,0.0,0.0,0.0,0.0,0.0,0.0
52,1733,1.565372,detected,1,0,unstable,0.68,0.8225,0.5047,0,1.0,1.5864,0.039,1.0,0.0,0.0,0.0,0.9434,0.9434,0.0,world,False,"{""0"": ""raw_mediapipe"", ""1"": ""raw_mediapipe"", ""2"": ""raw_mediapipe"", ""3"": ""raw_mediapipe"", ""4"": ""raw_mediapipe"", ""5"": ""raw_mediapipe"", ""6"": ""raw_mediapipe"", ""7"": ""raw_mediapipe"", ""8"": ""raw_mediapipe"", ""9"": ""raw_mediapipe"", ""10"": ""raw_mediapipe"", ""11"": ""raw_mediapipe"", ""12"": ""raw_mediapipe"", ""13"": ""raw_mediapipe"", ""14"": ""raw_mediapipe"", ""15"": ""raw_mediapipe"", ""16"": ""raw_mediapipe"", ""17"": ""raw_mediapipe"", ""18"": ""raw_mediapipe"", ""19"": ""raw_mediapipe"", ""20"": ""raw_mediapipe"", ""21"": ""raw_mediapipe"", ""22"": ""raw_mediapipe"", ""23"": ""raw_mediapipe"", ""24"": ""raw_mediapipe"", ""25"": ""raw_mediapipe"", ""26"": ""raw_mediapipe"", ""27"": ""raw_mediapipe"", ""28"": ""raw_mediapipe"", ""29"": ""raw_mediapipe"", ""30"": ""raw_mediapipe"", ""31"": ""raw_mediapipe"", ""32"": ""raw_mediapipe""}",0.1915,0.0,0.0,0.0,0.0585,0.0,0.0,0.0,0.2097,0.0,0.0,0.0,0.0847,0.0,0.0,0.0,0.3259,0.0,0.0,0.0,0.2013,0.0,0.0,0.0,0.3046,0.0,0.0,0.0,0.2589,0.0,0.0,0.0,0.0,0.0,0.0,0.0,0.0,0.0,0.0,0.0,0.0,0.0,0.0,0.0,0.0,0.0,0.0,0.0,0.0,0.0
53,1766,1.588498,detected,1,0,unstable,0.6337,0.8156,0.4625,4,0.8788,2.0141,0.0346,1.0,0.0,0.0,0.0,0.9444,0.9444,0.0,world,False,"{""0"": ""raw_mediapipe"", ""1"": ""raw_mediapipe"", ""2"": ""raw_mediapipe"", ""3"": ""raw_mediapipe"", ""4"": ""raw_mediapipe"", ""5"": ""raw_mediapipe"", ""6"": ""raw_mediapipe"", ""7"": ""raw_mediapipe"", ""8"": ""raw_mediapipe"", ""9"": ""raw_mediapipe"", ""10"": ""raw_mediapipe"", ""11"": ""raw_mediapipe"", ""12"": ""raw_mediapipe"", ""13"": ""raw_mediapipe"", ""14"": ""raw_mediapipe"", ""15"": ""raw_mediapipe"", ""16"": ""raw_mediapipe"", ""17"": ""raw_mediapipe"", ""18"": ""raw_mediapipe"", ""19"": ""raw_mediapipe"", ""20"": ""raw_mediapipe"", ""21"": ""raw_mediapipe"", ""22"": ""raw_mediapipe"", ""23"": ""raw_mediapipe"", ""24"": ""raw_mediapipe"", ""25"": ""raw_mediapipe"", ""26"": ""raw_mediapipe"", ""27"": ""raw_mediapipe"", ""28"": ""raw_mediapipe"", ""29"": ""raw_mediapipe"", ""30"": ""raw_mediapipe"", ""31"": ""raw_mediapipe"", ""32"": ""raw_mediapipe""}",0.1728,0.0,0.0,0.0,0.0,0.0,0.0,0.0,0.1846,0.0,0.0,0.0,0.066,0.0,0.0,0.0,0.3307,0.0,0.0,0.0,0.2079,0.0,0.0,0.0,0.3077,0.0,0.0,0.0,0.2616,0.0,0.0,0.0,0.0,0.0,0.0,0.0,0.0,0.0,0.0,0.0,0.0,0.0,0.0,0.0,0.0,0.0,0.0,0.0,0.0,0.0
54,1800,1.616204,detected,1,0,unstable,0.6223,0.8075,0.4455,5,0.8485,1.0332,0.0345,1.0,0.0,0.0,0.0,0.9455,0.9455,0.0,world,False,"{""0"": ""raw_mediapipe"", ""1"": ""raw_mediapipe"", ""2"": ""raw_mediapipe"", ""3"": ""raw_mediapipe"", ""4"": ""raw_mediapipe"", ""5"": ""raw_mediapipe"", ""6"": ""raw_mediapipe"", ""7"": ""raw_mediapipe"", ""8"": ""raw_mediapipe"", ""9"": ""raw_mediapipe"", ""10"": ""raw_mediapipe"", ""11"": ""raw_mediapipe"", ""12"": ""raw_mediapipe"", ""13"": ""raw_mediapipe"", ""14"": ""raw_mediapipe"", ""15"": ""raw_mediapipe"", ""16"": ""raw_mediapipe"", ""17"": ""raw_mediapipe"", ""18"": ""raw_mediapipe"", ""19"": ""raw_mediapipe"", ""20"": ""raw_mediapipe"", ""21"": ""raw_mediapipe"", ""22"": ""raw_mediapipe"", ""23"": ""raw_mediapipe"", ""24"": ""raw_mediapipe"", ""25"": ""raw_mediapipe"", ""26"": ""raw_mediapipe"", ""27"": ""raw_mediapipe"", ""28"": ""raw_mediapipe"", ""29"": ""raw_mediapipe"", ""30"": ""raw_mediapipe"", ""31"": ""raw_mediapipe"", ""32"": ""raw_mediapipe""}",0.1761,0.0,0.0,0.0,0.0,0.0,0.0,0.0,0.1793,0.0,0.0,0.0,0.0537,0.0,0.0,0.0,0.3299,0.0,0.0,0.0,0.2156,0.0,0.0,0.0,0.3105,0.0,0.0,0.0,0.2627,0.0,0.0,0.0,0.0,0.0,0.0,0.0,0.0,0.0,0.0,0.0,0.0,0.0,0.0,0.0,0.0,0.0,0.0,0.0,0.0,0.0
55,1833,1.638865,detected,1,0,unstable,0.6119,0.8026,0.4291,8,0.7576,0.375,0.041,1.0,0.0,0.0,0.0,0.9464,0.9464,0.0,world,False,"{""0"": ""raw_mediapipe"", ""1"": ""raw_mediapipe"", ""2"": ""raw_mediapipe"", ""3"": ""raw_mediapipe"", ""4"": ""raw_mediapipe"", ""5"": ""raw_mediapipe"", ""6"": ""raw_mediapipe"", ""7"": ""raw_mediapipe"", ""8"": ""raw_mediapipe"", ""9"": ""raw_mediapipe"", ""10"": ""raw_mediapipe"", ""11"": ""raw_mediapipe"", ""12"": ""raw_mediapipe"", ""13"": ""raw_mediapipe"", ""14"": ""raw_mediapipe"", ""15"": ""raw_mediapipe"", ""16"": ""raw_mediapipe"", ""17"": ""raw_mediapipe"", ""18"": ""raw_mediapipe"", ""19"": ""raw_mediapipe"", ""20"": ""raw_mediapipe"", ""21"": ""raw_mediapipe"", ""22"": ""raw_mediapipe"", ""23"": ""raw_mediapipe"", ""24"": ""raw_mediapipe"", ""25"": ""raw_mediapipe"", ""26"": ""raw_mediapipe"", ""27"": ""raw_mediapipe"", ""28"": ""raw_mediapipe"", ""29"": ""raw_mediapipe"", ""30"": ""raw_mediapipe"", ""31"": ""raw_mediapipe"", ""32"": ""raw_mediapipe""}",0.1799,0.0,0.0,0.0,0.0,0.0,0.0,0.0,0.1747,0.0,0.0,0.0,0.0,0.0,0.0,0.0,0.3308,0.0,0.0,0.0,0.2233,0.0,0.0,0.0,0.3126,0.0,0.0,0.0,0.2664,0.0,0.0,0.0,0.0,0.0,0.0,0.0,0.0,0.0,0.0,0.0,0.0,0.0,0.0,0.0,0.0,0.0,0.0,0.0,0.0,0.0
56,1866,1.660954,detected,1,0,unstable,0.6327,0.8027,0.4286,8,0.7576,0.4154,0.0493,1.0,0.0,0.0,0.0,0.9474,0.9474,0.0,world,False,"{""0"": ""raw_mediapipe"", ""1"": ""raw_mediapipe"", ""2"": ""raw_mediapipe"", ""3"": ""raw_mediapipe"", ""4"": ""raw_mediapipe"", ""5"": ""raw_mediapipe"", ""6"": ""raw_mediapipe"", ""7"": ""raw_mediapipe"", ""8"": ""raw_mediapipe"", ""9"": ""raw_mediapipe"", ""10"": ""raw_mediapipe"", ""11"": ""raw_mediapipe"", ""12"": ""raw_mediapipe"", ""13"": ""raw_mediapipe"", ""14"": ""raw_mediapipe"", ""15"": ""raw_mediapipe"", ""16"": ""raw_mediapipe"", ""17"": ""raw_mediapipe"", ""18"": ""raw_mediapipe"", ""19"": ""raw_mediapipe"", ""20"": ""raw_mediapipe"", ""21"": ""raw_mediapipe"", ""22"": ""raw_mediapipe"", ""23"": ""raw_mediapipe"", ""24"": ""raw_mediapipe"", ""25"": ""raw_mediapipe"", ""26"": ""raw_mediapipe"", ""27"": ""raw_mediapipe"", ""28"": ""raw_mediapipe"", ""29"": ""raw_mediapipe"", ""30"": ""raw_mediapipe"", ""31"": ""raw_mediapipe"", ""32"": ""raw_mediapipe""}",0.1813,0.0,0.0,0.0,0.0,0.0,0.0,0.0,0.1686,0.0,0.0,0.0,0.0,0.0,0.0,0.0,0.3278,0.0,0.0,0.0,0.2279,0.0,0.0,0.0,0.3157,0.0,0.0,0.0,0.2752,0.0,0.0,0.0,0.0,0.0,0.0,0.0,0.0,0.0,0.0,0.0,0.0,0.0,0.0,0.0,0.0,0.0,0.0,0.0,0.0,0.0
57,1900,1.68743,detected,1,0,partial_pose,0.6356,0.7942,0.3984,9,0.7273,0.2382,0.055,1.0,0.0,0.0,0.0,0.9483,0.9483,0.0,world,False,"{""0"": ""raw_mediapipe"", ""1"": ""raw_mediapipe"", ""2"": ""raw_mediapipe"", ""3"": ""raw_mediapipe"", ""4"": ""raw_mediapipe"", ""5"": ""raw_mediapipe"", ""6"": ""raw_mediapipe"", ""7"": ""raw_mediapipe"", ""8"": ""raw_mediapipe"", ""9"": ""raw_mediapipe"", ""10"": ""raw_mediapipe"", ""11"": ""raw_mediapipe"", ""12"": ""raw_mediapipe"", ""13"": ""raw_mediapipe"", ""14"": ""raw_mediapipe"", ""15"": ""raw_mediapipe"", ""16"": ""raw_mediapipe"", ""17"": ""raw_mediapipe"", ""18"": ""raw_mediapipe"", ""19"": ""raw_mediapipe"", ""20"": ""raw_mediapipe"", ""21"": ""raw_mediapipe"", ""22"": ""raw_mediapipe"", ""23"": ""raw_mediapipe"", ""24"": ""raw_mediapipe"", ""25"": ""raw_mediapipe"", ""26"": ""raw_mediapipe"", ""27"": ""raw_mediapipe"", ""28"": ""raw_mediapipe"", ""29"": ""raw_mediapipe"", ""30"": ""raw_mediapipe"", ""31"": ""raw_mediapipe"", ""32"": ""raw_mediapipe""}",0.1782,0.0,0.0,0.0,0.0,0.0,0.0,0.0,0.0,0.0,0.0,0.0,0.0,0.0,0.0,0.0,0.3252,0.0,0.0,0.0,0.2347,0.0,0.0,0.0,0.3196,0.0,0.0,0.0,0.2837,0.0,0.0,0.0,0.0,0.0,0.0,0.0,0.0,0.0,0.0,0.0,0.0,0.0,0.0,0.0,0.0,0.0,0.0,0.0,0.0,0.0
58,1933,1.711425,detected,1,0,partial_pose,0.7273,0.7871,0.3702,9,0.7273,0.0898,0.0572,1.0,0.0,0.0,0.0,0.9492,0.9492,0.0,world,False,"{""0"": ""raw_mediapipe"", ""1"": ""raw_mediapipe"", ""2"": ""raw_mediapipe"", ""3"": ""raw_mediapipe"", ""4"": ""raw_mediapipe"", ""5"": ""raw_mediapipe"", ""6"": ""raw_mediapipe"", ""7"": ""raw_mediapipe"", ""8"": ""raw_mediapipe"", ""9"": ""raw_mediapipe"", ""10"": ""raw_mediapipe"", ""11"": ""raw_mediapipe"", ""12"": ""raw_mediapipe"", ""13"": ""raw_mediapipe"", ""14"": ""raw_mediapipe"", ""15"": ""raw_mediapipe"", ""16"": ""raw_mediapipe"", ""17"": ""raw_mediapipe"", ""18"": ""raw_mediapipe"", ""19"": ""raw_mediapipe"", ""20"": ""raw_mediapipe"", ""21"": ""raw_mediapipe"", ""22"": ""raw_mediapipe"", ""23"": ""raw_mediapipe"", ""24"": ""raw_mediapipe"", ""25"": ""raw_mediapipe"", ""26"": ""raw_mediapipe"", ""27"": ""raw_mediapipe"", ""28"": ""raw_mediapipe"", ""29"": ""raw_mediapipe"", ""30"": ""raw_mediapipe"", ""31"": ""raw_mediapipe"", ""32"": ""raw_mediapipe""}",0.1761,0.0,0.0,0.0,0.0,0.0,0.0,0.0,0.0,0.0,0.0,0.0,0.0,0.0,0.0,0.0,0.3259,0.0,0.0,0.0,0.2485,0.0,0.0,0.0,0.3198,0.0,0.0,0.0,0.2909,0.0,0.0,0.0,0.0,0.0,0.0,0.0,0.0,0.0,0.0,0.0,0.0,0.0,0.0,0.0,0.0,0.0,0.0,0.0,0.0,0.0
59,1966,1.736577,detected,1,0,partial_pose,0.7043,0.7811,0.3408,9,0.7273,0.1259,0.0588,1.0,0.0,0.0,0.0,0.95,0.95,0.0,world,False,"{""0"": ""raw_mediapipe"", ""1"": ""raw_mediapipe"", ""2"": ""raw_mediapipe"", ""3"": ""raw_mediapipe"", ""4"": ""raw_mediapipe"", ""5"": ""raw_mediapipe"", ""6"": ""raw_mediapipe"", ""7"": ""raw_mediapipe"", ""8"": ""raw_mediapipe"", ""9"": ""raw_mediapipe"", ""10"": ""raw_mediapipe"", ""11"": ""raw_mediapipe"", ""12"": ""raw_mediapipe"", ""13"": ""raw_mediapipe"", ""14"": ""raw_mediapipe"", ""15"": ""raw_mediapipe"", ""16"": ""raw_mediapipe"", ""17"": ""raw_mediapipe"", ""18"": ""raw_mediapipe"", ""19"": ""raw_mediapipe"", ""20"": ""raw_mediapipe"", ""21"": ""raw_mediapipe"", ""22"": ""raw_mediapipe"", ""23"": ""raw_mediapipe"", ""24"": ""raw_mediapipe"", ""25"": ""raw_mediapipe"", ""26"": ""raw_mediapipe"", ""27"": ""raw_mediapipe"", ""28"": ""raw_mediapipe"", ""29"": ""raw_mediapipe"", ""30"": ""raw_mediapipe"", ""31"": ""raw_mediapipe"", ""32"": ""raw_mediapipe""}",0.1755,0.0,0.0,0.0,0.0,0.0,0.0,0.0,0.0,0.0,0.0,0.0,0.0,0.0,0.0,0.0,0.3278,0.0,0.0,0.0,0.2623,0.0,0.0,0.0,0.3212,0.0,0.0,0.0,0.2987,0.0,0.0,0.0,0.0,0.0,0.0,0.0,0.0,0.0,0.0,0.0,0.0,0.0,0.0,0.0,0.0,0.0,0.0,0.0,0.0,0.0
60,2000,1.758495,detected,1,0,partial_pose,0.6629,0.7768,0.3103,9,0.7273,0.1814,0.058,1.0,0.0,0.0,0.0,0.9508,0.9508,0.0,world,False,"{""0"": ""raw_mediapipe"", ""1"": ""raw_mediapipe"", ""2"": ""raw_mediapipe"", ""3"": ""raw_mediapipe"", ""4"": ""raw_mediapipe"", ""5"": ""raw_mediapipe"", ""6"": ""raw_mediapipe"", ""7"": ""raw_mediapipe"", ""8"": ""raw_mediapipe"", ""9"": ""raw_mediapipe"", ""10"": ""raw_mediapipe"", ""11"": ""raw_mediapipe"", ""12"": ""raw_mediapipe"", ""13"": ""raw_mediapipe"", ""14"": ""raw_mediapipe"", ""15"": ""raw_mediapipe"", ""16"": ""raw_mediapipe"", ""17"": ""raw_mediapipe"", ""18"": ""raw_mediapipe"", ""19"": ""raw_mediapipe"", ""20"": ""raw_mediapipe"", ""21"": ""raw_mediapipe"", ""22"": ""raw_mediapipe"", ""23"": ""raw_mediapipe"", ""24"": ""raw_mediapipe"", ""25"": ""raw_mediapipe"", ""26"": ""raw_mediapipe"", ""27"": ""raw_mediapipe"", ""28"": ""raw_mediapipe"", ""29"": ""raw_mediapipe"", ""30"": ""raw_mediapipe"", ""31"": ""raw_mediapipe"", ""32"": ""raw_mediapipe""}",0.1773,0.0,0.0,0.0,0.0,0.0,0.0,0.0,0.0,0.0,0.0,0.0,0.0,0.0,0.0,0.0,0.3307,0.0,0.0,0.0,0.2776,0.0,0.0,0.0,0.3217,0.0,0.0,0.0,0.3035,0.0,0.0,0.0,0.0,0.0,0.0,0.0,0.0,0.0,0.0,0.0,0.0,0.0,0.0,0.0,0.0,0.0,0.0,0.0,0.0,0.0
61,2033,1.781857,detected,1,0,partial_pose,0.6324,0.774,0.2813,9,0.7273,0.2718,0.0568,1.0,0.0,0.0,0.0,0.9516,0.9516,0.0,world,False,"{""0"": ""raw_mediapipe"", ""1"": ""raw_mediapipe"", ""2"": ""raw_mediapipe"", ""3"": ""raw_mediapipe"", ""4"": ""raw_mediapipe"", ""5"": ""raw_mediapipe"", ""6"": ""raw_mediapipe"", ""7"": ""raw_mediapipe"", ""8"": ""raw_mediapipe"", ""9"": ""raw_mediapipe"", ""10"": ""raw_mediapipe"", ""11"": ""raw_mediapipe"", ""12"": ""raw_mediapipe"", ""13"": ""raw_mediapipe"", ""14"": ""raw_mediapipe"", ""15"": ""raw_mediapipe"", ""16"": ""raw_mediapipe"", ""17"": ""raw_mediapipe"", ""18"": ""raw_mediapipe"", ""19"": ""raw_mediapipe"", ""20"": ""raw_mediapipe"", ""21"": ""raw_mediapipe"", ""22"": ""raw_mediapipe"", ""23"": ""raw_mediapipe"", ""24"": ""raw_mediapipe"", ""25"": ""raw_mediapipe"", ""26"": ""raw_mediapipe"", ""27"": ""raw_mediapipe"", ""28"": ""raw_mediapipe"", ""29"": ""raw_mediapipe"", ""30"": ""raw_mediapipe"", ""31"": ""raw_mediapipe"", ""32"": ""raw_mediapipe""}",0.1777,0.0,0.0,0.0,0.0,0.0,0.0,0.0,0.0,0.0,0.0,0.0,0.0,0.0,0.0,0.0,0.3343,0.0,0.0,0.0,0.289,0.0,0.0,0.0,0.3218,0.0,0.0,0.0,0.3037,0.0,0.0,0.0,0.0,0.0,0.0,0.0,0.0,0.0,0.0,0.0,0.0,0.0,0.0,0.0,0.0,0.0,0.0,0.0,0.0,0.0
62,2066,1.804317,detected,1,1,valid,0.7519,0.7718,0.2565,8,0.7576,0.0562,0.057,1.0,0.0,0.0,0.0,0.9524,0.9524,0.0159,world,True,"{""0"": ""raw_mediapipe"", ""1"": ""raw_mediapipe"", ""2"": ""raw_mediapipe"", ""3"": ""raw_mediapipe"", ""4"": ""raw_mediapipe"", ""5"": ""raw_mediapipe"", ""6"": ""raw_mediapipe"", ""7"": ""raw_mediapipe"", ""8"": ""raw_mediapipe"", ""9"": ""raw_mediapipe"", ""10"": ""raw_mediapipe"", ""11"": ""raw_mediapipe"", ""12"": ""raw_mediapipe"", ""13"": ""raw_mediapipe"", ""14"": ""raw_mediapipe"", ""15"": ""raw_mediapipe"", ""16"": ""raw_mediapipe"", ""17"": ""raw_mediapipe"", ""18"": ""raw_mediapipe"", ""19"": ""raw_mediapipe"", ""20"": ""raw_mediapipe"", ""21"": ""raw_mediapipe"", ""22"": ""raw_mediapipe"", ""23"": ""raw_mediapipe"", ""24"": ""raw_mediapipe"", ""25"": ""raw_mediapipe"", ""26"": ""raw_mediapipe"", ""27"": ""raw_mediapipe"", ""28"": ""raw_mediapipe"", ""29"": ""raw_mediapipe"", ""30"": ""raw_mediapipe"", ""31"": ""raw_mediapipe"", ""32"": ""raw_mediapipe""}",0.177,0.0,0.0,0.0,0.0,0.0,0.0,0.0,0.2137,0.0,0.0,0.0,0.0,0.0,0.0,0.0,0.3397,0.0,0.0,0.0,0.2981,0.0,0.0,0.0,0.3237,0.0,0.0,0.0,0.3044,0.0,0.0,0.0,0.0,0.0,0.0,0.0,0.0,0.0,0.0,0.0,0.0,0.0,0.0,0.0,0.0,0.0,0.0,0.0,0.0,0.0
63,2100,1.826442,detected,1,0,valid,0.6491,0.7667,0.2331,8,0.7576,0.2025,0.0565,1.0,0.0,0.0,0.0,0.9531,0.9531,0.0156,world,False,"{""0"": ""raw_mediapipe"", ""1"": ""raw_mediapipe"", ""2"": ""raw_mediapipe"", ""3"": ""raw_mediapipe"", ""4"": ""raw_mediapipe"", ""5"": ""raw_mediapipe"", ""6"": ""raw_mediapipe"", ""7"": ""raw_mediapipe"", ""8"": ""raw_mediapipe"", ""9"": ""raw_mediapipe"", ""10"": ""raw_mediapipe"", ""11"": ""raw_mediapipe"", ""12"": ""raw_mediapipe"", ""13"": ""raw_mediapipe"", ""14"": ""raw_mediapipe"", ""15"": ""raw_mediapipe"", ""16"": ""raw_mediapipe"", ""17"": ""raw_mediapipe"", ""18"": ""raw_mediapipe"", ""19"": ""raw_mediapipe"", ""20"": ""raw_mediapipe"", ""21"": ""raw_mediapipe"", ""22"": ""raw_mediapipe"", ""23"": ""raw_mediapipe"", ""24"": ""raw_mediapipe"", ""25"": ""raw_mediapipe"", ""26"": ""raw_mediapipe"", ""27"": ""raw_mediapipe"", ""28"": ""raw_mediapipe"", ""29"": ""raw_mediapipe"", ""30"": ""raw_mediapipe"", ""31"": ""raw_mediapipe"", ""32"": ""raw_mediapipe""}",0.1749,0.0,0.0,0.0,0.0,0.0,0.0,0.0,0.2048,0.0,0.0,0.0,0.0,0.0,0.0,0.0,0.3437,0.0,0.0,0.0,0.303,0.0,0.0,0.0,0.3258,0.0,0.0,0.0,0.3041,0.0,0.0,0.0,0.0,0.0,0.0,0.0,0.0,0.0,0.0,0.0,0.0,0.0,0.0,0.0,0.0,0.0,0.0,0.0,0.0,0.0
64,2133,1.851479,detected,1,0,unstable,0.6255,0.7565,0.2125,8,0.7576,0.2394,0.0534,1.0,0.0,0.0,0.0,0.9538,0.9538,0.0154,world,False,"{""0"": ""raw_mediapipe"", ""1"": ""raw_mediapipe"", ""2"": ""raw_mediapipe"", ""3"": ""raw_mediapipe"", ""4"": ""raw_mediapipe"", ""5"": ""raw_mediapipe"", ""6"": ""raw_mediapipe"", ""7"": ""raw_mediapipe"", ""8"": ""raw_mediapipe"", ""9"": ""raw_mediapipe"", ""10"": ""raw_mediapipe"", ""11"": ""raw_mediapipe"", ""12"": ""raw_mediapipe"", ""13"": ""raw_mediapipe"", ""14"": ""raw_mediapipe"", ""15"": ""raw_mediapipe"", ""16"": ""raw_mediapipe"", ""17"": ""raw_mediapipe"", ""18"": ""raw_mediapipe"", ""19"": ""raw_mediapipe"", ""20"": ""raw_mediapipe"", ""21"": ""raw_mediapipe"", ""22"": ""raw_mediapipe"", ""23"": ""raw_mediapipe"", ""24"": ""raw_mediapipe"", ""25"": ""raw_mediapipe"", ""26"": ""raw_mediapipe"", ""27"": ""raw_mediapipe"", ""28"": ""raw_mediapipe"", ""29"": ""raw_mediapipe"", ""30"": ""raw_mediapipe"", ""31"": ""raw_mediapipe"", ""32"": ""raw_mediapipe""}",0.181,0.0,0.0,0.0,0.0,0.0,0.0,0.0,0.1984,0.0,0.0,0.0,0.0,0.0,0.0,0.0,0.3481,0.0,0.0,0.0,0.3058,0.0,0.0,0.0,0.3279,0.0,0.0,0.0,0.3054,0.0,0.0,0.0,0.0,0.0,0.0,0.0,0.0,0.0,0.0,0.0,0.0,0.0,0.0,0.0,0.0,0.0,0.0,0.0,0.0,0.0
65,2166,1.87449,detected,1,0,partial_pose,0.6684,0.7464,0.1952,9,0.7273,0.1322,0.0514,1.0,0.0,0.0,0.0,0.9545,0.9545,0.0152,world,False,"{""0"": ""raw_mediapipe"", ""1"": ""raw_mediapipe"", ""2"": ""raw_mediapipe"", ""3"": ""raw_mediapipe"", ""4"": ""raw_mediapipe"", ""5"": ""raw_mediapipe"", ""6"": ""raw_mediapipe"", ""7"": ""raw_mediapipe"", ""8"": ""raw_mediapipe"", ""9"": ""raw_mediapipe"", ""10"": ""raw_mediapipe"", ""11"": ""raw_mediapipe"", ""12"": ""raw_mediapipe"", ""13"": ""raw_mediapipe"", ""14"": ""raw_mediapipe"", ""15"": ""raw_mediapipe"", ""16"": ""raw_mediapipe"", ""17"": ""raw_mediapipe"", ""18"": ""raw_mediapipe"", ""19"": ""raw_mediapipe"", ""20"": ""raw_mediapipe"", ""21"": ""raw_mediapipe"", ""22"": ""raw_mediapipe"", ""23"": ""raw_mediapipe"", ""24"": ""raw_mediapipe"", ""25"": ""raw_mediapipe"", ""26"": ""raw_mediapipe"", ""27"": ""raw_mediapipe"", ""28"": ""raw_mediapipe"", ""29"": ""raw_mediapipe"", ""30"": ""raw_mediapipe"", ""31"": ""raw_mediapipe"", ""32"": ""raw_mediapipe""}",0.0,0.0,0.0,0.0,0.0,0.0,0.0,0.0,0.1926,0.0,0.0,0.0,0.0,0.0,0.0,0.0,0.3522,0.0,0.0,0.0,0.3073,0.0,0.0,0.0,0.3323,0.0,0.0,0.0,0.3071,0.0,0.0,0.0,0.0,0.0,0.0,0.0,0.0,0.0,0.0,0.0,0.0,0.0,0.0,0.0,0.0,0.0,0.0,0.0,0.0,0.0
66,2200,1.898144,detected,1,0,partial_pose,0.586,0.7431,0.1868,10,0.697,0.4158,0.0462,1.0,0.0,0.0,0.0,0.9552,0.9552,0.0149,world,False,"{""0"": ""raw_mediapipe"", ""1"": ""raw_mediapipe"", ""2"": ""raw_mediapipe"", ""3"": ""raw_mediapipe"", ""4"": ""raw_mediapipe"", ""5"": ""raw_mediapipe"", ""6"": ""raw_mediapipe"", ""7"": ""raw_mediapipe"", ""8"": ""raw_mediapipe"", ""9"": ""raw_mediapipe"", ""10"": ""raw_mediapipe"", ""11"": ""raw_mediapipe"", ""12"": ""raw_mediapipe"", ""13"": ""raw_mediapipe"", ""14"": ""raw_mediapipe"", ""15"": ""raw_mediapipe"", ""16"": ""raw_mediapipe"", ""17"": ""raw_mediapipe"", ""18"": ""raw_mediapipe"", ""19"": ""raw_mediapipe"", ""20"": ""raw_mediapipe"", ""21"": ""raw_mediapipe"", ""22"": ""raw_mediapipe"", ""23"": ""raw_mediapipe"", ""24"": ""raw_mediapipe"", ""25"": ""raw_mediapipe"", ""26"": ""raw_mediapipe"", ""27"": ""raw_mediapipe"", ""28"": ""raw_mediapipe"", ""29"": ""raw_mediapipe"", ""30"": ""raw_mediapipe"", ""31"": ""raw_mediapipe"", ""32"": ""raw_mediapipe""}",0.0,0.0,0.0,0.0,0.0,0.0,0.0,0.0,0.0,0.0,0.0,0.0,0.0,0.0,0.0,0.0,0.3575,0.0,0.0,0.0,0.3065,0.0,0.0,0.0,0.3371,0.0,0.0,0.0,0.3092,0.0,0.0,0.0,0.0,0.0,0.0,0.0,0.0,0.0,0.0,0.0,0.0,0.0,0.0,0.0,0.0,0.0,0.0,0.0,0.0,0.0
67,2233,1.921565,detected,1,0,partial_pose,0.6377,0.7392,0.175,10,0.697,0.1509,0.0486,1.0,0.0,0.0,0.0,0.9559,0.9559,0.0147,world,False,"{""0"": ""raw_mediapipe"", ""1"": ""raw_mediapipe"", ""2"": ""raw_mediapipe"", ""3"": ""raw_mediapipe"", ""4"": ""raw_mediapipe"", ""5"": ""raw_mediapipe"", ""6"": ""raw_mediapipe"", ""7"": ""raw_mediapipe"", ""8"": ""raw_mediapipe"", ""9"": ""raw_mediapipe"", ""10"": ""raw_mediapipe"", ""11"": ""raw_mediapipe"", ""12"": ""raw_mediapipe"", ""13"": ""raw_mediapipe"", ""14"": ""raw_mediapipe"", ""15"": ""raw_mediapipe"", ""16"": ""raw_mediapipe"", ""17"": ""raw_mediapipe"", ""18"": ""raw_mediapipe"", ""19"": ""raw_mediapipe"", ""20"": ""raw_mediapipe"", ""21"": ""raw_mediapipe"", ""22"": ""raw_mediapipe"", ""23"": ""raw_mediapipe"", ""24"": ""raw_mediapipe"", ""25"": ""raw_mediapipe"", ""26"": ""raw_mediapipe"", ""27"": ""raw_mediapipe"", ""28"": ""raw_mediapipe"", ""29"": ""raw_mediapipe"", ""30"": ""raw_mediapipe"", ""31"": ""raw_mediapipe"", ""32"": ""raw_mediapipe""}",0.0,0.0,0.0,0.0,0.0,0.0,0.0,0.0,0.0,0.0,0.0,0.0,0.0,0.0,0.0,0.0,0.3647,0.0,0.0,0.0,0.3073,0.0,0.0,0.0,0.3428,0.0,0.0,0.0,0.3102,0.0,0.0,0.0,0.0,0.0,0.0,0.0,0.0,0.0,0.0,0.0,0.0,0.0,0.0,0.0,0.0,0.0,0.0,0.0,0.0,0.0
68,2266,1.942607,detected,1,0,partial_pose,0.599,0.7397,0.161,10,0.697,0.3431,0.0519,1.0,0.0,0.0,0.0,0.9565,0.9565,0.0145,world,False,"{""0"": ""raw_mediapipe"", ""1"": ""raw_mediapipe"", ""2"": ""raw_mediapipe"", ""3"": ""raw_mediapipe"", ""4"": ""raw_mediapipe"", ""5"": ""raw_mediapipe"", ""6"": ""raw_mediapipe"", ""7"": ""raw_mediapipe"", ""8"": ""raw_mediapipe"", ""9"": ""raw_mediapipe"", ""10"": ""raw_mediapipe"", ""11"": ""raw_mediapipe"", ""12"": ""raw_mediapipe"", ""13"": ""raw_mediapipe"", ""14"": ""raw_mediapipe"", ""15"": ""raw_mediapipe"", ""16"": ""raw_mediapipe"", ""17"": ""raw_mediapipe"", ""18"": ""raw_mediapipe"", ""19"": ""raw_mediapipe"", ""20"": ""raw_mediapipe"", ""21"": ""raw_mediapipe"", ""22"": ""raw_mediapipe"", ""23"": ""raw_mediapipe"", ""24"": ""raw_mediapipe"", ""25"": ""raw_mediapipe"", ""26"": ""raw_mediapipe"", ""27"": ""raw_mediapipe"", ""28"": ""raw_mediapipe"", ""29"": ""raw_mediapipe"", ""30"": ""raw_mediapipe"", ""31"": ""raw_mediapipe"", ""32"": ""raw_mediapipe""}",0.0,0.0,0.0,0.0,0.0,0.0,0.0,0.0,0.0,0.0,0.0,0.0,0.0,0.0,0.0,0.0,0.3699,0.0,0.0,0.0,0.3086,0.0,0.0,0.0,0.347,0.0,0.0,0.0,0.3112,0.0,0.0,0.0,0.0,0.0,0.0,0.0,0.0,0.0,0.0,0.0,0.0,0.0,0.0,0.0,0.0,0.0,0.0,0.0,0.0,0.0
69,2300,1.964653,detected,1,0,partial_pose,0.6039,0.7356,0.1475,10,0.697,0.2843,0.0545,1.0,0.0,0.0,0.0,0.9571,0.9571,0.0143,world,False,"{""0"": ""raw_mediapipe"", ""1"": ""raw_mediapipe"", ""2"": ""raw_mediapipe"", ""3"": ""raw_mediapipe"", ""4"": ""raw_mediapipe"", ""5"": ""raw_mediapipe"", ""6"": ""raw_mediapipe"", ""7"": ""raw_mediapipe"", ""8"": ""raw_mediapipe"", ""9"": ""raw_mediapipe"", ""10"": ""raw_mediapipe"", ""11"": ""raw_mediapipe"", ""12"": ""raw_mediapipe"", ""13"": ""raw_mediapipe"", ""14"": ""raw_mediapipe"", ""15"": ""raw_mediapipe"", ""16"": ""raw_mediapipe"", ""17"": ""raw_mediapipe"", ""18"": ""raw_mediapipe"", ""19"": ""raw_mediapipe"", ""20"": ""raw_mediapipe"", ""21"": ""raw_mediapipe"", ""22"": ""raw_mediapipe"", ""23"": ""raw_mediapipe"", ""24"": ""raw_mediapipe"", ""25"": ""raw_mediapipe"", ""26"": ""raw_mediapipe"", ""27"": ""raw_mediapipe"", ""28"": ""raw_mediapipe"", ""29"": ""raw_mediapipe"", ""30"": ""raw_mediapipe"", ""31"": ""raw_mediapipe"", ""32"": ""raw_mediapipe""}",0.0,0.0,0.0,0.0,0.0,0.0,0.0,0.0,0.0,0.0,0.0,0.0,0.0,0.0,0.0,0.0,0.3736,0.0,0.0,0.0,0.3074,0.0,0.0,0.0,0.351,0.0,0.0,0.0,0.3134,0.0,0.0,0.0,0.0,0.0,0.0,0.0,0.0,0.0,0.0,0.0,0.0,0.0,0.0,0.0,0.0,0.0,0.0,0.0,0.0,0.0
70,2333,1.991094,detected,1,0,partial_pose,0.6582,0.7335,0.1342,10,0.697,0.1411,0.055,1.0,0.0,0.0,0.0,0.9577,0.9577,0.0141,world,False,"{""0"": ""raw_mediapipe"", ""1"": ""raw_mediapipe"", ""2"": ""raw_mediapipe"", ""3"": ""raw_mediapipe"", ""4"": ""raw_mediapipe"", ""5"": ""raw_mediapipe"", ""6"": ""raw_mediapipe"", ""7"": ""raw_mediapipe"", ""8"": ""raw_mediapipe"", ""9"": ""raw_mediapipe"", ""10"": ""raw_mediapipe"", ""11"": ""raw_mediapipe"", ""12"": ""raw_mediapipe"", ""13"": ""raw_mediapipe"", ""14"": ""raw_mediapipe"", ""15"": ""raw_mediapipe"", ""16"": ""raw_mediapipe"", ""17"": ""raw_mediapipe"", ""18"": ""raw_mediapipe"", ""19"": ""raw_mediapipe"", ""20"": ""raw_mediapipe"", ""21"": ""raw_mediapipe"", ""22"": ""raw_mediapipe"", ""23"": ""raw_mediapipe"", ""24"": ""raw_mediapipe"", ""25"": ""raw_mediapipe"", ""26"": ""raw_mediapipe"", ""27"": ""raw_mediapipe"", ""28"": ""raw_mediapipe"", ""29"": ""raw_mediapipe"", ""30"": ""raw_mediapipe"", ""31"": ""raw_mediapipe"", ""32"": ""raw_mediapipe""}",0.0,0.0,0.0,0.0,0.0,0.0,0.0,0.0,0.0,0.0,0.0,0.0,0.0,0.0,0.0,0.0,0.3775,0.0,0.0,0.0,0.3053,0.0,0.0,0.0,0.3547,0.0,0.0,0.0,0.3157,0.0,0.0,0.0,0.0,0.0,0.0,0.0,0.0,0.0,0.0,0.0,0.0,0.0,0.0,0.0,0.0,0.0,0.0,0.0,0.0,0.0
71,2366,2.018091,detected,1,0,partial_pose,0.6968,0.7366,0.1225,9,0.7273,0.1068,0.0573,1.0,0.0,0.0,0.0,0.9583,0.9583,0.0139,world,False,"{""0"": ""raw_mediapipe"", ""1"": ""raw_mediapipe"", ""2"": ""raw_mediapipe"", ""3"": ""raw_mediapipe"", ""4"": ""raw_mediapipe"", ""5"": ""raw_mediapipe"", ""6"": ""raw_mediapipe"", ""7"": ""raw_mediapipe"", ""8"": ""raw_mediapipe"", ""9"": ""raw_mediapipe"", ""10"": ""raw_mediapipe"", ""11"": ""raw_mediapipe"", ""12"": ""raw_mediapipe"", ""13"": ""raw_mediapipe"", ""14"": ""raw_mediapipe"", ""15"": ""raw_mediapipe"", ""16"": ""raw_mediapipe"", ""17"": ""raw_mediapipe"", ""18"": ""raw_mediapipe"", ""19"": ""raw_mediapipe"", ""20"": ""raw_mediapipe"", ""21"": ""raw_mediapipe"", ""22"": ""raw_mediapipe"", ""23"": ""raw_mediapipe"", ""24"": ""raw_mediapipe"", ""25"": ""raw_mediapipe"", ""26"": ""raw_mediapipe"", ""27"": ""raw_mediapipe"", ""28"": ""raw_mediapipe"", ""29"": ""raw_mediapipe"", ""30"": ""raw_mediapipe"", ""31"": ""raw_mediapipe"", ""32"": ""raw_mediapipe""}",0.0,0.0,0.0,0.0,0.0,0.0,0.0,0.0,0.2119,0.0,0.0,0.0,0.0,0.0,0.0,0.0,0.3807,0.0,0.0,0.0,0.3057,0.0,0.0,0.0,0.3579,0.0,0.0,0.0,0.3196,0.0,0.0,0.0,0.0,0.0,0.0,0.0,0.0,0.0,0.0,0.0,0.0,0.0,0.0,0.0,0.0,0.0,0.0,0.0,0.0,0.0
72,2400,2.044196,detected,1,0,partial_pose,0.711,0.738,0.1178,9,0.7273,0.0867,0.0573,1.0,0.0,0.0,0.0,0.9589,0.9589,0.0137,world,False,"{""0"": ""raw_mediapipe"", ""1"": ""raw_mediapipe"", ""2"": ""raw_mediapipe"", ""3"": ""raw_mediapipe"", ""4"": ""raw_mediapipe"", ""5"": ""raw_mediapipe"", ""6"": ""raw_mediapipe"", ""7"": ""raw_mediapipe"", ""8"": ""raw_mediapipe"", ""9"": ""raw_mediapipe"", ""10"": ""raw_mediapipe"", ""11"": ""raw_mediapipe"", ""12"": ""raw_mediapipe"", ""13"": ""raw_mediapipe"", ""14"": ""raw_mediapipe"", ""15"": ""raw_mediapipe"", ""16"": ""raw_mediapipe"", ""17"": ""raw_mediapipe"", ""18"": ""raw_mediapipe"", ""19"": ""raw_mediapipe"", ""20"": ""raw_mediapipe"", ""21"": ""raw_mediapipe"", ""22"": ""raw_mediapipe"", ""23"": ""raw_mediapipe"", ""24"": ""raw_mediapipe"", ""25"": ""raw_mediapipe"", ""26"": ""raw_mediapipe"", ""27"": ""raw_mediapipe"", ""28"": ""raw_mediapipe"", ""29"": ""raw_mediapipe"", ""30"": ""raw_mediapipe"", ""31"": ""raw_mediapipe"", ""32"": ""raw_mediapipe""}",0.0,0.0,0.0,0.0,0.0,0.0,0.0,0.0,0.2106,0.0,0.0,0.0,0.0,0.0,0.0,0.0,0.3844,0.0,0.0,0.0,0.3045,0.0,0.0,0.0,0.3602,0.0,0.0,0.0,0.3237,0.0,0.0,0.0,0.0,0.0,0.0,0.0,0.0,0.0,0.0,0.0,0.0,0.0,0.0,0.0,0.0,0.0,0.0,0.0,0.0,0.0
73,2433,2.069685,detected,1,0,partial_pose,0.6792,0.7465,0.1308,9,0.7273,0.1428,0.0586,1.0,0.0,0.0,0.0,0.9595,0.9595,0.0135,world,False,"{""0"": ""raw_mediapipe"", ""1"": ""raw_mediapipe"", ""2"": ""raw_mediapipe"", ""3"": ""raw_mediapipe"", ""4"": ""raw_mediapipe"", ""5"": ""raw_mediapipe"", ""6"": ""raw_mediapipe"", ""7"": ""raw_mediapipe"", ""8"": ""raw_mediapipe"", ""9"": ""raw_mediapipe"", ""10"": ""raw_mediapipe"", ""11"": ""raw_mediapipe"", ""12"": ""raw_mediapipe"", ""13"": ""raw_mediapipe"", ""14"": ""raw_mediapipe"", ""15"": ""raw_mediapipe"", ""16"": ""raw_mediapipe"", ""17"": ""raw_mediapipe"", ""18"": ""raw_mediapipe"", ""19"": ""raw_mediapipe"", ""20"": ""raw_mediapipe"", ""21"": ""raw_mediapipe"", ""22"": ""raw_mediapipe"", ""23"": ""raw_mediapipe"", ""24"": ""raw_mediapipe"", ""25"": ""raw_mediapipe"", ""26"": ""raw_mediapipe"", ""27"": ""raw_mediapipe"", ""28"": ""raw_mediapipe"", ""29"": ""raw_mediapipe"", ""30"": ""raw_mediapipe"", ""31"": ""raw_mediapipe"", ""32"": ""raw_mediapipe""}",0.0,0.0,0.0,0.0,0.0,0.0,0.0,0.0,0.2088,0.0,0.0,0.0,0.0,0.0,0.0,0.0,0.3883,0.0,0.0,0.0,0.3033,0.0,0.0,0.0,0.3628,0.0,0.0,0.0,0.3267,0.0,0.0,0.0,0.0,0.0,0.0,0.0,0.0,0.0,0.0,0.0,0.0,0.0,0.0,0.0,0.0,0.0,0.0,0.0,0.0,0.0
74,2466,2.1013,detected,1,0,partial_pose,0.667,0.7595,0.155,9,0.7273,0.1688,0.0588,1.0,0.0,0.0,0.0,0.96,0.96,0.0133,world,False,"{""0"": ""raw_mediapipe"", ""1"": ""raw_mediapipe"", ""2"": ""raw_mediapipe"", ""3"": ""raw_mediapipe"", ""4"": ""raw_mediapipe"", ""5"": ""raw_mediapipe"", ""6"": ""raw_mediapipe"", ""7"": ""raw_mediapipe"", ""8"": ""raw_mediapipe"", ""9"": ""raw_mediapipe"", ""10"": ""raw_mediapipe"", ""11"": ""raw_mediapipe"", ""12"": ""raw_mediapipe"", ""13"": ""raw_mediapipe"", ""14"": ""raw_mediapipe"", ""15"": ""raw_mediapipe"", ""16"": ""raw_mediapipe"", ""17"": ""raw_mediapipe"", ""18"": ""raw_mediapipe"", ""19"": ""raw_mediapipe"", ""20"": ""raw_mediapipe"", ""21"": ""raw_mediapipe"", ""22"": ""raw_mediapipe"", ""23"": ""raw_mediapipe"", ""24"": ""raw_mediapipe"", ""25"": ""raw_mediapipe"", ""26"": ""raw_mediapipe"", ""27"": ""raw_mediapipe"", ""28"": ""raw_mediapipe"", ""29"": ""raw_mediapipe"", ""30"": ""raw_mediapipe"", ""31"": ""raw_mediapipe"", ""32"": ""raw_mediapipe""}",0.0,0.0,0.0,0.0,0.0,0.0,0.0,0.0,0.2074,0.0,0.0,0.0,0.0,0.0,0.0,0.0,0.3924,0.0,0.0,0.0,0.3027,0.0,0.0,0.0,0.3645,0.0,0.0,0.0,0.3295,0.0,0.0,0.0,0.0,0.0,0.0,0.0,0.0,0.0,0.0,0.0,0.0,0.0,0.0,0.0,0.0,0.0,0.0,0.0,0.0,0.0
75,2500,2.124169,detected,1,0,partial_pose,0.6956,0.7717,0.1753,9,0.7273,0.1321,0.0584,1.0,0.0,0.0,0.0,0.9605,0.9605,0.0132,world,False,"{""0"": ""raw_mediapipe"", ""1"": ""raw_mediapipe"", ""2"": ""raw_mediapipe"", ""3"": ""raw_mediapipe"", ""4"": ""raw_mediapipe"", ""5"": ""raw_mediapipe"", ""6"": ""raw_mediapipe"", ""7"": ""raw_mediapipe"", ""8"": ""raw_mediapipe"", ""9"": ""raw_mediapipe"", ""10"": ""raw_mediapipe"", ""11"": ""raw_mediapipe"", ""12"": ""raw_mediapipe"", ""13"": ""raw_mediapipe"", ""14"": ""raw_mediapipe"", ""15"": ""raw_mediapipe"", ""16"": ""raw_mediapipe"", ""17"": ""raw_mediapipe"", ""18"": ""raw_mediapipe"", ""19"": ""raw_mediapipe"", ""20"": ""raw_mediapipe"", ""21"": ""raw_mediapipe"", ""22"": ""raw_mediapipe"", ""23"": ""raw_mediapipe"", ""24"": ""raw_mediapipe"", ""25"": ""raw_mediapipe"", ""26"": ""raw_mediapipe"", ""27"": ""raw_mediapipe"", ""28"": ""raw_mediapipe"", ""29"": ""raw_mediapipe"", ""30"": ""raw_mediapipe"", ""31"": ""raw_mediapipe"", ""32"": ""raw_mediapipe""}",0.0,0.0,0.0,0.0,0.0,0.0,0.0,0.0,0.2056,0.0,0.0,0.0,0.0,0.0,0.0,0.0,0.3962,0.0,0.0,0.0,0.3026,0.0,0.0,0.0,0.3672,0.0,0.0,0.0,0.3319,0.0,0.0,0.0,0.0,0.0,0.0,0.0,0.0,0.0,0.0,0.0,0.0,0.0,0.0,0.0,0.0,0.0,0.0,0.0,0.0,0.0
76,2533,2.148265,detected,1,0,partial_pose,0.7104,0.7848,0.2101,9,0.7273,0.1066,0.0554,1.0,0.0,0.0,0.0,0.961,0.961,0.013,world,False,"{""0"": ""raw_mediapipe"", ""1"": ""raw_mediapipe"", ""2"": ""raw_mediapipe"", ""3"": ""raw_mediapipe"", ""4"": ""raw_mediapipe"", ""5"": ""raw_mediapipe"", ""6"": ""raw_mediapipe"", ""7"": ""raw_mediapipe"", ""8"": ""raw_mediapipe"", ""9"": ""raw_mediapipe"", ""10"": ""raw_mediapipe"", ""11"": ""raw_mediapipe"", ""12"": ""raw_mediapipe"", ""13"": ""raw_mediapipe"", ""14"": ""raw_mediapipe"", ""15"": ""raw_mediapipe"", ""16"": ""raw_mediapipe"", ""17"": ""raw_mediapipe"", ""18"": ""raw_mediapipe"", ""19"": ""raw_mediapipe"", ""20"": ""raw_mediapipe"", ""21"": ""raw_mediapipe"", ""22"": ""raw_mediapipe"", ""23"": ""raw_mediapipe"", ""24"": ""raw_mediapipe"", ""25"": ""raw_mediapipe"", ""26"": ""raw_mediapipe"", ""27"": ""raw_mediapipe"", ""28"": ""raw_mediapipe"", ""29"": ""raw_mediapipe"", ""30"": ""raw_mediapipe"", ""31"": ""raw_mediapipe"", ""32"": ""raw_mediapipe""}",0.0,0.0,0.0,0.0,0.0,0.0,0.0,0.0,0.2028,0.0,0.0,0.0,0.0,0.0,0.0,0.0,0.3992,0.0,0.0,0.0,0.3024,0.0,0.0,0.0,0.3701,0.0,0.0,0.0,0.3334,0.0,0.0,0.0,0.0,0.0,0.0,0.0,0.0,0.0,0.0,0.0,0.0,0.0,0.0,0.0,0.0,0.0,0.0,0.0,0.0,0.0
77,2566,2.170957,detected,1,0,valid,0.6492,0.7985,0.2571,7,0.7879,0.2176,0.0525,1.0,0.0,0.0,0.0,0.9615,0.9615,0.0128,world,False,"{""0"": ""raw_mediapipe"", ""1"": ""raw_mediapipe"", ""2"": ""raw_mediapipe"", ""3"": ""raw_mediapipe"", ""4"": ""raw_mediapipe"", ""5"": ""raw_mediapipe"", ""6"": ""raw_mediapipe"", ""7"": ""raw_mediapipe"", ""8"": ""raw_mediapipe"", ""9"": ""raw_mediapipe"", ""10"": ""raw_mediapipe"", ""11"": ""raw_mediapipe"", ""12"": ""raw_mediapipe"", ""13"": ""raw_mediapipe"", ""14"": ""raw_mediapipe"", ""15"": ""raw_mediapipe"", ""16"": ""raw_mediapipe"", ""17"": ""raw_mediapipe"", ""18"": ""raw_mediapipe"", ""19"": ""raw_mediapipe"", ""20"": ""raw_mediapipe"", ""21"": ""raw_mediapipe"", ""22"": ""raw_mediapipe"", ""23"": ""raw_mediapipe"", ""24"": ""raw_mediapipe"", ""25"": ""raw_mediapipe"", ""26"": ""raw_mediapipe"", ""27"": ""raw_mediapipe"", ""28"": ""raw_mediapipe"", ""29"": ""raw_mediapipe"", ""30"": ""raw_mediapipe"", ""31"": ""raw_mediapipe"", ""32"": ""raw_mediapipe""}",0.0,0.0,0.0,0.0,0.0,0.0,0.0,0.0,0.2,0.0,0.0,0.0,0.1134,0.0,0.0,0.0,0.3982,0.0,0.0,0.0,0.3018,0.0,0.0,0.0,0.3721,0.0,0.0,0.0,0.3354,0.0,0.0,0.0,0.0,0.0,0.0,0.0,0.0,0.0,0.0,0.0,0.0,0.0,0.0,0.0,0.0,0.0,0.0,0.0,0.0,0.0
78,2600,2.194438,detected,1,0,unstable,0.6248,0.7972,0.2696,8,0.7576,0.3597,0.0469,1.0,0.0,0.0,0.0,0.962,0.962,0.0127,world,False,"{""0"": ""raw_mediapipe"", ""1"": ""raw_mediapipe"", ""2"": ""raw_mediapipe"", ""3"": ""raw_mediapipe"", ""4"": ""raw_mediapipe"", ""5"": ""raw_mediapipe"", ""6"": ""raw_mediapipe"", ""7"": ""raw_mediapipe"", ""8"": ""raw_mediapipe"", ""9"": ""raw_mediapipe"", ""10"": ""raw_mediapipe"", ""11"": ""raw_mediapipe"", ""12"": ""raw_mediapipe"", ""13"": ""raw_mediapipe"", ""14"": ""raw_mediapipe"", ""15"": ""raw_mediapipe"", ""16"": ""raw_mediapipe"", ""17"": ""raw_mediapipe"", ""18"": ""raw_mediapipe"", ""19"": ""raw_mediapipe"", ""20"": ""raw_mediapipe"", ""21"": ""raw_mediapipe"", ""22"": ""raw_mediapipe"", ""23"": ""raw_mediapipe"", ""24"": ""raw_mediapipe"", ""25"": ""raw_mediapipe"", ""26"": ""raw_mediapipe"", ""27"": ""raw_mediapipe"", ""28"": ""raw_mediapipe"", ""29"": ""raw_mediapipe"", ""30"": ""raw_mediapipe"", ""31"": ""raw_mediapipe"", ""32"": ""raw_mediapipe""}",0.0,0.0,0.0,0.0,0.0,0.0,0.0,0.0,0.1981,0.0,0.0,0.0,0.1117,0.0,0.0,0.0,0.3947,0.0,0.0,0.0,0.3039,0.0,0.0,0.0,0.3748,0.0,0.0,0.0,0.3383,0.0,0.0,0.0,0.0,0.0,0.0,0.0,0.0,0.0,0.0,0.0,0.0,0.0,0.0,0.0,0.0,0.0,0.0,0.0,0.0,0.0
79,2633,2.2189,detected,1,1,valid,0.6864,0.7995,0.3127,7,0.7879,0.149,0.0486,1.0,0.0,0.000887828125,0.021903125000000002,0.9625,0.9625,0.025,world,True,"{""0"": ""raw_mediapipe"", ""1"": ""raw_mediapipe"", ""2"": ""raw_mediapipe"", ""3"": ""raw_mediapipe"", ""4"": ""raw_mediapipe"", ""5"": ""raw_mediapipe"", ""6"": ""raw_mediapipe"", ""7"": ""raw_mediapipe"", ""8"": ""raw_mediapipe"", ""9"": ""raw_mediapipe"", ""10"": ""raw_mediapipe"", ""11"": ""raw_mediapipe"", ""12"": ""raw_mediapipe"", ""13"": ""raw_mediapipe"", ""14"": ""raw_mediapipe"", ""15"": ""raw_mediapipe"", ""16"": ""raw_mediapipe"", ""17"": ""raw_mediapipe"", ""18"": ""raw_mediapipe"", ""19"": ""raw_mediapipe"", ""20"": ""raw_mediapipe"", ""21"": ""raw_mediapipe"", ""22"": ""raw_mediapipe"", ""23"": ""raw_mediapipe"", ""24"": ""raw_mediapipe"", ""25"": ""raw_mediapipe"", ""26"": ""raw_mediapipe"", ""27"": ""raw_mediapipe"", ""28"": ""raw_mediapipe"", ""29"": ""raw_mediapipe"", ""30"": ""raw_mediapipe"", ""31"": ""raw_mediapipe"", ""32"": ""raw_mediapipe""}",0.3219,0.0,0.0,0.0,0.0,0.0,0.0,0.0,0.1977,0.0,0.0,0.0,0.1116,0.0,0.0,0.0,0.3909,0.0,0.0,0.0,0.302,0.0,0.0,0.0,0.3766,0.0,0.0,0.0,0.3382,0.0,0.0,0.0,0.0,0.0,0.0,0.0,0.0,0.0,0.0,0.0,0.0,0.0,0.0,0.0,0.0,0.0,0.0,0.0,0.0,0.0
80,2666,2.24226,detected,1,1,valid,0.6504,0.7969,0.337,8,0.7576,0.1857,0.0479,1.0,0.0,0.0008198833333333332,0.022110033333333334,0.963,0.963,0.037,world,True,"{""0"": ""raw_mediapipe"", ""1"": ""raw_mediapipe"", ""2"": ""raw_mediapipe"", ""3"": ""raw_mediapipe"", ""4"": ""raw_mediapipe"", ""5"": ""raw_mediapipe"", ""6"": ""raw_mediapipe"", ""7"": ""raw_mediapipe"", ""8"": ""raw_mediapipe"", ""9"": ""raw_mediapipe"", ""10"": ""raw_mediapipe"", ""11"": ""raw_mediapipe"", ""12"": ""raw_mediapipe"", ""13"": ""raw_mediapipe"", ""14"": ""raw_mediapipe"", ""15"": ""raw_mediapipe"", ""16"": ""raw_mediapipe"", ""17"": ""raw_mediapipe"", ""18"": ""raw_mediapipe"", ""19"": ""raw_mediapipe"", ""20"": ""raw_mediapipe"", ""21"": ""raw_mediapipe"", ""22"": ""raw_mediapipe"", ""23"": ""raw_mediapipe"", ""24"": ""raw_mediapipe"", ""25"": ""raw_mediapipe"", ""26"": ""raw_mediapipe"", ""27"": ""raw_mediapipe"", ""28"": ""raw_mediapipe"", ""29"": ""raw_mediapipe"", ""30"": ""raw_mediapipe"", ""31"": ""raw_mediapipe"", ""32"": ""raw_mediapipe""}",0.3148,0.0,0.0,0.0,0.0,0.0,0.0,0.0,0.1981,0.0,0.0,0.0,0.0,0.0,0.0,0.0,0.3872,0.0,0.0,0.0,0.3031,0.0,0.0,0.0,0.377,0.0,0.0,0.0,0.3393,0.0,0.0,0.0,0.0,0.0,0.0,0.0,0.0,0.0,0.0,0.0,0.0,0.0,0.0,0.0,0.0,0.0,0.0,0.0,0.0,0.0
81,2700,2.266539,detected,1,0,unstable,0.6101,0.7893,0.3431,8,0.7576,0.3595,0.0422,1.0,0.0,0.0,0.0,0.9634,0.9634,0.0366,world,False,"{""0"": ""raw_mediapipe"", ""1"": ""raw_mediapipe"", ""2"": ""raw_mediapipe"", ""3"": ""raw_mediapipe"", ""4"": ""raw_mediapipe"", ""5"": ""raw_mediapipe"", ""6"": ""raw_mediapipe"", ""7"": ""raw_mediapipe"", ""8"": ""raw_mediapipe"", ""9"": ""raw_mediapipe"", ""10"": ""raw_mediapipe"", ""11"": ""raw_mediapipe"", ""12"": ""raw_mediapipe"", ""13"": ""raw_mediapipe"", ""14"": ""raw_mediapipe"", ""15"": ""raw_mediapipe"", ""16"": ""raw_mediapipe"", ""17"": ""raw_mediapipe"", ""18"": ""raw_mediapipe"", ""19"": ""raw_mediapipe"", ""20"": ""raw_mediapipe"", ""21"": ""raw_mediapipe"", ""22"": ""raw_mediapipe"", ""23"": ""raw_mediapipe"", ""24"": ""raw_mediapipe"", ""25"": ""raw_mediapipe"", ""26"": ""raw_mediapipe"", ""27"": ""raw_mediapipe"", ""28"": ""raw_mediapipe"", ""29"": ""raw_mediapipe"", ""30"": ""raw_mediapipe"", ""31"": ""raw_mediapipe"", ""32"": ""raw_mediapipe""}",0.3049,0.0,0.0,0.0,0.0,0.0,0.0,0.0,0.1965,0.0,0.0,0.0,0.0,0.0,0.0,0.0,0.3868,0.0,0.0,0.0,0.3025,0.0,0.0,0.0,0.3756,0.0,0.0,0.0,0.3356,0.0,0.0,0.0,0.0,0.0,0.0,0.0,0.0,0.0,0.0,0.0,0.0,0.0,0.0,0.0,0.0,0.0,0.0,0.0,0.0,0.0
82,2733,2.290239,detected,1,0,unstable,0.6195,0.7884,0.3406,8,0.7576,0.2252,0.0461,1.0,0.0,0.0,0.0,0.9639,0.9639,0.0361,world,False,"{""0"": ""raw_mediapipe"", ""1"": ""raw_mediapipe"", ""2"": ""raw_mediapipe"", ""3"": ""raw_mediapipe"", ""4"": ""raw_mediapipe"", ""5"": ""raw_mediapipe"", ""6"": ""raw_mediapipe"", ""7"": ""raw_mediapipe"", ""8"": ""raw_mediapipe"", ""9"": ""raw_mediapipe"", ""10"": ""raw_mediapipe"", ""11"": ""raw_mediapipe"", ""12"": ""raw_mediapipe"", ""13"": ""raw_mediapipe"", ""14"": ""raw_mediapipe"", ""15"": ""raw_mediapipe"", ""16"": ""raw_mediapipe"", ""17"": ""raw_mediapipe"", ""18"": ""raw_mediapipe"", ""19"": ""raw_mediapipe"", ""20"": ""raw_mediapipe"", ""21"": ""raw_mediapipe"", ""22"": ""raw_mediapipe"", ""23"": ""raw_mediapipe"", ""24"": ""raw_mediapipe"", ""25"": ""raw_mediapipe"", ""26"": ""raw_mediapipe"", ""27"": ""raw_mediapipe"", ""28"": ""raw_mediapipe"", ""29"": ""raw_mediapipe"", ""30"": ""raw_mediapipe"", ""31"": ""raw_mediapipe"", ""32"": ""raw_mediapipe""}",0.2947,0.0,0.0,0.0,0.0,0.0,0.0,0.0,0.1946,0.0,0.0,0.0,0.0,0.0,0.0,0.0,0.3875,0.0,0.0,0.0,0.2983,0.0,0.0,0.0,0.372,0.0,0.0,0.0,0.3315,0.0,0.0,0.0,0.0,0.0,0.0,0.0,0.0,0.0,0.0,0.0,0.0,0.0,0.0,0.0,0.0,0.0,0.0,0.0,0.0,0.0
83,2766,2.323753,detected,1,0,partial_pose,0.6053,0.7889,0.3132,9,0.7273,0.4672,0.0436,1.0,0.0,0.0,0.0,0.9643,0.9643,0.0357,world,False,"{""0"": ""raw_mediapipe"", ""1"": ""raw_mediapipe"", ""2"": ""raw_mediapipe"", ""3"": ""raw_mediapipe"", ""4"": ""raw_mediapipe"", ""5"": ""raw_mediapipe"", ""6"": ""raw_mediapipe"", ""7"": ""raw_mediapipe"", ""8"": ""raw_mediapipe"", ""9"": ""raw_mediapipe"", ""10"": ""raw_mediapipe"", ""11"": ""raw_mediapipe"", ""12"": ""raw_mediapipe"", ""13"": ""raw_mediapipe"", ""14"": ""raw_mediapipe"", ""15"": ""raw_mediapipe"", ""16"": ""raw_mediapipe"", ""17"": ""raw_mediapipe"", ""18"": ""raw_mediapipe"", ""19"": ""raw_mediapipe"", ""20"": ""raw_mediapipe"", ""21"": ""raw_mediapipe"", ""22"": ""raw_mediapipe"", ""23"": ""raw_mediapipe"", ""24"": ""raw_mediapipe"", ""25"": ""raw_mediapipe"", ""26"": ""raw_mediapipe"", ""27"": ""raw_mediapipe"", ""28"": ""raw_mediapipe"", ""29"": ""raw_mediapipe"", ""30"": ""raw_mediapipe"", ""31"": ""raw_mediapipe"", ""32"": ""raw_mediapipe""}",0.2865,0.0,0.0,0.0,0.0,0.0,0.0,0.0,0.0,0.0,0.0,0.0,0.0,0.0,0.0,0.0,0.3858,0.0,0.0,0.0,0.3013,0.0,0.0,0.0,0.3722,0.0,0.0,0.0,0.3348,0.0,0.0,0.0,0.0,0.0,0.0,0.0,0.0,0.0,0.0,0.0,0.0,0.0,0.0,0.0,0.0,0.0,0.0,0.0,0.0,0.0
84,2800,2.350097,detected,1,0,valid,0.6219,0.7911,0.2908,8,0.7576,0.209,0.0437,1.0,0.0,0.0,0.0,0.9647,0.9647,0.0353,world,False,"{""0"": ""raw_mediapipe"", ""1"": ""raw_mediapipe"", ""2"": ""raw_mediapipe"", ""3"": ""raw_mediapipe"", ""4"": ""raw_mediapipe"", ""5"": ""raw_mediapipe"", ""6"": ""raw_mediapipe"", ""7"": ""raw_mediapipe"", ""8"": ""raw_mediapipe"", ""9"": ""raw_mediapipe"", ""10"": ""raw_mediapipe"", ""11"": ""raw_mediapipe"", ""12"": ""raw_mediapipe"", ""13"": ""raw_mediapipe"", ""14"": ""raw_mediapipe"", ""15"": ""raw_mediapipe"", ""16"": ""raw_mediapipe"", ""17"": ""raw_mediapipe"", ""18"": ""raw_mediapipe"", ""19"": ""raw_mediapipe"", ""20"": ""raw_mediapipe"", ""21"": ""raw_mediapipe"", ""22"": ""raw_mediapipe"", ""23"": ""raw_mediapipe"", ""24"": ""raw_mediapipe"", ""25"": ""raw_mediapipe"", ""26"": ""raw_mediapipe"", ""27"": ""raw_mediapipe"", ""28"": ""raw_mediapipe"", ""29"": ""raw_mediapipe"", ""30"": ""raw_mediapipe"", ""31"": ""raw_mediapipe"", ""32"": ""raw_mediapipe""}",0.2785,0.0,0.0,0.0,0.0838,0.0,0.0,0.0,0.0,0.0,0.0,0.0,0.0,0.0,0.0,0.0,0.3844,0.0,0.0,0.0,0.3054,0.0,0.0,0.0,0.3732,0.0,0.0,0.0,0.3422,0.0,0.0,0.0,0.0,0.0,0.0,0.0,0.0,0.0,0.0,0.0,0.0,0.0,0.0,0.0,0.0,0.0,0.0,0.0,0.0,0.0
85,2833,2.375368,detected,1,1,valid,0.6837,0.7891,0.2674,8,0.7576,0.1263,0.0462,1.0,0.0,0.000670578947368421,0.020582929824561405,0.9651,0.9651,0.0465,world,True,"{""0"": ""raw_mediapipe"", ""1"": ""raw_mediapipe"", ""2"": ""raw_mediapipe"", ""3"": ""raw_mediapipe"", ""4"": ""raw_mediapipe"", ""5"": ""raw_mediapipe"", ""6"": ""raw_mediapipe"", ""7"": ""raw_mediapipe"", ""8"": ""raw_mediapipe"", ""9"": ""raw_mediapipe"", ""10"": ""raw_mediapipe"", ""11"": ""raw_mediapipe"", ""12"": ""raw_mediapipe"", ""13"": ""raw_mediapipe"", ""14"": ""raw_mediapipe"", ""15"": ""raw_mediapipe"", ""16"": ""raw_mediapipe"", ""17"": ""raw_mediapipe"", ""18"": ""raw_mediapipe"", ""19"": ""raw_mediapipe"", ""20"": ""raw_mediapipe"", ""21"": ""raw_mediapipe"", ""22"": ""raw_mediapipe"", ""23"": ""raw_mediapipe"", ""24"": ""raw_mediapipe"", ""25"": ""raw_mediapipe"", ""26"": ""raw_mediapipe"", ""27"": ""raw_mediapipe"", ""28"": ""raw_mediapipe"", ""29"": ""raw_mediapipe"", ""30"": ""raw_mediapipe"", ""31"": ""raw_mediapipe"", ""32"": ""raw_mediapipe""}",0.2725,0.0,0.0,0.0,0.0766,0.0,0.0,0.0,0.0,0.0,0.0,0.0,0.0,0.0,0.0,0.0,0.3842,0.0,0.0,0.0,0.3095,0.0,0.0,0.0,0.3755,0.0,0.0,0.0,0.3482,0.0,0.0,0.0,0.0,0.0,0.0,0.0,0.0,0.0,0.0,0.0,0.0,0.0,0.0,0.0,0.0,0.0,0.0,0.0,0.0,0.0
86,2866,2.40247,detected,1,1,valid,0.6929,0.7879,0.247,8,0.7576,0.1131,0.0464,1.0,0.0,0.000555561403508772,0.019214140350877193,0.9655,0.9655,0.0575,world,True,"{""0"": ""raw_mediapipe"", ""1"": ""raw_mediapipe"", ""2"": ""raw_mediapipe"", ""3"": ""raw_mediapipe"", ""4"": ""raw_mediapipe"", ""5"": ""raw_mediapipe"", ""6"": ""raw_mediapipe"", ""7"": ""raw_mediapipe"", ""8"": ""raw_mediapipe"", ""9"": ""raw_mediapipe"", ""10"": ""raw_mediapipe"", ""11"": ""raw_mediapipe"", ""12"": ""raw_mediapipe"", ""13"": ""raw_mediapipe"", ""14"": ""raw_mediapipe"", ""15"": ""raw_mediapipe"", ""16"": ""raw_mediapipe"", ""17"": ""raw_mediapipe"", ""18"": ""raw_mediapipe"", ""19"": ""raw_mediapipe"", ""20"": ""raw_mediapipe"", ""21"": ""raw_mediapipe"", ""22"": ""raw_mediapipe"", ""23"": ""raw_mediapipe"", ""24"": ""raw_mediapipe"", ""25"": ""raw_mediapipe"", ""26"": ""raw_mediapipe"", ""27"": ""raw_mediapipe"", ""28"": ""raw_mediapipe"", ""29"": ""raw_mediapipe"", ""30"": ""raw_mediapipe"", ""31"": ""raw_mediapipe"", ""32"": ""raw_mediapipe""}",0.269,0.0,0.0,0.0,0.0734,0.0,0.0,0.0,0.0,0.0,0.0,0.0,0.0,0.0,0.0,0.0,0.3864,0.0,0.0,0.0,0.3144,0.0,0.0,0.0,0.3787,0.0,0.0,0.0,0.3546,0.0,0.0,0.0,0.0,0.0,0.0,0.0,0.0,0.0,0.0,0.0,0.0,0.0,0.0,0.0,0.0,0.0,0.0,0.0,0.0,0.0
87,2900,2.428927,detected,1,1,valid,0.6902,0.7904,0.2276,8,0.7576,0.1203,0.0469,1.0,0.0,0.0004940000000000001,0.018846859649122805,0.9659,0.9659,0.0682,world,True,"{""0"": ""raw_mediapipe"", ""1"": ""raw_mediapipe"", ""2"": ""raw_mediapipe"", ""3"": ""raw_mediapipe"", ""4"": ""raw_mediapipe"", ""5"": ""raw_mediapipe"", ""6"": ""raw_mediapipe"", ""7"": ""raw_mediapipe"", ""8"": ""raw_mediapipe"", ""9"": ""raw_mediapipe"", ""10"": ""raw_mediapipe"", ""11"": ""raw_mediapipe"", ""12"": ""raw_mediapipe"", ""13"": ""raw_mediapipe"", ""14"": ""raw_mediapipe"", ""15"": ""raw_mediapipe"", ""16"": ""raw_mediapipe"", ""17"": ""raw_mediapipe"", ""18"": ""raw_mediapipe"", ""19"": ""raw_mediapipe"", ""20"": ""raw_mediapipe"", ""21"": ""raw_mediapipe"", ""22"": ""raw_mediapipe"", ""23"": ""raw_mediapipe"", ""24"": ""raw_mediapipe"", ""25"": ""raw_mediapipe"", ""26"": ""raw_mediapipe"", ""27"": ""raw_mediapipe"", ""28"": ""raw_mediapipe"", ""29"": ""raw_mediapipe"", ""30"": ""raw_mediapipe"", ""31"": ""raw_mediapipe"", ""32"": ""raw_mediapipe""}",0.2685,0.0,0.0,0.0,0.0692,0.0,0.0,0.0,0.0,0.0,0.0,0.0,0.0,0.0,0.0,0.0,0.3896,0.0,0.0,0.0,0.3206,0.0,0.0,0.0,0.3816,0.0,0.0,0.0,0.3596,0.0,0.0,0.0,0.0,0.0,0.0,0.0,0.0,0.0,0.0,0.0,0.0,0.0,0.0,0.0,0.0,0.0,0.0,0.0,0.0,0.0
88,2933,2.45093,detected,1,1,valid,0.727,0.7922,0.2089,6,0.8182,0.0851,0.0452,1.0,0.0,0.0004662631578947368,0.018984140350877192,0.9663,0.9663,0.0787,world,True,"{""0"": ""raw_mediapipe"", ""1"": ""raw_mediapipe"", ""2"": ""raw_mediapipe"", ""3"": ""raw_mediapipe"", ""4"": ""raw_mediapipe"", ""5"": ""raw_mediapipe"", ""6"": ""raw_mediapipe"", ""7"": ""raw_mediapipe"", ""8"": ""raw_mediapipe"", ""9"": ""raw_mediapipe"", ""10"": ""raw_mediapipe"", ""11"": ""raw_mediapipe"", ""12"": ""raw_mediapipe"", ""13"": ""raw_mediapipe"", ""14"": ""raw_mediapipe"", ""15"": ""raw_mediapipe"", ""16"": ""raw_mediapipe"", ""17"": ""raw_mediapipe"", ""18"": ""raw_mediapipe"", ""19"": ""raw_mediapipe"", ""20"": ""raw_mediapipe"", ""21"": ""raw_mediapipe"", ""22"": ""raw_mediapipe"", ""23"": ""raw_mediapipe"", ""24"": ""raw_mediapipe"", ""25"": ""raw_mediapipe"", ""26"": ""raw_mediapipe"", ""27"": ""raw_mediapipe"", ""28"": ""raw_mediapipe"", ""29"": ""raw_mediapipe"", ""30"": ""raw_mediapipe"", ""31"": ""raw_mediapipe"", ""32"": ""raw_mediapipe""}",0.2674,0.0,0.0,0.0,0.0692,0.0,0.0,0.0,0.0,0.0,0.0,0.0,0.0,0.0,0.0,0.0,0.3932,0.0,0.0,0.0,0.3258,0.0,0.0,0.0,0.3845,0.0,0.0,0.0,0.3649,0.0,0.0,0.0,0.0,0.0,0.0,0.0,0.0,0.0,0.0,0.0,0.0,0.0,0.0,0.0,0.0,0.0,0.0,0.0,0.0,0.0
89,2966,2.48008,detected,1,0,unstable,0.6283,0.7929,0.1916,6,0.8182,0.2232,0.0424,1.0,0.0,0.0,0.0,0.9667,0.9667,0.0778,world,False,"{""0"": ""raw_mediapipe"", ""1"": ""raw_mediapipe"", ""2"": ""raw_mediapipe"", ""3"": ""raw_mediapipe"", ""4"": ""raw_mediapipe"", ""5"": ""raw_mediapipe"", ""6"": ""raw_mediapipe"", ""7"": ""raw_mediapipe"", ""8"": ""raw_mediapipe"", ""9"": ""raw_mediapipe"", ""10"": ""raw_mediapipe"", ""11"": ""raw_mediapipe"", ""12"": ""raw_mediapipe"", ""13"": ""raw_mediapipe"", ""14"": ""raw_mediapipe"", ""15"": ""raw_mediapipe"", ""16"": ""raw_mediapipe"", ""17"": ""raw_mediapipe"", ""18"": ""raw_mediapipe"", ""19"": ""raw_mediapipe"", ""20"": ""raw_mediapipe"", ""21"": ""raw_mediapipe"", ""22"": ""raw_mediapipe"", ""23"": ""raw_mediapipe"", ""24"": ""raw_mediapipe"", ""25"": ""raw_mediapipe"", ""26"": ""raw_mediapipe"", ""27"": ""raw_mediapipe"", ""28"": ""raw_mediapipe"", ""29"": ""raw_mediapipe"", ""30"": ""raw_mediapipe"", ""31"": ""raw_mediapipe"", ""32"": ""raw_mediapipe""}",0.2656,0.0,0.0,0.0,0.0703,0.0,0.0,0.0,0.0,0.0,0.0,0.0,0.0,0.0,0.0,0.0,0.395,0.0,0.0,0.0,0.329,0.0,0.0,0.0,0.3848,0.0,0.0,0.0,0.3696,0.0,0.0,0.0,0.0,0.0,0.0,0.0,0.0,0.0,0.0,0.0,0.0,0.0,0.0,0.0,0.0,0.0,0.0,0.0,0.0,0.0
90,3000,2.507268,detected,1,0,unstable,0.6017,0.7871,0.1756,8,0.7576,0.4235,0.0392,1.0,0.0,0.0,0.0,0.967,0.967,0.0769,world,False,"{""0"": ""raw_mediapipe"", ""1"": ""raw_mediapipe"", ""2"": ""raw_mediapipe"", ""3"": ""raw_mediapipe"", ""4"": ""raw_mediapipe"", ""5"": ""raw_mediapipe"", ""6"": ""raw_mediapipe"", ""7"": ""raw_mediapipe"", ""8"": ""raw_mediapipe"", ""9"": ""raw_mediapipe"", ""10"": ""raw_mediapipe"", ""11"": ""raw_mediapipe"", ""12"": ""raw_mediapipe"", ""13"": ""raw_mediapipe"", ""14"": ""raw_mediapipe"", ""15"": ""raw_mediapipe"", ""16"": ""raw_mediapipe"", ""17"": ""raw_mediapipe"", ""18"": ""raw_mediapipe"", ""19"": ""raw_mediapipe"", ""20"": ""raw_mediapipe"", ""21"": ""raw_mediapipe"", ""22"": ""raw_mediapipe"", ""23"": ""raw_mediapipe"", ""24"": ""raw_mediapipe"", ""25"": ""raw_mediapipe"", ""26"": ""raw_mediapipe"", ""27"": ""raw_mediapipe"", ""28"": ""raw_mediapipe"", ""29"": ""raw_mediapipe"", ""30"": ""raw_mediapipe"", ""31"": ""raw_mediapipe"", ""32"": ""raw_mediapipe""}",0.2635,0.0,0.0,0.0,0.0748,0.0,0.0,0.0,0.0,0.0,0.0,0.0,0.0,0.0,0.0,0.0,0.3963,0.0,0.0,0.0,0.328,0.0,0.0,0.0,0.3816,0.0,0.0,0.0,0.3711,0.0,0.0,0.0,0.0,0.0,0.0,0.0,0.0,0.0,0.0,0.0,0.0,0.0,0.0,0.0,0.0,0.0,0.0,0.0,0.0,0.0
91,3033,2.531972,detected,1,0,valid,0.6344,0.7797,0.1614,8,0.7576,0.1673,0.0391,1.0,0.0,0.0,0.0,0.9674,0.9674,0.0761,world,False,"{""0"": ""raw_mediapipe"", ""1"": ""raw_mediapipe"", ""2"": ""raw_mediapipe"", ""3"": ""raw_mediapipe"", ""4"": ""raw_mediapipe"", ""5"": ""raw_mediapipe"", ""6"": ""raw_mediapipe"", ""7"": ""raw_mediapipe"", ""8"": ""raw_mediapipe"", ""9"": ""raw_mediapipe"", ""10"": ""raw_mediapipe"", ""11"": ""raw_mediapipe"", ""12"": ""raw_mediapipe"", ""13"": ""raw_mediapipe"", ""14"": ""raw_mediapipe"", ""15"": ""raw_mediapipe"", ""16"": ""raw_mediapipe"", ""17"": ""raw_mediapipe"", ""18"": ""raw_mediapipe"", ""19"": ""raw_mediapipe"", ""20"": ""raw_mediapipe"", ""21"": ""raw_mediapipe"", ""22"": ""raw_mediapipe"", ""23"": ""raw_mediapipe"", ""24"": ""raw_mediapipe"", ""25"": ""raw_mediapipe"", ""26"": ""raw_mediapipe"", ""27"": ""raw_mediapipe"", ""28"": ""raw_mediapipe"", ""29"": ""raw_mediapipe"", ""30"": ""raw_mediapipe"", ""31"": ""raw_mediapipe"", ""32"": ""raw_mediapipe""}",0.2604,0.0,0.0,0.0,0.0792,0.0,0.0,0.0,0.0,0.0,0.0,0.0,0.0,0.0,0.0,0.0,0.396,0.0,0.0,0.0,0.3296,0.0,0.0,0.0,0.3759,0.0,0.0,0.0,0.37,0.0,0.0,0.0,0.0,0.0,0.0,0.0,0.0,0.0,0.0,0.0,0.0,0.0,0.0,0.0,0.0,0.0,0.0,0.0,0.0,0.0
92,3066,2.554095,detected,1,0,partial_pose,0.6205,0.771,0.1508,9,0.7273,0.1637,0.0371,1.0,0.0,0.0,0.0,0.9677,0.9677,0.0753,world,False,"{""0"": ""raw_mediapipe"", ""1"": ""raw_mediapipe"", ""2"": ""raw_mediapipe"", ""3"": ""raw_mediapipe"", ""4"": ""raw_mediapipe"", ""5"": ""raw_mediapipe"", ""6"": ""raw_mediapipe"", ""7"": ""raw_mediapipe"", ""8"": ""raw_mediapipe"", ""9"": ""raw_mediapipe"", ""10"": ""raw_mediapipe"", ""11"": ""raw_mediapipe"", ""12"": ""raw_mediapipe"", ""13"": ""raw_mediapipe"", ""14"": ""raw_mediapipe"", ""15"": ""raw_mediapipe"", ""16"": ""raw_mediapipe"", ""17"": ""raw_mediapipe"", ""18"": ""raw_mediapipe"", ""19"": ""raw_mediapipe"", ""20"": ""raw_mediapipe"", ""21"": ""raw_mediapipe"", ""22"": ""raw_mediapipe"", ""23"": ""raw_mediapipe"", ""24"": ""raw_mediapipe"", ""25"": ""raw_mediapipe"", ""26"": ""raw_mediapipe"", ""27"": ""raw_mediapipe"", ""28"": ""raw_mediapipe"", ""29"": ""raw_mediapipe"", ""30"": ""raw_mediapipe"", ""31"": ""raw_mediapipe"", ""32"": ""raw_mediapipe""}",0.2559,0.0,0.0,0.0,0.0,0.0,0.0,0.0,0.0,0.0,0.0,0.0,0.0,0.0,0.0,0.0,0.3963,0.0,0.0,0.0,0.3289,0.0,0.0,0.0,0.3713,0.0,0.0,0.0,0.3675,0.0,0.0,0.0,0.0,0.0,0.0,0.0,0.0,0.0,0.0,0.0,0.0,0.0,0.0,0.0,0.0,0.0,0.0,0.0,0.0,0.0
93,3100,2.580783,detected,1,0,partial_pose,0.655,0.7607,0.1419,9,0.7273,0.101,0.0354,1.0,0.0,0.0,0.0,0.9681,0.9681,0.0745,world,False,"{""0"": ""raw_mediapipe"", ""1"": ""raw_mediapipe"", ""2"": ""raw_mediapipe"", ""3"": ""raw_mediapipe"", ""4"": ""raw_mediapipe"", ""5"": ""raw_mediapipe"", ""6"": ""raw_mediapipe"", ""7"": ""raw_mediapipe"", ""8"": ""raw_mediapipe"", ""9"": ""raw_mediapipe"", ""10"": ""raw_mediapipe"", ""11"": ""raw_mediapipe"", ""12"": ""raw_mediapipe"", ""13"": ""raw_mediapipe"", ""14"": ""raw_mediapipe"", ""15"": ""raw_mediapipe"", ""16"": ""raw_mediapipe"", ""17"": ""raw_mediapipe"", ""18"": ""raw_mediapipe"", ""19"": ""raw_mediapipe"", ""20"": ""raw_mediapipe"", ""21"": ""raw_mediapipe"", ""22"": ""raw_mediapipe"", ""23"": ""raw_mediapipe"", ""24"": ""raw_mediapipe"", ""25"": ""raw_mediapipe"", ""26"": ""raw_mediapipe"", ""27"": ""raw_mediapipe"", ""28"": ""raw_mediapipe"", ""29"": ""raw_mediapipe"", ""30"": ""raw_mediapipe"", ""31"": ""raw_mediapipe"", ""32"": ""raw_mediapipe""}",0.2488,0.0,0.0,0.0,0.0,0.0,0.0,0.0,0.0,0.0,0.0,0.0,0.0,0.0,0.0,0.0,0.3964,0.0,0.0,0.0,0.3287,0.0,0.0,0.0,0.3661,0.0,0.0,0.0,0.3631,0.0,0.0,0.0,0.0,0.0,0.0,0.0,0.0,0.0,0.0,0.0,0.0,0.0,0.0,0.0,0.0,0.0,0.0,0.0,0.0,0.0
94,3133,2.602195,detected,1,0,partial_pose,0.5859,0.7489,0.1359,9,0.7273,0.1849,0.0324,1.0,0.0,0.0,0.0,0.9684,0.9684,0.0737,world,False,"{""0"": ""raw_mediapipe"", ""1"": ""raw_mediapipe"", ""2"": ""raw_mediapipe"", ""3"": ""raw_mediapipe"", ""4"": ""raw_mediapipe"", ""5"": ""raw_mediapipe"", ""6"": ""raw_mediapipe"", ""7"": ""raw_mediapipe"", ""8"": ""raw_mediapipe"", ""9"": ""raw_mediapipe"", ""10"": ""raw_mediapipe"", ""11"": ""raw_mediapipe"", ""12"": ""raw_mediapipe"", ""13"": ""raw_mediapipe"", ""14"": ""raw_mediapipe"", ""15"": ""raw_mediapipe"", ""16"": ""raw_mediapipe"", ""17"": ""raw_mediapipe"", ""18"": ""raw_mediapipe"", ""19"": ""raw_mediapipe"", ""20"": ""raw_mediapipe"", ""21"": ""raw_mediapipe"", ""22"": ""raw_mediapipe"", ""23"": ""raw_mediapipe"", ""24"": ""raw_mediapipe"", ""25"": ""raw_mediapipe"", ""26"": ""raw_mediapipe"", ""27"": ""raw_mediapipe"", ""28"": ""raw_mediapipe"", ""29"": ""raw_mediapipe"", ""30"": ""raw_mediapipe"", ""31"": ""raw_mediapipe"", ""32"": ""raw_mediapipe""}",0.2404,0.0,0.0,0.0,0.0,0.0,0.0,0.0,0.0,0.0,0.0,0.0,0.0,0.0,0.0,0.0,0.3925,0.0,0.0,0.0,0.3288,0.0,0.0,0.0,0.3596,0.0,0.0,0.0,0.3586,0.0,0.0,0.0,0.0,0.0,0.0,0.0,0.0,0.0,0.0,0.0,0.0,0.0,0.0,0.0,0.0,0.0,0.0,0.0,0.0,0.0
95,3166,2.624165,detected,1,0,partial_pose,0.5484,0.733,0.1313,9,0.7273,0.2591,0.0294,1.0,0.0,0.0,0.0,0.9688,0.9688,0.0729,world,False,"{""0"": ""raw_mediapipe"", ""1"": ""raw_mediapipe"", ""2"": ""raw_mediapipe"", ""3"": ""raw_mediapipe"", ""4"": ""raw_mediapipe"", ""5"": ""raw_mediapipe"", ""6"": ""raw_mediapipe"", ""7"": ""raw_mediapipe"", ""8"": ""raw_mediapipe"", ""9"": ""raw_mediapipe"", ""10"": ""raw_mediapipe"", ""11"": ""raw_mediapipe"", ""12"": ""raw_mediapipe"", ""13"": ""raw_mediapipe"", ""14"": ""raw_mediapipe"", ""15"": ""raw_mediapipe"", ""16"": ""raw_mediapipe"", ""17"": ""raw_mediapipe"", ""18"": ""raw_mediapipe"", ""19"": ""raw_mediapipe"", ""20"": ""raw_mediapipe"", ""21"": ""raw_mediapipe"", ""22"": ""raw_mediapipe"", ""23"": ""raw_mediapipe"", ""24"": ""raw_mediapipe"", ""25"": ""raw_mediapipe"", ""26"": ""raw_mediapipe"", ""27"": ""raw_mediapipe"", ""28"": ""raw_mediapipe"", ""29"": ""raw_mediapipe"", ""30"": ""raw_mediapipe"", ""31"": ""raw_mediapipe"", ""32"": ""raw_mediapipe""}",0.227,0.0,0.0,0.0,0.0,0.0,0.0,0.0,0.0,0.0,0.0,0.0,0.0,0.0,0.0,0.0,0.3869,0.0,0.0,0.0,0.3287,0.0,0.0,0.0,0.3536,0.0,0.0,0.0,0.3519,0.0,0.0,0.0,0.0,0.0,0.0,0.0,0.0,0.0,0.0,0.0,0.0,0.0,0.0,0.0,0.0,0.0,0.0,0.0,0.0,0.0
96,3200,2.646529,detected,1,0,partial_pose,0.5387,0.7251,0.1222,9,0.7273,0.2564,0.0267,1.0,0.0,0.0,0.0,0.9691,0.9691,0.0722,world,False,"{""0"": ""raw_mediapipe"", ""1"": ""raw_mediapipe"", ""2"": ""raw_mediapipe"", ""3"": ""raw_mediapipe"", ""4"": ""raw_mediapipe"", ""5"": ""raw_mediapipe"", ""6"": ""raw_mediapipe"", ""7"": ""raw_mediapipe"", ""8"": ""raw_mediapipe"", ""9"": ""raw_mediapipe"", ""10"": ""raw_mediapipe"", ""11"": ""raw_mediapipe"", ""12"": ""raw_mediapipe"", ""13"": ""raw_mediapipe"", ""14"": ""raw_mediapipe"", ""15"": ""raw_mediapipe"", ""16"": ""raw_mediapipe"", ""17"": ""raw_mediapipe"", ""18"": ""raw_mediapipe"", ""19"": ""raw_mediapipe"", ""20"": ""raw_mediapipe"", ""21"": ""raw_mediapipe"", ""22"": ""raw_mediapipe"", ""23"": ""raw_mediapipe"", ""24"": ""raw_mediapipe"", ""25"": ""raw_mediapipe"", ""26"": ""raw_mediapipe"", ""27"": ""raw_mediapipe"", ""28"": ""raw_mediapipe"", ""29"": ""raw_mediapipe"", ""30"": ""raw_mediapipe"", ""31"": ""raw_mediapipe"", ""32"": ""raw_mediapipe""}",0.2132,0.0,0.0,0.0,0.0,0.0,0.0,0.0,0.0,0.0,0.0,0.0,0.0,0.0,0.0,0.0,0.3847,0.0,0.0,0.0,0.3236,0.0,0.0,0.0,0.3524,0.0,0.0,0.0,0.3464,0.0,0.0,0.0,0.0,0.0,0.0,0.0,0.0,0.0,0.0,0.0,0.0,0.0,0.0,0.0,0.0,0.0,0.0,0.0,0.0,0.0
97,3233,2.669937,detected,1,0,partial_pose,0.5967,0.7253,0.1248,9,0.7273,0.127,0.0245,1.0,0.0,0.0,0.0,0.9694,0.9694,0.0714,world,False,"{""0"": ""raw_mediapipe"", ""1"": ""raw_mediapipe"", ""2"": ""raw_mediapipe"", ""3"": ""raw_mediapipe"", ""4"": ""raw_mediapipe"", ""5"": ""raw_mediapipe"", ""6"": ""raw_mediapipe"", ""7"": ""raw_mediapipe"", ""8"": ""raw_mediapipe"", ""9"": ""raw_mediapipe"", ""10"": ""raw_mediapipe"", ""11"": ""raw_mediapipe"", ""12"": ""raw_mediapipe"", ""13"": ""raw_mediapipe"", ""14"": ""raw_mediapipe"", ""15"": ""raw_mediapipe"", ""16"": ""raw_mediapipe"", ""17"": ""raw_mediapipe"", ""18"": ""raw_mediapipe"", ""19"": ""raw_mediapipe"", ""20"": ""raw_mediapipe"", ""21"": ""raw_mediapipe"", ""22"": ""raw_mediapipe"", ""23"": ""raw_mediapipe"", ""24"": ""raw_mediapipe"", ""25"": ""raw_mediapipe"", ""26"": ""raw_mediapipe"", ""27"": ""raw_mediapipe"", ""28"": ""raw_mediapipe"", ""29"": ""raw_mediapipe"", ""30"": ""raw_mediapipe"", ""31"": ""raw_mediapipe"", ""32"": ""raw_mediapipe""}",0.2003,0.0,0.0,0.0,0.0,0.0,0.0,0.0,0.0,0.0,0.0,0.0,0.0,0.0,0.0,0.0,0.3835,0.0,0.0,0.0,0.3189,0.0,0.0,0.0,0.3523,0.0,0.0,0.0,0.3412,0.0,0.0,0.0,0.0,0.0,0.0,0.0,0.0,0.0,0.0,0.0,0.0,0.0,0.0,0.0,0.0,0.0,0.0,0.0,0.0,0.0
98,3266,2.698893,detected,1,0,partial_pose,0.5341,0.7238,0.1322,9,0.7273,0.4198,0.0251,1.0,0.0,0.0,0.0,0.9697,0.9697,0.0707,world,False,"{""0"": ""raw_mediapipe"", ""1"": ""raw_mediapipe"", ""2"": ""raw_mediapipe"", ""3"": ""raw_mediapipe"", ""4"": ""raw_mediapipe"", ""5"": ""raw_mediapipe"", ""6"": ""raw_mediapipe"", ""7"": ""raw_mediapipe"", ""8"": ""raw_mediapipe"", ""9"": ""raw_mediapipe"", ""10"": ""raw_mediapipe"", ""11"": ""raw_mediapipe"", ""12"": ""raw_mediapipe"", ""13"": ""raw_mediapipe"", ""14"": ""raw_mediapipe"", ""15"": ""raw_mediapipe"", ""16"": ""raw_mediapipe"", ""17"": ""raw_mediapipe"", ""18"": ""raw_mediapipe"", ""19"": ""raw_mediapipe"", ""20"": ""raw_mediapipe"", ""21"": ""raw_mediapipe"", ""22"": ""raw_mediapipe"", ""23"": ""raw_mediapipe"", ""24"": ""raw_mediapipe"", ""25"": ""raw_mediapipe"", ""26"": ""raw_mediapipe"", ""27"": ""raw_mediapipe"", ""28"": ""raw_mediapipe"", ""29"": ""raw_mediapipe"", ""30"": ""raw_mediapipe"", ""31"": ""raw_mediapipe"", ""32"": ""raw_mediapipe""}",0.1906,0.0,0.0,0.0,0.0,0.0,0.0,0.0,0.0,0.0,0.0,0.0,0.0,0.0,0.0,0.0,0.3818,0.0,0.0,0.0,0.3197,0.0,0.0,0.0,0.3532,0.0,0.0,0.0,0.3395,0.0,0.0,0.0,0.0,0.0,0.0,0.0,0.0,0.0,0.0,0.0,0.0,0.0,0.0,0.0,0.0,0.0,0.0,0.0,0.0,0.0
99,3300,2.7285,detected,1,0,partial_pose,0.5624,0.722,0.1407,9,0.7273,0.1791,0.0255,1.0,0.0,0.0,0.0,0.97,0.97,0.07,world,False,"{""0"": ""raw_mediapipe"", ""1"": ""raw_mediapipe"", ""2"": ""raw_mediapipe"", ""3"": ""raw_mediapipe"", ""4"": ""raw_mediapipe"", ""5"": ""raw_mediapipe"", ""6"": ""raw_mediapipe"", ""7"": ""raw_mediapipe"", ""8"": ""raw_mediapipe"", ""9"": ""raw_mediapipe"", ""10"": ""raw_mediapipe"", ""11"": ""raw_mediapipe"", ""12"": ""raw_mediapipe"", ""13"": ""raw_mediapipe"", ""14"": ""raw_mediapipe"", ""15"": ""raw_mediapipe"", ""16"": ""raw_mediapipe"", ""17"": ""raw_mediapipe"", ""18"": ""raw_mediapipe"", ""19"": ""raw_mediapipe"", ""20"": ""raw_mediapipe"", ""21"": ""raw_mediapipe"", ""22"": ""raw_mediapipe"", ""23"": ""raw_mediapipe"", ""24"": ""raw_mediapipe"", ""25"": ""raw_mediapipe"", ""26"": ""raw_mediapipe"", ""27"": ""raw_mediapipe"", ""28"": ""raw_mediapipe"", ""29"": ""raw_mediapipe"", ""30"": ""raw_mediapipe"", ""31"": ""raw_mediapipe"", ""32"": ""raw_mediapipe""}",0.1825,0.0,0.0,0.0,0.0,0.0,0.0,0.0,0.0,0.0,0.0,0.0,0.0,0.0,0.0,0.0,0.3809,0.0,0.0,0.0,0.3213,0.0,0.0,0.0,0.3543,0.0,0.0,0.0,0.3394,0.0,0.0,0.0,0.0,0.0,0.0,0.0,0.0,0.0,0.0,0.0,0.0,0.0,0.0,0.0,0.0,0.0,0.0,0.0,0.0,0.0
100,3333,2.782708,interpolated,0,0,interpolated,0.0,0.0,0.0,0,0.0,0.0,0.0,1.0,0.0,0.0,0.0,0.9604,0.9604,0.0693,world,False,{},0.0,0.0,0.0,0.0,0.0,0.0,0.0,0.0,0.0,0.0,0.0,0.0,0.0,0.0,0.0,0.0,0.3803,0.0,0.0,0.0,0.3231,0.0,0.0,0.0,0.3546,0.0,0.0,0.0,0.3413,0.0,0.0,0.0,0.0,0.0,0.0,0.0,0.0,0.0,0.0,0.0,0.0,0.0,0.0,0.0,0.0,0.0,0.0,0.0,0.0,0.0
101,3366,2.78574,detected,1,0,partial_pose,0.5184,0.7073,0.1335,10,0.697,0.3576,0.0246,1.0,0.0,0.0,0.0,0.9608,0.9608,0.0686,world,False,"{""0"": ""raw_mediapipe"", ""1"": ""raw_mediapipe"", ""2"": ""raw_mediapipe"", ""3"": ""raw_mediapipe"", ""4"": ""raw_mediapipe"", ""5"": ""raw_mediapipe"", ""6"": ""raw_mediapipe"", ""7"": ""raw_mediapipe"", ""8"": ""raw_mediapipe"", ""9"": ""raw_mediapipe"", ""10"": ""raw_mediapipe"", ""11"": ""raw_mediapipe"", ""12"": ""raw_mediapipe"", ""13"": ""raw_mediapipe"", ""14"": ""raw_mediapipe"", ""15"": ""raw_mediapipe"", ""16"": ""raw_mediapipe"", ""17"": ""raw_mediapipe"", ""18"": ""raw_mediapipe"", ""19"": ""raw_mediapipe"", ""20"": ""raw_mediapipe"", ""21"": ""raw_mediapipe"", ""22"": ""raw_mediapipe"", ""23"": ""raw_mediapipe"", ""24"": ""raw_mediapipe"", ""25"": ""raw_mediapipe"", ""26"": ""raw_mediapipe"", ""27"": ""raw_mediapipe"", ""28"": ""raw_mediapipe"", ""29"": ""raw_mediapipe"", ""30"": ""raw_mediapipe"", ""31"": ""raw_mediapipe"", ""32"": ""raw_mediapipe""}",0.0,0.0,0.0,0.0,0.0,0.0,0.0,0.0,0.0,0.0,0.0,0.0,0.0,0.0,0.0,0.0,0.3798,0.0,0.0,0.0,0.3255,0.0,0.0,0.0,0.3549,0.0,0.0,0.0,0.3432,0.0,0.0,0.0,0.0,0.0,0.0,0.0,0.0,0.0,0.0,0.0,0.0,0.0,0.0,0.0,0.0,0.0,0.0,0.0,0.0,0.0
102,3400,2.811455,detected,1,0,partial_pose,0.5211,0.7049,0.1631,10,0.697,0.7119,0.026,1.0,0.0,0.0,0.0,0.9612,0.9612,0.068,world,False,"{""0"": ""raw_mediapipe"", ""1"": ""raw_mediapipe"", ""2"": ""raw_mediapipe"", ""3"": ""raw_mediapipe"", ""4"": ""raw_mediapipe"", ""5"": ""raw_mediapipe"", ""6"": ""raw_mediapipe"", ""7"": ""raw_mediapipe"", ""8"": ""raw_mediapipe"", ""9"": ""raw_mediapipe"", ""10"": ""raw_mediapipe"", ""11"": ""raw_mediapipe"", ""12"": ""raw_mediapipe"", ""13"": ""raw_mediapipe"", ""14"": ""raw_mediapipe"", ""15"": ""raw_mediapipe"", ""16"": ""raw_mediapipe"", ""17"": ""raw_mediapipe"", ""18"": ""raw_mediapipe"", ""19"": ""raw_mediapipe"", ""20"": ""raw_mediapipe"", ""21"": ""raw_mediapipe"", ""22"": ""raw_mediapipe"", ""23"": ""raw_mediapipe"", ""24"": ""raw_mediapipe"", ""25"": ""raw_mediapipe"", ""26"": ""raw_mediapipe"", ""27"": ""raw_mediapipe"", ""28"": ""raw_mediapipe"", ""29"": ""raw_mediapipe"", ""30"": ""raw_mediapipe"", ""31"": ""raw_mediapipe"", ""32"": ""raw_mediapipe""}",0.0,0.0,0.0,0.0,0.0,0.0,0.0,0.0,0.0,0.0,0.0,0.0,0.0,0.0,0.0,0.0,0.3813,0.0,0.0,0.0,0.3322,0.0,0.0,0.0,0.3561,0.0,0.0,0.0,0.3472,0.0,0.0,0.0,0.0,0.0,0.0,0.0,0.0,0.0,0.0,0.0,0.0,0.0,0.0,0.0,0.0,0.0,0.0,0.0,0.0,0.0
103,3433,2.834921,detected,1,0,partial_pose,0.5161,0.7002,0.1819,10,0.697,0.3531,0.0247,1.0,0.0,0.0,0.0,0.9615,0.9615,0.0673,world,False,"{""0"": ""raw_mediapipe"", ""1"": ""raw_mediapipe"", ""2"": ""raw_mediapipe"", ""3"": ""raw_mediapipe"", ""4"": ""raw_mediapipe"", ""5"": ""raw_mediapipe"", ""6"": ""raw_mediapipe"", ""7"": ""raw_mediapipe"", ""8"": ""raw_mediapipe"", ""9"": ""raw_mediapipe"", ""10"": ""raw_mediapipe"", ""11"": ""raw_mediapipe"", ""12"": ""raw_mediapipe"", ""13"": ""raw_mediapipe"", ""14"": ""raw_mediapipe"", ""15"": ""raw_mediapipe"", ""16"": ""raw_mediapipe"", ""17"": ""raw_mediapipe"", ""18"": ""raw_mediapipe"", ""19"": ""raw_mediapipe"", ""20"": ""raw_mediapipe"", ""21"": ""raw_mediapipe"", ""22"": ""raw_mediapipe"", ""23"": ""raw_mediapipe"", ""24"": ""raw_mediapipe"", ""25"": ""raw_mediapipe"", ""26"": ""raw_mediapipe"", ""27"": ""raw_mediapipe"", ""28"": ""raw_mediapipe"", ""29"": ""raw_mediapipe"", ""30"": ""raw_mediapipe"", ""31"": ""raw_mediapipe"", ""32"": ""raw_mediapipe""}",0.0,0.0,0.0,0.0,0.0,0.0,0.0,0.0,0.0,0.0,0.0,0.0,0.0,0.0,0.0,0.0,0.383,0.0,0.0,0.0,0.3366,0.0,0.0,0.0,0.3577,0.0,0.0,0.0,0.3523,0.0,0.0,0.0,0.0,0.0,0.0,0.0,0.0,0.0,0.0,0.0,0.0,0.0,0.0,0.0,0.0,0.0,0.0,0.0,0.0,0.0
104,3466,2.859513,detected,1,0,partial_pose,0.4892,0.6969,0.1914,10,0.697,0.2494,0.0145,1.0,0.0,0.0,0.0,0.9619,0.9619,0.0667,world,False,"{""0"": ""raw_mediapipe"", ""1"": ""raw_mediapipe"", ""2"": ""raw_mediapipe"", ""3"": ""raw_mediapipe"", ""4"": ""raw_mediapipe"", ""5"": ""raw_mediapipe"", ""6"": ""raw_mediapipe"", ""7"": ""raw_mediapipe"", ""8"": ""raw_mediapipe"", ""9"": ""raw_mediapipe"", ""10"": ""raw_mediapipe"", ""11"": ""raw_mediapipe"", ""12"": ""raw_mediapipe"", ""13"": ""raw_mediapipe"", ""14"": ""raw_mediapipe"", ""15"": ""raw_mediapipe"", ""16"": ""raw_mediapipe"", ""17"": ""raw_mediapipe"", ""18"": ""raw_mediapipe"", ""19"": ""raw_mediapipe"", ""20"": ""raw_mediapipe"", ""21"": ""raw_mediapipe"", ""22"": ""raw_mediapipe"", ""23"": ""raw_mediapipe"", ""24"": ""raw_mediapipe"", ""25"": ""raw_mediapipe"", ""26"": ""raw_mediapipe"", ""27"": ""raw_mediapipe"", ""28"": ""raw_mediapipe"", ""29"": ""raw_mediapipe"", ""30"": ""raw_mediapipe"", ""31"": ""raw_mediapipe"", ""32"": ""raw_mediapipe""}",0.0,0.0,0.0,0.0,0.0,0.0,0.0,0.0,0.0,0.0,0.0,0.0,0.0,0.0,0.0,0.0,0.3859,0.0,0.0,0.0,0.3386,0.0,0.0,0.0,0.3597,0.0,0.0,0.0,0.3571,0.0,0.0,0.0,0.0,0.0,0.0,0.0,0.0,0.0,0.0,0.0,0.0,0.0,0.0,0.0,0.0,0.0,0.0,0.0,0.0,0.0
105,3500,2.881587,detected,1,0,partial_pose,0.4966,0.7003,0.1868,10,0.697,0.6425,0.0169,1.0,0.0,0.0,0.0,0.9623,0.9623,0.066,world,False,"{""0"": ""raw_mediapipe"", ""1"": ""raw_mediapipe"", ""2"": ""raw_mediapipe"", ""3"": ""raw_mediapipe"", ""4"": ""raw_mediapipe"", ""5"": ""raw_mediapipe"", ""6"": ""raw_mediapipe"", ""7"": ""raw_mediapipe"", ""8"": ""raw_mediapipe"", ""9"": ""raw_mediapipe"", ""10"": ""raw_mediapipe"", ""11"": ""raw_mediapipe"", ""12"": ""raw_mediapipe"", ""13"": ""raw_mediapipe"", ""14"": ""raw_mediapipe"", ""15"": ""raw_mediapipe"", ""16"": ""raw_mediapipe"", ""17"": ""raw_mediapipe"", ""18"": ""raw_mediapipe"", ""19"": ""raw_mediapipe"", ""20"": ""raw_mediapipe"", ""21"": ""raw_mediapipe"", ""22"": ""raw_mediapipe"", ""23"": ""raw_mediapipe"", ""24"": ""raw_mediapipe"", ""25"": ""raw_mediapipe"", ""26"": ""raw_mediapipe"", ""27"": ""raw_mediapipe"", ""28"": ""raw_mediapipe"", ""29"": ""raw_mediapipe"", ""30"": ""raw_mediapipe"", ""31"": ""raw_mediapipe"", ""32"": ""raw_mediapipe""}",0.0,0.0,0.0,0.0,0.0,0.0,0.0,0.0,0.0,0.0,0.0,0.0,0.0,0.0,0.0,0.0,0.3868,0.0,0.0,0.0,0.339,0.0,0.0,0.0,0.3625,0.0,0.0,0.0,0.3637,0.0,0.0,0.0,0.0,0.0,0.0,0.0,0.0,0.0,0.0,0.0,0.0,0.0,0.0,0.0,0.0,0.0,0.0,0.0,0.0,0.0
106,3533,2.903432,detected,1,0,partial_pose,0.5014,0.7033,0.1734,9,0.7273,0.5157,0.0151,1.0,0.0,0.0,0.0,0.9626,0.9626,0.0654,world,False,"{""0"": ""raw_mediapipe"", ""1"": ""raw_mediapipe"", ""2"": ""raw_mediapipe"", ""3"": ""raw_mediapipe"", ""4"": ""raw_mediapipe"", ""5"": ""raw_mediapipe"", ""6"": ""raw_mediapipe"", ""7"": ""raw_mediapipe"", ""8"": ""raw_mediapipe"", ""9"": ""raw_mediapipe"", ""10"": ""raw_mediapipe"", ""11"": ""raw_mediapipe"", ""12"": ""raw_mediapipe"", ""13"": ""raw_mediapipe"", ""14"": ""raw_mediapipe"", ""15"": ""raw_mediapipe"", ""16"": ""raw_mediapipe"", ""17"": ""raw_mediapipe"", ""18"": ""raw_mediapipe"", ""19"": ""raw_mediapipe"", ""20"": ""raw_mediapipe"", ""21"": ""raw_mediapipe"", ""22"": ""raw_mediapipe"", ""23"": ""raw_mediapipe"", ""24"": ""raw_mediapipe"", ""25"": ""raw_mediapipe"", ""26"": ""raw_mediapipe"", ""27"": ""raw_mediapipe"", ""28"": ""raw_mediapipe"", ""29"": ""raw_mediapipe"", ""30"": ""raw_mediapipe"", ""31"": ""raw_mediapipe"", ""32"": ""raw_mediapipe""}",0.0,0.0,0.0,0.0,0.0,0.0,0.0,0.0,0.2347,0.0,0.0,0.0,0.0,0.0,0.0,0.0,0.3876,0.0,0.0,0.0,0.3374,0.0,0.0,0.0,0.3625,0.0,0.0,0.0,0.3623,0.0,0.0,0.0,0.0,0.0,0.0,0.0,0.0,0.0,0.0,0.0,0.0,0.0,0.0,0.0,0.0,0.0,0.0,0.0,0.0,0.0
107,3566,2.92769,detected,1,0,partial_pose,0.4759,0.6935,0.1675,10,0.697,0.5883,0.0097,1.0,0.0,0.0,0.0,0.963,0.963,0.0648,world,False,"{""0"": ""raw_mediapipe"", ""1"": ""raw_mediapipe"", ""2"": ""raw_mediapipe"", ""3"": ""raw_mediapipe"", ""4"": ""raw_mediapipe"", ""5"": ""raw_mediapipe"", ""6"": ""raw_mediapipe"", ""7"": ""raw_mediapipe"", ""8"": ""raw_mediapipe"", ""9"": ""raw_mediapipe"", ""10"": ""raw_mediapipe"", ""11"": ""raw_mediapipe"", ""12"": ""raw_mediapipe"", ""13"": ""raw_mediapipe"", ""14"": ""raw_mediapipe"", ""15"": ""raw_mediapipe"", ""16"": ""raw_mediapipe"", ""17"": ""raw_mediapipe"", ""18"": ""raw_mediapipe"", ""19"": ""raw_mediapipe"", ""20"": ""raw_mediapipe"", ""21"": ""raw_mediapipe"", ""22"": ""raw_mediapipe"", ""23"": ""raw_mediapipe"", ""24"": ""raw_mediapipe"", ""25"": ""raw_mediapipe"", ""26"": ""raw_mediapipe"", ""27"": ""raw_mediapipe"", ""28"": ""raw_mediapipe"", ""29"": ""raw_mediapipe"", ""30"": ""raw_mediapipe"", ""31"": ""raw_mediapipe"", ""32"": ""raw_mediapipe""}",0.0,0.0,0.0,0.0,0.0,0.0,0.0,0.0,0.0,0.0,0.0,0.0,0.0,0.0,0.0,0.0,0.3878,0.0,0.0,0.0,0.3389,0.0,0.0,0.0,0.3602,0.0,0.0,0.0,0.3589,0.0,0.0,0.0,0.0,0.0,0.0,0.0,0.0,0.0,0.0,0.0,0.0,0.0,0.0,0.0,0.0,0.0,0.0,0.0,0.0,0.0
108,3600,3.054886,interpolated,0,0,interpolated,0.0,0.0,0.0,0,0.0,0.0,0.0,1.0,0.0,0.0,0.0,0.9541,0.9541,0.0642,world,False,{},0.0,0.0,0.0,0.0,0.0,0.0,0.0,0.0,0.0,0.0,0.0,0.0,0.0,0.0,0.0,0.0,0.3835,0.0,0.0,0.0,0.3389,0.0,0.0,0.0,0.3577,0.0,0.0,0.0,0.3588,0.0,0.0,0.0,0.0,0.0,0.0,0.0,0.0,0.0,0.0,0.0,0.0,0.0,0.0,0.0,0.0,0.0,0.0,0.0,0.0,0.0
109,3633,3.057975,interpolated,0,0,interpolated,0.0,0.0,0.0,0,0.0,0.0,0.0,1.0,0.0,0.0,0.0,0.9455,0.9455,0.0636,world,False,{},0.0,0.0,0.0,0.0,0.0,0.0,0.0,0.0,0.0,0.0,0.0,0.0,0.0,0.0,0.0,0.0,0.3793,0.0,0.0,0.0,0.339,0.0,0.0,0.0,0.3551,0.0,0.0,0.0,0.3587,0.0,0.0,0.0,0.0,0.0,0.0,0.0,0.0,0.0,0.0,0.0,0.0,0.0,0.0,0.0,0.0,0.0,0.0,0.0,0.0,0.0
110,3666,3.060701,interpolated,0,0,interpolated,0.0,0.0,0.0,0,0.0,0.0,0.0,1.0,0.0,0.0,0.0,0.9369,0.9369,0.0631,world,False,{},0.0,0.0,0.0,0.0,0.0,0.0,0.0,0.0,0.0,0.0,0.0,0.0,0.0,0.0,0.0,0.0,0.3752,0.0,0.0,0.0,0.3392,0.0,0.0,0.0,0.3526,0.0,0.0,0.0,0.3586,0.0,0.0,0.0,0.0,0.0,0.0,0.0,0.0,0.0,0.0,0.0,0.0,0.0,0.0,0.0,0.0,0.0,0.0,0.0,0.0,0.0
111,3700,3.066713,interpolated,0,0,interpolated,0.0,0.0,0.0,0,0.0,0.0,0.0,1.0,0.0,0.0,0.0,0.9286,0.9286,0.0625,world,False,{},0.0,0.0,0.0,0.0,0.0,0.0,0.0,0.0,0.0,0.0,0.0,0.0,0.0,0.0,0.0,0.0,0.3712,0.0,0.0,0.0,0.3395,0.0,0.0,0.0,0.3501,0.0,0.0,0.0,0.3587,0.0,0.0,0.0,0.0,0.0,0.0,0.0,0.0,0.0,0.0,0.0,0.0,0.0,0.0,0.0,0.0,0.0,0.0,0.0,0.0,0.0
112,3733,3.069594,detected,1,0,partial_pose,0.4717,0.6803,0.1707,10,0.697,2.0836,0.01,1.0,0.0,0.0,0.0,0.9292,0.9292,0.0619,world,False,"{""0"": ""raw_mediapipe"", ""1"": ""raw_mediapipe"", ""2"": ""raw_mediapipe"", ""3"": ""raw_mediapipe"", ""4"": ""raw_mediapipe"", ""5"": ""raw_mediapipe"", ""6"": ""raw_mediapipe"", ""7"": ""raw_mediapipe"", ""8"": ""raw_mediapipe"", ""9"": ""raw_mediapipe"", ""10"": ""raw_mediapipe"", ""11"": ""raw_mediapipe"", ""12"": ""raw_mediapipe"", ""13"": ""raw_mediapipe"", ""14"": ""raw_mediapipe"", ""15"": ""raw_mediapipe"", ""16"": ""raw_mediapipe"", ""17"": ""raw_mediapipe"", ""18"": ""raw_mediapipe"", ""19"": ""raw_mediapipe"", ""20"": ""raw_mediapipe"", ""21"": ""raw_mediapipe"", ""22"": ""raw_mediapipe"", ""23"": ""raw_mediapipe"", ""24"": ""raw_mediapipe"", ""25"": ""raw_mediapipe"", ""26"": ""raw_mediapipe"", ""27"": ""raw_mediapipe"", ""28"": ""raw_mediapipe"", ""29"": ""raw_mediapipe"", ""30"": ""raw_mediapipe"", ""31"": ""raw_mediapipe"", ""32"": ""raw_mediapipe""}",0.0,0.0,0.0,0.0,0.0,0.0,0.0,0.0,0.0,0.0,0.0,0.0,0.0,0.0,0.0,0.0,0.3673,0.0,0.0,0.0,0.3399,0.0,0.0,0.0,0.3476,0.0,0.0,0.0,0.3588,0.0,0.0,0.0,0.0,0.0,0.0,0.0,0.0,0.0,0.0,0.0,0.0,0.0,0.0,0.0,0.0,0.0,0.0,0.0,0.0,0.0
113,3766,3.094205,detected,1,0,partial_pose,0.4531,0.6757,0.185,11,0.6667,0.5984,0.0065,1.0,0.0,0.0,0.0,0.9298,0.9298,0.0614,world,False,"{""0"": ""raw_mediapipe"", ""1"": ""raw_mediapipe"", ""2"": ""raw_mediapipe"", ""3"": ""raw_mediapipe"", ""4"": ""raw_mediapipe"", ""5"": ""raw_mediapipe"", ""6"": ""raw_mediapipe"", ""7"": ""raw_mediapipe"", ""8"": ""raw_mediapipe"", ""9"": ""raw_mediapipe"", ""10"": ""raw_mediapipe"", ""11"": ""raw_mediapipe"", ""12"": ""raw_mediapipe"", ""13"": ""raw_mediapipe"", ""14"": ""raw_mediapipe"", ""15"": ""raw_mediapipe"", ""16"": ""raw_mediapipe"", ""17"": ""raw_mediapipe"", ""18"": ""raw_mediapipe"", ""19"": ""raw_mediapipe"", ""20"": ""raw_mediapipe"", ""21"": ""raw_mediapipe"", ""22"": ""raw_mediapipe"", ""23"": ""raw_mediapipe"", ""24"": ""raw_mediapipe"", ""25"": ""raw_mediapipe"", ""26"": ""raw_mediapipe"", ""27"": ""raw_mediapipe"", ""28"": ""raw_mediapipe"", ""29"": ""raw_mediapipe"", ""30"": ""raw_mediapipe"", ""31"": ""raw_mediapipe"", ""32"": ""raw_mediapipe""}",0.0,0.0,0.0,0.0,0.0,0.0,0.0,0.0,0.0,0.0,0.0,0.0,0.0,0.0,0.0,0.0,0.3605,0.0,0.0,0.0,0.3381,0.0,0.0,0.0,0.0,0.0,0.0,0.0,0.0,0.0,0.0,0.0,0.0,0.0,0.0,0.0,0.0,0.0,0.0,0.0,0.0,0.0,0.0,0.0,0.0,0.0,0.0,0.0,0.0,0.0
114,3800,3.124146,detected,1,0,low_confidence,0.4311,0.6694,0.1944,13,0.6061,1.6076,0.0052,1.0,0.0,0.0,0.0,0.9304,0.9304,0.0609,world,False,"{""0"": ""raw_mediapipe"", ""1"": ""raw_mediapipe"", ""2"": ""raw_mediapipe"", ""3"": ""raw_mediapipe"", ""4"": ""raw_mediapipe"", ""5"": ""raw_mediapipe"", ""6"": ""raw_mediapipe"", ""7"": ""raw_mediapipe"", ""8"": ""raw_mediapipe"", ""9"": ""raw_mediapipe"", ""10"": ""raw_mediapipe"", ""11"": ""raw_mediapipe"", ""12"": ""raw_mediapipe"", ""13"": ""raw_mediapipe"", ""14"": ""raw_mediapipe"", ""15"": ""raw_mediapipe"", ""16"": ""raw_mediapipe"", ""17"": ""raw_mediapipe"", ""18"": ""raw_mediapipe"", ""19"": ""raw_mediapipe"", ""20"": ""raw_mediapipe"", ""21"": ""raw_mediapipe"", ""22"": ""raw_mediapipe"", ""23"": ""raw_mediapipe"", ""24"": ""raw_mediapipe"", ""25"": ""raw_mediapipe"", ""26"": ""raw_mediapipe"", ""27"": ""raw_mediapipe"", ""28"": ""raw_mediapipe"", ""29"": ""raw_mediapipe"", ""30"": ""raw_mediapipe"", ""31"": ""raw_mediapipe"", ""32"": ""raw_mediapipe""}",0.0,0.0,0.0,0.0,0.0,0.0,0.0,0.0,0.0,0.0,0.0,0.0,0.0,0.0,0.0,0.0,0.0,0.0,0.0,0.0,0.0,0.0,0.0,0.0,0.0,0.0,0.0,0.0,0.0,0.0,0.0,0.0,0.0,0.0,0.0,0.0,0.0,0.0,0.0,0.0,0.0,0.0,0.0,0.0,0.0,0.0,0.0,0.0,0.0,0.0
115,3833,3.151431,detected,1,0,low_confidence,0.4272,0.6613,0.1928,13,0.6061,0.8333,0.0049,1.0,0.0,0.0,0.0,0.931,0.931,0.0603,world,False,"{""0"": ""raw_mediapipe"", ""1"": ""raw_mediapipe"", ""2"": ""raw_mediapipe"", ""3"": ""raw_mediapipe"", ""4"": ""raw_mediapipe"", ""5"": ""raw_mediapipe"", ""6"": ""raw_mediapipe"", ""7"": ""raw_mediapipe"", ""8"": ""raw_mediapipe"", ""9"": ""raw_mediapipe"", ""10"": ""raw_mediapipe"", ""11"": ""raw_mediapipe"", ""12"": ""raw_mediapipe"", ""13"": ""raw_mediapipe"", ""14"": ""raw_mediapipe"", ""15"": ""raw_mediapipe"", ""16"": ""raw_mediapipe"", ""17"": ""raw_mediapipe"", ""18"": ""raw_mediapipe"", ""19"": ""raw_mediapipe"", ""20"": ""raw_mediapipe"", ""21"": ""raw_mediapipe"", ""22"": ""raw_mediapipe"", ""23"": ""raw_mediapipe"", ""24"": ""raw_mediapipe"", ""25"": ""raw_mediapipe"", ""26"": ""raw_mediapipe"", ""27"": ""raw_mediapipe"", ""28"": ""raw_mediapipe"", ""29"": ""raw_mediapipe"", ""30"": ""raw_mediapipe"", ""31"": ""raw_mediapipe"", ""32"": ""raw_mediapipe""}",0.0,0.0,0.0,0.0,0.0,0.0,0.0,0.0,0.0,0.0,0.0,0.0,0.0,0.0,0.0,0.0,0.0,0.0,0.0,0.0,0.0,0.0,0.0,0.0,0.0,0.0,0.0,0.0,0.0,0.0,0.0,0.0,0.0,0.0,0.0,0.0,0.0,0.0,0.0,0.0,0.0,0.0,0.0,0.0,0.0,0.0,0.0,0.0,0.0,0.0
116,3866,3.248828,tracking_loss,0,0,tracking_loss,0.0,0.0,0.0,0,0.0,0.0,0.0,1.0,0.0,0.0,0.0,0.9231,0.9231,0.0598,world,False,{},0.0,0.0,0.0,0.0,0.0,0.0,0.0,0.0,0.0,0.0,0.0,0.0,0.0,0.0,0.0,0.0,0.0,0.0,0.0,0.0,0.0,0.0,0.0,0.0,0.0,0.0,0.0,0.0,0.0,0.0,0.0,0.0,0.0,0.0,0.0,0.0,0.0,0.0,0.0,0.0,0.0,0.0,0.0,0.0,0.0,0.0,0.0,0.0,0.0,0.0
117,3900,3.251519,tracking_loss,0,0,tracking_loss,0.0,0.0,0.0,0,0.0,0.0,0.0,1.0,0.0,0.0,0.0,0.9153,0.9153,0.0593,world,False,{},0.0,0.0,0.0,0.0,0.0,0.0,0.0,0.0,0.0,0.0,0.0,0.0,0.0,0.0,0.0,0.0,0.0,0.0,0.0,0.0,0.0,0.0,0.0,0.0,0.0,0.0,0.0,0.0,0.0,0.0,0.0,0.0,0.0,0.0,0.0,0.0,0.0,0.0,0.0,0.0,0.0,0.0,0.0,0.0,0.0,0.0,0.0,0.0,0.0,0.0
118,3933,3.254441,tracking_loss,0,0,tracking_loss,0.0,0.0,0.0,0,0.0,0.0,0.0,1.0,0.0,0.0,0.0,0.9076,0.9076,0.0588,world,False,{},0.0,0.0,0.0,0.0,0.0,0.0,0.0,0.0,0.0,0.0,0.0,0.0,0.0,0.0,0.0,0.0,0.0,0.0,0.0,0.0,0.0,0.0,0.0,0.0,0.0,0.0,0.0,0.0,0.0,0.0,0.0,0.0,0.0,0.0,0.0,0.0,0.0,0.0,0.0,0.0,0.0,0.0,0.0,0.0,0.0,0.0,0.0,0.0,0.0,0.0
119,3966,3.256883,tracking_loss,0,0,tracking_loss,0.0,0.0,0.0,0,0.0,0.0,0.0,1.0,0.0,0.0,0.0,0.9,0.9,0.0583,world,False,{},0.0,0.0,0.0,0.0,0.0,0.0,0.0,0.0,0.0,0.0,0.0,0.0,0.0,0.0,0.0,0.0,0.0,0.0,0.0,0.0,0.0,0.0,0.0,0.0,0.0,0.0,0.0,0.0,0.0,0.0,0.0,0.0,0.0,0.0,0.0,0.0,0.0,0.0,0.0,0.0,0.0,0.0,0.0,0.0,0.0,0.0,0.0,0.0,0.0,0.0
120,4000,3.259784,tracking_loss,0,0,tracking_loss,0.0,0.0,0.0,0,0.0,0.0,0.0,1.0,0.0,0.0,0.0,0.8926,0.8926,0.0579,world,False,{},0.0,0.0,0.0,0.0,0.0,0.0,0.0,0.0,0.0,0.0,0.0,0.0,0.0,0.0,0.0,0.0,0.0,0.0,0.0,0.0,0.0,0.0,0.0,0.0,0.0,0.0,0.0,0.0,0.0,0.0,0.0,0.0,0.0,0.0,0.0,0.0,0.0,0.0,0.0,0.0,0.0,0.0,0.0,0.0,0.0,0.0,0.0,0.0,0.0,0.0
121,4033,3.262356,tracking_loss,0,0,tracking_loss,0.0,0.0,0.0,0,0.0,0.0,0.0,1.0,0.0,0.0,0.0,0.8852,0.8852,0.0574,world,False,{},0.0,0.0,0.0,0.0,0.0,0.0,0.0,0.0,0.0,0.0,0.0,0.0,0.0,0.0,0.0,0.0,0.0,0.0,0.0,0.0,0.0,0.0,0.0,0.0,0.0,0.0,0.0,0.0,0.0,0.0,0.0,0.0,0.0,0.0,0.0,0.0,0.0,0.0,0.0,0.0,0.0,0.0,0.0,0.0,0.0,0.0,0.0,0.0,0.0,0.0
122,4066,3.394178,tracking_loss,0,0,tracking_loss,0.0,0.0,0.0,0,0.0,0.0,0.0,1.0,0.0,0.0,0.0,0.878,0.878,0.0569,world,False,{},0.0,0.0,0.0,0.0,0.0,0.0,0.0,0.0,0.0,0.0,0.0,0.0,0.0,0.0,0.0,0.0,0.0,0.0,0.0,0.0,0.0,0.0,0.0,0.0,0.0,0.0,0.0,0.0,0.0,0.0,0.0,0.0,0.0,0.0,0.0,0.0,0.0,0.0,0.0,0.0,0.0,0.0,0.0,0.0,0.0,0.0,0.0,0.0,0.0,0.0
123,4100,3.396998,tracking_loss,0,0,tracking_loss,0.0,0.0,0.0,0,0.0,0.0,0.0,1.0,0.0,0.0,0.0,0.871,0.871,0.0565,world,False,{},0.0,0.0,0.0,0.0,0.0,0.0,0.0,0.0,0.0,0.0,0.0,0.0,0.0,0.0,0.0,0.0,0.0,0.0,0.0,0.0,0.0,0.0,0.0,0.0,0.0,0.0,0.0,0.0,0.0,0.0,0.0,0.0,0.0,0.0,0.0,0.0,0.0,0.0,0.0,0.0,0.0,0.0,0.0,0.0,0.0,0.0,0.0,0.0,0.0,0.0
124,4133,3.39991,tracking_loss,0,0,tracking_loss,0.0,0.0,0.0,0,0.0,0.0,0.0,1.0,0.0,0.0,0.0,0.864,0.864,0.056,world,False,{},0.0,0.0,0.0,0.0,0.0,0.0,0.0,0.0,0.0,0.0,0.0,0.0,0.0,0.0,0.0,0.0,0.0,0.0,0.0,0.0,0.0,0.0,0.0,0.0,0.0,0.0,0.0,0.0,0.0,0.0,0.0,0.0,0.0,0.0,0.0,0.0,0.0,0.0,0.0,0.0,0.0,0.0,0.0,0.0,0.0,0.0,0.0,0.0,0.0,0.0
125,4166,3.402674,tracking_loss,0,0,tracking_loss,0.0,0.0,0.0,0,0.0,0.0,0.0,1.0,0.0,0.0,0.0,0.8571,0.8571,0.0556,world,False,{},0.0,0.0,0.0,0.0,0.0,0.0,0.0,0.0,0.0,0.0,0.0,0.0,0.0,0.0,0.0,0.0,0.0,0.0,0.0,0.0,0.0,0.0,0.0,0.0,0.0,0.0,0.0,0.0,0.0,0.0,0.0,0.0,0.0,0.0,0.0,0.0,0.0,0.0,0.0,0.0,0.0,0.0,0.0,0.0,0.0,0.0,0.0,0.0,0.0,0.0
126,4200,3.405633,tracking_loss,0,0,tracking_loss,0.0,0.0,0.0,0,0.0,0.0,0.0,1.0,0.0,0.0,0.0,0.8504,0.8504,0.0551,world,False,{},0.0,0.0,0.0,0.0,0.0,0.0,0.0,0.0,0.0,0.0,0.0,0.0,0.0,0.0,0.0,0.0,0.0,0.0,0.0,0.0,0.0,0.0,0.0,0.0,0.0,0.0,0.0,0.0,0.0,0.0,0.0,0.0,0.0,0.0,0.0,0.0,0.0,0.0,0.0,0.0,0.0,0.0,0.0,0.0,0.0,0.0,0.0,0.0,0.0,0.0
127,4233,3.408522,tracking_loss,0,0,tracking_loss,0.0,0.0,0.0,0,0.0,0.0,0.0,1.0,0.0,0.0,0.0,0.8438,0.8438,0.0547,world,False,{},0.0,0.0,0.0,0.0,0.0,0.0,0.0,0.0,0.0,0.0,0.0,0.0,0.0,0.0,0.0,0.0,0.0,0.0,0.0,0.0,0.0,0.0,0.0,0.0,0.0,0.0,0.0,0.0,0.0,0.0,0.0,0.0,0.0,0.0,0.0,0.0,0.0,0.0,0.0,0.0,0.0,0.0,0.0,0.0,0.0,0.0,0.0,0.0,0.0,0.0
128,4266,3.606831,tracking_loss,0,0,tracking_loss,0.0,0.0,0.0,0,0.0,0.0,0.0,1.0,0.0,0.0,0.0,0.8372,0.8372,0.0543,world,False,{},0.0,0.0,0.0,0.0,0.0,0.0,0.0,0.0,0.0,0.0,0.0,0.0,0.0,0.0,0.0,0.0,0.0,0.0,0.0,0.0,0.0,0.0,0.0,0.0,0.0,0.0,0.0,0.0,0.0,0.0,0.0,0.0,0.0,0.0,0.0,0.0,0.0,0.0,0.0,0.0,0.0,0.0,0.0,0.0,0.0,0.0,0.0,0.0,0.0,0.0
129,4300,3.609506,tracking_loss,0,0,tracking_loss,0.0,0.0,0.0,0,0.0,0.0,0.0,1.0,0.0,0.0,0.0,0.8308,0.8308,0.0538,world,False,{},0.0,0.0,0.0,0.0,0.0,0.0,0.0,0.0,0.0,0.0,0.0,0.0,0.0,0.0,0.0,0.0,0.0,0.0,0.0,0.0,0.0,0.0,0.0,0.0,0.0,0.0,0.0,0.0,0.0,0.0,0.0,0.0,0.0,0.0,0.0,0.0,0.0,0.0,0.0,0.0,0.0,0.0,0.0,0.0,0.0,0.0,0.0,0.0,0.0,0.0
130,4333,3.611985,tracking_loss,0,0,tracking_loss,0.0,0.0,0.0,0,0.0,0.0,0.0,1.0,0.0,0.0,0.0,0.8244,0.8244,0.0534,world,False,{},0.0,0.0,0.0,0.0,0.0,0.0,0.0,0.0,0.0,0.0,0.0,0.0,0.0,0.0,0.0,0.0,0.0,0.0,0.0,0.0,0.0,0.0,0.0,0.0,0.0,0.0,0.0,0.0,0.0,0.0,0.0,0.0,0.0,0.0,0.0,0.0,0.0,0.0,0.0,0.0,0.0,0.0,0.0,0.0,0.0,0.0,0.0,0.0,0.0,0.0
131,4366,3.61491,tracking_loss,0,0,tracking_loss,0.0,0.0,0.0,0,0.0,0.0,0.0,1.0,0.0,0.0,0.0,0.8182,0.8182,0.053,world,False,{},0.0,0.0,0.0,0.0,0.0,0.0,0.0,0.0,0.0,0.0,0.0,0.0,0.0,0.0,0.0,0.0,0.0,0.0,0.0,0.0,0.0,0.0,0.0,0.0,0.0,0.0,0.0,0.0,0.0,0.0,0.0,0.0,0.0,0.0,0.0,0.0,0.0,0.0,0.0,0.0,0.0,0.0,0.0,0.0,0.0,0.0,0.0,0.0,0.0,0.0
132,4400,3.617595,tracking_loss,0,0,tracking_loss,0.0,0.0,0.0,0,0.0,0.0,0.0,1.0,0.0,0.0,0.0,0.812,0.812,0.0526,world,False,{},0.0,0.0,0.0,0.0,0.0,0.0,0.0,0.0,0.0,0.0,0.0,0.0,0.0,0.0,0.0,0.0,0.0,0.0,0.0,0.0,0.0,0.0,0.0,0.0,0.0,0.0,0.0,0.0,0.0,0.0,0.0,0.0,0.0,0.0,0.0,0.0,0.0,0.0,0.0,0.0,0.0,0.0,0.0,0.0,0.0,0.0,0.0,0.0,0.0,0.0
133,4433,3.620357,tracking_loss,0,0,tracking_loss,0.0,0.0,0.0,0,0.0,0.0,0.0,1.0,0.0,0.0,0.0,0.806,0.806,0.0522,world,False,{},0.0,0.0,0.0,0.0,0.0,0.0,0.0,0.0,0.0,0.0,0.0,0.0,0.0,0.0,0.0,0.0,0.0,0.0,0.0,0.0,0.0,0.0,0.0,0.0,0.0,0.0,0.0,0.0,0.0,0.0,0.0,0.0,0.0,0.0,0.0,0.0,0.0,0.0,0.0,0.0,0.0,0.0,0.0,0.0,0.0,0.0,0.0,0.0,0.0,0.0
134,4466,3.65682,detected,1,0,low_confidence,0.4195,0.657,0.1832,13,0.6061,3.7449,0.0025,1.0,0.0,0.0,0.0,0.8074,0.8074,0.0519,world,False,"{""0"": ""raw_mediapipe"", ""1"": ""raw_mediapipe"", ""2"": ""raw_mediapipe"", ""3"": ""raw_mediapipe"", ""4"": ""raw_mediapipe"", ""5"": ""raw_mediapipe"", ""6"": ""raw_mediapipe"", ""7"": ""raw_mediapipe"", ""8"": ""raw_mediapipe"", ""9"": ""raw_mediapipe"", ""10"": ""raw_mediapipe"", ""11"": ""raw_mediapipe"", ""12"": ""raw_mediapipe"", ""13"": ""raw_mediapipe"", ""14"": ""raw_mediapipe"", ""15"": ""raw_mediapipe"", ""16"": ""raw_mediapipe"", ""17"": ""raw_mediapipe"", ""18"": ""raw_mediapipe"", ""19"": ""raw_mediapipe"", ""20"": ""raw_mediapipe"", ""21"": ""raw_mediapipe"", ""22"": ""raw_mediapipe"", ""23"": ""raw_mediapipe"", ""24"": ""raw_mediapipe"", ""25"": ""raw_mediapipe"", ""26"": ""raw_mediapipe"", ""27"": ""raw_mediapipe"", ""28"": ""raw_mediapipe"", ""29"": ""raw_mediapipe"", ""30"": ""raw_mediapipe"", ""31"": ""raw_mediapipe"", ""32"": ""raw_mediapipe""}",0.0,0.0,0.0,0.0,0.0,0.0,0.0,0.0,0.0,0.0,0.0,0.0,0.0,0.0,0.0,0.0,0.0,0.0,0.0,0.0,0.0,0.0,0.0,0.0,0.0,0.0,0.0,0.0,0.0,0.0,0.0,0.0,0.0,0.0,0.0,0.0,0.0,0.0,0.0,0.0,0.0,0.0,0.0,0.0,0.0,0.0,0.0,0.0,0.0,0.0
135,4500,3.680938,detected,1,0,low_confidence,0.4345,0.6655,0.2102,12,0.6364,4.6359,0.0039,1.0,0.0,0.0,0.0,0.8088,0.8088,0.0515,world,False,"{""0"": ""raw_mediapipe"", ""1"": ""raw_mediapipe"", ""2"": ""raw_mediapipe"", ""3"": ""raw_mediapipe"", ""4"": ""raw_mediapipe"", ""5"": ""raw_mediapipe"", ""6"": ""raw_mediapipe"", ""7"": ""raw_mediapipe"", ""8"": ""raw_mediapipe"", ""9"": ""raw_mediapipe"", ""10"": ""raw_mediapipe"", ""11"": ""raw_mediapipe"", ""12"": ""raw_mediapipe"", ""13"": ""raw_mediapipe"", ""14"": ""raw_mediapipe"", ""15"": ""raw_mediapipe"", ""16"": ""raw_mediapipe"", ""17"": ""raw_mediapipe"", ""18"": ""raw_mediapipe"", ""19"": ""raw_mediapipe"", ""20"": ""raw_mediapipe"", ""21"": ""raw_mediapipe"", ""22"": ""raw_mediapipe"", ""23"": ""raw_mediapipe"", ""24"": ""raw_mediapipe"", ""25"": ""raw_mediapipe"", ""26"": ""raw_mediapipe"", ""27"": ""raw_mediapipe"", ""28"": ""raw_mediapipe"", ""29"": ""raw_mediapipe"", ""30"": ""raw_mediapipe"", ""31"": ""raw_mediapipe"", ""32"": ""raw_mediapipe""}",0.0,0.0,0.0,0.0,0.0,0.0,0.0,0.0,0.0,0.0,0.0,0.0,0.0,0.0,0.0,0.0,0.3056,0.0,0.0,0.0,0.2692,0.0,0.0,0.0,0.0,0.0,0.0,0.0,0.0,0.0,0.0,0.0,0.0,0.0,0.0,0.0,0.0,0.0,0.0,0.0,0.0,0.0,0.0,0.0,0.0,0.0,0.0,0.0,0.0,0.0
136,4533,3.705954,detected,1,0,partial_pose,0.4564,0.6685,0.1939,12,0.6364,2.5128,0.0122,1.0,0.0,0.0,0.0,0.8102,0.8102,0.0511,world,False,"{""0"": ""raw_mediapipe"", ""1"": ""raw_mediapipe"", ""2"": ""raw_mediapipe"", ""3"": ""raw_mediapipe"", ""4"": ""raw_mediapipe"", ""5"": ""raw_mediapipe"", ""6"": ""raw_mediapipe"", ""7"": ""raw_mediapipe"", ""8"": ""raw_mediapipe"", ""9"": ""raw_mediapipe"", ""10"": ""raw_mediapipe"", ""11"": ""raw_mediapipe"", ""12"": ""raw_mediapipe"", ""13"": ""raw_mediapipe"", ""14"": ""raw_mediapipe"", ""15"": ""raw_mediapipe"", ""16"": ""raw_mediapipe"", ""17"": ""raw_mediapipe"", ""18"": ""raw_mediapipe"", ""19"": ""raw_mediapipe"", ""20"": ""raw_mediapipe"", ""21"": ""raw_mediapipe"", ""22"": ""raw_mediapipe"", ""23"": ""raw_mediapipe"", ""24"": ""raw_mediapipe"", ""25"": ""raw_mediapipe"", ""26"": ""raw_mediapipe"", ""27"": ""raw_mediapipe"", ""28"": ""raw_mediapipe"", ""29"": ""raw_mediapipe"", ""30"": ""raw_mediapipe"", ""31"": ""raw_mediapipe"", ""32"": ""raw_mediapipe""}",0.0,0.0,0.0,0.0,0.0,0.0,0.0,0.0,0.0,0.0,0.0,0.0,0.0,0.0,0.0,0.0,0.2849,0.0,0.0,0.0,0.2579,0.0,0.0,0.0,0.0,0.0,0.0,0.0,0.0,0.0,0.0,0.0,0.0,0.0,0.0,0.0,0.0,0.0,0.0,0.0,0.0,0.0,0.0,0.0,0.0,0.0,0.0,0.0,0.0,0.0
137,4566,3.738624,detected,1,0,partial_pose,0.4632,0.6725,0.1858,12,0.6364,0.8383,0.0143,1.0,0.0,0.0,0.0,0.8116,0.8116,0.0507,world,False,"{""0"": ""raw_mediapipe"", ""1"": ""raw_mediapipe"", ""2"": ""raw_mediapipe"", ""3"": ""raw_mediapipe"", ""4"": ""raw_mediapipe"", ""5"": ""raw_mediapipe"", ""6"": ""raw_mediapipe"", ""7"": ""raw_mediapipe"", ""8"": ""raw_mediapipe"", ""9"": ""raw_mediapipe"", ""10"": ""raw_mediapipe"", ""11"": ""raw_mediapipe"", ""12"": ""raw_mediapipe"", ""13"": ""raw_mediapipe"", ""14"": ""raw_mediapipe"", ""15"": ""raw_mediapipe"", ""16"": ""raw_mediapipe"", ""17"": ""raw_mediapipe"", ""18"": ""raw_mediapipe"", ""19"": ""raw_mediapipe"", ""20"": ""raw_mediapipe"", ""21"": ""raw_mediapipe"", ""22"": ""raw_mediapipe"", ""23"": ""raw_mediapipe"", ""24"": ""raw_mediapipe"", ""25"": ""raw_mediapipe"", ""26"": ""raw_mediapipe"", ""27"": ""raw_mediapipe"", ""28"": ""raw_mediapipe"", ""29"": ""raw_mediapipe"", ""30"": ""raw_mediapipe"", ""31"": ""raw_mediapipe"", ""32"": ""raw_mediapipe""}",0.0,0.0,0.0,0.0,0.0,0.0,0.0,0.0,0.0,0.0,0.0,0.0,0.0,0.0,0.0,0.0,0.2658,0.0,0.0,0.0,0.2489,0.0,0.0,0.0,0.2863,0.0,0.0,0.0,0.2862,0.0,0.0,0.0,0.0,0.0,0.0,0.0,0.0,0.0,0.0,0.0,0.0,0.0,0.0,0.0,0.0,0.0,0.0,0.0,0.0,0.0
138,4600,3.762023,detected,1,0,partial_pose,0.4608,0.6741,0.1769,12,0.6364,0.9567,0.0131,1.0,0.0,0.0,0.0,0.8129,0.8129,0.0504,world,False,"{""0"": ""raw_mediapipe"", ""1"": ""raw_mediapipe"", ""2"": ""raw_mediapipe"", ""3"": ""raw_mediapipe"", ""4"": ""raw_mediapipe"", ""5"": ""raw_mediapipe"", ""6"": ""raw_mediapipe"", ""7"": ""raw_mediapipe"", ""8"": ""raw_mediapipe"", ""9"": ""raw_mediapipe"", ""10"": ""raw_mediapipe"", ""11"": ""raw_mediapipe"", ""12"": ""raw_mediapipe"", ""13"": ""raw_mediapipe"", ""14"": ""raw_mediapipe"", ""15"": ""raw_mediapipe"", ""16"": ""raw_mediapipe"", ""17"": ""raw_mediapipe"", ""18"": ""raw_mediapipe"", ""19"": ""raw_mediapipe"", ""20"": ""raw_mediapipe"", ""21"": ""raw_mediapipe"", ""22"": ""raw_mediapipe"", ""23"": ""raw_mediapipe"", ""24"": ""raw_mediapipe"", ""25"": ""raw_mediapipe"", ""26"": ""raw_mediapipe"", ""27"": ""raw_mediapipe"", ""28"": ""raw_mediapipe"", ""29"": ""raw_mediapipe"", ""30"": ""raw_mediapipe"", ""31"": ""raw_mediapipe"", ""32"": ""raw_mediapipe""}",0.0,0.0,0.0,0.0,0.0,0.0,0.0,0.0,0.0,0.0,0.0,0.0,0.0,0.0,0.0,0.0,0.2524,0.0,0.0,0.0,0.2431,0.0,0.0,0.0,0.2804,0.0,0.0,0.0,0.2893,0.0,0.0,0.0,0.0,0.0,0.0,0.0,0.0,0.0,0.0,0.0,0.0,0.0,0.0,0.0,0.0,0.0,0.0,0.0,0.0,0.0
139,4633,3.783947,detected,1,0,partial_pose,0.4733,0.6909,0.2266,12,0.6364,0.7768,0.0156,1.0,0.0,0.0,0.0,0.8143,0.8143,0.05,world,False,"{""0"": ""raw_mediapipe"", ""1"": ""raw_mediapipe"", ""2"": ""raw_mediapipe"", ""3"": ""raw_mediapipe"", ""4"": ""raw_mediapipe"", ""5"": ""raw_mediapipe"", ""6"": ""raw_mediapipe"", ""7"": ""raw_mediapipe"", ""8"": ""raw_mediapipe"", ""9"": ""raw_mediapipe"", ""10"": ""raw_mediapipe"", ""11"": ""raw_mediapipe"", ""12"": ""raw_mediapipe"", ""13"": ""raw_mediapipe"", ""14"": ""raw_mediapipe"", ""15"": ""raw_mediapipe"", ""16"": ""raw_mediapipe"", ""17"": ""raw_mediapipe"", ""18"": ""raw_mediapipe"", ""19"": ""raw_mediapipe"", ""20"": ""raw_mediapipe"", ""21"": ""raw_mediapipe"", ""22"": ""raw_mediapipe"", ""23"": ""raw_mediapipe"", ""24"": ""raw_mediapipe"", ""25"": ""raw_mediapipe"", ""26"": ""raw_mediapipe"", ""27"": ""raw_mediapipe"", ""28"": ""raw_mediapipe"", ""29"": ""raw_mediapipe"", ""30"": ""raw_mediapipe"", ""31"": ""raw_mediapipe"", ""32"": ""raw_mediapipe""}",0.0,0.0,0.0,0.0,0.0,0.0,0.0,0.0,0.0,0.0,0.0,0.0,0.0,0.0,0.0,0.0,0.2392,0.0,0.0,0.0,0.2384,0.0,0.0,0.0,0.275,0.0,0.0,0.0,0.2908,0.0,0.0,0.0,0.0,0.0,0.0,0.0,0.0,0.0,0.0,0.0,0.0,0.0,0.0,0.0,0.0,0.0,0.0,0.0,0.0,0.0
140,4666,3.808625,detected,1,0,partial_pose,0.4966,0.7091,0.2803,11,0.6667,0.5139,0.0188,1.0,0.0,0.0,0.0,0.8156,0.8156,0.0496,world,False,"{""0"": ""raw_mediapipe"", ""1"": ""raw_mediapipe"", ""2"": ""raw_mediapipe"", ""3"": ""raw_mediapipe"", ""4"": ""raw_mediapipe"", ""5"": ""raw_mediapipe"", ""6"": ""raw_mediapipe"", ""7"": ""raw_mediapipe"", ""8"": ""raw_mediapipe"", ""9"": ""raw_mediapipe"", ""10"": ""raw_mediapipe"", ""11"": ""raw_mediapipe"", ""12"": ""raw_mediapipe"", ""13"": ""raw_mediapipe"", ""14"": ""raw_mediapipe"", ""15"": ""raw_mediapipe"", ""16"": ""raw_mediapipe"", ""17"": ""raw_mediapipe"", ""18"": ""raw_mediapipe"", ""19"": ""raw_mediapipe"", ""20"": ""raw_mediapipe"", ""21"": ""raw_mediapipe"", ""22"": ""raw_mediapipe"", ""23"": ""raw_mediapipe"", ""24"": ""raw_mediapipe"", ""25"": ""raw_mediapipe"", ""26"": ""raw_mediapipe"", ""27"": ""raw_mediapipe"", ""28"": ""raw_mediapipe"", ""29"": ""raw_mediapipe"", ""30"": ""raw_mediapipe"", ""31"": ""raw_mediapipe"", ""32"": ""raw_mediapipe""}",0.0,0.0,0.0,0.0,0.0,0.0,0.0,0.0,0.0,0.0,0.0,0.0,0.0,0.0,0.0,0.0,0.2285,0.0,0.0,0.0,0.2398,0.0,0.0,0.0,0.2735,0.0,0.0,0.0,0.2932,0.0,0.0,0.0,0.0,0.0,0.0,0.0,0.0,0.0,0.0,0.0,0.0,0.0,0.0,0.0,0.0,0.0,0.0,0.0,0.0,0.0
141,4700,3.832734,detected,1,0,partial_pose,0.5094,0.7246,0.3484,11,0.6667,0.8942,0.0216,1.0,0.0,0.0,0.0,0.8169,0.8169,0.0493,world,False,"{""0"": ""raw_mediapipe"", ""1"": ""raw_mediapipe"", ""2"": ""raw_mediapipe"", ""3"": ""raw_mediapipe"", ""4"": ""raw_mediapipe"", ""5"": ""raw_mediapipe"", ""6"": ""raw_mediapipe"", ""7"": ""raw_mediapipe"", ""8"": ""raw_mediapipe"", ""9"": ""raw_mediapipe"", ""10"": ""raw_mediapipe"", ""11"": ""raw_mediapipe"", ""12"": ""raw_mediapipe"", ""13"": ""raw_mediapipe"", ""14"": ""raw_mediapipe"", ""15"": ""raw_mediapipe"", ""16"": ""raw_mediapipe"", ""17"": ""raw_mediapipe"", ""18"": ""raw_mediapipe"", ""19"": ""raw_mediapipe"", ""20"": ""raw_mediapipe"", ""21"": ""raw_mediapipe"", ""22"": ""raw_mediapipe"", ""23"": ""raw_mediapipe"", ""24"": ""raw_mediapipe"", ""25"": ""raw_mediapipe"", ""26"": ""raw_mediapipe"", ""27"": ""raw_mediapipe"", ""28"": ""raw_mediapipe"", ""29"": ""raw_mediapipe"", ""30"": ""raw_mediapipe"", ""31"": ""raw_mediapipe"", ""32"": ""raw_mediapipe""}",0.0,0.0,0.0,0.0,0.0,0.0,0.0,0.0,0.0,0.0,0.0,0.0,0.0,0.0,0.0,0.0,0.2127,0.0,0.0,0.0,0.2363,0.0,0.0,0.0,0.2661,0.0,0.0,0.0,0.2902,0.0,0.0,0.0,0.0,0.0,0.0,0.0,0.0,0.0,0.0,0.0,0.0,0.0,0.0,0.0,0.0,0.0,0.0,0.0,0.0,0.0
142,4733,3.854147,detected,1,0,partial_pose,0.5353,0.7357,0.3617,10,0.697,0.5656,0.027,1.0,0.0,0.0,0.0,0.8182,0.8182,0.049,world,False,"{""0"": ""raw_mediapipe"", ""1"": ""raw_mediapipe"", ""2"": ""raw_mediapipe"", ""3"": ""raw_mediapipe"", ""4"": ""raw_mediapipe"", ""5"": ""raw_mediapipe"", ""6"": ""raw_mediapipe"", ""7"": ""raw_mediapipe"", ""8"": ""raw_mediapipe"", ""9"": ""raw_mediapipe"", ""10"": ""raw_mediapipe"", ""11"": ""raw_mediapipe"", ""12"": ""raw_mediapipe"", ""13"": ""raw_mediapipe"", ""14"": ""raw_mediapipe"", ""15"": ""raw_mediapipe"", ""16"": ""raw_mediapipe"", ""17"": ""raw_mediapipe"", ""18"": ""raw_mediapipe"", ""19"": ""raw_mediapipe"", ""20"": ""raw_mediapipe"", ""21"": ""raw_mediapipe"", ""22"": ""raw_mediapipe"", ""23"": ""raw_mediapipe"", ""24"": ""raw_mediapipe"", ""25"": ""raw_mediapipe"", ""26"": ""raw_mediapipe"", ""27"": ""raw_mediapipe"", ""28"": ""raw_mediapipe"", ""29"": ""raw_mediapipe"", ""30"": ""raw_mediapipe"", ""31"": ""raw_mediapipe"", ""32"": ""raw_mediapipe""}",0.0,0.0,0.0,0.0,0.0,0.0,0.0,0.0,0.0,0.0,0.0,0.0,0.0,0.0,0.0,0.0,0.1974,0.0,0.0,0.0,0.2349,0.0,0.0,0.0,0.2555,0.0,0.0,0.0,0.2822,0.0,0.0,0.0,0.0,0.0,0.0,0.0,0.0,0.0,0.0,0.0,0.0,0.0,0.0,0.0,0.0,0.0,0.0,0.0,0.0,0.0
143,4766,3.880107,detected,1,0,partial_pose,0.5627,0.7458,0.3468,9,0.7273,0.292,0.0332,1.0,0.0,0.0,0.0,0.8194,0.8194,0.0486,world,False,"{""0"": ""raw_mediapipe"", ""1"": ""raw_mediapipe"", ""2"": ""raw_mediapipe"", ""3"": ""raw_mediapipe"", ""4"": ""raw_mediapipe"", ""5"": ""raw_mediapipe"", ""6"": ""raw_mediapipe"", ""7"": ""raw_mediapipe"", ""8"": ""raw_mediapipe"", ""9"": ""raw_mediapipe"", ""10"": ""raw_mediapipe"", ""11"": ""raw_mediapipe"", ""12"": ""raw_mediapipe"", ""13"": ""raw_mediapipe"", ""14"": ""raw_mediapipe"", ""15"": ""raw_mediapipe"", ""16"": ""raw_mediapipe"", ""17"": ""raw_mediapipe"", ""18"": ""raw_mediapipe"", ""19"": ""raw_mediapipe"", ""20"": ""raw_mediapipe"", ""21"": ""raw_mediapipe"", ""22"": ""raw_mediapipe"", ""23"": ""raw_mediapipe"", ""24"": ""raw_mediapipe"", ""25"": ""raw_mediapipe"", ""26"": ""raw_mediapipe"", ""27"": ""raw_mediapipe"", ""28"": ""raw_mediapipe"", ""29"": ""raw_mediapipe"", ""30"": ""raw_mediapipe"", ""31"": ""raw_mediapipe"", ""32"": ""raw_mediapipe""}",0.2589,0.0,0.0,0.0,0.0,0.0,0.0,0.0,0.0,0.0,0.0,0.0,0.0,0.0,0.0,0.0,0.1893,0.0,0.0,0.0,0.2326,0.0,0.0,0.0,0.2452,0.0,0.0,0.0,0.2738,0.0,0.0,0.0,0.0,0.0,0.0,0.0,0.0,0.0,0.0,0.0,0.0,0.0,0.0,0.0,0.0,0.0,0.0,0.0,0.0,0.0
144,4800,3.902436,detected,1,0,unstable,0.5971,0.7568,0.334,6,0.8182,0.4196,0.0354,1.0,0.0,0.0,0.0,0.8207,0.8207,0.0483,world,False,"{""0"": ""raw_mediapipe"", ""1"": ""raw_mediapipe"", ""2"": ""raw_mediapipe"", ""3"": ""raw_mediapipe"", ""4"": ""raw_mediapipe"", ""5"": ""raw_mediapipe"", ""6"": ""raw_mediapipe"", ""7"": ""raw_mediapipe"", ""8"": ""raw_mediapipe"", ""9"": ""raw_mediapipe"", ""10"": ""raw_mediapipe"", ""11"": ""raw_mediapipe"", ""12"": ""raw_mediapipe"", ""13"": ""raw_mediapipe"", ""14"": ""raw_mediapipe"", ""15"": ""raw_mediapipe"", ""16"": ""raw_mediapipe"", ""17"": ""raw_mediapipe"", ""18"": ""raw_mediapipe"", ""19"": ""raw_mediapipe"", ""20"": ""raw_mediapipe"", ""21"": ""raw_mediapipe"", ""22"": ""raw_mediapipe"", ""23"": ""raw_mediapipe"", ""24"": ""raw_mediapipe"", ""25"": ""raw_mediapipe"", ""26"": ""raw_mediapipe"", ""27"": ""raw_mediapipe"", ""28"": ""raw_mediapipe"", ""29"": ""raw_mediapipe"", ""30"": ""raw_mediapipe"", ""31"": ""raw_mediapipe"", ""32"": ""raw_mediapipe""}",0.2567,0.0,0.0,0.0,0.0981,0.0,0.0,0.0,0.0,0.0,0.0,0.0,0.0,0.0,0.0,0.0,0.1831,0.0,0.0,0.0,0.2311,0.0,0.0,0.0,0.2403,0.0,0.0,0.0,0.2712,0.0,0.0,0.0,0.0,0.0,0.0,0.0,0.0,0.0,0.0,0.0,0.0,0.0,0.0,0.0,0.0,0.0,0.0,0.0,0.0,0.0
145,4833,3.930448,detected,1,0,unstable,0.5877,0.7673,0.3308,5,0.8485,0.3169,0.0268,1.0,0.0,0.0,0.0,0.8219,0.8219,0.0479,world,False,"{""0"": ""raw_mediapipe"", ""1"": ""raw_mediapipe"", ""2"": ""raw_mediapipe"", ""3"": ""raw_mediapipe"", ""4"": ""raw_mediapipe"", ""5"": ""raw_mediapipe"", ""6"": ""raw_mediapipe"", ""7"": ""raw_mediapipe"", ""8"": ""raw_mediapipe"", ""9"": ""raw_mediapipe"", ""10"": ""raw_mediapipe"", ""11"": ""raw_mediapipe"", ""12"": ""raw_mediapipe"", ""13"": ""raw_mediapipe"", ""14"": ""raw_mediapipe"", ""15"": ""raw_mediapipe"", ""16"": ""raw_mediapipe"", ""17"": ""raw_mediapipe"", ""18"": ""raw_mediapipe"", ""19"": ""raw_mediapipe"", ""20"": ""raw_mediapipe"", ""21"": ""raw_mediapipe"", ""22"": ""raw_mediapipe"", ""23"": ""raw_mediapipe"", ""24"": ""raw_mediapipe"", ""25"": ""raw_mediapipe"", ""26"": ""raw_mediapipe"", ""27"": ""raw_mediapipe"", ""28"": ""raw_mediapipe"", ""29"": ""raw_mediapipe"", ""30"": ""raw_mediapipe"", ""31"": ""raw_mediapipe"", ""32"": ""raw_mediapipe""}",0.2532,0.0,0.0,0.0,0.0981,0.0,0.0,0.0,0.0,0.0,0.0,0.0,0.0,0.0,0.0,0.0,0.1854,0.0,0.0,0.0,0.2278,0.0,0.0,0.0,0.2382,0.0,0.0,0.0,0.2721,0.0,0.0,0.0,0.0,0.0,0.0,0.0,0.0,0.0,0.0,0.0,0.0,0.0,0.0,0.0,0.0,0.0,0.0,0.0,0.0,0.0
146,4866,3.961667,detected,1,0,unstable,0.5943,0.7766,0.3331,5,0.8485,0.4979,0.0281,1.0,0.0,0.0,0.0,0.8231,0.8231,0.0476,world,False,"{""0"": ""raw_mediapipe"", ""1"": ""raw_mediapipe"", ""2"": ""raw_mediapipe"", ""3"": ""raw_mediapipe"", ""4"": ""raw_mediapipe"", ""5"": ""raw_mediapipe"", ""6"": ""raw_mediapipe"", ""7"": ""raw_mediapipe"", ""8"": ""raw_mediapipe"", ""9"": ""raw_mediapipe"", ""10"": ""raw_mediapipe"", ""11"": ""raw_mediapipe"", ""12"": ""raw_mediapipe"", ""13"": ""raw_mediapipe"", ""14"": ""raw_mediapipe"", ""15"": ""raw_mediapipe"", ""16"": ""raw_mediapipe"", ""17"": ""raw_mediapipe"", ""18"": ""raw_mediapipe"", ""19"": ""raw_mediapipe"", ""20"": ""raw_mediapipe"", ""21"": ""raw_mediapipe"", ""22"": ""raw_mediapipe"", ""23"": ""raw_mediapipe"", ""24"": ""raw_mediapipe"", ""25"": ""raw_mediapipe"", ""26"": ""raw_mediapipe"", ""27"": ""raw_mediapipe"", ""28"": ""raw_mediapipe"", ""29"": ""raw_mediapipe"", ""30"": ""raw_mediapipe"", ""31"": ""raw_mediapipe"", ""32"": ""raw_mediapipe""}",0.2449,0.0,0.0,0.0,0.0981,0.0,0.0,0.0,0.0,0.0,0.0,0.0,0.0,0.0,0.0,0.0,0.1756,0.0,0.0,0.0,0.2267,0.0,0.0,0.0,0.2369,0.0,0.0,0.0,0.275,0.0,0.0,0.0,0.0,0.0,0.0,0.0,0.0,0.0,0.0,0.0,0.0,0.0,0.0,0.0,0.0,0.0,0.0,0.0,0.0,0.0
147,4900,3.994219,detected,1,0,unstable,0.6046,0.7826,0.3352,5,0.8485,0.5247,0.0313,1.0,0.0,0.0,0.0,0.8243,0.8243,0.0473,world,False,"{""0"": ""raw_mediapipe"", ""1"": ""raw_mediapipe"", ""2"": ""raw_mediapipe"", ""3"": ""raw_mediapipe"", ""4"": ""raw_mediapipe"", ""5"": ""raw_mediapipe"", ""6"": ""raw_mediapipe"", ""7"": ""raw_mediapipe"", ""8"": ""raw_mediapipe"", ""9"": ""raw_mediapipe"", ""10"": ""raw_mediapipe"", ""11"": ""raw_mediapipe"", ""12"": ""raw_mediapipe"", ""13"": ""raw_mediapipe"", ""14"": ""raw_mediapipe"", ""15"": ""raw_mediapipe"", ""16"": ""raw_mediapipe"", ""17"": ""raw_mediapipe"", ""18"": ""raw_mediapipe"", ""19"": ""raw_mediapipe"", ""20"": ""raw_mediapipe"", ""21"": ""raw_mediapipe"", ""22"": ""raw_mediapipe"", ""23"": ""raw_mediapipe"", ""24"": ""raw_mediapipe"", ""25"": ""raw_mediapipe"", ""26"": ""raw_mediapipe"", ""27"": ""raw_mediapipe"", ""28"": ""raw_mediapipe"", ""29"": ""raw_mediapipe"", ""30"": ""raw_mediapipe"", ""31"": ""raw_mediapipe"", ""32"": ""raw_mediapipe""}",0.2368,0.0,0.0,0.0,0.1003,0.0,0.0,0.0,0.0,0.0,0.0,0.0,0.0,0.0,0.0,0.0,0.1767,0.0,0.0,0.0,0.2295,0.0,0.0,0.0,0.2414,0.0,0.0,0.0,0.2797,0.0,0.0,0.0,0.0,0.0,0.0,0.0,0.0,0.0,0.0,0.0,0.0,0.0,0.0,0.0,0.0,0.0,0.0,0.0,0.0,0.0
148,4933,4.02391,detected,1,0,unstable,0.6467,0.7897,0.3245,5,0.8485,0.3755,0.047,1.0,0.0,0.0,0.0,0.8255,0.8255,0.047,world,False,"{""0"": ""raw_mediapipe"", ""1"": ""raw_mediapipe"", ""2"": ""raw_mediapipe"", ""3"": ""raw_mediapipe"", ""4"": ""raw_mediapipe"", ""5"": ""raw_mediapipe"", ""6"": ""raw_mediapipe"", ""7"": ""raw_mediapipe"", ""8"": ""raw_mediapipe"", ""9"": ""raw_mediapipe"", ""10"": ""raw_mediapipe"", ""11"": ""raw_mediapipe"", ""12"": ""raw_mediapipe"", ""13"": ""raw_mediapipe"", ""14"": ""raw_mediapipe"", ""15"": ""raw_mediapipe"", ""16"": ""raw_mediapipe"", ""17"": ""raw_mediapipe"", ""18"": ""raw_mediapipe"", ""19"": ""raw_mediapipe"", ""20"": ""raw_mediapipe"", ""21"": ""raw_mediapipe"", ""22"": ""raw_mediapipe"", ""23"": ""raw_mediapipe"", ""24"": ""raw_mediapipe"", ""25"": ""raw_mediapipe"", ""26"": ""raw_mediapipe"", ""27"": ""raw_mediapipe"", ""28"": ""raw_mediapipe"", ""29"": ""raw_mediapipe"", ""30"": ""raw_mediapipe"", ""31"": ""raw_mediapipe"", ""32"": ""raw_mediapipe""}",0.2314,0.0,0.0,0.0,0.1058,0.0,0.0,0.0,0.0,0.0,0.0,0.0,0.0,0.0,0.0,0.0,0.1747,0.0,0.0,0.0,0.2378,0.0,0.0,0.0,0.2422,0.0,0.0,0.0,0.2864,0.0,0.0,0.0,0.0,0.0,0.0,0.0,0.0,0.0,0.0,0.0,0.0,0.0,0.0,0.0,0.0,0.0,0.0,0.0,0.0,0.0
149,4966,4.063736,detected,1,0,unstable,0.6619,0.7988,0.3653,5,0.8485,0.2825,0.0517,1.0,0.0,0.0,0.0,0.8267,0.8267,0.0467,world,False,"{""0"": ""raw_mediapipe"", ""1"": ""raw_mediapipe"", ""2"": ""raw_mediapipe"", ""3"": ""raw_mediapipe"", ""4"": ""raw_mediapipe"", ""5"": ""raw_mediapipe"", ""6"": ""raw_mediapipe"", ""7"": ""raw_mediapipe"", ""8"": ""raw_mediapipe"", ""9"": ""raw_mediapipe"", ""10"": ""raw_mediapipe"", ""11"": ""raw_mediapipe"", ""12"": ""raw_mediapipe"", ""13"": ""raw_mediapipe"", ""14"": ""raw_mediapipe"", ""15"": ""raw_mediapipe"", ""16"": ""raw_mediapipe"", ""17"": ""raw_mediapipe"", ""18"": ""raw_mediapipe"", ""19"": ""raw_mediapipe"", ""20"": ""raw_mediapipe"", ""21"": ""raw_mediapipe"", ""22"": ""raw_mediapipe"", ""23"": ""raw_mediapipe"", ""24"": ""raw_mediapipe"", ""25"": ""raw_mediapipe"", ""26"": ""raw_mediapipe"", ""27"": ""raw_mediapipe"", ""28"": ""raw_mediapipe"", ""29"": ""raw_mediapipe"", ""30"": ""raw_mediapipe"", ""31"": ""raw_mediapipe"", ""32"": ""raw_mediapipe""}",0.224,0.0,0.0,0.0,0.1127,0.0,0.0,0.0,0.0,0.0,0.0,0.0,0.0,0.0,0.0,0.0,0.1806,0.0,0.0,0.0,0.2505,0.0,0.0,0.0,0.2392,0.0,0.0,0.0,0.2906,0.0,0.0,0.0,0.0,0.0,0.0,0.0,0.0,0.0,0.0,0.0,0.0,0.0,0.0,0.0,0.0,0.0,0.0,0.0,0.0,0.0
150,5000,4.091435,detected,1,0,unstable,0.6635,0.8106,0.4128,5,0.8485,0.518,0.0506,1.0,0.0,0.0,0.0,0.8278,0.8278,0.0464,world,False,"{""0"": ""raw_mediapipe"", ""1"": ""raw_mediapipe"", ""2"": ""raw_mediapipe"", ""3"": ""raw_mediapipe"", ""4"": ""raw_mediapipe"", ""5"": ""raw_mediapipe"", ""6"": ""raw_mediapipe"", ""7"": ""raw_mediapipe"", ""8"": ""raw_mediapipe"", ""9"": ""raw_mediapipe"", ""10"": ""raw_mediapipe"", ""11"": ""raw_mediapipe"", ""12"": ""raw_mediapipe"", ""13"": ""raw_mediapipe"", ""14"": ""raw_mediapipe"", ""15"": ""raw_mediapipe"", ""16"": ""raw_mediapipe"", ""17"": ""raw_mediapipe"", ""18"": ""raw_mediapipe"", ""19"": ""raw_mediapipe"", ""20"": ""raw_mediapipe"", ""21"": ""raw_mediapipe"", ""22"": ""raw_mediapipe"", ""23"": ""raw_mediapipe"", ""24"": ""raw_mediapipe"", ""25"": ""raw_mediapipe"", ""26"": ""raw_mediapipe"", ""27"": ""raw_mediapipe"", ""28"": ""raw_mediapipe"", ""29"": ""raw_mediapipe"", ""30"": ""raw_mediapipe"", ""31"": ""raw_mediapipe"", ""32"": ""raw_mediapipe""}",0.2142,0.0,0.0,0.0,0.1113,0.0,0.0,0.0,0.0,0.0,0.0,0.0,0.0,0.0,0.0,0.0,0.1943,0.0,0.0,0.0,0.2629,0.0,0.0,0.0,0.2403,0.0,0.0,0.0,0.2942,0.0,0.0,0.0,0.0,0.0,0.0,0.0,0.0,0.0,0.0,0.0,0.0,0.0,0.0,0.0,0.0,0.0,0.0,0.0,0.0,0.0
151,5033,4.125537,detected,1,0,unstable,0.6676,0.8263,0.456,5,0.8485,0.3041,0.0498,1.0,0.0,0.0,0.0,0.8289,0.8289,0.0461,world,False,"{""0"": ""raw_mediapipe"", ""1"": ""raw_mediapipe"", ""2"": ""raw_mediapipe"", ""3"": ""raw_mediapipe"", ""4"": ""raw_mediapipe"", ""5"": ""raw_mediapipe"", ""6"": ""raw_mediapipe"", ""7"": ""raw_mediapipe"", ""8"": ""raw_mediapipe"", ""9"": ""raw_mediapipe"", ""10"": ""raw_mediapipe"", ""11"": ""raw_mediapipe"", ""12"": ""raw_mediapipe"", ""13"": ""raw_mediapipe"", ""14"": ""raw_mediapipe"", ""15"": ""raw_mediapipe"", ""16"": ""raw_mediapipe"", ""17"": ""raw_mediapipe"", ""18"": ""raw_mediapipe"", ""19"": ""raw_mediapipe"", ""20"": ""raw_mediapipe"", ""21"": ""raw_mediapipe"", ""22"": ""raw_mediapipe"", ""23"": ""raw_mediapipe"", ""24"": ""raw_mediapipe"", ""25"": ""raw_mediapipe"", ""26"": ""raw_mediapipe"", ""27"": ""raw_mediapipe"", ""28"": ""raw_mediapipe"", ""29"": ""raw_mediapipe"", ""30"": ""raw_mediapipe"", ""31"": ""raw_mediapipe"", ""32"": ""raw_mediapipe""}",0.2046,0.0,0.0,0.0,0.1071,0.0,0.0,0.0,0.0,0.0,0.0,0.0,0.0,0.0,0.0,0.0,0.2047,0.0,0.0,0.0,0.2712,0.0,0.0,0.0,0.2421,0.0,0.0,0.0,0.3004,0.0,0.0,0.0,0.0,0.0,0.0,0.0,0.0,0.0,0.0,0.0,0.0,0.0,0.0,0.0,0.0,0.0,0.0,0.0,0.0,0.0
152,5066,4.153568,detected,1,0,unstable,0.6722,0.8358,0.4613,4,0.8788,0.3104,0.0469,1.0,0.0,0.0,0.0,0.8301,0.8301,0.0458,world,False,"{""0"": ""raw_mediapipe"", ""1"": ""raw_mediapipe"", ""2"": ""raw_mediapipe"", ""3"": ""raw_mediapipe"", ""4"": ""raw_mediapipe"", ""5"": ""raw_mediapipe"", ""6"": ""raw_mediapipe"", ""7"": ""raw_mediapipe"", ""8"": ""raw_mediapipe"", ""9"": ""raw_mediapipe"", ""10"": ""raw_mediapipe"", ""11"": ""raw_mediapipe"", ""12"": ""raw_mediapipe"", ""13"": ""raw_mediapipe"", ""14"": ""raw_mediapipe"", ""15"": ""raw_mediapipe"", ""16"": ""raw_mediapipe"", ""17"": ""raw_mediapipe"", ""18"": ""raw_mediapipe"", ""19"": ""raw_mediapipe"", ""20"": ""raw_mediapipe"", ""21"": ""raw_mediapipe"", ""22"": ""raw_mediapipe"", ""23"": ""raw_mediapipe"", ""24"": ""raw_mediapipe"", ""25"": ""raw_mediapipe"", ""26"": ""raw_mediapipe"", ""27"": ""raw_mediapipe"", ""28"": ""raw_mediapipe"", ""29"": ""raw_mediapipe"", ""30"": ""raw_mediapipe"", ""31"": ""raw_mediapipe"", ""32"": ""raw_mediapipe""}",0.202,0.0,0.0,0.0,0.1124,0.0,0.0,0.0,0.2706,0.0,0.0,0.0,0.0,0.0,0.0,0.0,0.2185,0.0,0.0,0.0,0.2806,0.0,0.0,0.0,0.2459,0.0,0.0,0.0,0.307,0.0,0.0,0.0,0.0,0.0,0.0,0.0,0.0,0.0,0.0,0.0,0.0,0.0,0.0,0.0,0.0,0.0,0.0,0.0,0.0,0.0
153,5100,4.186124,detected,1,0,unstable,0.6637,0.8421,0.4588,4,0.8788,0.2265,0.0426,1.0,0.0,0.0,0.0,0.8312,0.8312,0.0455,world,False,"{""0"": ""raw_mediapipe"", ""1"": ""raw_mediapipe"", ""2"": ""raw_mediapipe"", ""3"": ""raw_mediapipe"", ""4"": ""raw_mediapipe"", ""5"": ""raw_mediapipe"", ""6"": ""raw_mediapipe"", ""7"": ""raw_mediapipe"", ""8"": ""raw_mediapipe"", ""9"": ""raw_mediapipe"", ""10"": ""raw_mediapipe"", ""11"": ""raw_mediapipe"", ""12"": ""raw_mediapipe"", ""13"": ""raw_mediapipe"", ""14"": ""raw_mediapipe"", ""15"": ""raw_mediapipe"", ""16"": ""raw_mediapipe"", ""17"": ""raw_mediapipe"", ""18"": ""raw_mediapipe"", ""19"": ""raw_mediapipe"", ""20"": ""raw_mediapipe"", ""21"": ""raw_mediapipe"", ""22"": ""raw_mediapipe"", ""23"": ""raw_mediapipe"", ""24"": ""raw_mediapipe"", ""25"": ""raw_mediapipe"", ""26"": ""raw_mediapipe"", ""27"": ""raw_mediapipe"", ""28"": ""raw_mediapipe"", ""29"": ""raw_mediapipe"", ""30"": ""raw_mediapipe"", ""31"": ""raw_mediapipe"", ""32"": ""raw_mediapipe""}",0.2035,0.0,0.0,0.0,0.1178,0.0,0.0,0.0,0.2641,0.0,0.0,0.0,0.0,0.0,0.0,0.0,0.2324,0.0,0.0,0.0,0.2875,0.0,0.0,0.0,0.2446,0.0,0.0,0.0,0.3141,0.0,0.0,0.0,0.0,0.0,0.0,0.0,0.0,0.0,0.0,0.0,0.0,0.0,0.0,0.0,0.0,0.0,0.0,0.0,0.0,0.0
154,5133,4.221056,detected,1,0,unstable,0.649,0.8395,0.4231,4,0.8788,0.2555,0.0371,1.0,0.0,0.0,0.0,0.8323,0.8323,0.0452,world,False,"{""0"": ""raw_mediapipe"", ""1"": ""raw_mediapipe"", ""2"": ""raw_mediapipe"", ""3"": ""raw_mediapipe"", ""4"": ""raw_mediapipe"", ""5"": ""raw_mediapipe"", ""6"": ""raw_mediapipe"", ""7"": ""raw_mediapipe"", ""8"": ""raw_mediapipe"", ""9"": ""raw_mediapipe"", ""10"": ""raw_mediapipe"", ""11"": ""raw_mediapipe"", ""12"": ""raw_mediapipe"", ""13"": ""raw_mediapipe"", ""14"": ""raw_mediapipe"", ""15"": ""raw_mediapipe"", ""16"": ""raw_mediapipe"", ""17"": ""raw_mediapipe"", ""18"": ""raw_mediapipe"", ""19"": ""raw_mediapipe"", ""20"": ""raw_mediapipe"", ""21"": ""raw_mediapipe"", ""22"": ""raw_mediapipe"", ""23"": ""raw_mediapipe"", ""24"": ""raw_mediapipe"", ""25"": ""raw_mediapipe"", ""26"": ""raw_mediapipe"", ""27"": ""raw_mediapipe"", ""28"": ""raw_mediapipe"", ""29"": ""raw_mediapipe"", ""30"": ""raw_mediapipe"", ""31"": ""raw_mediapipe"", ""32"": ""raw_mediapipe""}",0.2047,0.0,0.0,0.0,0.1256,0.0,0.0,0.0,0.2622,0.0,0.0,0.0,0.0,0.0,0.0,0.0,0.2471,0.0,0.0,0.0,0.2926,0.0,0.0,0.0,0.2444,0.0,0.0,0.0,0.3209,0.0,0.0,0.0,0.0,0.0,0.0,0.0,0.0,0.0,0.0,0.0,0.0,0.0,0.0,0.0,0.0,0.0,0.0,0.0,0.0,0.0
155,5166,4.244403,detected,1,0,unstable,0.6317,0.8371,0.3882,5,0.8485,0.4364,0.0338,1.0,0.0,0.0,0.0,0.8333,0.8333,0.0449,world,False,"{""0"": ""raw_mediapipe"", ""1"": ""raw_mediapipe"", ""2"": ""raw_mediapipe"", ""3"": ""raw_mediapipe"", ""4"": ""raw_mediapipe"", ""5"": ""raw_mediapipe"", ""6"": ""raw_mediapipe"", ""7"": ""raw_mediapipe"", ""8"": ""raw_mediapipe"", ""9"": ""raw_mediapipe"", ""10"": ""raw_mediapipe"", ""11"": ""raw_mediapipe"", ""12"": ""raw_mediapipe"", ""13"": ""raw_mediapipe"", ""14"": ""raw_mediapipe"", ""15"": ""raw_mediapipe"", ""16"": ""raw_mediapipe"", ""17"": ""raw_mediapipe"", ""18"": ""raw_mediapipe"", ""19"": ""raw_mediapipe"", ""20"": ""raw_mediapipe"", ""21"": ""raw_mediapipe"", ""22"": ""raw_mediapipe"", ""23"": ""raw_mediapipe"", ""24"": ""raw_mediapipe"", ""25"": ""raw_mediapipe"", ""26"": ""raw_mediapipe"", ""27"": ""raw_mediapipe"", ""28"": ""raw_mediapipe"", ""29"": ""raw_mediapipe"", ""30"": ""raw_mediapipe"", ""31"": ""raw_mediapipe"", ""32"": ""raw_mediapipe""}",0.2057,0.0,0.0,0.0,0.1294,0.0,0.0,0.0,0.0,0.0,0.0,0.0,0.0,0.0,0.0,0.0,0.2649,0.0,0.0,0.0,0.2981,0.0,0.0,0.0,0.2468,0.0,0.0,0.0,0.3265,0.0,0.0,0.0,0.0,0.0,0.0,0.0,0.0,0.0,0.0,0.0,0.0,0.0,0.0,0.0,0.0,0.0,0.0,0.0,0.0,0.0
156,5200,4.268394,detected,1,0,unstable,0.6356,0.8358,0.3661,5,0.8485,0.2853,0.0355,1.0,0.0,0.0,0.0,0.8344,0.8344,0.0446,world,False,"{""0"": ""raw_mediapipe"", ""1"": ""raw_mediapipe"", ""2"": ""raw_mediapipe"", ""3"": ""raw_mediapipe"", ""4"": ""raw_mediapipe"", ""5"": ""raw_mediapipe"", ""6"": ""raw_mediapipe"", ""7"": ""raw_mediapipe"", ""8"": ""raw_mediapipe"", ""9"": ""raw_mediapipe"", ""10"": ""raw_mediapipe"", ""11"": ""raw_mediapipe"", ""12"": ""raw_mediapipe"", ""13"": ""raw_mediapipe"", ""14"": ""raw_mediapipe"", ""15"": ""raw_mediapipe"", ""16"": ""raw_mediapipe"", ""17"": ""raw_mediapipe"", ""18"": ""raw_mediapipe"", ""19"": ""raw_mediapipe"", ""20"": ""raw_mediapipe"", ""21"": ""raw_mediapipe"", ""22"": ""raw_mediapipe"", ""23"": ""raw_mediapipe"", ""24"": ""raw_mediapipe"", ""25"": ""raw_mediapipe"", ""26"": ""raw_mediapipe"", ""27"": ""raw_mediapipe"", ""28"": ""raw_mediapipe"", ""29"": ""raw_mediapipe"", ""30"": ""raw_mediapipe"", ""31"": ""raw_mediapipe"", ""32"": ""raw_mediapipe""}",0.2055,0.0,0.0,0.0,0.1335,0.0,0.0,0.0,0.0,0.0,0.0,0.0,0.0,0.0,0.0,0.0,0.2851,0.0,0.0,0.0,0.303,0.0,0.0,0.0,0.2506,0.0,0.0,0.0,0.3304,0.0,0.0,0.0,0.0,0.0,0.0,0.0,0.0,0.0,0.0,0.0,0.0,0.0,0.0,0.0,0.0,0.0,0.0,0.0,0.0,0.0
157,5233,4.295917,detected,1,0,unstable,0.6369,0.8368,0.3586,5,0.8485,0.4741,0.0359,1.0,0.0,0.0,0.0,0.8354,0.8354,0.0443,world,False,"{""0"": ""raw_mediapipe"", ""1"": ""raw_mediapipe"", ""2"": ""raw_mediapipe"", ""3"": ""raw_mediapipe"", ""4"": ""raw_mediapipe"", ""5"": ""raw_mediapipe"", ""6"": ""raw_mediapipe"", ""7"": ""raw_mediapipe"", ""8"": ""raw_mediapipe"", ""9"": ""raw_mediapipe"", ""10"": ""raw_mediapipe"", ""11"": ""raw_mediapipe"", ""12"": ""raw_mediapipe"", ""13"": ""raw_mediapipe"", ""14"": ""raw_mediapipe"", ""15"": ""raw_mediapipe"", ""16"": ""raw_mediapipe"", ""17"": ""raw_mediapipe"", ""18"": ""raw_mediapipe"", ""19"": ""raw_mediapipe"", ""20"": ""raw_mediapipe"", ""21"": ""raw_mediapipe"", ""22"": ""raw_mediapipe"", ""23"": ""raw_mediapipe"", ""24"": ""raw_mediapipe"", ""25"": ""raw_mediapipe"", ""26"": ""raw_mediapipe"", ""27"": ""raw_mediapipe"", ""28"": ""raw_mediapipe"", ""29"": ""raw_mediapipe"", ""30"": ""raw_mediapipe"", ""31"": ""raw_mediapipe"", ""32"": ""raw_mediapipe""}",0.2009,0.0,0.0,0.0,0.1325,0.0,0.0,0.0,0.0,0.0,0.0,0.0,0.0,0.0,0.0,0.0,0.3031,0.0,0.0,0.0,0.3061,0.0,0.0,0.0,0.2566,0.0,0.0,0.0,0.3408,0.0,0.0,0.0,0.0,0.0,0.0,0.0,0.0,0.0,0.0,0.0,0.0,0.0,0.0,0.0,0.0,0.0,0.0,0.0,0.0,0.0
158,5266,4.320384,detected,1,0,unstable,0.6404,0.8402,0.3585,5,0.8485,0.4396,0.0368,1.0,0.0,0.0,0.0,0.8365,0.8365,0.044,world,False,"{""0"": ""raw_mediapipe"", ""1"": ""raw_mediapipe"", ""2"": ""raw_mediapipe"", ""3"": ""raw_mediapipe"", ""4"": ""raw_mediapipe"", ""5"": ""raw_mediapipe"", ""6"": ""raw_mediapipe"", ""7"": ""raw_mediapipe"", ""8"": ""raw_mediapipe"", ""9"": ""raw_mediapipe"", ""10"": ""raw_mediapipe"", ""11"": ""raw_mediapipe"", ""12"": ""raw_mediapipe"", ""13"": ""raw_mediapipe"", ""14"": ""raw_mediapipe"", ""15"": ""raw_mediapipe"", ""16"": ""raw_mediapipe"", ""17"": ""raw_mediapipe"", ""18"": ""raw_mediapipe"", ""19"": ""raw_mediapipe"", ""20"": ""raw_mediapipe"", ""21"": ""raw_mediapipe"", ""22"": ""raw_mediapipe"", ""23"": ""raw_mediapipe"", ""24"": ""raw_mediapipe"", ""25"": ""raw_mediapipe"", ""26"": ""raw_mediapipe"", ""27"": ""raw_mediapipe"", ""28"": ""raw_mediapipe"", ""29"": ""raw_mediapipe"", ""30"": ""raw_mediapipe"", ""31"": ""raw_mediapipe"", ""32"": ""raw_mediapipe""}",0.1955,0.0,0.0,0.0,0.1314,0.0,0.0,0.0,0.0,0.0,0.0,0.0,0.0,0.0,0.0,0.0,0.3191,0.0,0.0,0.0,0.3092,0.0,0.0,0.0,0.2626,0.0,0.0,0.0,0.3506,0.0,0.0,0.0,0.0,0.0,0.0,0.0,0.0,0.0,0.0,0.0,0.0,0.0,0.0,0.0,0.0,0.0,0.0,0.0,0.0,0.0
159,5300,4.348071,detected,1,0,unstable,0.6469,0.8425,0.3285,5,0.8485,0.363,0.0391,1.0,0.0,0.0,0.0,0.8375,0.8375,0.0437,world,False,"{""0"": ""raw_mediapipe"", ""1"": ""raw_mediapipe"", ""2"": ""raw_mediapipe"", ""3"": ""raw_mediapipe"", ""4"": ""raw_mediapipe"", ""5"": ""raw_mediapipe"", ""6"": ""raw_mediapipe"", ""7"": ""raw_mediapipe"", ""8"": ""raw_mediapipe"", ""9"": ""raw_mediapipe"", ""10"": ""raw_mediapipe"", ""11"": ""raw_mediapipe"", ""12"": ""raw_mediapipe"", ""13"": ""raw_mediapipe"", ""14"": ""raw_mediapipe"", ""15"": ""raw_mediapipe"", ""16"": ""raw_mediapipe"", ""17"": ""raw_mediapipe"", ""18"": ""raw_mediapipe"", ""19"": ""raw_mediapipe"", ""20"": ""raw_mediapipe"", ""21"": ""raw_mediapipe"", ""22"": ""raw_mediapipe"", ""23"": ""raw_mediapipe"", ""24"": ""raw_mediapipe"", ""25"": ""raw_mediapipe"", ""26"": ""raw_mediapipe"", ""27"": ""raw_mediapipe"", ""28"": ""raw_mediapipe"", ""29"": ""raw_mediapipe"", ""30"": ""raw_mediapipe"", ""31"": ""raw_mediapipe"", ""32"": ""raw_mediapipe""}",0.1921,0.0,0.0,0.0,0.1341,0.0,0.0,0.0,0.0,0.0,0.0,0.0,0.0,0.0,0.0,0.0,0.3341,0.0,0.0,0.0,0.311,0.0,0.0,0.0,0.2667,0.0,0.0,0.0,0.3575,0.0,0.0,0.0,0.0,0.0,0.0,0.0,0.0,0.0,0.0,0.0,0.0,0.0,0.0,0.0,0.0,0.0,0.0,0.0,0.0,0.0
160,5333,4.375935,detected,1,0,unstable,0.6373,0.8429,0.307,5,0.8485,0.3274,0.0351,1.0,0.0,0.0,0.0,0.8385,0.8385,0.0435,world,False,"{""0"": ""raw_mediapipe"", ""1"": ""raw_mediapipe"", ""2"": ""raw_mediapipe"", ""3"": ""raw_mediapipe"", ""4"": ""raw_mediapipe"", ""5"": ""raw_mediapipe"", ""6"": ""raw_mediapipe"", ""7"": ""raw_mediapipe"", ""8"": ""raw_mediapipe"", ""9"": ""raw_mediapipe"", ""10"": ""raw_mediapipe"", ""11"": ""raw_mediapipe"", ""12"": ""raw_mediapipe"", ""13"": ""raw_mediapipe"", ""14"": ""raw_mediapipe"", ""15"": ""raw_mediapipe"", ""16"": ""raw_mediapipe"", ""17"": ""raw_mediapipe"", ""18"": ""raw_mediapipe"", ""19"": ""raw_mediapipe"", ""20"": ""raw_mediapipe"", ""21"": ""raw_mediapipe"", ""22"": ""raw_mediapipe"", ""23"": ""raw_mediapipe"", ""24"": ""raw_mediapipe"", ""25"": ""raw_mediapipe"", ""26"": ""raw_mediapipe"", ""27"": ""raw_mediapipe"", ""28"": ""raw_mediapipe"", ""29"": ""raw_mediapipe"", ""30"": ""raw_mediapipe"", ""31"": ""raw_mediapipe"", ""32"": ""raw_mediapipe""}",0.1902,0.0,0.0,0.0,0.1387,0.0,0.0,0.0,0.0,0.0,0.0,0.0,0.0,0.0,0.0,0.0,0.3464,0.0,0.0,0.0,0.3115,0.0,0.0,0.0,0.2693,0.0,0.0,0.0,0.363,0.0,0.0,0.0,0.0,0.0,0.0,0.0,0.0,0.0,0.0,0.0,0.0,0.0,0.0,0.0,0.0,0.0,0.0,0.0,0.0,0.0
161,5366,4.402094,detected,1,0,unstable,0.6358,0.8381,0.2825,5,0.8485,0.3869,0.0353,1.0,0.0,0.0,0.0,0.8395,0.8395,0.0432,world,False,"{""0"": ""raw_mediapipe"", ""1"": ""raw_mediapipe"", ""2"": ""raw_mediapipe"", ""3"": ""raw_mediapipe"", ""4"": ""raw_mediapipe"", ""5"": ""raw_mediapipe"", ""6"": ""raw_mediapipe"", ""7"": ""raw_mediapipe"", ""8"": ""raw_mediapipe"", ""9"": ""raw_mediapipe"", ""10"": ""raw_mediapipe"", ""11"": ""raw_mediapipe"", ""12"": ""raw_mediapipe"", ""13"": ""raw_mediapipe"", ""14"": ""raw_mediapipe"", ""15"": ""raw_mediapipe"", ""16"": ""raw_mediapipe"", ""17"": ""raw_mediapipe"", ""18"": ""raw_mediapipe"", ""19"": ""raw_mediapipe"", ""20"": ""raw_mediapipe"", ""21"": ""raw_mediapipe"", ""22"": ""raw_mediapipe"", ""23"": ""raw_mediapipe"", ""24"": ""raw_mediapipe"", ""25"": ""raw_mediapipe"", ""26"": ""raw_mediapipe"", ""27"": ""raw_mediapipe"", ""28"": ""raw_mediapipe"", ""29"": ""raw_mediapipe"", ""30"": ""raw_mediapipe"", ""31"": ""raw_mediapipe"", ""32"": ""raw_mediapipe""}",0.1899,0.0,0.0,0.0,0.1432,0.0,0.0,0.0,0.0,0.0,0.0,0.0,0.0,0.0,0.0,0.0,0.3543,0.0,0.0,0.0,0.3113,0.0,0.0,0.0,0.2727,0.0,0.0,0.0,0.3709,0.0,0.0,0.0,0.0,0.0,0.0,0.0,0.0,0.0,0.0,0.0,0.0,0.0,0.0,0.0,0.0,0.0,0.0,0.0,0.0,0.0
162,5400,4.42851,detected,1,0,unstable,0.638,0.8366,0.2633,5,0.8485,0.375,0.0364,1.0,0.0,0.0,0.0,0.8405,0.8405,0.0429,world,False,"{""0"": ""raw_mediapipe"", ""1"": ""raw_mediapipe"", ""2"": ""raw_mediapipe"", ""3"": ""raw_mediapipe"", ""4"": ""raw_mediapipe"", ""5"": ""raw_mediapipe"", ""6"": ""raw_mediapipe"", ""7"": ""raw_mediapipe"", ""8"": ""raw_mediapipe"", ""9"": ""raw_mediapipe"", ""10"": ""raw_mediapipe"", ""11"": ""raw_mediapipe"", ""12"": ""raw_mediapipe"", ""13"": ""raw_mediapipe"", ""14"": ""raw_mediapipe"", ""15"": ""raw_mediapipe"", ""16"": ""raw_mediapipe"", ""17"": ""raw_mediapipe"", ""18"": ""raw_mediapipe"", ""19"": ""raw_mediapipe"", ""20"": ""raw_mediapipe"", ""21"": ""raw_mediapipe"", ""22"": ""raw_mediapipe"", ""23"": ""raw_mediapipe"", ""24"": ""raw_mediapipe"", ""25"": ""raw_mediapipe"", ""26"": ""raw_mediapipe"", ""27"": ""raw_mediapipe"", ""28"": ""raw_mediapipe"", ""29"": ""raw_mediapipe"", ""30"": ""raw_mediapipe"", ""31"": ""raw_mediapipe"", ""32"": ""raw_mediapipe""}",0.1905,0.0,0.0,0.0,0.1483,0.0,0.0,0.0,0.0,0.0,0.0,0.0,0.0,0.0,0.0,0.0,0.3586,0.0,0.0,0.0,0.3102,0.0,0.0,0.0,0.2778,0.0,0.0,0.0,0.3764,0.0,0.0,0.0,0.0,0.0,0.0,0.0,0.0,0.0,0.0,0.0,0.0,0.0,0.0,0.0,0.0,0.0,0.0,0.0,0.0,0.0
163,5433,4.458675,detected,1,0,unstable,0.6317,0.8305,0.2451,5,0.8485,0.3064,0.0348,1.0,0.0,0.0,0.0,0.8415,0.8415,0.0427,world,False,"{""0"": ""raw_mediapipe"", ""1"": ""raw_mediapipe"", ""2"": ""raw_mediapipe"", ""3"": ""raw_mediapipe"", ""4"": ""raw_mediapipe"", ""5"": ""raw_mediapipe"", ""6"": ""raw_mediapipe"", ""7"": ""raw_mediapipe"", ""8"": ""raw_mediapipe"", ""9"": ""raw_mediapipe"", ""10"": ""raw_mediapipe"", ""11"": ""raw_mediapipe"", ""12"": ""raw_mediapipe"", ""13"": ""raw_mediapipe"", ""14"": ""raw_mediapipe"", ""15"": ""raw_mediapipe"", ""16"": ""raw_mediapipe"", ""17"": ""raw_mediapipe"", ""18"": ""raw_mediapipe"", ""19"": ""raw_mediapipe"", ""20"": ""raw_mediapipe"", ""21"": ""raw_mediapipe"", ""22"": ""raw_mediapipe"", ""23"": ""raw_mediapipe"", ""24"": ""raw_mediapipe"", ""25"": ""raw_mediapipe"", ""26"": ""raw_mediapipe"", ""27"": ""raw_mediapipe"", ""28"": ""raw_mediapipe"", ""29"": ""raw_mediapipe"", ""30"": ""raw_mediapipe"", ""31"": ""raw_mediapipe"", ""32"": ""raw_mediapipe""}",0.1914,0.0,0.0,0.0,0.1524,0.0,0.0,0.0,0.0,0.0,0.0,0.0,0.0,0.0,0.0,0.0,0.3613,0.0,0.0,0.0,0.3093,0.0,0.0,0.0,0.2825,0.0,0.0,0.0,0.3808,0.0,0.0,0.0,0.0,0.0,0.0,0.0,0.0,0.0,0.0,0.0,0.0,0.0,0.0,0.0,0.0,0.0,0.0,0.0,0.0,0.0
164,5466,4.484768,detected,1,1,valid,0.692,0.8224,0.2267,5,0.8485,0.1243,0.0341,1.0,0.0,0.0012509649122807017,0.033079736842105266,0.8424,0.8424,0.0485,world,True,"{""0"": ""raw_mediapipe"", ""1"": ""raw_mediapipe"", ""2"": ""raw_mediapipe"", ""3"": ""raw_mediapipe"", ""4"": ""raw_mediapipe"", ""5"": ""raw_mediapipe"", ""6"": ""raw_mediapipe"", ""7"": ""raw_mediapipe"", ""8"": ""raw_mediapipe"", ""9"": ""raw_mediapipe"", ""10"": ""raw_mediapipe"", ""11"": ""raw_mediapipe"", ""12"": ""raw_mediapipe"", ""13"": ""raw_mediapipe"", ""14"": ""raw_mediapipe"", ""15"": ""raw_mediapipe"", ""16"": ""raw_mediapipe"", ""17"": ""raw_mediapipe"", ""18"": ""raw_mediapipe"", ""19"": ""raw_mediapipe"", ""20"": ""raw_mediapipe"", ""21"": ""raw_mediapipe"", ""22"": ""raw_mediapipe"", ""23"": ""raw_mediapipe"", ""24"": ""raw_mediapipe"", ""25"": ""raw_mediapipe"", ""26"": ""raw_mediapipe"", ""27"": ""raw_mediapipe"", ""28"": ""raw_mediapipe"", ""29"": ""raw_mediapipe"", ""30"": ""raw_mediapipe"", ""31"": ""raw_mediapipe"", ""32"": ""raw_mediapipe""}",0.1928,0.0,0.0,0.0,0.1567,0.0,0.0,0.0,0.0,0.0,0.0,0.0,0.0,0.0,0.0,0.0,0.3621,0.0,0.0,0.0,0.311,0.0,0.0,0.0,0.2857,0.0,0.0,0.0,0.3841,0.0,0.0,0.0,0.0,0.0,0.0,0.0,0.0,0.0,0.0,0.0,0.0,0.0,0.0,0.0,0.0,0.0,0.0,0.0,0.0,0.0
165,5500,4.510326,detected,1,0,unstable,0.6237,0.8144,0.2088,5,0.8485,0.3115,0.0341,1.0,0.0,0.0,0.0,0.8434,0.8434,0.0482,world,False,"{""0"": ""raw_mediapipe"", ""1"": ""raw_mediapipe"", ""2"": ""raw_mediapipe"", ""3"": ""raw_mediapipe"", ""4"": ""raw_mediapipe"", ""5"": ""raw_mediapipe"", ""6"": ""raw_mediapipe"", ""7"": ""raw_mediapipe"", ""8"": ""raw_mediapipe"", ""9"": ""raw_mediapipe"", ""10"": ""raw_mediapipe"", ""11"": ""raw_mediapipe"", ""12"": ""raw_mediapipe"", ""13"": ""raw_mediapipe"", ""14"": ""raw_mediapipe"", ""15"": ""raw_mediapipe"", ""16"": ""raw_mediapipe"", ""17"": ""raw_mediapipe"", ""18"": ""raw_mediapipe"", ""19"": ""raw_mediapipe"", ""20"": ""raw_mediapipe"", ""21"": ""raw_mediapipe"", ""22"": ""raw_mediapipe"", ""23"": ""raw_mediapipe"", ""24"": ""raw_mediapipe"", ""25"": ""raw_mediapipe"", ""26"": ""raw_mediapipe"", ""27"": ""raw_mediapipe"", ""28"": ""raw_mediapipe"", ""29"": ""raw_mediapipe"", ""30"": ""raw_mediapipe"", ""31"": ""raw_mediapipe"", ""32"": ""raw_mediapipe""}",0.1936,0.0,0.0,0.0,0.1609,0.0,0.0,0.0,0.0,0.0,0.0,0.0,0.0,0.0,0.0,0.0,0.3628,0.0,0.0,0.0,0.3132,0.0,0.0,0.0,0.2905,0.0,0.0,0.0,0.385,0.0,0.0,0.0,0.0,0.0,0.0,0.0,0.0,0.0,0.0,0.0,0.0,0.0,0.0,0.0,0.0,0.0,0.0,0.0,0.0,0.0
166,5533,4.546562,detected,1,0,unstable,0.6288,0.8081,0.1918,5,0.8485,0.3855,0.037,1.0,0.0,0.0,0.0,0.8443,0.8443,0.0479,world,False,"{""0"": ""raw_mediapipe"", ""1"": ""raw_mediapipe"", ""2"": ""raw_mediapipe"", ""3"": ""raw_mediapipe"", ""4"": ""raw_mediapipe"", ""5"": ""raw_mediapipe"", ""6"": ""raw_mediapipe"", ""7"": ""raw_mediapipe"", ""8"": ""raw_mediapipe"", ""9"": ""raw_mediapipe"", ""10"": ""raw_mediapipe"", ""11"": ""raw_mediapipe"", ""12"": ""raw_mediapipe"", ""13"": ""raw_mediapipe"", ""14"": ""raw_mediapipe"", ""15"": ""raw_mediapipe"", ""16"": ""raw_mediapipe"", ""17"": ""raw_mediapipe"", ""18"": ""raw_mediapipe"", ""19"": ""raw_mediapipe"", ""20"": ""raw_mediapipe"", ""21"": ""raw_mediapipe"", ""22"": ""raw_mediapipe"", ""23"": ""raw_mediapipe"", ""24"": ""raw_mediapipe"", ""25"": ""raw_mediapipe"", ""26"": ""raw_mediapipe"", ""27"": ""raw_mediapipe"", ""28"": ""raw_mediapipe"", ""29"": ""raw_mediapipe"", ""30"": ""raw_mediapipe"", ""31"": ""raw_mediapipe"", ""32"": ""raw_mediapipe""}",0.1949,0.0,0.0,0.0,0.1636,0.0,0.0,0.0,0.0,0.0,0.0,0.0,0.0,0.0,0.0,0.0,0.3651,0.0,0.0,0.0,0.316,0.0,0.0,0.0,0.2911,0.0,0.0,0.0,0.3848,0.0,0.0,0.0,0.0,0.0,0.0,0.0,0.0,0.0,0.0,0.0,0.0,0.0,0.0,0.0,0.0,0.0,0.0,0.0,0.0,0.0
167,5566,4.587656,detected,1,1,valid,0.7005,0.8023,0.1766,6,0.8182,0.1017,0.0376,1.0,0.0,0.0016840175438596488,0.037891789473684205,0.8452,0.8452,0.0536,world,True,"{""0"": ""raw_mediapipe"", ""1"": ""raw_mediapipe"", ""2"": ""raw_mediapipe"", ""3"": ""raw_mediapipe"", ""4"": ""raw_mediapipe"", ""5"": ""raw_mediapipe"", ""6"": ""raw_mediapipe"", ""7"": ""raw_mediapipe"", ""8"": ""raw_mediapipe"", ""9"": ""raw_mediapipe"", ""10"": ""raw_mediapipe"", ""11"": ""raw_mediapipe"", ""12"": ""raw_mediapipe"", ""13"": ""raw_mediapipe"", ""14"": ""raw_mediapipe"", ""15"": ""raw_mediapipe"", ""16"": ""raw_mediapipe"", ""17"": ""raw_mediapipe"", ""18"": ""raw_mediapipe"", ""19"": ""raw_mediapipe"", ""20"": ""raw_mediapipe"", ""21"": ""raw_mediapipe"", ""22"": ""raw_mediapipe"", ""23"": ""raw_mediapipe"", ""24"": ""raw_mediapipe"", ""25"": ""raw_mediapipe"", ""26"": ""raw_mediapipe"", ""27"": ""raw_mediapipe"", ""28"": ""raw_mediapipe"", ""29"": ""raw_mediapipe"", ""30"": ""raw_mediapipe"", ""31"": ""raw_mediapipe"", ""32"": ""raw_mediapipe""}",0.1965,0.0,0.0,0.0,0.1662,0.0,0.0,0.0,0.0,0.0,0.0,0.0,0.0,0.0,0.0,0.0,0.368,0.0,0.0,0.0,0.3199,0.0,0.0,0.0,0.2929,0.0,0.0,0.0,0.3839,0.0,0.0,0.0,0.0,0.0,0.0,0.0,0.0,0.0,0.0,0.0,0.0,0.0,0.0,0.0,0.0,0.0,0.0,0.0,0.0,0.0
168,5600,4.618822,detected,1,0,unstable,0.6099,0.8006,0.1689,7,0.7879,0.4201,0.0372,1.0,0.0,0.0,0.0,0.8462,0.8462,0.0533,world,False,"{""0"": ""raw_mediapipe"", ""1"": ""raw_mediapipe"", ""2"": ""raw_mediapipe"", ""3"": ""raw_mediapipe"", ""4"": ""raw_mediapipe"", ""5"": ""raw_mediapipe"", ""6"": ""raw_mediapipe"", ""7"": ""raw_mediapipe"", ""8"": ""raw_mediapipe"", ""9"": ""raw_mediapipe"", ""10"": ""raw_mediapipe"", ""11"": ""raw_mediapipe"", ""12"": ""raw_mediapipe"", ""13"": ""raw_mediapipe"", ""14"": ""raw_mediapipe"", ""15"": ""raw_mediapipe"", ""16"": ""raw_mediapipe"", ""17"": ""raw_mediapipe"", ""18"": ""raw_mediapipe"", ""19"": ""raw_mediapipe"", ""20"": ""raw_mediapipe"", ""21"": ""raw_mediapipe"", ""22"": ""raw_mediapipe"", ""23"": ""raw_mediapipe"", ""24"": ""raw_mediapipe"", ""25"": ""raw_mediapipe"", ""26"": ""raw_mediapipe"", ""27"": ""raw_mediapipe"", ""28"": ""raw_mediapipe"", ""29"": ""raw_mediapipe"", ""30"": ""raw_mediapipe"", ""31"": ""raw_mediapipe"", ""32"": ""raw_mediapipe""}",0.1976,0.0,0.0,0.0,0.167,0.0,0.0,0.0,0.0,0.0,0.0,0.0,0.0,0.0,0.0,0.0,0.3706,0.0,0.0,0.0,0.3227,0.0,0.0,0.0,0.2956,0.0,0.0,0.0,0.0,0.0,0.0,0.0,0.0,0.0,0.0,0.0,0.0,0.0,0.0,0.0,0.0,0.0,0.0,0.0,0.0,0.0,0.0,0.0,0.0,0.0
169,5633,4.651807,detected,1,0,unstable,0.6043,0.7928,0.154,7,0.7879,0.2224,0.0361,1.0,0.0,0.0,0.0,0.8471,0.8471,0.0529,world,False,"{""0"": ""raw_mediapipe"", ""1"": ""raw_mediapipe"", ""2"": ""raw_mediapipe"", ""3"": ""raw_mediapipe"", ""4"": ""raw_mediapipe"", ""5"": ""raw_mediapipe"", ""6"": ""raw_mediapipe"", ""7"": ""raw_mediapipe"", ""8"": ""raw_mediapipe"", ""9"": ""raw_mediapipe"", ""10"": ""raw_mediapipe"", ""11"": ""raw_mediapipe"", ""12"": ""raw_mediapipe"", ""13"": ""raw_mediapipe"", ""14"": ""raw_mediapipe"", ""15"": ""raw_mediapipe"", ""16"": ""raw_mediapipe"", ""17"": ""raw_mediapipe"", ""18"": ""raw_mediapipe"", ""19"": ""raw_mediapipe"", ""20"": ""raw_mediapipe"", ""21"": ""raw_mediapipe"", ""22"": ""raw_mediapipe"", ""23"": ""raw_mediapipe"", ""24"": ""raw_mediapipe"", ""25"": ""raw_mediapipe"", ""26"": ""raw_mediapipe"", ""27"": ""raw_mediapipe"", ""28"": ""raw_mediapipe"", ""29"": ""raw_mediapipe"", ""30"": ""raw_mediapipe"", ""31"": ""raw_mediapipe"", ""32"": ""raw_mediapipe""}",0.1979,0.0,0.0,0.0,0.1687,0.0,0.0,0.0,0.0,0.0,0.0,0.0,0.0,0.0,0.0,0.0,0.3719,0.0,0.0,0.0,0.3261,0.0,0.0,0.0,0.2983,0.0,0.0,0.0,0.0,0.0,0.0,0.0,0.0,0.0,0.0,0.0,0.0,0.0,0.0,0.0,0.0,0.0,0.0,0.0,0.0,0.0,0.0,0.0,0.0,0.0
170,5666,4.675947,detected,1,0,partial_pose,0.623,0.7867,0.141,9,0.7273,0.1643,0.0359,1.0,0.0,0.0,0.0,0.848,0.848,0.0526,world,False,"{""0"": ""raw_mediapipe"", ""1"": ""raw_mediapipe"", ""2"": ""raw_mediapipe"", ""3"": ""raw_mediapipe"", ""4"": ""raw_mediapipe"", ""5"": ""raw_mediapipe"", ""6"": ""raw_mediapipe"", ""7"": ""raw_mediapipe"", ""8"": ""raw_mediapipe"", ""9"": ""raw_mediapipe"", ""10"": ""raw_mediapipe"", ""11"": ""raw_mediapipe"", ""12"": ""raw_mediapipe"", ""13"": ""raw_mediapipe"", ""14"": ""raw_mediapipe"", ""15"": ""raw_mediapipe"", ""16"": ""raw_mediapipe"", ""17"": ""raw_mediapipe"", ""18"": ""raw_mediapipe"", ""19"": ""raw_mediapipe"", ""20"": ""raw_mediapipe"", ""21"": ""raw_mediapipe"", ""22"": ""raw_mediapipe"", ""23"": ""raw_mediapipe"", ""24"": ""raw_mediapipe"", ""25"": ""raw_mediapipe"", ""26"": ""raw_mediapipe"", ""27"": ""raw_mediapipe"", ""28"": ""raw_mediapipe"", ""29"": ""raw_mediapipe"", ""30"": ""raw_mediapipe"", ""31"": ""raw_mediapipe"", ""32"": ""raw_mediapipe""}",0.1982,0.0,0.0,0.0,0.1698,0.0,0.0,0.0,0.0,0.0,0.0,0.0,0.0,0.0,0.0,0.0,0.3715,0.0,0.0,0.0,0.33,0.0,0.0,0.0,0.0,0.0,0.0,0.0,0.0,0.0,0.0,0.0,0.0,0.0,0.0,0.0,0.0,0.0,0.0,0.0,0.0,0.0,0.0,0.0,0.0,0.0,0.0,0.0,0.0,0.0
171,5700,4.699753,detected,1,0,partial_pose,0.6603,0.7828,0.1293,9,0.7273,0.1106,0.0368,1.0,0.0,0.0,0.0,0.8488,0.8488,0.0523,world,False,"{""0"": ""raw_mediapipe"", ""1"": ""raw_mediapipe"", ""2"": ""raw_mediapipe"", ""3"": ""raw_mediapipe"", ""4"": ""raw_mediapipe"", ""5"": ""raw_mediapipe"", ""6"": ""raw_mediapipe"", ""7"": ""raw_mediapipe"", ""8"": ""raw_mediapipe"", ""9"": ""raw_mediapipe"", ""10"": ""raw_mediapipe"", ""11"": ""raw_mediapipe"", ""12"": ""raw_mediapipe"", ""13"": ""raw_mediapipe"", ""14"": ""raw_mediapipe"", ""15"": ""raw_mediapipe"", ""16"": ""raw_mediapipe"", ""17"": ""raw_mediapipe"", ""18"": ""raw_mediapipe"", ""19"": ""raw_mediapipe"", ""20"": ""raw_mediapipe"", ""21"": ""raw_mediapipe"", ""22"": ""raw_mediapipe"", ""23"": ""raw_mediapipe"", ""24"": ""raw_mediapipe"", ""25"": ""raw_mediapipe"", ""26"": ""raw_mediapipe"", ""27"": ""raw_mediapipe"", ""28"": ""raw_mediapipe"", ""29"": ""raw_mediapipe"", ""30"": ""raw_mediapipe"", ""31"": ""raw_mediapipe"", ""32"": ""raw_mediapipe""}",0.1982,0.0,0.0,0.0,0.1705,0.0,0.0,0.0,0.0,0.0,0.0,0.0,0.0,0.0,0.0,0.0,0.3721,0.0,0.0,0.0,0.3336,0.0,0.0,0.0,0.0,0.0,0.0,0.0,0.0,0.0,0.0,0.0,0.0,0.0,0.0,0.0,0.0,0.0,0.0,0.0,0.0,0.0,0.0,0.0,0.0,0.0,0.0,0.0,0.0,0.0
172,5733,4.723392,detected,1,0,unstable,0.5972,0.7858,0.1233,8,0.7576,0.2604,0.0376,1.0,0.0,0.0,0.0,0.8497,0.8497,0.052,world,False,"{""0"": ""raw_mediapipe"", ""1"": ""raw_mediapipe"", ""2"": ""raw_mediapipe"", ""3"": ""raw_mediapipe"", ""4"": ""raw_mediapipe"", ""5"": ""raw_mediapipe"", ""6"": ""raw_mediapipe"", ""7"": ""raw_mediapipe"", ""8"": ""raw_mediapipe"", ""9"": ""raw_mediapipe"", ""10"": ""raw_mediapipe"", ""11"": ""raw_mediapipe"", ""12"": ""raw_mediapipe"", ""13"": ""raw_mediapipe"", ""14"": ""raw_mediapipe"", ""15"": ""raw_mediapipe"", ""16"": ""raw_mediapipe"", ""17"": ""raw_mediapipe"", ""18"": ""raw_mediapipe"", ""19"": ""raw_mediapipe"", ""20"": ""raw_mediapipe"", ""21"": ""raw_mediapipe"", ""22"": ""raw_mediapipe"", ""23"": ""raw_mediapipe"", ""24"": ""raw_mediapipe"", ""25"": ""raw_mediapipe"", ""26"": ""raw_mediapipe"", ""27"": ""raw_mediapipe"", ""28"": ""raw_mediapipe"", ""29"": ""raw_mediapipe"", ""30"": ""raw_mediapipe"", ""31"": ""raw_mediapipe"", ""32"": ""raw_mediapipe""}",0.1983,0.0,0.0,0.0,0.1714,0.0,0.0,0.0,0.0,0.0,0.0,0.0,0.0,0.0,0.0,0.0,0.3731,0.0,0.0,0.0,0.3346,0.0,0.0,0.0,0.0,0.0,0.0,0.0,0.0,0.0,0.0,0.0,0.0,0.0,0.0,0.0,0.0,0.0,0.0,0.0,0.0,0.0,0.0,0.0,0.0,0.0,0.0,0.0,0.0,0.0
173,5766,4.746534,detected,1,0,valid,0.6333,0.7891,0.1157,8,0.7576,0.1756,0.0394,1.0,0.0,0.0,0.0,0.8506,0.8506,0.0517,world,False,"{""0"": ""raw_mediapipe"", ""1"": ""raw_mediapipe"", ""2"": ""raw_mediapipe"", ""3"": ""raw_mediapipe"", ""4"": ""raw_mediapipe"", ""5"": ""raw_mediapipe"", ""6"": ""raw_mediapipe"", ""7"": ""raw_mediapipe"", ""8"": ""raw_mediapipe"", ""9"": ""raw_mediapipe"", ""10"": ""raw_mediapipe"", ""11"": ""raw_mediapipe"", ""12"": ""raw_mediapipe"", ""13"": ""raw_mediapipe"", ""14"": ""raw_mediapipe"", ""15"": ""raw_mediapipe"", ""16"": ""raw_mediapipe"", ""17"": ""raw_mediapipe"", ""18"": ""raw_mediapipe"", ""19"": ""raw_mediapipe"", ""20"": ""raw_mediapipe"", ""21"": ""raw_mediapipe"", ""22"": ""raw_mediapipe"", ""23"": ""raw_mediapipe"", ""24"": ""raw_mediapipe"", ""25"": ""raw_mediapipe"", ""26"": ""raw_mediapipe"", ""27"": ""raw_mediapipe"", ""28"": ""raw_mediapipe"", ""29"": ""raw_mediapipe"", ""30"": ""raw_mediapipe"", ""31"": ""raw_mediapipe"", ""32"": ""raw_mediapipe""}",0.1986,0.0,0.0,0.0,0.1725,0.0,0.0,0.0,0.0,0.0,0.0,0.0,0.0,0.0,0.0,0.0,0.3737,0.0,0.0,0.0,0.3331,0.0,0.0,0.0,0.0,0.0,0.0,0.0,0.0,0.0,0.0,0.0,0.0,0.0,0.0,0.0,0.0,0.0,0.0,0.0,0.0,0.0,0.0,0.0,0.0,0.0,0.0,0.0,0.0,0.0
174,5800,4.769846,detected,1,0,unstable,0.6092,0.7906,0.107,7,0.7879,0.4596,0.0384,1.0,0.0,0.0,0.0,0.8514,0.8514,0.0514,world,False,"{""0"": ""raw_mediapipe"", ""1"": ""raw_mediapipe"", ""2"": ""raw_mediapipe"", ""3"": ""raw_mediapipe"", ""4"": ""raw_mediapipe"", ""5"": ""raw_mediapipe"", ""6"": ""raw_mediapipe"", ""7"": ""raw_mediapipe"", ""8"": ""raw_mediapipe"", ""9"": ""raw_mediapipe"", ""10"": ""raw_mediapipe"", ""11"": ""raw_mediapipe"", ""12"": ""raw_mediapipe"", ""13"": ""raw_mediapipe"", ""14"": ""raw_mediapipe"", ""15"": ""raw_mediapipe"", ""16"": ""raw_mediapipe"", ""17"": ""raw_mediapipe"", ""18"": ""raw_mediapipe"", ""19"": ""raw_mediapipe"", ""20"": ""raw_mediapipe"", ""21"": ""raw_mediapipe"", ""22"": ""raw_mediapipe"", ""23"": ""raw_mediapipe"", ""24"": ""raw_mediapipe"", ""25"": ""raw_mediapipe"", ""26"": ""raw_mediapipe"", ""27"": ""raw_mediapipe"", ""28"": ""raw_mediapipe"", ""29"": ""raw_mediapipe"", ""30"": ""raw_mediapipe"", ""31"": ""raw_mediapipe"", ""32"": ""raw_mediapipe""}",0.1991,0.0,0.0,0.0,0.1747,0.0,0.0,0.0,0.0,0.0,0.0,0.0,0.0,0.0,0.0,0.0,0.3676,0.0,0.0,0.0,0.3271,0.0,0.0,0.0,0.0,0.0,0.0,0.0,0.0,0.0,0.0,0.0,0.0,0.0,0.0,0.0,0.0,0.0,0.0,0.0,0.0,0.0,0.0,0.0,0.0,0.0,0.0,0.0,0.0,0.0
175,5833,4.795076,detected,1,0,unstable,0.6201,0.7925,0.1044,6,0.8182,0.3119,0.0392,1.0,0.0,0.0,0.0,0.8523,0.8523,0.0511,world,False,"{""0"": ""raw_mediapipe"", ""1"": ""raw_mediapipe"", ""2"": ""raw_mediapipe"", ""3"": ""raw_mediapipe"", ""4"": ""raw_mediapipe"", ""5"": ""raw_mediapipe"", ""6"": ""raw_mediapipe"", ""7"": ""raw_mediapipe"", ""8"": ""raw_mediapipe"", ""9"": ""raw_mediapipe"", ""10"": ""raw_mediapipe"", ""11"": ""raw_mediapipe"", ""12"": ""raw_mediapipe"", ""13"": ""raw_mediapipe"", ""14"": ""raw_mediapipe"", ""15"": ""raw_mediapipe"", ""16"": ""raw_mediapipe"", ""17"": ""raw_mediapipe"", ""18"": ""raw_mediapipe"", ""19"": ""raw_mediapipe"", ""20"": ""raw_mediapipe"", ""21"": ""raw_mediapipe"", ""22"": ""raw_mediapipe"", ""23"": ""raw_mediapipe"", ""24"": ""raw_mediapipe"", ""25"": ""raw_mediapipe"", ""26"": ""raw_mediapipe"", ""27"": ""raw_mediapipe"", ""28"": ""raw_mediapipe"", ""29"": ""raw_mediapipe"", ""30"": ""raw_mediapipe"", ""31"": ""raw_mediapipe"", ""32"": ""raw_mediapipe""}",0.1994,0.0,0.0,0.0,0.1754,0.0,0.0,0.0,0.0,0.0,0.0,0.0,0.0,0.0,0.0,0.0,0.3622,0.0,0.0,0.0,0.3235,0.0,0.0,0.0,0.0,0.0,0.0,0.0,0.0,0.0,0.0,0.0,0.0,0.0,0.0,0.0,0.0,0.0,0.0,0.0,0.0,0.0,0.0,0.0,0.0,0.0,0.0,0.0,0.0,0.0
176,5866,4.819013,detected,1,0,unstable,0.6213,0.7996,0.1124,6,0.8182,0.2753,0.0386,1.0,0.0,0.0,0.0,0.8531,0.8531,0.0508,world,False,"{""0"": ""raw_mediapipe"", ""1"": ""raw_mediapipe"", ""2"": ""raw_mediapipe"", ""3"": ""raw_mediapipe"", ""4"": ""raw_mediapipe"", ""5"": ""raw_mediapipe"", ""6"": ""raw_mediapipe"", ""7"": ""raw_mediapipe"", ""8"": ""raw_mediapipe"", ""9"": ""raw_mediapipe"", ""10"": ""raw_mediapipe"", ""11"": ""raw_mediapipe"", ""12"": ""raw_mediapipe"", ""13"": ""raw_mediapipe"", ""14"": ""raw_mediapipe"", ""15"": ""raw_mediapipe"", ""16"": ""raw_mediapipe"", ""17"": ""raw_mediapipe"", ""18"": ""raw_mediapipe"", ""19"": ""raw_mediapipe"", ""20"": ""raw_mediapipe"", ""21"": ""raw_mediapipe"", ""22"": ""raw_mediapipe"", ""23"": ""raw_mediapipe"", ""24"": ""raw_mediapipe"", ""25"": ""raw_mediapipe"", ""26"": ""raw_mediapipe"", ""27"": ""raw_mediapipe"", ""28"": ""raw_mediapipe"", ""29"": ""raw_mediapipe"", ""30"": ""raw_mediapipe"", ""31"": ""raw_mediapipe"", ""32"": ""raw_mediapipe""}",0.2002,0.0,0.0,0.0,0.177,0.0,0.0,0.0,0.0,0.0,0.0,0.0,0.0,0.0,0.0,0.0,0.3554,0.0,0.0,0.0,0.3184,0.0,0.0,0.0,0.0,0.0,0.0,0.0,0.0,0.0,0.0,0.0,0.0,0.0,0.0,0.0,0.0,0.0,0.0,0.0,0.0,0.0,0.0,0.0,0.0,0.0,0.0,0.0,0.0,0.0
177,5900,4.845117,detected,1,0,unstable,0.6229,0.8009,0.1142,6,0.8182,0.453,0.0391,1.0,0.0,0.0,0.0,0.8539,0.8539,0.0506,world,False,"{""0"": ""raw_mediapipe"", ""1"": ""raw_mediapipe"", ""2"": ""raw_mediapipe"", ""3"": ""raw_mediapipe"", ""4"": ""raw_mediapipe"", ""5"": ""raw_mediapipe"", ""6"": ""raw_mediapipe"", ""7"": ""raw_mediapipe"", ""8"": ""raw_mediapipe"", ""9"": ""raw_mediapipe"", ""10"": ""raw_mediapipe"", ""11"": ""raw_mediapipe"", ""12"": ""raw_mediapipe"", ""13"": ""raw_mediapipe"", ""14"": ""raw_mediapipe"", ""15"": ""raw_mediapipe"", ""16"": ""raw_mediapipe"", ""17"": ""raw_mediapipe"", ""18"": ""raw_mediapipe"", ""19"": ""raw_mediapipe"", ""20"": ""raw_mediapipe"", ""21"": ""raw_mediapipe"", ""22"": ""raw_mediapipe"", ""23"": ""raw_mediapipe"", ""24"": ""raw_mediapipe"", ""25"": ""raw_mediapipe"", ""26"": ""raw_mediapipe"", ""27"": ""raw_mediapipe"", ""28"": ""raw_mediapipe"", ""29"": ""raw_mediapipe"", ""30"": ""raw_mediapipe"", ""31"": ""raw_mediapipe"", ""32"": ""raw_mediapipe""}",0.1995,0.0,0.0,0.0,0.1777,0.0,0.0,0.0,0.0,0.0,0.0,0.0,0.0,0.0,0.0,0.0,0.3492,0.0,0.0,0.0,0.3161,0.0,0.0,0.0,0.0,0.0,0.0,0.0,0.0,0.0,0.0,0.0,0.0,0.0,0.0,0.0,0.0,0.0,0.0,0.0,0.0,0.0,0.0,0.0,0.0,0.0,0.0,0.0,0.0,0.0
178,5933,4.867637,detected,1,1,valid,0.6852,0.7996,0.1092,6,0.8182,0.1367,0.0415,1.0,0.0,0.0021264545454545455,0.042240772727272724,0.8547,0.8547,0.0559,world,True,"{""0"": ""raw_mediapipe"", ""1"": ""raw_mediapipe"", ""2"": ""raw_mediapipe"", ""3"": ""raw_mediapipe"", ""4"": ""raw_mediapipe"", ""5"": ""raw_mediapipe"", ""6"": ""raw_mediapipe"", ""7"": ""raw_mediapipe"", ""8"": ""raw_mediapipe"", ""9"": ""raw_mediapipe"", ""10"": ""raw_mediapipe"", ""11"": ""raw_mediapipe"", ""12"": ""raw_mediapipe"", ""13"": ""raw_mediapipe"", ""14"": ""raw_mediapipe"", ""15"": ""raw_mediapipe"", ""16"": ""raw_mediapipe"", ""17"": ""raw_mediapipe"", ""18"": ""raw_mediapipe"", ""19"": ""raw_mediapipe"", ""20"": ""raw_mediapipe"", ""21"": ""raw_mediapipe"", ""22"": ""raw_mediapipe"", ""23"": ""raw_mediapipe"", ""24"": ""raw_mediapipe"", ""25"": ""raw_mediapipe"", ""26"": ""raw_mediapipe"", ""27"": ""raw_mediapipe"", ""28"": ""raw_mediapipe"", ""29"": ""raw_mediapipe"", ""30"": ""raw_mediapipe"", ""31"": ""raw_mediapipe"", ""32"": ""raw_mediapipe""}",0.1994,0.0,0.0,0.0,0.1797,0.0,0.0,0.0,0.0,0.0,0.0,0.0,0.0,0.0,0.0,0.0,0.3441,0.0,0.0,0.0,0.3149,0.0,0.0,0.0,0.0,0.0,0.0,0.0,0.0,0.0,0.0,0.0,0.0,0.0,0.0,0.0,0.0,0.0,0.0,0.0,0.0,0.0,0.0,0.0,0.0,0.0,0.0,0.0,0.0,0.0
179,5966,4.889982,detected,1,1,valid,0.6743,0.8028,0.1089,6,0.8182,0.1628,0.0437,1.0,0.0,0.002263795454545454,0.04353661363636363,0.8556,0.8556,0.0611,world,True,"{""0"": ""raw_mediapipe"", ""1"": ""raw_mediapipe"", ""2"": ""raw_mediapipe"", ""3"": ""raw_mediapipe"", ""4"": ""raw_mediapipe"", ""5"": ""raw_mediapipe"", ""6"": ""raw_mediapipe"", ""7"": ""raw_mediapipe"", ""8"": ""raw_mediapipe"", ""9"": ""raw_mediapipe"", ""10"": ""raw_mediapipe"", ""11"": ""raw_mediapipe"", ""12"": ""raw_mediapipe"", ""13"": ""raw_mediapipe"", ""14"": ""raw_mediapipe"", ""15"": ""raw_mediapipe"", ""16"": ""raw_mediapipe"", ""17"": ""raw_mediapipe"", ""18"": ""raw_mediapipe"", ""19"": ""raw_mediapipe"", ""20"": ""raw_mediapipe"", ""21"": ""raw_mediapipe"", ""22"": ""raw_mediapipe"", ""23"": ""raw_mediapipe"", ""24"": ""raw_mediapipe"", ""25"": ""raw_mediapipe"", ""26"": ""raw_mediapipe"", ""27"": ""raw_mediapipe"", ""28"": ""raw_mediapipe"", ""29"": ""raw_mediapipe"", ""30"": ""raw_mediapipe"", ""31"": ""raw_mediapipe"", ""32"": ""raw_mediapipe""}",0.1999,0.0,0.0,0.0,0.1812,0.0,0.0,0.0,0.0,0.0,0.0,0.0,0.0,0.0,0.0,0.0,0.3428,0.0,0.0,0.0,0.3141,0.0,0.0,0.0,0.0,0.0,0.0,0.0,0.0,0.0,0.0,0.0,0.0,0.0,0.0,0.0,0.0,0.0,0.0,0.0,0.0,0.0,0.0,0.0,0.0,0.0,0.0,0.0,0.0,0.0
180,6000,4.914261,detected,1,0,unstable,0.6472,0.8052,0.1062,6,0.8182,0.4047,0.0481,1.0,0.0,0.0,0.0,0.8564,0.8564,0.0608,world,False,"{""0"": ""raw_mediapipe"", ""1"": ""raw_mediapipe"", ""2"": ""raw_mediapipe"", ""3"": ""raw_mediapipe"", ""4"": ""raw_mediapipe"", ""5"": ""raw_mediapipe"", ""6"": ""raw_mediapipe"", ""7"": ""raw_mediapipe"", ""8"": ""raw_mediapipe"", ""9"": ""raw_mediapipe"", ""10"": ""raw_mediapipe"", ""11"": ""raw_mediapipe"", ""12"": ""raw_mediapipe"", ""13"": ""raw_mediapipe"", ""14"": ""raw_mediapipe"", ""15"": ""raw_mediapipe"", ""16"": ""raw_mediapipe"", ""17"": ""raw_mediapipe"", ""18"": ""raw_mediapipe"", ""19"": ""raw_mediapipe"", ""20"": ""raw_mediapipe"", ""21"": ""raw_mediapipe"", ""22"": ""raw_mediapipe"", ""23"": ""raw_mediapipe"", ""24"": ""raw_mediapipe"", ""25"": ""raw_mediapipe"", ""26"": ""raw_mediapipe"", ""27"": ""raw_mediapipe"", ""28"": ""raw_mediapipe"", ""29"": ""raw_mediapipe"", ""30"": ""raw_mediapipe"", ""31"": ""raw_mediapipe"", ""32"": ""raw_mediapipe""}",0.2032,0.0,0.0,0.0,0.1843,0.0,0.0,0.0,0.0,0.0,0.0,0.0,0.0,0.0,0.0,0.0,0.3456,0.0,0.0,0.0,0.3154,0.0,0.0,0.0,0.0,0.0,0.0,0.0,0.0,0.0,0.0,0.0,0.0,0.0,0.0,0.0,0.0,0.0,0.0,0.0,0.0,0.0,0.0,0.0,0.0,0.0,0.0,0.0,0.0,0.0
181,6033,4.937726,detected,1,1,valid,0.6704,0.8089,0.1065,5,0.8485,0.2148,0.0521,1.0,0.0,0.0020827719298245617,0.042041719298245614,0.8571,0.8571,0.0659,world,True,"{""0"": ""raw_mediapipe"", ""1"": ""raw_mediapipe"", ""2"": ""raw_mediapipe"", ""3"": ""raw_mediapipe"", ""4"": ""raw_mediapipe"", ""5"": ""raw_mediapipe"", ""6"": ""raw_mediapipe"", ""7"": ""raw_mediapipe"", ""8"": ""raw_mediapipe"", ""9"": ""raw_mediapipe"", ""10"": ""raw_mediapipe"", ""11"": ""raw_mediapipe"", ""12"": ""raw_mediapipe"", ""13"": ""raw_mediapipe"", ""14"": ""raw_mediapipe"", ""15"": ""raw_mediapipe"", ""16"": ""raw_mediapipe"", ""17"": ""raw_mediapipe"", ""18"": ""raw_mediapipe"", ""19"": ""raw_mediapipe"", ""20"": ""raw_mediapipe"", ""21"": ""raw_mediapipe"", ""22"": ""raw_mediapipe"", ""23"": ""raw_mediapipe"", ""24"": ""raw_mediapipe"", ""25"": ""raw_mediapipe"", ""26"": ""raw_mediapipe"", ""27"": ""raw_mediapipe"", ""28"": ""raw_mediapipe"", ""29"": ""raw_mediapipe"", ""30"": ""raw_mediapipe"", ""31"": ""raw_mediapipe"", ""32"": ""raw_mediapipe""}",0.2063,0.0,0.0,0.0,0.1861,0.0,0.0,0.0,0.0,0.0,0.0,0.0,0.0,0.0,0.0,0.0,0.3484,0.0,0.0,0.0,0.3157,0.0,0.0,0.0,0.3015,0.0,0.0,0.0,0.4187,0.0,0.0,0.0,0.0,0.0,0.0,0.0,0.0,0.0,0.0,0.0,0.0,0.0,0.0,0.0,0.0,0.0,0.0,0.0,0.0,0.0
182,6066,4.962133,detected,1,1,valid,0.7533,0.8141,0.1077,5,0.8485,0.1025,0.0539,1.0,0.0,0.0021079298245614037,0.04233710526315789,0.8579,0.8579,0.071,world,True,"{""0"": ""raw_mediapipe"", ""1"": ""raw_mediapipe"", ""2"": ""raw_mediapipe"", ""3"": ""raw_mediapipe"", ""4"": ""raw_mediapipe"", ""5"": ""raw_mediapipe"", ""6"": ""raw_mediapipe"", ""7"": ""raw_mediapipe"", ""8"": ""raw_mediapipe"", ""9"": ""raw_mediapipe"", ""10"": ""raw_mediapipe"", ""11"": ""raw_mediapipe"", ""12"": ""raw_mediapipe"", ""13"": ""raw_mediapipe"", ""14"": ""raw_mediapipe"", ""15"": ""raw_mediapipe"", ""16"": ""raw_mediapipe"", ""17"": ""raw_mediapipe"", ""18"": ""raw_mediapipe"", ""19"": ""raw_mediapipe"", ""20"": ""raw_mediapipe"", ""21"": ""raw_mediapipe"", ""22"": ""raw_mediapipe"", ""23"": ""raw_mediapipe"", ""24"": ""raw_mediapipe"", ""25"": ""raw_mediapipe"", ""26"": ""raw_mediapipe"", ""27"": ""raw_mediapipe"", ""28"": ""raw_mediapipe"", ""29"": ""raw_mediapipe"", ""30"": ""raw_mediapipe"", ""31"": ""raw_mediapipe"", ""32"": ""raw_mediapipe""}",0.2104,0.0,0.0,0.0,0.1878,0.0,0.0,0.0,0.0,0.0,0.0,0.0,0.0,0.0,0.0,0.0,0.3521,0.0,0.0,0.0,0.3157,0.0,0.0,0.0,0.3038,0.0,0.0,0.0,0.4214,0.0,0.0,0.0,0.0,0.0,0.0,0.0,0.0,0.0,0.0,0.0,0.0,0.0,0.0,0.0,0.0,0.0,0.0,0.0,0.0,0.0
183,6100,4.988243,detected,1,1,valid,0.784,0.8167,0.1072,5,0.8485,0.0622,0.0548,1.0,0.0,0.002095859649122807,0.04220345614035088,0.8587,0.8587,0.0761,world,True,"{""0"": ""raw_mediapipe"", ""1"": ""raw_mediapipe"", ""2"": ""raw_mediapipe"", ""3"": ""raw_mediapipe"", ""4"": ""raw_mediapipe"", ""5"": ""raw_mediapipe"", ""6"": ""raw_mediapipe"", ""7"": ""raw_mediapipe"", ""8"": ""raw_mediapipe"", ""9"": ""raw_mediapipe"", ""10"": ""raw_mediapipe"", ""11"": ""raw_mediapipe"", ""12"": ""raw_mediapipe"", ""13"": ""raw_mediapipe"", ""14"": ""raw_mediapipe"", ""15"": ""raw_mediapipe"", ""16"": ""raw_mediapipe"", ""17"": ""raw_mediapipe"", ""18"": ""raw_mediapipe"", ""19"": ""raw_mediapipe"", ""20"": ""raw_mediapipe"", ""21"": ""raw_mediapipe"", ""22"": ""raw_mediapipe"", ""23"": ""raw_mediapipe"", ""24"": ""raw_mediapipe"", ""25"": ""raw_mediapipe"", ""26"": ""raw_mediapipe"", ""27"": ""raw_mediapipe"", ""28"": ""raw_mediapipe"", ""29"": ""raw_mediapipe"", ""30"": ""raw_mediapipe"", ""31"": ""raw_mediapipe"", ""32"": ""raw_mediapipe""}",0.2149,0.0,0.0,0.0,0.1885,0.0,0.0,0.0,0.0,0.0,0.0,0.0,0.0,0.0,0.0,0.0,0.3555,0.0,0.0,0.0,0.3168,0.0,0.0,0.0,0.3066,0.0,0.0,0.0,0.4228,0.0,0.0,0.0,0.0,0.0,0.0,0.0,0.0,0.0,0.0,0.0,0.0,0.0,0.0,0.0,0.0,0.0,0.0,0.0,0.0,0.0
184,6133,5.012916,detected,1,1,valid,0.7751,0.819,0.1077,5,0.8485,0.0836,0.0567,1.0,0.0,0.002062561403508772,0.04185054385964912,0.8595,0.8595,0.0811,world,True,"{""0"": ""raw_mediapipe"", ""1"": ""raw_mediapipe"", ""2"": ""raw_mediapipe"", ""3"": ""raw_mediapipe"", ""4"": ""raw_mediapipe"", ""5"": ""raw_mediapipe"", ""6"": ""raw_mediapipe"", ""7"": ""raw_mediapipe"", ""8"": ""raw_mediapipe"", ""9"": ""raw_mediapipe"", ""10"": ""raw_mediapipe"", ""11"": ""raw_mediapipe"", ""12"": ""raw_mediapipe"", ""13"": ""raw_mediapipe"", ""14"": ""raw_mediapipe"", ""15"": ""raw_mediapipe"", ""16"": ""raw_mediapipe"", ""17"": ""raw_mediapipe"", ""18"": ""raw_mediapipe"", ""19"": ""raw_mediapipe"", ""20"": ""raw_mediapipe"", ""21"": ""raw_mediapipe"", ""22"": ""raw_mediapipe"", ""23"": ""raw_mediapipe"", ""24"": ""raw_mediapipe"", ""25"": ""raw_mediapipe"", ""26"": ""raw_mediapipe"", ""27"": ""raw_mediapipe"", ""28"": ""raw_mediapipe"", ""29"": ""raw_mediapipe"", ""30"": ""raw_mediapipe"", ""31"": ""raw_mediapipe"", ""32"": ""raw_mediapipe""}",0.2197,0.0,0.0,0.0,0.1883,0.0,0.0,0.0,0.0,0.0,0.0,0.0,0.0,0.0,0.0,0.0,0.3567,0.0,0.0,0.0,0.3201,0.0,0.0,0.0,0.3092,0.0,0.0,0.0,0.4241,0.0,0.0,0.0,0.0,0.0,0.0,0.0,0.0,0.0,0.0,0.0,0.0,0.0,0.0,0.0,0.0,0.0,0.0,0.0,0.0,0.0
185,6166,5.03832,detected,1,1,valid,0.8024,0.8226,0.1227,5,0.8485,0.0568,0.0597,1.0,0.0,0.002019333333333333,0.04140422807017544,0.8602,0.8602,0.086,world,True,"{""0"": ""raw_mediapipe"", ""1"": ""raw_mediapipe"", ""2"": ""raw_mediapipe"", ""3"": ""raw_mediapipe"", ""4"": ""raw_mediapipe"", ""5"": ""raw_mediapipe"", ""6"": ""raw_mediapipe"", ""7"": ""raw_mediapipe"", ""8"": ""raw_mediapipe"", ""9"": ""raw_mediapipe"", ""10"": ""raw_mediapipe"", ""11"": ""raw_mediapipe"", ""12"": ""raw_mediapipe"", ""13"": ""raw_mediapipe"", ""14"": ""raw_mediapipe"", ""15"": ""raw_mediapipe"", ""16"": ""raw_mediapipe"", ""17"": ""raw_mediapipe"", ""18"": ""raw_mediapipe"", ""19"": ""raw_mediapipe"", ""20"": ""raw_mediapipe"", ""21"": ""raw_mediapipe"", ""22"": ""raw_mediapipe"", ""23"": ""raw_mediapipe"", ""24"": ""raw_mediapipe"", ""25"": ""raw_mediapipe"", ""26"": ""raw_mediapipe"", ""27"": ""raw_mediapipe"", ""28"": ""raw_mediapipe"", ""29"": ""raw_mediapipe"", ""30"": ""raw_mediapipe"", ""31"": ""raw_mediapipe"", ""32"": ""raw_mediapipe""}",0.2244,0.0,0.0,0.0,0.1874,0.0,0.0,0.0,0.0,0.0,0.0,0.0,0.0,0.0,0.0,0.0,0.3563,0.0,0.0,0.0,0.3246,0.0,0.0,0.0,0.3121,0.0,0.0,0.0,0.426,0.0,0.0,0.0,0.0,0.0,0.0,0.0,0.0,0.0,0.0,0.0,0.0,0.0,0.0,0.0,0.0,0.0,0.0,0.0,0.0,0.0
186,6200,5.060995,detected,1,1,valid,0.7661,0.8251,0.1257,5,0.8485,0.1173,0.0614,1.0,0.0,0.001971052631578947,0.04092949122807017,0.861,0.861,0.0909,world,True,"{""0"": ""raw_mediapipe"", ""1"": ""raw_mediapipe"", ""2"": ""raw_mediapipe"", ""3"": ""raw_mediapipe"", ""4"": ""raw_mediapipe"", ""5"": ""raw_mediapipe"", ""6"": ""raw_mediapipe"", ""7"": ""raw_mediapipe"", ""8"": ""raw_mediapipe"", ""9"": ""raw_mediapipe"", ""10"": ""raw_mediapipe"", ""11"": ""raw_mediapipe"", ""12"": ""raw_mediapipe"", ""13"": ""raw_mediapipe"", ""14"": ""raw_mediapipe"", ""15"": ""raw_mediapipe"", ""16"": ""raw_mediapipe"", ""17"": ""raw_mediapipe"", ""18"": ""raw_mediapipe"", ""19"": ""raw_mediapipe"", ""20"": ""raw_mediapipe"", ""21"": ""raw_mediapipe"", ""22"": ""raw_mediapipe"", ""23"": ""raw_mediapipe"", ""24"": ""raw_mediapipe"", ""25"": ""raw_mediapipe"", ""26"": ""raw_mediapipe"", ""27"": ""raw_mediapipe"", ""28"": ""raw_mediapipe"", ""29"": ""raw_mediapipe"", ""30"": ""raw_mediapipe"", ""31"": ""raw_mediapipe"", ""32"": ""raw_mediapipe""}",0.2288,0.0,0.0,0.0,0.1863,0.0,0.0,0.0,0.0,0.0,0.0,0.0,0.0,0.0,0.0,0.0,0.3546,0.0,0.0,0.0,0.3297,0.0,0.0,0.0,0.3147,0.0,0.0,0.0,0.4279,0.0,0.0,0.0,0.0,0.0,0.0,0.0,0.0,0.0,0.0,0.0,0.0,0.0,0.0,0.0,0.0,0.0,0.0,0.0,0.0,0.0
187,6233,5.083924,detected,1,0,unstable,0.6995,0.8285,0.1291,5,0.8485,0.2686,0.0623,1.0,0.0,0.0,0.0,0.8617,0.8617,0.0904,world,False,"{""0"": ""raw_mediapipe"", ""1"": ""raw_mediapipe"", ""2"": ""raw_mediapipe"", ""3"": ""raw_mediapipe"", ""4"": ""raw_mediapipe"", ""5"": ""raw_mediapipe"", ""6"": ""raw_mediapipe"", ""7"": ""raw_mediapipe"", ""8"": ""raw_mediapipe"", ""9"": ""raw_mediapipe"", ""10"": ""raw_mediapipe"", ""11"": ""raw_mediapipe"", ""12"": ""raw_mediapipe"", ""13"": ""raw_mediapipe"", ""14"": ""raw_mediapipe"", ""15"": ""raw_mediapipe"", ""16"": ""raw_mediapipe"", ""17"": ""raw_mediapipe"", ""18"": ""raw_mediapipe"", ""19"": ""raw_mediapipe"", ""20"": ""raw_mediapipe"", ""21"": ""raw_mediapipe"", ""22"": ""raw_mediapipe"", ""23"": ""raw_mediapipe"", ""24"": ""raw_mediapipe"", ""25"": ""raw_mediapipe"", ""26"": ""raw_mediapipe"", ""27"": ""raw_mediapipe"", ""28"": ""raw_mediapipe"", ""29"": ""raw_mediapipe"", ""30"": ""raw_mediapipe"", ""31"": ""raw_mediapipe"", ""32"": ""raw_mediapipe""}",0.2334,0.0,0.0,0.0,0.1872,0.0,0.0,0.0,0.0,0.0,0.0,0.0,0.0,0.0,0.0,0.0,0.3519,0.0,0.0,0.0,0.3338,0.0,0.0,0.0,0.317,0.0,0.0,0.0,0.4289,0.0,0.0,0.0,0.0,0.0,0.0,0.0,0.0,0.0,0.0,0.0,0.0,0.0,0.0,0.0,0.0,0.0,0.0,0.0,0.0,0.0
188,6266,5.108572,detected,1,1,valid,0.8297,0.8304,0.1286,5,0.8485,0.0408,0.0651,1.0,0.0,0.0019232280701754383,0.04050257894736842,0.8624,0.8624,0.0952,world,True,"{""0"": ""raw_mediapipe"", ""1"": ""raw_mediapipe"", ""2"": ""raw_mediapipe"", ""3"": ""raw_mediapipe"", ""4"": ""raw_mediapipe"", ""5"": ""raw_mediapipe"", ""6"": ""raw_mediapipe"", ""7"": ""raw_mediapipe"", ""8"": ""raw_mediapipe"", ""9"": ""raw_mediapipe"", ""10"": ""raw_mediapipe"", ""11"": ""raw_mediapipe"", ""12"": ""raw_mediapipe"", ""13"": ""raw_mediapipe"", ""14"": ""raw_mediapipe"", ""15"": ""raw_mediapipe"", ""16"": ""raw_mediapipe"", ""17"": ""raw_mediapipe"", ""18"": ""raw_mediapipe"", ""19"": ""raw_mediapipe"", ""20"": ""raw_mediapipe"", ""21"": ""raw_mediapipe"", ""22"": ""raw_mediapipe"", ""23"": ""raw_mediapipe"", ""24"": ""raw_mediapipe"", ""25"": ""raw_mediapipe"", ""26"": ""raw_mediapipe"", ""27"": ""raw_mediapipe"", ""28"": ""raw_mediapipe"", ""29"": ""raw_mediapipe"", ""30"": ""raw_mediapipe"", ""31"": ""raw_mediapipe"", ""32"": ""raw_mediapipe""}",0.2392,0.0,0.0,0.0,0.1895,0.0,0.0,0.0,0.0,0.0,0.0,0.0,0.0,0.0,0.0,0.0,0.3493,0.0,0.0,0.0,0.3362,0.0,0.0,0.0,0.3188,0.0,0.0,0.0,0.4302,0.0,0.0,0.0,0.0,0.0,0.0,0.0,0.0,0.0,0.0,0.0,0.0,0.0,0.0,0.0,0.0,0.0,0.0,0.0,0.0,0.0
189,6300,5.132703,detected,1,0,unstable,0.7079,0.8301,0.1254,5,0.8485,0.5213,0.0653,1.0,0.0,0.0,0.0,0.8632,0.8632,0.0947,world,False,"{""0"": ""raw_mediapipe"", ""1"": ""raw_mediapipe"", ""2"": ""raw_mediapipe"", ""3"": ""raw_mediapipe"", ""4"": ""raw_mediapipe"", ""5"": ""raw_mediapipe"", ""6"": ""raw_mediapipe"", ""7"": ""raw_mediapipe"", ""8"": ""raw_mediapipe"", ""9"": ""raw_mediapipe"", ""10"": ""raw_mediapipe"", ""11"": ""raw_mediapipe"", ""12"": ""raw_mediapipe"", ""13"": ""raw_mediapipe"", ""14"": ""raw_mediapipe"", ""15"": ""raw_mediapipe"", ""16"": ""raw_mediapipe"", ""17"": ""raw_mediapipe"", ""18"": ""raw_mediapipe"", ""19"": ""raw_mediapipe"", ""20"": ""raw_mediapipe"", ""21"": ""raw_mediapipe"", ""22"": ""raw_mediapipe"", ""23"": ""raw_mediapipe"", ""24"": ""raw_mediapipe"", ""25"": ""raw_mediapipe"", ""26"": ""raw_mediapipe"", ""27"": ""raw_mediapipe"", ""28"": ""raw_mediapipe"", ""29"": ""raw_mediapipe"", ""30"": ""raw_mediapipe"", ""31"": ""raw_mediapipe"", ""32"": ""raw_mediapipe""}",0.2443,0.0,0.0,0.0,0.1904,0.0,0.0,0.0,0.0,0.0,0.0,0.0,0.0,0.0,0.0,0.0,0.3464,0.0,0.0,0.0,0.3363,0.0,0.0,0.0,0.3198,0.0,0.0,0.0,0.4293,0.0,0.0,0.0,0.0,0.0,0.0,0.0,0.0,0.0,0.0,0.0,0.0,0.0,0.0,0.0,0.0,0.0,0.0,0.0,0.0,0.0
190,6333,5.156243,detected,1,1,valid,0.7906,0.8289,0.1225,5,0.8485,0.1021,0.0665,1.0,0.0,0.0018729298245614035,0.04003452631578947,0.8639,0.8639,0.0995,world,True,"{""0"": ""raw_mediapipe"", ""1"": ""raw_mediapipe"", ""2"": ""raw_mediapipe"", ""3"": ""raw_mediapipe"", ""4"": ""raw_mediapipe"", ""5"": ""raw_mediapipe"", ""6"": ""raw_mediapipe"", ""7"": ""raw_mediapipe"", ""8"": ""raw_mediapipe"", ""9"": ""raw_mediapipe"", ""10"": ""raw_mediapipe"", ""11"": ""raw_mediapipe"", ""12"": ""raw_mediapipe"", ""13"": ""raw_mediapipe"", ""14"": ""raw_mediapipe"", ""15"": ""raw_mediapipe"", ""16"": ""raw_mediapipe"", ""17"": ""raw_mediapipe"", ""18"": ""raw_mediapipe"", ""19"": ""raw_mediapipe"", ""20"": ""raw_mediapipe"", ""21"": ""raw_mediapipe"", ""22"": ""raw_mediapipe"", ""23"": ""raw_mediapipe"", ""24"": ""raw_mediapipe"", ""25"": ""raw_mediapipe"", ""26"": ""raw_mediapipe"", ""27"": ""raw_mediapipe"", ""28"": ""raw_mediapipe"", ""29"": ""raw_mediapipe"", ""30"": ""raw_mediapipe"", ""31"": ""raw_mediapipe"", ""32"": ""raw_mediapipe""}",0.2489,0.0,0.0,0.0,0.1889,0.0,0.0,0.0,0.0,0.0,0.0,0.0,0.0,0.0,0.0,0.0,0.3432,0.0,0.0,0.0,0.3344,0.0,0.0,0.0,0.3205,0.0,0.0,0.0,0.4264,0.0,0.0,0.0,0.0,0.0,0.0,0.0,0.0,0.0,0.0,0.0,0.0,0.0,0.0,0.0,0.0,0.0,0.0,0.0,0.0,0.0
191,6366,5.180053,detected,1,0,unstable,0.7125,0.8256,0.1138,5,0.8485,0.3155,0.0679,1.0,0.0,0.0,0.0,0.8646,0.8646,0.099,world,False,"{""0"": ""raw_mediapipe"", ""1"": ""raw_mediapipe"", ""2"": ""raw_mediapipe"", ""3"": ""raw_mediapipe"", ""4"": ""raw_mediapipe"", ""5"": ""raw_mediapipe"", ""6"": ""raw_mediapipe"", ""7"": ""raw_mediapipe"", ""8"": ""raw_mediapipe"", ""9"": ""raw_mediapipe"", ""10"": ""raw_mediapipe"", ""11"": ""raw_mediapipe"", ""12"": ""raw_mediapipe"", ""13"": ""raw_mediapipe"", ""14"": ""raw_mediapipe"", ""15"": ""raw_mediapipe"", ""16"": ""raw_mediapipe"", ""17"": ""raw_mediapipe"", ""18"": ""raw_mediapipe"", ""19"": ""raw_mediapipe"", ""20"": ""raw_mediapipe"", ""21"": ""raw_mediapipe"", ""22"": ""raw_mediapipe"", ""23"": ""raw_mediapipe"", ""24"": ""raw_mediapipe"", ""25"": ""raw_mediapipe"", ""26"": ""raw_mediapipe"", ""27"": ""raw_mediapipe"", ""28"": ""raw_mediapipe"", ""29"": ""raw_mediapipe"", ""30"": ""raw_mediapipe"", ""31"": ""raw_mediapipe"", ""32"": ""raw_mediapipe""}",0.2518,0.0,0.0,0.0,0.1862,0.0,0.0,0.0,0.0,0.0,0.0,0.0,0.0,0.0,0.0,0.0,0.3412,0.0,0.0,0.0,0.3314,0.0,0.0,0.0,0.322,0.0,0.0,0.0,0.4215,0.0,0.0,0.0,0.0,0.0,0.0,0.0,0.0,0.0,0.0,0.0,0.0,0.0,0.0,0.0,0.0,0.0,0.0,0.0,0.0,0.0
192,6400,5.206225,detected,1,1,valid,0.7541,0.8207,0.1094,6,0.8182,0.1477,0.0688,1.0,0.0,0.0019743181818181817,0.04052038636363636,0.8653,0.8653,0.1036,world,True,"{""0"": ""raw_mediapipe"", ""1"": ""raw_mediapipe"", ""2"": ""raw_mediapipe"", ""3"": ""raw_mediapipe"", ""4"": ""raw_mediapipe"", ""5"": ""raw_mediapipe"", ""6"": ""raw_mediapipe"", ""7"": ""raw_mediapipe"", ""8"": ""raw_mediapipe"", ""9"": ""raw_mediapipe"", ""10"": ""raw_mediapipe"", ""11"": ""raw_mediapipe"", ""12"": ""raw_mediapipe"", ""13"": ""raw_mediapipe"", ""14"": ""raw_mediapipe"", ""15"": ""raw_mediapipe"", ""16"": ""raw_mediapipe"", ""17"": ""raw_mediapipe"", ""18"": ""raw_mediapipe"", ""19"": ""raw_mediapipe"", ""20"": ""raw_mediapipe"", ""21"": ""raw_mediapipe"", ""22"": ""raw_mediapipe"", ""23"": ""raw_mediapipe"", ""24"": ""raw_mediapipe"", ""25"": ""raw_mediapipe"", ""26"": ""raw_mediapipe"", ""27"": ""raw_mediapipe"", ""28"": ""raw_mediapipe"", ""29"": ""raw_mediapipe"", ""30"": ""raw_mediapipe"", ""31"": ""raw_mediapipe"", ""32"": ""raw_mediapipe""}",0.2547,0.0,0.0,0.0,0.1833,0.0,0.0,0.0,0.0,0.0,0.0,0.0,0.0,0.0,0.0,0.0,0.3401,0.0,0.0,0.0,0.3281,0.0,0.0,0.0,0.0,0.0,0.0,0.0,0.0,0.0,0.0,0.0,0.0,0.0,0.0,0.0,0.0,0.0,0.0,0.0,0.0,0.0,0.0,0.0,0.0,0.0,0.0,0.0,0.0,0.0
193,6433,5.231005,detected,1,1,valid,0.7836,0.8177,0.1061,6,0.8182,0.1069,0.0699,1.0,0.0,0.001925181818181818,0.0400425909090909,0.866,0.866,0.1082,world,True,"{""0"": ""raw_mediapipe"", ""1"": ""raw_mediapipe"", ""2"": ""raw_mediapipe"", ""3"": ""raw_mediapipe"", ""4"": ""raw_mediapipe"", ""5"": ""raw_mediapipe"", ""6"": ""raw_mediapipe"", ""7"": ""raw_mediapipe"", ""8"": ""raw_mediapipe"", ""9"": ""raw_mediapipe"", ""10"": ""raw_mediapipe"", ""11"": ""raw_mediapipe"", ""12"": ""raw_mediapipe"", ""13"": ""raw_mediapipe"", ""14"": ""raw_mediapipe"", ""15"": ""raw_mediapipe"", ""16"": ""raw_mediapipe"", ""17"": ""raw_mediapipe"", ""18"": ""raw_mediapipe"", ""19"": ""raw_mediapipe"", ""20"": ""raw_mediapipe"", ""21"": ""raw_mediapipe"", ""22"": ""raw_mediapipe"", ""23"": ""raw_mediapipe"", ""24"": ""raw_mediapipe"", ""25"": ""raw_mediapipe"", ""26"": ""raw_mediapipe"", ""27"": ""raw_mediapipe"", ""28"": ""raw_mediapipe"", ""29"": ""raw_mediapipe"", ""30"": ""raw_mediapipe"", ""31"": ""raw_mediapipe"", ""32"": ""raw_mediapipe""}",0.2559,0.0,0.0,0.0,0.1783,0.0,0.0,0.0,0.0,0.0,0.0,0.0,0.0,0.0,0.0,0.0,0.34,0.0,0.0,0.0,0.3273,0.0,0.0,0.0,0.0,0.0,0.0,0.0,0.0,0.0,0.0,0.0,0.0,0.0,0.0,0.0,0.0,0.0,0.0,0.0,0.0,0.0,0.0,0.0,0.0,0.0,0.0,0.0,0.0,0.0
194,6466,5.255925,detected,1,1,valid,0.7512,0.8138,0.1006,6,0.8182,0.1544,0.0706,1.0,0.0,0.0018773409090909092,0.03955995454545454,0.8667,0.8667,0.1128,world,True,"{""0"": ""raw_mediapipe"", ""1"": ""raw_mediapipe"", ""2"": ""raw_mediapipe"", ""3"": ""raw_mediapipe"", ""4"": ""raw_mediapipe"", ""5"": ""raw_mediapipe"", ""6"": ""raw_mediapipe"", ""7"": ""raw_mediapipe"", ""8"": ""raw_mediapipe"", ""9"": ""raw_mediapipe"", ""10"": ""raw_mediapipe"", ""11"": ""raw_mediapipe"", ""12"": ""raw_mediapipe"", ""13"": ""raw_mediapipe"", ""14"": ""raw_mediapipe"", ""15"": ""raw_mediapipe"", ""16"": ""raw_mediapipe"", ""17"": ""raw_mediapipe"", ""18"": ""raw_mediapipe"", ""19"": ""raw_mediapipe"", ""20"": ""raw_mediapipe"", ""21"": ""raw_mediapipe"", ""22"": ""raw_mediapipe"", ""23"": ""raw_mediapipe"", ""24"": ""raw_mediapipe"", ""25"": ""raw_mediapipe"", ""26"": ""raw_mediapipe"", ""27"": ""raw_mediapipe"", ""28"": ""raw_mediapipe"", ""29"": ""raw_mediapipe"", ""30"": ""raw_mediapipe"", ""31"": ""raw_mediapipe"", ""32"": ""raw_mediapipe""}",0.2564,0.0,0.0,0.0,0.1749,0.0,0.0,0.0,0.0,0.0,0.0,0.0,0.0,0.0,0.0,0.0,0.3414,0.0,0.0,0.0,0.3281,0.0,0.0,0.0,0.0,0.0,0.0,0.0,0.0,0.0,0.0,0.0,0.0,0.0,0.0,0.0,0.0,0.0,0.0,0.0,0.0,0.0,0.0,0.0,0.0,0.0,0.0,0.0,0.0,0.0
195,6500,5.282156,detected,1,1,valid,0.7505,0.812,0.0999,6,0.8182,0.1574,0.0714,1.0,0.0,0.0018323181818181817,0.03907661363636364,0.8673,0.8673,0.1173,world,True,"{""0"": ""raw_mediapipe"", ""1"": ""raw_mediapipe"", ""2"": ""raw_mediapipe"", ""3"": ""raw_mediapipe"", ""4"": ""raw_mediapipe"", ""5"": ""raw_mediapipe"", ""6"": ""raw_mediapipe"", ""7"": ""raw_mediapipe"", ""8"": ""raw_mediapipe"", ""9"": ""raw_mediapipe"", ""10"": ""raw_mediapipe"", ""11"": ""raw_mediapipe"", ""12"": ""raw_mediapipe"", ""13"": ""raw_mediapipe"", ""14"": ""raw_mediapipe"", ""15"": ""raw_mediapipe"", ""16"": ""raw_mediapipe"", ""17"": ""raw_mediapipe"", ""18"": ""raw_mediapipe"", ""19"": ""raw_mediapipe"", ""20"": ""raw_mediapipe"", ""21"": ""raw_mediapipe"", ""22"": ""raw_mediapipe"", ""23"": ""raw_mediapipe"", ""24"": ""raw_mediapipe"", ""25"": ""raw_mediapipe"", ""26"": ""raw_mediapipe"", ""27"": ""raw_mediapipe"", ""28"": ""raw_mediapipe"", ""29"": ""raw_mediapipe"", ""30"": ""raw_mediapipe"", ""31"": ""raw_mediapipe"", ""32"": ""raw_mediapipe""}",0.2561,0.0,0.0,0.0,0.1707,0.0,0.0,0.0,0.0,0.0,0.0,0.0,0.0,0.0,0.0,0.0,0.3431,0.0,0.0,0.0,0.3265,0.0,0.0,0.0,0.0,0.0,0.0,0.0,0.0,0.0,0.0,0.0,0.0,0.0,0.0,0.0,0.0,0.0,0.0,0.0,0.0,0.0,0.0,0.0,0.0,0.0,0.0,0.0,0.0,0.0
196,6533,5.304893,detected,1,1,valid,0.7804,0.8101,0.0969,6,0.8182,0.1173,0.0726,1.0,0.0,0.0017929318181818183,0.038622136363636365,0.868,0.868,0.1218,world,True,"{""0"": ""raw_mediapipe"", ""1"": ""raw_mediapipe"", ""2"": ""raw_mediapipe"", ""3"": ""raw_mediapipe"", ""4"": ""raw_mediapipe"", ""5"": ""raw_mediapipe"", ""6"": ""raw_mediapipe"", ""7"": ""raw_mediapipe"", ""8"": ""raw_mediapipe"", ""9"": ""raw_mediapipe"", ""10"": ""raw_mediapipe"", ""11"": ""raw_mediapipe"", ""12"": ""raw_mediapipe"", ""13"": ""raw_mediapipe"", ""14"": ""raw_mediapipe"", ""15"": ""raw_mediapipe"", ""16"": ""raw_mediapipe"", ""17"": ""raw_mediapipe"", ""18"": ""raw_mediapipe"", ""19"": ""raw_mediapipe"", ""20"": ""raw_mediapipe"", ""21"": ""raw_mediapipe"", ""22"": ""raw_mediapipe"", ""23"": ""raw_mediapipe"", ""24"": ""raw_mediapipe"", ""25"": ""raw_mediapipe"", ""26"": ""raw_mediapipe"", ""27"": ""raw_mediapipe"", ""28"": ""raw_mediapipe"", ""29"": ""raw_mediapipe"", ""30"": ""raw_mediapipe"", ""31"": ""raw_mediapipe"", ""32"": ""raw_mediapipe""}",0.2561,0.0,0.0,0.0,0.1676,0.0,0.0,0.0,0.0,0.0,0.0,0.0,0.0,0.0,0.0,0.0,0.3452,0.0,0.0,0.0,0.3249,0.0,0.0,0.0,0.0,0.0,0.0,0.0,0.0,0.0,0.0,0.0,0.0,0.0,0.0,0.0,0.0,0.0,0.0,0.0,0.0,0.0,0.0,0.0,0.0,0.0,0.0,0.0,0.0,0.0
197,6566,5.33043,detected,1,1,valid,0.8064,0.8088,0.0962,6,0.8182,0.0783,0.0726,1.0,0.0,0.001758522727272727,0.038204,0.8687,0.8687,0.1263,world,True,"{""0"": ""raw_mediapipe"", ""1"": ""raw_mediapipe"", ""2"": ""raw_mediapipe"", ""3"": ""raw_mediapipe"", ""4"": ""raw_mediapipe"", ""5"": ""raw_mediapipe"", ""6"": ""raw_mediapipe"", ""7"": ""raw_mediapipe"", ""8"": ""raw_mediapipe"", ""9"": ""raw_mediapipe"", ""10"": ""raw_mediapipe"", ""11"": ""raw_mediapipe"", ""12"": ""raw_mediapipe"", ""13"": ""raw_mediapipe"", ""14"": ""raw_mediapipe"", ""15"": ""raw_mediapipe"", ""16"": ""raw_mediapipe"", ""17"": ""raw_mediapipe"", ""18"": ""raw_mediapipe"", ""19"": ""raw_mediapipe"", ""20"": ""raw_mediapipe"", ""21"": ""raw_mediapipe"", ""22"": ""raw_mediapipe"", ""23"": ""raw_mediapipe"", ""24"": ""raw_mediapipe"", ""25"": ""raw_mediapipe"", ""26"": ""raw_mediapipe"", ""27"": ""raw_mediapipe"", ""28"": ""raw_mediapipe"", ""29"": ""raw_mediapipe"", ""30"": ""raw_mediapipe"", ""31"": ""raw_mediapipe"", ""32"": ""raw_mediapipe""}",0.2565,0.0,0.0,0.0,0.1634,0.0,0.0,0.0,0.0,0.0,0.0,0.0,0.0,0.0,0.0,0.0,0.3475,0.0,0.0,0.0,0.3242,0.0,0.0,0.0,0.0,0.0,0.0,0.0,0.0,0.0,0.0,0.0,0.0,0.0,0.0,0.0,0.0,0.0,0.0,0.0,0.0,0.0,0.0,0.0,0.0,0.0,0.0,0.0,0.0,0.0
198,6600,5.355612,detected,1,1,valid,0.7808,0.8052,0.0929,8,0.7576,0.0891,0.0724,1.0,0.0,0.0017299545454545454,0.037837477272727266,0.8693,0.8693,0.1307,world,True,"{""0"": ""raw_mediapipe"", ""1"": ""raw_mediapipe"", ""2"": ""raw_mediapipe"", ""3"": ""raw_mediapipe"", ""4"": ""raw_mediapipe"", ""5"": ""raw_mediapipe"", ""6"": ""raw_mediapipe"", ""7"": ""raw_mediapipe"", ""8"": ""raw_mediapipe"", ""9"": ""raw_mediapipe"", ""10"": ""raw_mediapipe"", ""11"": ""raw_mediapipe"", ""12"": ""raw_mediapipe"", ""13"": ""raw_mediapipe"", ""14"": ""raw_mediapipe"", ""15"": ""raw_mediapipe"", ""16"": ""raw_mediapipe"", ""17"": ""raw_mediapipe"", ""18"": ""raw_mediapipe"", ""19"": ""raw_mediapipe"", ""20"": ""raw_mediapipe"", ""21"": ""raw_mediapipe"", ""22"": ""raw_mediapipe"", ""23"": ""raw_mediapipe"", ""24"": ""raw_mediapipe"", ""25"": ""raw_mediapipe"", ""26"": ""raw_mediapipe"", ""27"": ""raw_mediapipe"", ""28"": ""raw_mediapipe"", ""29"": ""raw_mediapipe"", ""30"": ""raw_mediapipe"", ""31"": ""raw_mediapipe"", ""32"": ""raw_mediapipe""}",0.2555,0.0,0.0,0.0,0.1592,0.0,0.0,0.0,0.0,0.0,0.0,0.0,0.0,0.0,0.0,0.0,0.3487,0.0,0.0,0.0,0.3273,0.0,0.0,0.0,0.0,0.0,0.0,0.0,0.0,0.0,0.0,0.0,0.0,0.0,0.0,0.0,0.0,0.0,0.0,0.0,0.0,0.0,0.0,0.0,0.0,0.0,0.0,0.0,0.0,0.0
199,6633,5.380828,detected,1,0,unstable,0.7095,0.8078,0.0879,6,0.8182,0.3599,0.0727,1.0,0.0,0.0,0.0,0.87,0.87,0.13,world,False,"{""0"": ""raw_mediapipe"", ""1"": ""raw_mediapipe"", ""2"": ""raw_mediapipe"", ""3"": ""raw_mediapipe"", ""4"": ""raw_mediapipe"", ""5"": ""raw_mediapipe"", ""6"": ""raw_mediapipe"", ""7"": ""raw_mediapipe"", ""8"": ""raw_mediapipe"", ""9"": ""raw_mediapipe"", ""10"": ""raw_mediapipe"", ""11"": ""raw_mediapipe"", ""12"": ""raw_mediapipe"", ""13"": ""raw_mediapipe"", ""14"": ""raw_mediapipe"", ""15"": ""raw_mediapipe"", ""16"": ""raw_mediapipe"", ""17"": ""raw_mediapipe"", ""18"": ""raw_mediapipe"", ""19"": ""raw_mediapipe"", ""20"": ""raw_mediapipe"", ""21"": ""raw_mediapipe"", ""22"": ""raw_mediapipe"", ""23"": ""raw_mediapipe"", ""24"": ""raw_mediapipe"", ""25"": ""raw_mediapipe"", ""26"": ""raw_mediapipe"", ""27"": ""raw_mediapipe"", ""28"": ""raw_mediapipe"", ""29"": ""raw_mediapipe"", ""30"": ""raw_mediapipe"", ""31"": ""raw_mediapipe"", ""32"": ""raw_mediapipe""}",0.2563,0.0,0.0,0.0,0.1571,0.0,0.0,0.0,0.0,0.0,0.0,0.0,0.0,0.0,0.0,0.0,0.3455,0.0,0.0,0.0,0.3274,0.0,0.0,0.0,0.0,0.0,0.0,0.0,0.0,0.0,0.0,0.0,0.0,0.0,0.0,0.0,0.0,0.0,0.0,0.0,0.0,0.0,0.0,0.0,0.0,0.0,0.0,0.0,0.0,0.0
200,6666,5.404621,detected,1,1,valid,0.7572,0.8073,0.0809,6,0.8182,0.1549,0.0741,1.0,0.0,0.001712772727272727,0.03761311363636363,0.8706,0.8706,0.1343,world,True,"{""0"": ""raw_mediapipe"", ""1"": ""raw_mediapipe"", ""2"": ""raw_mediapipe"", ""3"": ""raw_mediapipe"", ""4"": ""raw_mediapipe"", ""5"": ""raw_mediapipe"", ""6"": ""raw_mediapipe"", ""7"": ""raw_mediapipe"", ""8"": ""raw_mediapipe"", ""9"": ""raw_mediapipe"", ""10"": ""raw_mediapipe"", ""11"": ""raw_mediapipe"", ""12"": ""raw_mediapipe"", ""13"": ""raw_mediapipe"", ""14"": ""raw_mediapipe"", ""15"": ""raw_mediapipe"", ""16"": ""raw_mediapipe"", ""17"": ""raw_mediapipe"", ""18"": ""raw_mediapipe"", ""19"": ""raw_mediapipe"", ""20"": ""raw_mediapipe"", ""21"": ""raw_mediapipe"", ""22"": ""raw_mediapipe"", ""23"": ""raw_mediapipe"", ""24"": ""raw_mediapipe"", ""25"": ""raw_mediapipe"", ""26"": ""raw_mediapipe"", ""27"": ""raw_mediapipe"", ""28"": ""raw_mediapipe"", ""29"": ""raw_mediapipe"", ""30"": ""raw_mediapipe"", ""31"": ""raw_mediapipe"", ""32"": ""raw_mediapipe""}",0.2579,0.0,0.0,0.0,0.1567,0.0,0.0,0.0,0.0,0.0,0.0,0.0,0.0,0.0,0.0,0.0,0.3403,0.0,0.0,0.0,0.3297,0.0,0.0,0.0,0.0,0.0,0.0,0.0,0.0,0.0,0.0,0.0,0.0,0.0,0.0,0.0,0.0,0.0,0.0,0.0,0.0,0.0,0.0,0.0,0.0,0.0,0.0,0.0,0.0,0.0
201,6700,5.42806,detected,1,1,valid,0.7548,0.8116,0.0806,6,0.8182,0.1636,0.0748,1.0,0.0,0.0016963636363636363,0.03743529545454545,0.8713,0.8713,0.1386,world,True,"{""0"": ""raw_mediapipe"", ""1"": ""raw_mediapipe"", ""2"": ""raw_mediapipe"", ""3"": ""raw_mediapipe"", ""4"": ""raw_mediapipe"", ""5"": ""raw_mediapipe"", ""6"": ""raw_mediapipe"", ""7"": ""raw_mediapipe"", ""8"": ""raw_mediapipe"", ""9"": ""raw_mediapipe"", ""10"": ""raw_mediapipe"", ""11"": ""raw_mediapipe"", ""12"": ""raw_mediapipe"", ""13"": ""raw_mediapipe"", ""14"": ""raw_mediapipe"", ""15"": ""raw_mediapipe"", ""16"": ""raw_mediapipe"", ""17"": ""raw_mediapipe"", ""18"": ""raw_mediapipe"", ""19"": ""raw_mediapipe"", ""20"": ""raw_mediapipe"", ""21"": ""raw_mediapipe"", ""22"": ""raw_mediapipe"", ""23"": ""raw_mediapipe"", ""24"": ""raw_mediapipe"", ""25"": ""raw_mediapipe"", ""26"": ""raw_mediapipe"", ""27"": ""raw_mediapipe"", ""28"": ""raw_mediapipe"", ""29"": ""raw_mediapipe"", ""30"": ""raw_mediapipe"", ""31"": ""raw_mediapipe"", ""32"": ""raw_mediapipe""}",0.2579,0.0,0.0,0.0,0.1559,0.0,0.0,0.0,0.0,0.0,0.0,0.0,0.0,0.0,0.0,0.0,0.3342,0.0,0.0,0.0,0.3324,0.0,0.0,0.0,0.0,0.0,0.0,0.0,0.0,0.0,0.0,0.0,0.0,0.0,0.0,0.0,0.0,0.0,0.0,0.0,0.0,0.0,0.0,0.0,0.0,0.0,0.0,0.0,0.0,0.0
202,6733,5.451552,detected,1,0,unstable,0.7201,0.8155,0.0782,6,0.8182,0.2495,0.0757,1.0,0.0,0.0,0.0,0.8719,0.8719,0.1379,world,False,"{""0"": ""raw_mediapipe"", ""1"": ""raw_mediapipe"", ""2"": ""raw_mediapipe"", ""3"": ""raw_mediapipe"", ""4"": ""raw_mediapipe"", ""5"": ""raw_mediapipe"", ""6"": ""raw_mediapipe"", ""7"": ""raw_mediapipe"", ""8"": ""raw_mediapipe"", ""9"": ""raw_mediapipe"", ""10"": ""raw_mediapipe"", ""11"": ""raw_mediapipe"", ""12"": ""raw_mediapipe"", ""13"": ""raw_mediapipe"", ""14"": ""raw_mediapipe"", ""15"": ""raw_mediapipe"", ""16"": ""raw_mediapipe"", ""17"": ""raw_mediapipe"", ""18"": ""raw_mediapipe"", ""19"": ""raw_mediapipe"", ""20"": ""raw_mediapipe"", ""21"": ""raw_mediapipe"", ""22"": ""raw_mediapipe"", ""23"": ""raw_mediapipe"", ""24"": ""raw_mediapipe"", ""25"": ""raw_mediapipe"", ""26"": ""raw_mediapipe"", ""27"": ""raw_mediapipe"", ""28"": ""raw_mediapipe"", ""29"": ""raw_mediapipe"", ""30"": ""raw_mediapipe"", ""31"": ""raw_mediapipe"", ""32"": ""raw_mediapipe""}",0.2574,0.0,0.0,0.0,0.1567,0.0,0.0,0.0,0.0,0.0,0.0,0.0,0.0,0.0,0.0,0.0,0.3318,0.0,0.0,0.0,0.3333,0.0,0.0,0.0,0.0,0.0,0.0,0.0,0.0,0.0,0.0,0.0,0.0,0.0,0.0,0.0,0.0,0.0,0.0,0.0,0.0,0.0,0.0,0.0,0.0,0.0,0.0,0.0,0.0,0.0
203,6766,5.475087,detected,1,1,valid,0.7382,0.8172,0.0732,6,0.8182,0.1903,0.0746,1.0,0.0,0.0016829772727272724,0.03731270454545454,0.8725,0.8725,0.1422,world,True,"{""0"": ""raw_mediapipe"", ""1"": ""raw_mediapipe"", ""2"": ""raw_mediapipe"", ""3"": ""raw_mediapipe"", ""4"": ""raw_mediapipe"", ""5"": ""raw_mediapipe"", ""6"": ""raw_mediapipe"", ""7"": ""raw_mediapipe"", ""8"": ""raw_mediapipe"", ""9"": ""raw_mediapipe"", ""10"": ""raw_mediapipe"", ""11"": ""raw_mediapipe"", ""12"": ""raw_mediapipe"", ""13"": ""raw_mediapipe"", ""14"": ""raw_mediapipe"", ""15"": ""raw_mediapipe"", ""16"": ""raw_mediapipe"", ""17"": ""raw_mediapipe"", ""18"": ""raw_mediapipe"", ""19"": ""raw_mediapipe"", ""20"": ""raw_mediapipe"", ""21"": ""raw_mediapipe"", ""22"": ""raw_mediapipe"", ""23"": ""raw_mediapipe"", ""24"": ""raw_mediapipe"", ""25"": ""raw_mediapipe"", ""26"": ""raw_mediapipe"", ""27"": ""raw_mediapipe"", ""28"": ""raw_mediapipe"", ""29"": ""raw_mediapipe"", ""30"": ""raw_mediapipe"", ""31"": ""raw_mediapipe"", ""32"": ""raw_mediapipe""}",0.2583,0.0,0.0,0.0,0.1568,0.0,0.0,0.0,0.0,0.0,0.0,0.0,0.0,0.0,0.0,0.0,0.3309,0.0,0.0,0.0,0.3366,0.0,0.0,0.0,0.0,0.0,0.0,0.0,0.0,0.0,0.0,0.0,0.0,0.0,0.0,0.0,0.0,0.0,0.0,0.0,0.0,0.0,0.0,0.0,0.0,0.0,0.0,0.0,0.0,0.0
204,6800,5.49858,detected,1,1,valid,0.7482,0.821,0.0747,6,0.8182,0.1842,0.0764,1.0,0.0,0.0016697499999999998,0.037205727272727265,0.8732,0.8732,0.1463,world,True,"{""0"": ""raw_mediapipe"", ""1"": ""raw_mediapipe"", ""2"": ""raw_mediapipe"", ""3"": ""raw_mediapipe"", ""4"": ""raw_mediapipe"", ""5"": ""raw_mediapipe"", ""6"": ""raw_mediapipe"", ""7"": ""raw_mediapipe"", ""8"": ""raw_mediapipe"", ""9"": ""raw_mediapipe"", ""10"": ""raw_mediapipe"", ""11"": ""raw_mediapipe"", ""12"": ""raw_mediapipe"", ""13"": ""raw_mediapipe"", ""14"": ""raw_mediapipe"", ""15"": ""raw_mediapipe"", ""16"": ""raw_mediapipe"", ""17"": ""raw_mediapipe"", ""18"": ""raw_mediapipe"", ""19"": ""raw_mediapipe"", ""20"": ""raw_mediapipe"", ""21"": ""raw_mediapipe"", ""22"": ""raw_mediapipe"", ""23"": ""raw_mediapipe"", ""24"": ""raw_mediapipe"", ""25"": ""raw_mediapipe"", ""26"": ""raw_mediapipe"", ""27"": ""raw_mediapipe"", ""28"": ""raw_mediapipe"", ""29"": ""raw_mediapipe"", ""30"": ""raw_mediapipe"", ""31"": ""raw_mediapipe"", ""32"": ""raw_mediapipe""}",0.2586,0.0,0.0,0.0,0.1569,0.0,0.0,0.0,0.0,0.0,0.0,0.0,0.0,0.0,0.0,0.0,0.3304,0.0,0.0,0.0,0.3414,0.0,0.0,0.0,0.0,0.0,0.0,0.0,0.0,0.0,0.0,0.0,0.0,0.0,0.0,0.0,0.0,0.0,0.0,0.0,0.0,0.0,0.0,0.0,0.0,0.0,0.0,0.0,0.0,0.0
205,6833,5.522759,detected,1,1,valid,0.7793,0.8252,0.0765,6,0.8182,0.147,0.082,0.4232,0.0,0.0016565681818181818,0.037114522727272725,0.8738,0.8738,0.1505,world,True,"{""0"": ""raw_mediapipe"", ""1"": ""raw_mediapipe"", ""2"": ""raw_mediapipe"", ""3"": ""raw_mediapipe"", ""4"": ""raw_mediapipe"", ""5"": ""raw_mediapipe"", ""6"": ""raw_mediapipe"", ""7"": ""raw_mediapipe"", ""8"": ""raw_mediapipe"", ""9"": ""raw_mediapipe"", ""10"": ""raw_mediapipe"", ""11"": ""raw_mediapipe"", ""12"": ""raw_mediapipe"", ""13"": ""raw_mediapipe"", ""14"": ""raw_mediapipe"", ""15"": ""raw_mediapipe"", ""16"": ""raw_mediapipe"", ""17"": ""raw_mediapipe"", ""18"": ""raw_mediapipe"", ""19"": ""raw_mediapipe"", ""20"": ""raw_mediapipe"", ""21"": ""raw_mediapipe"", ""22"": ""raw_mediapipe"", ""23"": ""raw_mediapipe"", ""24"": ""raw_mediapipe"", ""25"": ""raw_mediapipe"", ""26"": ""raw_mediapipe"", ""27"": ""raw_mediapipe"", ""28"": ""raw_mediapipe"", ""29"": ""raw_mediapipe"", ""30"": ""raw_mediapipe"", ""31"": ""raw_mediapipe"", ""32"": ""raw_mediapipe""}",0.2586,0.0,0.0,0.0,0.1572,0.0,0.0,0.0,0.0,0.0,0.0,0.0,0.0,0.0,0.0,0.0,0.33,0.0,0.0,0.0,0.3468,0.0,0.0,0.0,0.0,0.0,0.0,0.0,0.0,0.0,0.0,0.0,0.0,0.0,0.0,0.0,0.0,0.0,0.0,0.0,0.0,0.0,0.0,0.0,0.0,0.0,0.0,0.0,0.0,0.0
206,6866,5.548758,detected,1,1,valid,0.797,0.8278,0.0792,6,0.8182,0.1252,0.0812,0.4201,0.0,0.00164275,0.037032818181818174,0.8744,0.8744,0.1546,world,True,"{""0"": ""raw_mediapipe"", ""1"": ""raw_mediapipe"", ""2"": ""raw_mediapipe"", ""3"": ""raw_mediapipe"", ""4"": ""raw_mediapipe"", ""5"": ""raw_mediapipe"", ""6"": ""raw_mediapipe"", ""7"": ""raw_mediapipe"", ""8"": ""raw_mediapipe"", ""9"": ""raw_mediapipe"", ""10"": ""raw_mediapipe"", ""11"": ""raw_mediapipe"", ""12"": ""raw_mediapipe"", ""13"": ""raw_mediapipe"", ""14"": ""raw_mediapipe"", ""15"": ""raw_mediapipe"", ""16"": ""raw_mediapipe"", ""17"": ""raw_mediapipe"", ""18"": ""raw_mediapipe"", ""19"": ""raw_mediapipe"", ""20"": ""raw_mediapipe"", ""21"": ""raw_mediapipe"", ""22"": ""raw_mediapipe"", ""23"": ""raw_mediapipe"", ""24"": ""raw_mediapipe"", ""25"": ""raw_mediapipe"", ""26"": ""raw_mediapipe"", ""27"": ""raw_mediapipe"", ""28"": ""raw_mediapipe"", ""29"": ""raw_mediapipe"", ""30"": ""raw_mediapipe"", ""31"": ""raw_mediapipe"", ""32"": ""raw_mediapipe""}",0.2582,0.0,0.0,0.0,0.1581,0.0,0.0,0.0,0.0,0.0,0.0,0.0,0.0,0.0,0.0,0.0,0.3293,0.0,0.0,0.0,0.3515,0.0,0.0,0.0,0.0,0.0,0.0,0.0,0.0,0.0,0.0,0.0,0.0,0.0,0.0,0.0,0.0,0.0,0.0,0.0,0.0,0.0,0.0,0.0,0.0,0.0,0.0,0.0,0.0,0.0
207,6900,5.577559,detected,1,1,valid,0.8012,0.8311,0.0835,6,0.8182,0.1228,0.0793,0.4202,0.0,0.001628840909090909,0.036949022727272726,0.875,0.875,0.1587,world,True,"{""0"": ""raw_mediapipe"", ""1"": ""raw_mediapipe"", ""2"": ""raw_mediapipe"", ""3"": ""raw_mediapipe"", ""4"": ""raw_mediapipe"", ""5"": ""raw_mediapipe"", ""6"": ""raw_mediapipe"", ""7"": ""raw_mediapipe"", ""8"": ""raw_mediapipe"", ""9"": ""raw_mediapipe"", ""10"": ""raw_mediapipe"", ""11"": ""raw_mediapipe"", ""12"": ""raw_mediapipe"", ""13"": ""raw_mediapipe"", ""14"": ""raw_mediapipe"", ""15"": ""raw_mediapipe"", ""16"": ""raw_mediapipe"", ""17"": ""raw_mediapipe"", ""18"": ""raw_mediapipe"", ""19"": ""raw_mediapipe"", ""20"": ""raw_mediapipe"", ""21"": ""raw_mediapipe"", ""22"": ""raw_mediapipe"", ""23"": ""raw_mediapipe"", ""24"": ""raw_mediapipe"", ""25"": ""raw_mediapipe"", ""26"": ""raw_mediapipe"", ""27"": ""raw_mediapipe"", ""28"": ""raw_mediapipe"", ""29"": ""raw_mediapipe"", ""30"": ""raw_mediapipe"", ""31"": ""raw_mediapipe"", ""32"": ""raw_mediapipe""}",0.2579,0.0,0.0,0.0,0.1581,0.0,0.0,0.0,0.0,0.0,0.0,0.0,0.0,0.0,0.0,0.0,0.3296,0.0,0.0,0.0,0.3556,0.0,0.0,0.0,0.0,0.0,0.0,0.0,0.0,0.0,0.0,0.0,0.0,0.0,0.0,0.0,0.0,0.0,0.0,0.0,0.0,0.0,0.0,0.0,0.0,0.0,0.0,0.0,0.0,0.0
208,6933,5.610997,detected,1,1,valid,0.7574,0.8375,0.1045,6,0.8182,0.1883,0.0787,0.4172,0.0,0.0016147272727272727,0.03688138636363636,0.8756,0.8756,0.1627,world,True,"{""0"": ""raw_mediapipe"", ""1"": ""raw_mediapipe"", ""2"": ""raw_mediapipe"", ""3"": ""raw_mediapipe"", ""4"": ""raw_mediapipe"", ""5"": ""raw_mediapipe"", ""6"": ""raw_mediapipe"", ""7"": ""raw_mediapipe"", ""8"": ""raw_mediapipe"", ""9"": ""raw_mediapipe"", ""10"": ""raw_mediapipe"", ""11"": ""raw_mediapipe"", ""12"": ""raw_mediapipe"", ""13"": ""raw_mediapipe"", ""14"": ""raw_mediapipe"", ""15"": ""raw_mediapipe"", ""16"": ""raw_mediapipe"", ""17"": ""raw_mediapipe"", ""18"": ""raw_mediapipe"", ""19"": ""raw_mediapipe"", ""20"": ""raw_mediapipe"", ""21"": ""raw_mediapipe"", ""22"": ""raw_mediapipe"", ""23"": ""raw_mediapipe"", ""24"": ""raw_mediapipe"", ""25"": ""raw_mediapipe"", ""26"": ""raw_mediapipe"", ""27"": ""raw_mediapipe"", ""28"": ""raw_mediapipe"", ""29"": ""raw_mediapipe"", ""30"": ""raw_mediapipe"", ""31"": ""raw_mediapipe"", ""32"": ""raw_mediapipe""}",0.2574,0.0,0.0,0.0,0.1576,0.0,0.0,0.0,0.0,0.0,0.0,0.0,0.0,0.0,0.0,0.0,0.3307,0.0,0.0,0.0,0.3629,0.0,0.0,0.0,0.0,0.0,0.0,0.0,0.0,0.0,0.0,0.0,0.0,0.0,0.0,0.0,0.0,0.0,0.0,0.0,0.0,0.0,0.0,0.0,0.0,0.0,0.0,0.0,0.0,0.0
209,6966,5.638978,detected,1,1,valid,0.8279,0.8446,0.1264,6,0.8182,0.0854,0.0777,0.419,0.0,0.0015993636363636364,0.03678527272727272,0.8762,0.8762,0.1667,world,True,"{""0"": ""raw_mediapipe"", ""1"": ""raw_mediapipe"", ""2"": ""raw_mediapipe"", ""3"": ""raw_mediapipe"", ""4"": ""raw_mediapipe"", ""5"": ""raw_mediapipe"", ""6"": ""raw_mediapipe"", ""7"": ""raw_mediapipe"", ""8"": ""raw_mediapipe"", ""9"": ""raw_mediapipe"", ""10"": ""raw_mediapipe"", ""11"": ""raw_mediapipe"", ""12"": ""raw_mediapipe"", ""13"": ""raw_mediapipe"", ""14"": ""raw_mediapipe"", ""15"": ""raw_mediapipe"", ""16"": ""raw_mediapipe"", ""17"": ""raw_mediapipe"", ""18"": ""raw_mediapipe"", ""19"": ""raw_mediapipe"", ""20"": ""raw_mediapipe"", ""21"": ""raw_mediapipe"", ""22"": ""raw_mediapipe"", ""23"": ""raw_mediapipe"", ""24"": ""raw_mediapipe"", ""25"": ""raw_mediapipe"", ""26"": ""raw_mediapipe"", ""27"": ""raw_mediapipe"", ""28"": ""raw_mediapipe"", ""29"": ""raw_mediapipe"", ""30"": ""raw_mediapipe"", ""31"": ""raw_mediapipe"", ""32"": ""raw_mediapipe""}",0.2563,0.0,0.0,0.0,0.1548,0.0,0.0,0.0,0.0,0.0,0.0,0.0,0.0,0.0,0.0,0.0,0.3319,0.0,0.0,0.0,0.3657,0.0,0.0,0.0,0.0,0.0,0.0,0.0,0.0,0.0,0.0,0.0,0.0,0.0,0.0,0.0,0.0,0.0,0.0,0.0,0.0,0.0,0.0,0.0,0.0,0.0,0.0,0.0,0.0,0.0
210,7000,5.664644,detected,1,1,valid,0.8374,0.8515,0.1339,6,0.8182,0.0793,0.0788,0.417,0.0,0.001583909090909091,0.03667045454545454,0.8768,0.8768,0.1706,world,True,"{""0"": ""raw_mediapipe"", ""1"": ""raw_mediapipe"", ""2"": ""raw_mediapipe"", ""3"": ""raw_mediapipe"", ""4"": ""raw_mediapipe"", ""5"": ""raw_mediapipe"", ""6"": ""raw_mediapipe"", ""7"": ""raw_mediapipe"", ""8"": ""raw_mediapipe"", ""9"": ""raw_mediapipe"", ""10"": ""raw_mediapipe"", ""11"": ""raw_mediapipe"", ""12"": ""raw_mediapipe"", ""13"": ""raw_mediapipe"", ""14"": ""raw_mediapipe"", ""15"": ""raw_mediapipe"", ""16"": ""raw_mediapipe"", ""17"": ""raw_mediapipe"", ""18"": ""raw_mediapipe"", ""19"": ""raw_mediapipe"", ""20"": ""raw_mediapipe"", ""21"": ""raw_mediapipe"", ""22"": ""raw_mediapipe"", ""23"": ""raw_mediapipe"", ""24"": ""raw_mediapipe"", ""25"": ""raw_mediapipe"", ""26"": ""raw_mediapipe"", ""27"": ""raw_mediapipe"", ""28"": ""raw_mediapipe"", ""29"": ""raw_mediapipe"", ""30"": ""raw_mediapipe"", ""31"": ""raw_mediapipe"", ""32"": ""raw_mediapipe""}",0.2565,0.0,0.0,0.0,0.152,0.0,0.0,0.0,0.0,0.0,0.0,0.0,0.0,0.0,0.0,0.0,0.3331,0.0,0.0,0.0,0.3675,0.0,0.0,0.0,0.0,0.0,0.0,0.0,0.0,0.0,0.0,0.0,0.0,0.0,0.0,0.0,0.0,0.0,0.0,0.0,0.0,0.0,0.0,0.0,0.0,0.0,0.0,0.0,0.0,0.0
211,7033,5.688991,detected,1,0,unstable,0.7461,0.8559,0.1332,6,0.8182,0.4098,0.08,0.4053,0.0,0.0,0.0,0.8774,0.8774,0.1698,world,False,"{""0"": ""raw_mediapipe"", ""1"": ""raw_mediapipe"", ""2"": ""raw_mediapipe"", ""3"": ""raw_mediapipe"", ""4"": ""raw_mediapipe"", ""5"": ""raw_mediapipe"", ""6"": ""raw_mediapipe"", ""7"": ""raw_mediapipe"", ""8"": ""raw_mediapipe"", ""9"": ""raw_mediapipe"", ""10"": ""raw_mediapipe"", ""11"": ""raw_mediapipe"", ""12"": ""raw_mediapipe"", ""13"": ""raw_mediapipe"", ""14"": ""raw_mediapipe"", ""15"": ""raw_mediapipe"", ""16"": ""raw_mediapipe"", ""17"": ""raw_mediapipe"", ""18"": ""raw_mediapipe"", ""19"": ""raw_mediapipe"", ""20"": ""raw_mediapipe"", ""21"": ""raw_mediapipe"", ""22"": ""raw_mediapipe"", ""23"": ""raw_mediapipe"", ""24"": ""raw_mediapipe"", ""25"": ""raw_mediapipe"", ""26"": ""raw_mediapipe"", ""27"": ""raw_mediapipe"", ""28"": ""raw_mediapipe"", ""29"": ""raw_mediapipe"", ""30"": ""raw_mediapipe"", ""31"": ""raw_mediapipe"", ""32"": ""raw_mediapipe""}",0.2573,0.0,0.0,0.0,0.1513,0.0,0.0,0.0,0.0,0.0,0.0,0.0,0.0,0.0,0.0,0.0,0.3293,0.0,0.0,0.0,0.3688,0.0,0.0,0.0,0.0,0.0,0.0,0.0,0.0,0.0,0.0,0.0,0.0,0.0,0.0,0.0,0.0,0.0,0.0,0.0,0.0,0.0,0.0,0.0,0.0,0.0,0.0,0.0,0.0,0.0
212,7066,5.713817,detected,1,1,valid,0.8299,0.8576,0.1246,5,0.8485,0.1071,0.0808,0.4745,0.0,0.0015091578947368422,0.0364689649122807,0.8779,0.8779,0.1737,world,True,"{""0"": ""raw_mediapipe"", ""1"": ""raw_mediapipe"", ""2"": ""raw_mediapipe"", ""3"": ""raw_mediapipe"", ""4"": ""raw_mediapipe"", ""5"": ""raw_mediapipe"", ""6"": ""raw_mediapipe"", ""7"": ""raw_mediapipe"", ""8"": ""raw_mediapipe"", ""9"": ""raw_mediapipe"", ""10"": ""raw_mediapipe"", ""11"": ""raw_mediapipe"", ""12"": ""raw_mediapipe"", ""13"": ""raw_mediapipe"", ""14"": ""raw_mediapipe"", ""15"": ""raw_mediapipe"", ""16"": ""raw_mediapipe"", ""17"": ""raw_mediapipe"", ""18"": ""raw_mediapipe"", ""19"": ""raw_mediapipe"", ""20"": ""raw_mediapipe"", ""21"": ""raw_mediapipe"", ""22"": ""raw_mediapipe"", ""23"": ""raw_mediapipe"", ""24"": ""raw_mediapipe"", ""25"": ""raw_mediapipe"", ""26"": ""raw_mediapipe"", ""27"": ""raw_mediapipe"", ""28"": ""raw_mediapipe"", ""29"": ""raw_mediapipe"", ""30"": ""raw_mediapipe"", ""31"": ""raw_mediapipe"", ""32"": ""raw_mediapipe""}",0.2574,0.0,0.0,0.0,0.1495,0.0,0.0,0.0,0.0,0.0,0.0,0.0,0.0,0.0,0.0,0.0,0.3235,0.0,0.0,0.0,0.3702,0.0,0.0,0.0,0.3158,0.0,0.0,0.0,0.4014,0.0,0.0,0.0,0.0,0.0,0.0,0.0,0.0,0.0,0.0,0.0,0.0,0.0,0.0,0.0,0.0,0.0,0.0,0.0,0.0,0.0
213,7100,5.735954,detected,1,1,valid,0.8609,0.8586,0.1183,6,0.8182,0.0487,0.0812,0.3759,0.0,0.0015573636363636362,0.03653281818181818,0.8785,0.8785,0.1776,world,True,"{""0"": ""raw_mediapipe"", ""1"": ""raw_mediapipe"", ""2"": ""raw_mediapipe"", ""3"": ""raw_mediapipe"", ""4"": ""raw_mediapipe"", ""5"": ""raw_mediapipe"", ""6"": ""raw_mediapipe"", ""7"": ""raw_mediapipe"", ""8"": ""raw_mediapipe"", ""9"": ""raw_mediapipe"", ""10"": ""raw_mediapipe"", ""11"": ""raw_mediapipe"", ""12"": ""raw_mediapipe"", ""13"": ""raw_mediapipe"", ""14"": ""raw_mediapipe"", ""15"": ""raw_mediapipe"", ""16"": ""raw_mediapipe"", ""17"": ""raw_mediapipe"", ""18"": ""raw_mediapipe"", ""19"": ""raw_mediapipe"", ""20"": ""raw_mediapipe"", ""21"": ""raw_mediapipe"", ""22"": ""raw_mediapipe"", ""23"": ""raw_mediapipe"", ""24"": ""raw_mediapipe"", ""25"": ""raw_mediapipe"", ""26"": ""raw_mediapipe"", ""27"": ""raw_mediapipe"", ""28"": ""raw_mediapipe"", ""29"": ""raw_mediapipe"", ""30"": ""raw_mediapipe"", ""31"": ""raw_mediapipe"", ""32"": ""raw_mediapipe""}",0.2574,0.0,0.0,0.0,0.1465,0.0,0.0,0.0,0.0,0.0,0.0,0.0,0.0,0.0,0.0,0.0,0.3199,0.0,0.0,0.0,0.3698,0.0,0.0,0.0,0.0,0.0,0.0,0.0,0.0,0.0,0.0,0.0,0.0,0.0,0.0,0.0,0.0,0.0,0.0,0.0,0.0,0.0,0.0,0.0,0.0,0.0,0.0,0.0,0.0,0.0
214,7133,5.760056,detected,1,1,valid,0.851,0.8632,0.1202,5,0.8485,0.077,0.0814,0.4836,0.0,0.0014734561403508771,0.03612735087719299,0.8791,0.8791,0.1814,world,True,"{""0"": ""raw_mediapipe"", ""1"": ""raw_mediapipe"", ""2"": ""raw_mediapipe"", ""3"": ""raw_mediapipe"", ""4"": ""raw_mediapipe"", ""5"": ""raw_mediapipe"", ""6"": ""raw_mediapipe"", ""7"": ""raw_mediapipe"", ""8"": ""raw_mediapipe"", ""9"": ""raw_mediapipe"", ""10"": ""raw_mediapipe"", ""11"": ""raw_mediapipe"", ""12"": ""raw_mediapipe"", ""13"": ""raw_mediapipe"", ""14"": ""raw_mediapipe"", ""15"": ""raw_mediapipe"", ""16"": ""raw_mediapipe"", ""17"": ""raw_mediapipe"", ""18"": ""raw_mediapipe"", ""19"": ""raw_mediapipe"", ""20"": ""raw_mediapipe"", ""21"": ""raw_mediapipe"", ""22"": ""raw_mediapipe"", ""23"": ""raw_mediapipe"", ""24"": ""raw_mediapipe"", ""25"": ""raw_mediapipe"", ""26"": ""raw_mediapipe"", ""27"": ""raw_mediapipe"", ""28"": ""raw_mediapipe"", ""29"": ""raw_mediapipe"", ""30"": ""raw_mediapipe"", ""31"": ""raw_mediapipe"", ""32"": ""raw_mediapipe""}",0.258,0.0,0.0,0.0,0.1451,0.0,0.0,0.0,0.0,0.0,0.0,0.0,0.0,0.0,0.0,0.0,0.3198,0.0,0.0,0.0,0.3652,0.0,0.0,0.0,0.315,0.0,0.0,0.0,0.3865,0.0,0.0,0.0,0.0,0.0,0.0,0.0,0.0,0.0,0.0,0.0,0.0,0.0,0.0,0.0,0.0,0.0,0.0,0.0,0.0,0.0
215,7166,5.78365,detected,1,1,valid,0.8675,0.8674,0.1213,4,0.8788,0.0657,0.0818,0.4716,0.0,0.0014484035087719298,0.035845087719298244,0.8796,0.8796,0.1852,world,True,"{""0"": ""raw_mediapipe"", ""1"": ""raw_mediapipe"", ""2"": ""raw_mediapipe"", ""3"": ""raw_mediapipe"", ""4"": ""raw_mediapipe"", ""5"": ""raw_mediapipe"", ""6"": ""raw_mediapipe"", ""7"": ""raw_mediapipe"", ""8"": ""raw_mediapipe"", ""9"": ""raw_mediapipe"", ""10"": ""raw_mediapipe"", ""11"": ""raw_mediapipe"", ""12"": ""raw_mediapipe"", ""13"": ""raw_mediapipe"", ""14"": ""raw_mediapipe"", ""15"": ""raw_mediapipe"", ""16"": ""raw_mediapipe"", ""17"": ""raw_mediapipe"", ""18"": ""raw_mediapipe"", ""19"": ""raw_mediapipe"", ""20"": ""raw_mediapipe"", ""21"": ""raw_mediapipe"", ""22"": ""raw_mediapipe"", ""23"": ""raw_mediapipe"", ""24"": ""raw_mediapipe"", ""25"": ""raw_mediapipe"", ""26"": ""raw_mediapipe"", ""27"": ""raw_mediapipe"", ""28"": ""raw_mediapipe"", ""29"": ""raw_mediapipe"", ""30"": ""raw_mediapipe"", ""31"": ""raw_mediapipe"", ""32"": ""raw_mediapipe""}",0.2589,0.0,0.0,0.0,0.1427,0.0,0.0,0.0,0.0,0.0,0.0,0.0,0.0,0.0,0.0,0.0,0.3174,0.0,0.0,0.0,0.3639,0.0,0.0,0.0,0.3167,0.0,0.0,0.0,0.3791,0.0,0.0,0.0,0.0,0.0,0.0,0.0,0.0,0.0,0.0,0.0,0.0,0.0,0.0,0.0,0.0,0.0,0.0,0.0,0.0,0.0
216,7200,5.806261,detected,1,1,valid,0.7991,0.8733,0.1277,2,0.9394,0.1942,0.0816,0.4601,0.0,0.001424017543859649,0.03557373684210526,0.8802,0.8802,0.1889,world,True,"{""0"": ""raw_mediapipe"", ""1"": ""raw_mediapipe"", ""2"": ""raw_mediapipe"", ""3"": ""raw_mediapipe"", ""4"": ""raw_mediapipe"", ""5"": ""raw_mediapipe"", ""6"": ""raw_mediapipe"", ""7"": ""raw_mediapipe"", ""8"": ""raw_mediapipe"", ""9"": ""raw_mediapipe"", ""10"": ""raw_mediapipe"", ""11"": ""raw_mediapipe"", ""12"": ""raw_mediapipe"", ""13"": ""raw_mediapipe"", ""14"": ""raw_mediapipe"", ""15"": ""raw_mediapipe"", ""16"": ""raw_mediapipe"", ""17"": ""raw_mediapipe"", ""18"": ""raw_mediapipe"", ""19"": ""raw_mediapipe"", ""20"": ""raw_mediapipe"", ""21"": ""raw_mediapipe"", ""22"": ""raw_mediapipe"", ""23"": ""raw_mediapipe"", ""24"": ""raw_mediapipe"", ""25"": ""raw_mediapipe"", ""26"": ""raw_mediapipe"", ""27"": ""raw_mediapipe"", ""28"": ""raw_mediapipe"", ""29"": ""raw_mediapipe"", ""30"": ""raw_mediapipe"", ""31"": ""raw_mediapipe"", ""32"": ""raw_mediapipe""}",0.2592,0.0,0.0,0.0,0.1413,0.0,0.0,0.0,0.0,0.0,0.0,0.0,0.0,0.0,0.0,0.0,0.3134,0.0,0.0,0.0,0.3589,0.0,0.0,0.0,0.3183,0.0,0.0,0.0,0.3674,0.0,0.0,0.0,0.0,0.0,0.0,0.0,0.0,0.0,0.0,0.0,0.0,0.0,0.0,0.0,0.0,0.0,0.0,0.0,0.0,0.0
217,7233,5.833408,detected,1,1,valid,0.8378,0.874,0.1255,2,0.9394,0.1353,0.0823,0.4523,0.0,0.0014016315789473683,0.03532184210526316,0.8807,0.8807,0.1927,world,True,"{""0"": ""raw_mediapipe"", ""1"": ""raw_mediapipe"", ""2"": ""raw_mediapipe"", ""3"": ""raw_mediapipe"", ""4"": ""raw_mediapipe"", ""5"": ""raw_mediapipe"", ""6"": ""raw_mediapipe"", ""7"": ""raw_mediapipe"", ""8"": ""raw_mediapipe"", ""9"": ""raw_mediapipe"", ""10"": ""raw_mediapipe"", ""11"": ""raw_mediapipe"", ""12"": ""raw_mediapipe"", ""13"": ""raw_mediapipe"", ""14"": ""raw_mediapipe"", ""15"": ""raw_mediapipe"", ""16"": ""raw_mediapipe"", ""17"": ""raw_mediapipe"", ""18"": ""raw_mediapipe"", ""19"": ""raw_mediapipe"", ""20"": ""raw_mediapipe"", ""21"": ""raw_mediapipe"", ""22"": ""raw_mediapipe"", ""23"": ""raw_mediapipe"", ""24"": ""raw_mediapipe"", ""25"": ""raw_mediapipe"", ""26"": ""raw_mediapipe"", ""27"": ""raw_mediapipe"", ""28"": ""raw_mediapipe"", ""29"": ""raw_mediapipe"", ""30"": ""raw_mediapipe"", ""31"": ""raw_mediapipe"", ""32"": ""raw_mediapipe""}",0.2595,0.0,0.0,0.0,0.1406,0.0,0.0,0.0,0.0,0.0,0.0,0.0,0.0,0.0,0.0,0.0,0.3109,0.0,0.0,0.0,0.3578,0.0,0.0,0.0,0.3204,0.0,0.0,0.0,0.3592,0.0,0.0,0.0,0.0,0.0,0.0,0.0,0.0,0.0,0.0,0.0,0.0,0.0,0.0,0.0,0.0,0.0,0.0,0.0,0.0,0.0
218,7266,5.859002,detected,1,0,unstable,0.7803,0.8742,0.1275,2,0.9394,0.2363,0.0822,0.4464,0.0,0.0,0.0,0.8813,0.8813,0.1918,world,False,"{""0"": ""raw_mediapipe"", ""1"": ""raw_mediapipe"", ""2"": ""raw_mediapipe"", ""3"": ""raw_mediapipe"", ""4"": ""raw_mediapipe"", ""5"": ""raw_mediapipe"", ""6"": ""raw_mediapipe"", ""7"": ""raw_mediapipe"", ""8"": ""raw_mediapipe"", ""9"": ""raw_mediapipe"", ""10"": ""raw_mediapipe"", ""11"": ""raw_mediapipe"", ""12"": ""raw_mediapipe"", ""13"": ""raw_mediapipe"", ""14"": ""raw_mediapipe"", ""15"": ""raw_mediapipe"", ""16"": ""raw_mediapipe"", ""17"": ""raw_mediapipe"", ""18"": ""raw_mediapipe"", ""19"": ""raw_mediapipe"", ""20"": ""raw_mediapipe"", ""21"": ""raw_mediapipe"", ""22"": ""raw_mediapipe"", ""23"": ""raw_mediapipe"", ""24"": ""raw_mediapipe"", ""25"": ""raw_mediapipe"", ""26"": ""raw_mediapipe"", ""27"": ""raw_mediapipe"", ""28"": ""raw_mediapipe"", ""29"": ""raw_mediapipe"", ""30"": ""raw_mediapipe"", ""31"": ""raw_mediapipe"", ""32"": ""raw_mediapipe""}",0.2595,0.0,0.0,0.0,0.1389,0.0,0.0,0.0,0.0,0.0,0.0,0.0,0.0,0.0,0.0,0.0,0.3093,0.0,0.0,0.0,0.3565,0.0,0.0,0.0,0.3228,0.0,0.0,0.0,0.3509,0.0,0.0,0.0,0.0,0.0,0.0,0.0,0.0,0.0,0.0,0.0,0.0,0.0,0.0,0.0,0.0,0.0,0.0,0.0,0.0,0.0
219,7300,5.882409,detected,1,1,valid,0.8128,0.8753,0.1247,2,0.9394,0.1721,0.0824,0.4539,0.0,0.0013811052631578949,0.035104350877192984,0.8818,0.8818,0.1955,world,True,"{""0"": ""raw_mediapipe"", ""1"": ""raw_mediapipe"", ""2"": ""raw_mediapipe"", ""3"": ""raw_mediapipe"", ""4"": ""raw_mediapipe"", ""5"": ""raw_mediapipe"", ""6"": ""raw_mediapipe"", ""7"": ""raw_mediapipe"", ""8"": ""raw_mediapipe"", ""9"": ""raw_mediapipe"", ""10"": ""raw_mediapipe"", ""11"": ""raw_mediapipe"", ""12"": ""raw_mediapipe"", ""13"": ""raw_mediapipe"", ""14"": ""raw_mediapipe"", ""15"": ""raw_mediapipe"", ""16"": ""raw_mediapipe"", ""17"": ""raw_mediapipe"", ""18"": ""raw_mediapipe"", ""19"": ""raw_mediapipe"", ""20"": ""raw_mediapipe"", ""21"": ""raw_mediapipe"", ""22"": ""raw_mediapipe"", ""23"": ""raw_mediapipe"", ""24"": ""raw_mediapipe"", ""25"": ""raw_mediapipe"", ""26"": ""raw_mediapipe"", ""27"": ""raw_mediapipe"", ""28"": ""raw_mediapipe"", ""29"": ""raw_mediapipe"", ""30"": ""raw_mediapipe"", ""31"": ""raw_mediapipe"", ""32"": ""raw_mediapipe""}",0.2587,0.0,0.0,0.0,0.1372,0.0,0.0,0.0,0.0,0.0,0.0,0.0,0.0,0.0,0.0,0.0,0.3079,0.0,0.0,0.0,0.3567,0.0,0.0,0.0,0.3264,0.0,0.0,0.0,0.3471,0.0,0.0,0.0,0.0,0.0,0.0,0.0,0.0,0.0,0.0,0.0,0.0,0.0,0.0,0.0,0.0,0.0,0.0,0.0,0.0,0.0
220,7333,5.910771,detected,1,1,valid,0.8797,0.8752,0.1214,2,0.9394,0.0677,0.0841,0.4625,0.0,0.0013613508771929824,0.03488994736842105,0.8824,0.8824,0.1991,world,True,"{""0"": ""raw_mediapipe"", ""1"": ""raw_mediapipe"", ""2"": ""raw_mediapipe"", ""3"": ""raw_mediapipe"", ""4"": ""raw_mediapipe"", ""5"": ""raw_mediapipe"", ""6"": ""raw_mediapipe"", ""7"": ""raw_mediapipe"", ""8"": ""raw_mediapipe"", ""9"": ""raw_mediapipe"", ""10"": ""raw_mediapipe"", ""11"": ""raw_mediapipe"", ""12"": ""raw_mediapipe"", ""13"": ""raw_mediapipe"", ""14"": ""raw_mediapipe"", ""15"": ""raw_mediapipe"", ""16"": ""raw_mediapipe"", ""17"": ""raw_mediapipe"", ""18"": ""raw_mediapipe"", ""19"": ""raw_mediapipe"", ""20"": ""raw_mediapipe"", ""21"": ""raw_mediapipe"", ""22"": ""raw_mediapipe"", ""23"": ""raw_mediapipe"", ""24"": ""raw_mediapipe"", ""25"": ""raw_mediapipe"", ""26"": ""raw_mediapipe"", ""27"": ""raw_mediapipe"", ""28"": ""raw_mediapipe"", ""29"": ""raw_mediapipe"", ""30"": ""raw_mediapipe"", ""31"": ""raw_mediapipe"", ""32"": ""raw_mediapipe""}",0.2585,0.0,0.0,0.0,0.1357,0.0,0.0,0.0,0.0,0.0,0.0,0.0,0.0,0.0,0.0,0.0,0.308,0.0,0.0,0.0,0.3558,0.0,0.0,0.0,0.3303,0.0,0.0,0.0,0.3428,0.0,0.0,0.0,0.0,0.0,0.0,0.0,0.0,0.0,0.0,0.0,0.0,0.0,0.0,0.0,0.0,0.0,0.0,0.0,0.0,0.0
221,7366,5.934778,detected,1,0,unstable,0.7757,0.8753,0.1155,2,0.9394,0.295,0.0842,0.4547,0.0,0.0,0.0,0.8829,0.8829,0.1982,world,False,"{""0"": ""raw_mediapipe"", ""1"": ""raw_mediapipe"", ""2"": ""raw_mediapipe"", ""3"": ""raw_mediapipe"", ""4"": ""raw_mediapipe"", ""5"": ""raw_mediapipe"", ""6"": ""raw_mediapipe"", ""7"": ""raw_mediapipe"", ""8"": ""raw_mediapipe"", ""9"": ""raw_mediapipe"", ""10"": ""raw_mediapipe"", ""11"": ""raw_mediapipe"", ""12"": ""raw_mediapipe"", ""13"": ""raw_mediapipe"", ""14"": ""raw_mediapipe"", ""15"": ""raw_mediapipe"", ""16"": ""raw_mediapipe"", ""17"": ""raw_mediapipe"", ""18"": ""raw_mediapipe"", ""19"": ""raw_mediapipe"", ""20"": ""raw_mediapipe"", ""21"": ""raw_mediapipe"", ""22"": ""raw_mediapipe"", ""23"": ""raw_mediapipe"", ""24"": ""raw_mediapipe"", ""25"": ""raw_mediapipe"", ""26"": ""raw_mediapipe"", ""27"": ""raw_mediapipe"", ""28"": ""raw_mediapipe"", ""29"": ""raw_mediapipe"", ""30"": ""raw_mediapipe"", ""31"": ""raw_mediapipe"", ""32"": ""raw_mediapipe""}",0.2601,0.0,0.0,0.0,0.132,0.0,0.0,0.0,0.0,0.0,0.0,0.0,0.0,0.0,0.0,0.0,0.3082,0.0,0.0,0.0,0.3564,0.0,0.0,0.0,0.3335,0.0,0.0,0.0,0.3363,0.0,0.0,0.0,0.0,0.0,0.0,0.0,0.0,0.0,0.0,0.0,0.0,0.0,0.0,0.0,0.0,0.0,0.0,0.0,0.0,0.0
222,7400,5.957199,detected,1,1,valid,0.8873,0.8782,0.1142,2,0.9394,0.0571,0.0844,0.4281,0.0,0.0013459298245614036,0.034742912280701754,0.8834,0.8834,0.2018,world,True,"{""0"": ""raw_mediapipe"", ""1"": ""raw_mediapipe"", ""2"": ""raw_mediapipe"", ""3"": ""raw_mediapipe"", ""4"": ""raw_mediapipe"", ""5"": ""raw_mediapipe"", ""6"": ""raw_mediapipe"", ""7"": ""raw_mediapipe"", ""8"": ""raw_mediapipe"", ""9"": ""raw_mediapipe"", ""10"": ""raw_mediapipe"", ""11"": ""raw_mediapipe"", ""12"": ""raw_mediapipe"", ""13"": ""raw_mediapipe"", ""14"": ""raw_mediapipe"", ""15"": ""raw_mediapipe"", ""16"": ""raw_mediapipe"", ""17"": ""raw_mediapipe"", ""18"": ""raw_mediapipe"", ""19"": ""raw_mediapipe"", ""20"": ""raw_mediapipe"", ""21"": ""raw_mediapipe"", ""22"": ""raw_mediapipe"", ""23"": ""raw_mediapipe"", ""24"": ""raw_mediapipe"", ""25"": ""raw_mediapipe"", ""26"": ""raw_mediapipe"", ""27"": ""raw_mediapipe"", ""28"": ""raw_mediapipe"", ""29"": ""raw_mediapipe"", ""30"": ""raw_mediapipe"", ""31"": ""raw_mediapipe"", ""32"": ""raw_mediapipe""}",0.2621,0.0,0.0,0.0,0.1281,0.0,0.0,0.0,0.0,0.0,0.0,0.0,0.0,0.0,0.0,0.0,0.3066,0.0,0.0,0.0,0.3592,0.0,0.0,0.0,0.3376,0.0,0.0,0.0,0.331,0.0,0.0,0.0,0.0,0.0,0.0,0.0,0.0,0.0,0.0,0.0,0.0,0.0,0.0,0.0,0.0,0.0,0.0,0.0,0.0,0.0
223,7433,5.98436,detected,1,1,valid,0.8108,0.8792,0.1106,2,0.9394,0.1731,0.0835,0.4068,0.0,0.001333421052631579,0.03463566666666666,0.8839,0.8839,0.2054,world,True,"{""0"": ""raw_mediapipe"", ""1"": ""raw_mediapipe"", ""2"": ""raw_mediapipe"", ""3"": ""raw_mediapipe"", ""4"": ""raw_mediapipe"", ""5"": ""raw_mediapipe"", ""6"": ""raw_mediapipe"", ""7"": ""raw_mediapipe"", ""8"": ""raw_mediapipe"", ""9"": ""raw_mediapipe"", ""10"": ""raw_mediapipe"", ""11"": ""raw_mediapipe"", ""12"": ""raw_mediapipe"", ""13"": ""raw_mediapipe"", ""14"": ""raw_mediapipe"", ""15"": ""raw_mediapipe"", ""16"": ""raw_mediapipe"", ""17"": ""raw_mediapipe"", ""18"": ""raw_mediapipe"", ""19"": ""raw_mediapipe"", ""20"": ""raw_mediapipe"", ""21"": ""raw_mediapipe"", ""22"": ""raw_mediapipe"", ""23"": ""raw_mediapipe"", ""24"": ""raw_mediapipe"", ""25"": ""raw_mediapipe"", ""26"": ""raw_mediapipe"", ""27"": ""raw_mediapipe"", ""28"": ""raw_mediapipe"", ""29"": ""raw_mediapipe"", ""30"": ""raw_mediapipe"", ""31"": ""raw_mediapipe"", ""32"": ""raw_mediapipe""}",0.2624,0.0,0.0,0.0,0.1226,0.0,0.0,0.0,0.0,0.0,0.0,0.0,0.0,0.0,0.0,0.0,0.3052,0.0,0.0,0.0,0.3644,0.0,0.0,0.0,0.3403,0.0,0.0,0.0,0.3259,0.0,0.0,0.0,0.0,0.0,0.0,0.0,0.0,0.0,0.0,0.0,0.0,0.0,0.0,0.0,0.0,0.0,0.0,0.0,0.0,0.0
224,7466,6.014602,detected,1,1,valid,0.8232,0.8769,0.1045,2,0.9394,0.1552,0.0832,0.4044,0.0,0.0013218771929824561,0.034534421052631575,0.8844,0.8844,0.2089,world,True,"{""0"": ""raw_mediapipe"", ""1"": ""raw_mediapipe"", ""2"": ""raw_mediapipe"", ""3"": ""raw_mediapipe"", ""4"": ""raw_mediapipe"", ""5"": ""raw_mediapipe"", ""6"": ""raw_mediapipe"", ""7"": ""raw_mediapipe"", ""8"": ""raw_mediapipe"", ""9"": ""raw_mediapipe"", ""10"": ""raw_mediapipe"", ""11"": ""raw_mediapipe"", ""12"": ""raw_mediapipe"", ""13"": ""raw_mediapipe"", ""14"": ""raw_mediapipe"", ""15"": ""raw_mediapipe"", ""16"": ""raw_mediapipe"", ""17"": ""raw_mediapipe"", ""18"": ""raw_mediapipe"", ""19"": ""raw_mediapipe"", ""20"": ""raw_mediapipe"", ""21"": ""raw_mediapipe"", ""22"": ""raw_mediapipe"", ""23"": ""raw_mediapipe"", ""24"": ""raw_mediapipe"", ""25"": ""raw_mediapipe"", ""26"": ""raw_mediapipe"", ""27"": ""raw_mediapipe"", ""28"": ""raw_mediapipe"", ""29"": ""raw_mediapipe"", ""30"": ""raw_mediapipe"", ""31"": ""raw_mediapipe"", ""32"": ""raw_mediapipe""}",0.2625,0.0,0.0,0.0,0.122,0.0,0.0,0.0,0.0,0.0,0.0,0.0,0.0,0.0,0.0,0.0,0.3054,0.0,0.0,0.0,0.3641,0.0,0.0,0.0,0.3442,0.0,0.0,0.0,0.3212,0.0,0.0,0.0,0.0,0.0,0.0,0.0,0.0,0.0,0.0,0.0,0.0,0.0,0.0,0.0,0.0,0.0,0.0,0.0,0.0,0.0
225,7500,6.041948,detected,1,0,unstable,0.7826,0.8793,0.1045,2,0.9394,0.2419,0.0821,0.4006,0.0,0.0,0.0,0.885,0.885,0.208,world,False,"{""0"": ""raw_mediapipe"", ""1"": ""raw_mediapipe"", ""2"": ""raw_mediapipe"", ""3"": ""raw_mediapipe"", ""4"": ""raw_mediapipe"", ""5"": ""raw_mediapipe"", ""6"": ""raw_mediapipe"", ""7"": ""raw_mediapipe"", ""8"": ""raw_mediapipe"", ""9"": ""raw_mediapipe"", ""10"": ""raw_mediapipe"", ""11"": ""raw_mediapipe"", ""12"": ""raw_mediapipe"", ""13"": ""raw_mediapipe"", ""14"": ""raw_mediapipe"", ""15"": ""raw_mediapipe"", ""16"": ""raw_mediapipe"", ""17"": ""raw_mediapipe"", ""18"": ""raw_mediapipe"", ""19"": ""raw_mediapipe"", ""20"": ""raw_mediapipe"", ""21"": ""raw_mediapipe"", ""22"": ""raw_mediapipe"", ""23"": ""raw_mediapipe"", ""24"": ""raw_mediapipe"", ""25"": ""raw_mediapipe"", ""26"": ""raw_mediapipe"", ""27"": ""raw_mediapipe"", ""28"": ""raw_mediapipe"", ""29"": ""raw_mediapipe"", ""30"": ""raw_mediapipe"", ""31"": ""raw_mediapipe"", ""32"": ""raw_mediapipe""}",0.2631,0.0,0.0,0.0,0.121,0.0,0.0,0.0,0.0,0.0,0.0,0.0,0.0,0.0,0.0,0.0,0.3044,0.0,0.0,0.0,0.3642,0.0,0.0,0.0,0.3469,0.0,0.0,0.0,0.3178,0.0,0.0,0.0,0.0,0.0,0.0,0.0,0.0,0.0,0.0,0.0,0.0,0.0,0.0,0.0,0.0,0.0,0.0,0.0,0.0,0.0
226,7533,6.065194,detected,1,1,valid,0.7928,0.8815,0.1043,2,0.9394,0.212,0.0805,0.3993,0.0,0.0013129122807017544,0.03446850877192982,0.8855,0.8855,0.2115,world,True,"{""0"": ""raw_mediapipe"", ""1"": ""raw_mediapipe"", ""2"": ""raw_mediapipe"", ""3"": ""raw_mediapipe"", ""4"": ""raw_mediapipe"", ""5"": ""raw_mediapipe"", ""6"": ""raw_mediapipe"", ""7"": ""raw_mediapipe"", ""8"": ""raw_mediapipe"", ""9"": ""raw_mediapipe"", ""10"": ""raw_mediapipe"", ""11"": ""raw_mediapipe"", ""12"": ""raw_mediapipe"", ""13"": ""raw_mediapipe"", ""14"": ""raw_mediapipe"", ""15"": ""raw_mediapipe"", ""16"": ""raw_mediapipe"", ""17"": ""raw_mediapipe"", ""18"": ""raw_mediapipe"", ""19"": ""raw_mediapipe"", ""20"": ""raw_mediapipe"", ""21"": ""raw_mediapipe"", ""22"": ""raw_mediapipe"", ""23"": ""raw_mediapipe"", ""24"": ""raw_mediapipe"", ""25"": ""raw_mediapipe"", ""26"": ""raw_mediapipe"", ""27"": ""raw_mediapipe"", ""28"": ""raw_mediapipe"", ""29"": ""raw_mediapipe"", ""30"": ""raw_mediapipe"", ""31"": ""raw_mediapipe"", ""32"": ""raw_mediapipe""}",0.2632,0.0,0.0,0.0,0.121,0.0,0.0,0.0,0.0,0.0,0.0,0.0,0.0,0.0,0.0,0.0,0.3025,0.0,0.0,0.0,0.3638,0.0,0.0,0.0,0.3496,0.0,0.0,0.0,0.3144,0.0,0.0,0.0,0.0,0.0,0.0,0.0,0.0,0.0,0.0,0.0,0.0,0.0,0.0,0.0,0.0,0.0,0.0,0.0,0.0,0.0
227,7566,6.09282,detected,1,1,valid,0.8757,0.8832,0.1024,2,0.9394,0.089,0.0789,0.3944,0.0,0.0013049473684210527,0.03441243859649123,0.886,0.886,0.2149,world,True,"{""0"": ""raw_mediapipe"", ""1"": ""raw_mediapipe"", ""2"": ""raw_mediapipe"", ""3"": ""raw_mediapipe"", ""4"": ""raw_mediapipe"", ""5"": ""raw_mediapipe"", ""6"": ""raw_mediapipe"", ""7"": ""raw_mediapipe"", ""8"": ""raw_mediapipe"", ""9"": ""raw_mediapipe"", ""10"": ""raw_mediapipe"", ""11"": ""raw_mediapipe"", ""12"": ""raw_mediapipe"", ""13"": ""raw_mediapipe"", ""14"": ""raw_mediapipe"", ""15"": ""raw_mediapipe"", ""16"": ""raw_mediapipe"", ""17"": ""raw_mediapipe"", ""18"": ""raw_mediapipe"", ""19"": ""raw_mediapipe"", ""20"": ""raw_mediapipe"", ""21"": ""raw_mediapipe"", ""22"": ""raw_mediapipe"", ""23"": ""raw_mediapipe"", ""24"": ""raw_mediapipe"", ""25"": ""raw_mediapipe"", ""26"": ""raw_mediapipe"", ""27"": ""raw_mediapipe"", ""28"": ""raw_mediapipe"", ""29"": ""raw_mediapipe"", ""30"": ""raw_mediapipe"", ""31"": ""raw_mediapipe"", ""32"": ""raw_mediapipe""}",0.2627,0.0,0.0,0.0,0.1209,0.0,0.0,0.0,0.0,0.0,0.0,0.0,0.0,0.0,0.0,0.0,0.3004,0.0,0.0,0.0,0.3645,0.0,0.0,0.0,0.3531,0.0,0.0,0.0,0.3117,0.0,0.0,0.0,0.0,0.0,0.0,0.0,0.0,0.0,0.0,0.0,0.0,0.0,0.0,0.0,0.0,0.0,0.0,0.0,0.0,0.0
228,7600,6.117464,detected,1,1,valid,0.8934,0.8834,0.0965,2,0.9394,0.0602,0.0781,0.3907,0.0,0.0012968771929824563,0.03435714035087719,0.8865,0.8865,0.2183,world,True,"{""0"": ""raw_mediapipe"", ""1"": ""raw_mediapipe"", ""2"": ""raw_mediapipe"", ""3"": ""raw_mediapipe"", ""4"": ""raw_mediapipe"", ""5"": ""raw_mediapipe"", ""6"": ""raw_mediapipe"", ""7"": ""raw_mediapipe"", ""8"": ""raw_mediapipe"", ""9"": ""raw_mediapipe"", ""10"": ""raw_mediapipe"", ""11"": ""raw_mediapipe"", ""12"": ""raw_mediapipe"", ""13"": ""raw_mediapipe"", ""14"": ""raw_mediapipe"", ""15"": ""raw_mediapipe"", ""16"": ""raw_mediapipe"", ""17"": ""raw_mediapipe"", ""18"": ""raw_mediapipe"", ""19"": ""raw_mediapipe"", ""20"": ""raw_mediapipe"", ""21"": ""raw_mediapipe"", ""22"": ""raw_mediapipe"", ""23"": ""raw_mediapipe"", ""24"": ""raw_mediapipe"", ""25"": ""raw_mediapipe"", ""26"": ""raw_mediapipe"", ""27"": ""raw_mediapipe"", ""28"": ""raw_mediapipe"", ""29"": ""raw_mediapipe"", ""30"": ""raw_mediapipe"", ""31"": ""raw_mediapipe"", ""32"": ""raw_mediapipe""}",0.2626,0.0,0.0,0.0,0.122,0.0,0.0,0.0,0.0,0.0,0.0,0.0,0.0,0.0,0.0,0.0,0.2986,0.0,0.0,0.0,0.3648,0.0,0.0,0.0,0.3564,0.0,0.0,0.0,0.3105,0.0,0.0,0.0,0.0,0.0,0.0,0.0,0.0,0.0,0.0,0.0,0.0,0.0,0.0,0.0,0.0,0.0,0.0,0.0,0.0,0.0
229,7633,6.155041,detected,1,0,unstable,0.7834,0.8842,0.098,2,0.9394,0.2814,0.0775,0.4858,0.0,0.0,0.0,0.887,0.887,0.2174,world,False,"{""0"": ""raw_mediapipe"", ""1"": ""raw_mediapipe"", ""2"": ""raw_mediapipe"", ""3"": ""raw_mediapipe"", ""4"": ""raw_mediapipe"", ""5"": ""raw_mediapipe"", ""6"": ""raw_mediapipe"", ""7"": ""raw_mediapipe"", ""8"": ""raw_mediapipe"", ""9"": ""raw_mediapipe"", ""10"": ""raw_mediapipe"", ""11"": ""raw_mediapipe"", ""12"": ""raw_mediapipe"", ""13"": ""raw_mediapipe"", ""14"": ""raw_mediapipe"", ""15"": ""raw_mediapipe"", ""16"": ""raw_mediapipe"", ""17"": ""raw_mediapipe"", ""18"": ""raw_mediapipe"", ""19"": ""raw_mediapipe"", ""20"": ""raw_mediapipe"", ""21"": ""raw_mediapipe"", ""22"": ""raw_mediapipe"", ""23"": ""raw_mediapipe"", ""24"": ""raw_mediapipe"", ""25"": ""raw_mediapipe"", ""26"": ""raw_mediapipe"", ""27"": ""raw_mediapipe"", ""28"": ""raw_mediapipe"", ""29"": ""raw_mediapipe"", ""30"": ""raw_mediapipe"", ""31"": ""raw_mediapipe"", ""32"": ""raw_mediapipe""}",0.2624,0.0,0.0,0.0,0.1269,0.0,0.0,0.0,0.0,0.0,0.0,0.0,0.0,0.0,0.0,0.0,0.2995,0.0,0.0,0.0,0.3629,0.0,0.0,0.0,0.3286,0.0,0.0,0.0,0.338,0.0,0.0,0.0,0.0,0.0,0.0,0.0,0.0,0.0,0.0,0.0,0.0,0.0,0.0,0.0,0.0,0.0,0.0,0.0,0.0,0.0
230,7666,6.18089,detected,1,1,valid,0.8312,0.884,0.0982,2,0.9394,0.1474,0.0768,0.533,0.0,0.0012769473684210526,0.03412573684210526,0.8874,0.8874,0.2208,world,True,"{""0"": ""raw_mediapipe"", ""1"": ""raw_mediapipe"", ""2"": ""raw_mediapipe"", ""3"": ""raw_mediapipe"", ""4"": ""raw_mediapipe"", ""5"": ""raw_mediapipe"", ""6"": ""raw_mediapipe"", ""7"": ""raw_mediapipe"", ""8"": ""raw_mediapipe"", ""9"": ""raw_mediapipe"", ""10"": ""raw_mediapipe"", ""11"": ""raw_mediapipe"", ""12"": ""raw_mediapipe"", ""13"": ""raw_mediapipe"", ""14"": ""raw_mediapipe"", ""15"": ""raw_mediapipe"", ""16"": ""raw_mediapipe"", ""17"": ""raw_mediapipe"", ""18"": ""raw_mediapipe"", ""19"": ""raw_mediapipe"", ""20"": ""raw_mediapipe"", ""21"": ""raw_mediapipe"", ""22"": ""raw_mediapipe"", ""23"": ""raw_mediapipe"", ""24"": ""raw_mediapipe"", ""25"": ""raw_mediapipe"", ""26"": ""raw_mediapipe"", ""27"": ""raw_mediapipe"", ""28"": ""raw_mediapipe"", ""29"": ""raw_mediapipe"", ""30"": ""raw_mediapipe"", ""31"": ""raw_mediapipe"", ""32"": ""raw_mediapipe""}",0.2629,0.0,0.0,0.0,0.1305,0.0,0.0,0.0,0.0,0.0,0.0,0.0,0.0,0.0,0.0,0.0,0.3004,0.0,0.0,0.0,0.3598,0.0,0.0,0.0,0.329,0.0,0.0,0.0,0.3374,0.0,0.0,0.0,0.0,0.0,0.0,0.0,0.0,0.0,0.0,0.0,0.0,0.0,0.0,0.0,0.0,0.0,0.0,0.0,0.0,0.0
231,7700,6.205194,detected,1,0,unstable,0.7805,0.885,0.1009,2,0.9394,0.4033,0.0762,0.5845,0.0,0.0,0.0,0.8879,0.8879,0.2198,world,False,"{""0"": ""raw_mediapipe"", ""1"": ""raw_mediapipe"", ""2"": ""raw_mediapipe"", ""3"": ""raw_mediapipe"", ""4"": ""raw_mediapipe"", ""5"": ""raw_mediapipe"", ""6"": ""raw_mediapipe"", ""7"": ""raw_mediapipe"", ""8"": ""raw_mediapipe"", ""9"": ""raw_mediapipe"", ""10"": ""raw_mediapipe"", ""11"": ""raw_mediapipe"", ""12"": ""raw_mediapipe"", ""13"": ""raw_mediapipe"", ""14"": ""raw_mediapipe"", ""15"": ""raw_mediapipe"", ""16"": ""raw_mediapipe"", ""17"": ""raw_mediapipe"", ""18"": ""raw_mediapipe"", ""19"": ""raw_mediapipe"", ""20"": ""raw_mediapipe"", ""21"": ""raw_mediapipe"", ""22"": ""raw_mediapipe"", ""23"": ""raw_mediapipe"", ""24"": ""raw_mediapipe"", ""25"": ""raw_mediapipe"", ""26"": ""raw_mediapipe"", ""27"": ""raw_mediapipe"", ""28"": ""raw_mediapipe"", ""29"": ""raw_mediapipe"", ""30"": ""raw_mediapipe"", ""31"": ""raw_mediapipe"", ""32"": ""raw_mediapipe""}",0.2634,0.0,0.0,0.0,0.135,0.0,0.0,0.0,0.0,0.0,0.0,0.0,0.0,0.0,0.0,0.0,0.2984,0.0,0.0,0.0,0.3571,0.0,0.0,0.0,0.33,0.0,0.0,0.0,0.3351,0.0,0.0,0.0,0.0,0.0,0.0,0.0,0.0,0.0,0.0,0.0,0.0,0.0,0.0,0.0,0.0,0.0,0.0,0.0,0.0,0.0
232,7733,6.233173,detected,1,0,unstable,0.7816,0.8846,0.1035,2,0.9394,0.5742,0.0767,0.6291,0.0,0.0,0.0,0.8884,0.8884,0.2189,world,False,"{""0"": ""raw_mediapipe"", ""1"": ""raw_mediapipe"", ""2"": ""raw_mediapipe"", ""3"": ""raw_mediapipe"", ""4"": ""raw_mediapipe"", ""5"": ""raw_mediapipe"", ""6"": ""raw_mediapipe"", ""7"": ""raw_mediapipe"", ""8"": ""raw_mediapipe"", ""9"": ""raw_mediapipe"", ""10"": ""raw_mediapipe"", ""11"": ""raw_mediapipe"", ""12"": ""raw_mediapipe"", ""13"": ""raw_mediapipe"", ""14"": ""raw_mediapipe"", ""15"": ""raw_mediapipe"", ""16"": ""raw_mediapipe"", ""17"": ""raw_mediapipe"", ""18"": ""raw_mediapipe"", ""19"": ""raw_mediapipe"", ""20"": ""raw_mediapipe"", ""21"": ""raw_mediapipe"", ""22"": ""raw_mediapipe"", ""23"": ""raw_mediapipe"", ""24"": ""raw_mediapipe"", ""25"": ""raw_mediapipe"", ""26"": ""raw_mediapipe"", ""27"": ""raw_mediapipe"", ""28"": ""raw_mediapipe"", ""29"": ""raw_mediapipe"", ""30"": ""raw_mediapipe"", ""31"": ""raw_mediapipe"", ""32"": ""raw_mediapipe""}",0.2629,0.0,0.0,0.0,0.142,0.0,0.0,0.0,0.0,0.0,0.0,0.0,0.0,0.0,0.0,0.0,0.2959,0.0,0.0,0.0,0.3571,0.0,0.0,0.0,0.3306,0.0,0.0,0.0,0.3359,0.0,0.0,0.0,0.0,0.0,0.0,0.0,0.0,0.0,0.0,0.0,0.0,0.0,0.0,0.0,0.0,0.0,0.0,0.0,0.0,0.0
233,7766,6.2567,detected,1,0,unstable,0.7764,0.8856,0.1243,2,0.9394,0.5228,0.0745,0.6486,0.0,0.0,0.0,0.8889,0.8889,0.2179,world,False,"{""0"": ""raw_mediapipe"", ""1"": ""raw_mediapipe"", ""2"": ""raw_mediapipe"", ""3"": ""raw_mediapipe"", ""4"": ""raw_mediapipe"", ""5"": ""raw_mediapipe"", ""6"": ""raw_mediapipe"", ""7"": ""raw_mediapipe"", ""8"": ""raw_mediapipe"", ""9"": ""raw_mediapipe"", ""10"": ""raw_mediapipe"", ""11"": ""raw_mediapipe"", ""12"": ""raw_mediapipe"", ""13"": ""raw_mediapipe"", ""14"": ""raw_mediapipe"", ""15"": ""raw_mediapipe"", ""16"": ""raw_mediapipe"", ""17"": ""raw_mediapipe"", ""18"": ""raw_mediapipe"", ""19"": ""raw_mediapipe"", ""20"": ""raw_mediapipe"", ""21"": ""raw_mediapipe"", ""22"": ""raw_mediapipe"", ""23"": ""raw_mediapipe"", ""24"": ""raw_mediapipe"", ""25"": ""raw_mediapipe"", ""26"": ""raw_mediapipe"", ""27"": ""raw_mediapipe"", ""28"": ""raw_mediapipe"", ""29"": ""raw_mediapipe"", ""30"": ""raw_mediapipe"", ""31"": ""raw_mediapipe"", ""32"": ""raw_mediapipe""}",0.2625,0.0,0.0,0.0,0.1506,0.0,0.0,0.0,0.0,0.0,0.0,0.0,0.0,0.0,0.0,0.0,0.2937,0.0,0.0,0.0,0.3559,0.0,0.0,0.0,0.3324,0.0,0.0,0.0,0.3366,0.0,0.0,0.0,0.0,0.0,0.0,0.0,0.0,0.0,0.0,0.0,0.0,0.0,0.0,0.0,0.0,0.0,0.0,0.0,0.0,0.0
234,7800,6.282773,detected,1,0,unstable,0.7796,0.8836,0.1261,2,0.9394,0.2593,0.0761,0.6532,0.0,0.0,0.0,0.8894,0.8894,0.217,world,False,"{""0"": ""raw_mediapipe"", ""1"": ""raw_mediapipe"", ""2"": ""raw_mediapipe"", ""3"": ""raw_mediapipe"", ""4"": ""raw_mediapipe"", ""5"": ""raw_mediapipe"", ""6"": ""raw_mediapipe"", ""7"": ""raw_mediapipe"", ""8"": ""raw_mediapipe"", ""9"": ""raw_mediapipe"", ""10"": ""raw_mediapipe"", ""11"": ""raw_mediapipe"", ""12"": ""raw_mediapipe"", ""13"": ""raw_mediapipe"", ""14"": ""raw_mediapipe"", ""15"": ""raw_mediapipe"", ""16"": ""raw_mediapipe"", ""17"": ""raw_mediapipe"", ""18"": ""raw_mediapipe"", ""19"": ""raw_mediapipe"", ""20"": ""raw_mediapipe"", ""21"": ""raw_mediapipe"", ""22"": ""raw_mediapipe"", ""23"": ""raw_mediapipe"", ""24"": ""raw_mediapipe"", ""25"": ""raw_mediapipe"", ""26"": ""raw_mediapipe"", ""27"": ""raw_mediapipe"", ""28"": ""raw_mediapipe"", ""29"": ""raw_mediapipe"", ""30"": ""raw_mediapipe"", ""31"": ""raw_mediapipe"", ""32"": ""raw_mediapipe""}",0.2613,0.0,0.0,0.0,0.1586,0.0,0.0,0.0,0.0,0.0,0.0,0.0,0.0,0.0,0.0,0.0,0.2923,0.0,0.0,0.0,0.3549,0.0,0.0,0.0,0.3333,0.0,0.0,0.0,0.3372,0.0,0.0,0.0,0.0,0.0,0.0,0.0,0.0,0.0,0.0,0.0,0.0,0.0,0.0,0.0,0.0,0.0,0.0,0.0,0.0,0.0
235,7833,6.306149,detected,1,0,unstable,0.7761,0.885,0.1382,2,0.9394,0.5818,0.0745,0.6389,0.0,0.0,0.0,0.8898,0.8898,0.2161,world,False,"{""0"": ""raw_mediapipe"", ""1"": ""raw_mediapipe"", ""2"": ""raw_mediapipe"", ""3"": ""raw_mediapipe"", ""4"": ""raw_mediapipe"", ""5"": ""raw_mediapipe"", ""6"": ""raw_mediapipe"", ""7"": ""raw_mediapipe"", ""8"": ""raw_mediapipe"", ""9"": ""raw_mediapipe"", ""10"": ""raw_mediapipe"", ""11"": ""raw_mediapipe"", ""12"": ""raw_mediapipe"", ""13"": ""raw_mediapipe"", ""14"": ""raw_mediapipe"", ""15"": ""raw_mediapipe"", ""16"": ""raw_mediapipe"", ""17"": ""raw_mediapipe"", ""18"": ""raw_mediapipe"", ""19"": ""raw_mediapipe"", ""20"": ""raw_mediapipe"", ""21"": ""raw_mediapipe"", ""22"": ""raw_mediapipe"", ""23"": ""raw_mediapipe"", ""24"": ""raw_mediapipe"", ""25"": ""raw_mediapipe"", ""26"": ""raw_mediapipe"", ""27"": ""raw_mediapipe"", ""28"": ""raw_mediapipe"", ""29"": ""raw_mediapipe"", ""30"": ""raw_mediapipe"", ""31"": ""raw_mediapipe"", ""32"": ""raw_mediapipe""}",0.2588,0.0,0.0,0.0,0.1653,0.0,0.0,0.0,0.0,0.0,0.0,0.0,0.0,0.0,0.0,0.0,0.2915,0.0,0.0,0.0,0.3552,0.0,0.0,0.0,0.3355,0.0,0.0,0.0,0.3367,0.0,0.0,0.0,0.0,0.0,0.0,0.0,0.0,0.0,0.0,0.0,0.0,0.0,0.0,0.0,0.0,0.0,0.0,0.0,0.0,0.0
236,7866,6.331911,detected,1,0,unstable,0.7797,0.8886,0.1729,2,0.9394,0.4177,0.0754,0.6136,0.0,0.0,0.0,0.8903,0.8903,0.2152,world,False,"{""0"": ""raw_mediapipe"", ""1"": ""raw_mediapipe"", ""2"": ""raw_mediapipe"", ""3"": ""raw_mediapipe"", ""4"": ""raw_mediapipe"", ""5"": ""raw_mediapipe"", ""6"": ""raw_mediapipe"", ""7"": ""raw_mediapipe"", ""8"": ""raw_mediapipe"", ""9"": ""raw_mediapipe"", ""10"": ""raw_mediapipe"", ""11"": ""raw_mediapipe"", ""12"": ""raw_mediapipe"", ""13"": ""raw_mediapipe"", ""14"": ""raw_mediapipe"", ""15"": ""raw_mediapipe"", ""16"": ""raw_mediapipe"", ""17"": ""raw_mediapipe"", ""18"": ""raw_mediapipe"", ""19"": ""raw_mediapipe"", ""20"": ""raw_mediapipe"", ""21"": ""raw_mediapipe"", ""22"": ""raw_mediapipe"", ""23"": ""raw_mediapipe"", ""24"": ""raw_mediapipe"", ""25"": ""raw_mediapipe"", ""26"": ""raw_mediapipe"", ""27"": ""raw_mediapipe"", ""28"": ""raw_mediapipe"", ""29"": ""raw_mediapipe"", ""30"": ""raw_mediapipe"", ""31"": ""raw_mediapipe"", ""32"": ""raw_mediapipe""}",0.2577,0.0,0.0,0.0,0.1701,0.0,0.0,0.0,0.0,0.0,0.0,0.0,0.0,0.0,0.0,0.0,0.2893,0.0,0.0,0.0,0.355,0.0,0.0,0.0,0.3373,0.0,0.0,0.0,0.335,0.0,0.0,0.0,0.0,0.0,0.0,0.0,0.0,0.0,0.0,0.0,0.0,0.0,0.0,0.0,0.0,0.0,0.0,0.0,0.0,0.0
237,7900,6.35817,detected,1,0,unstable,0.7764,0.8831,0.2504,1,0.9697,1.0632,0.0716,0.4108,0.0,0.0,0.0,0.8908,0.8908,0.2143,world,False,"{""0"": ""raw_mediapipe"", ""1"": ""raw_mediapipe"", ""2"": ""raw_mediapipe"", ""3"": ""raw_mediapipe"", ""4"": ""raw_mediapipe"", ""5"": ""raw_mediapipe"", ""6"": ""raw_mediapipe"", ""7"": ""raw_mediapipe"", ""8"": ""raw_mediapipe"", ""9"": ""raw_mediapipe"", ""10"": ""raw_mediapipe"", ""11"": ""raw_mediapipe"", ""12"": ""raw_mediapipe"", ""13"": ""raw_mediapipe"", ""14"": ""raw_mediapipe"", ""15"": ""raw_mediapipe"", ""16"": ""raw_mediapipe"", ""17"": ""raw_mediapipe"", ""18"": ""raw_mediapipe"", ""19"": ""raw_mediapipe"", ""20"": ""raw_mediapipe"", ""21"": ""raw_mediapipe"", ""22"": ""raw_mediapipe"", ""23"": ""raw_mediapipe"", ""24"": ""raw_mediapipe"", ""25"": ""raw_mediapipe"", ""26"": ""raw_mediapipe"", ""27"": ""raw_mediapipe"", ""28"": ""raw_mediapipe"", ""29"": ""raw_mediapipe"", ""30"": ""raw_mediapipe"", ""31"": ""raw_mediapipe"", ""32"": ""raw_mediapipe""}",0.2577,0.0,0.0,0.0,0.1733,0.0,0.0,0.0,0.0,0.0,0.0,0.0,0.0,0.0,0.0,0.0,0.2869,0.0,0.0,0.0,0.3534,0.0,0.0,0.0,0.3381,0.0,0.0,0.0,0.3353,0.0,0.0,0.0,0.0,0.0,0.0,0.0,0.0,0.0,0.0,0.0,0.0,0.0,0.0,0.0,0.0,0.0,0.0,0.0,0.0,0.0
238,7933,6.384327,detected,1,0,unstable,0.7829,0.8798,0.2536,1,0.9697,0.6084,0.0747,0.337,0.0,0.0,0.0,0.8912,0.8912,0.2134,world,False,"{""0"": ""raw_mediapipe"", ""1"": ""raw_mediapipe"", ""2"": ""raw_mediapipe"", ""3"": ""raw_mediapipe"", ""4"": ""raw_mediapipe"", ""5"": ""raw_mediapipe"", ""6"": ""raw_mediapipe"", ""7"": ""raw_mediapipe"", ""8"": ""raw_mediapipe"", ""9"": ""raw_mediapipe"", ""10"": ""raw_mediapipe"", ""11"": ""raw_mediapipe"", ""12"": ""raw_mediapipe"", ""13"": ""raw_mediapipe"", ""14"": ""raw_mediapipe"", ""15"": ""raw_mediapipe"", ""16"": ""raw_mediapipe"", ""17"": ""raw_mediapipe"", ""18"": ""raw_mediapipe"", ""19"": ""raw_mediapipe"", ""20"": ""raw_mediapipe"", ""21"": ""raw_mediapipe"", ""22"": ""raw_mediapipe"", ""23"": ""raw_mediapipe"", ""24"": ""raw_mediapipe"", ""25"": ""raw_mediapipe"", ""26"": ""raw_mediapipe"", ""27"": ""raw_mediapipe"", ""28"": ""raw_mediapipe"", ""29"": ""raw_mediapipe"", ""30"": ""raw_mediapipe"", ""31"": ""raw_mediapipe"", ""32"": ""raw_mediapipe""}",0.2582,0.0,0.0,0.0,0.1776,0.0,0.0,0.0,0.0,0.0,0.0,0.0,0.0,0.0,0.0,0.0,0.2893,0.0,0.0,0.0,0.3543,0.0,0.0,0.0,0.338,0.0,0.0,0.0,0.3362,0.0,0.0,0.0,0.0,0.0,0.0,0.0,0.0,0.0,0.0,0.0,0.0,0.0,0.0,0.0,0.0,0.0,0.0,0.0,0.0,0.0
239,7966,6.410117,detected,1,0,unstable,0.781,0.8775,0.2601,1,0.9697,0.3634,0.0743,0.321,0.0,0.0,0.0,0.8917,0.8917,0.2125,world,False,"{""0"": ""raw_mediapipe"", ""1"": ""raw_mediapipe"", ""2"": ""raw_mediapipe"", ""3"": ""raw_mediapipe"", ""4"": ""raw_mediapipe"", ""5"": ""raw_mediapipe"", ""6"": ""raw_mediapipe"", ""7"": ""raw_mediapipe"", ""8"": ""raw_mediapipe"", ""9"": ""raw_mediapipe"", ""10"": ""raw_mediapipe"", ""11"": ""raw_mediapipe"", ""12"": ""raw_mediapipe"", ""13"": ""raw_mediapipe"", ""14"": ""raw_mediapipe"", ""15"": ""raw_mediapipe"", ""16"": ""raw_mediapipe"", ""17"": ""raw_mediapipe"", ""18"": ""raw_mediapipe"", ""19"": ""raw_mediapipe"", ""20"": ""raw_mediapipe"", ""21"": ""raw_mediapipe"", ""22"": ""raw_mediapipe"", ""23"": ""raw_mediapipe"", ""24"": ""raw_mediapipe"", ""25"": ""raw_mediapipe"", ""26"": ""raw_mediapipe"", ""27"": ""raw_mediapipe"", ""28"": ""raw_mediapipe"", ""29"": ""raw_mediapipe"", ""30"": ""raw_mediapipe"", ""31"": ""raw_mediapipe"", ""32"": ""raw_mediapipe""}",0.2584,0.0,0.0,0.0,0.1828,0.0,0.0,0.0,0.0,0.0,0.0,0.0,0.0,0.0,0.0,0.0,0.2906,0.0,0.0,0.0,0.3573,0.0,0.0,0.0,0.3377,0.0,0.0,0.0,0.3371,0.0,0.0,0.0,0.0,0.0,0.0,0.0,0.0,0.0,0.0,0.0,0.0,0.0,0.0,0.0,0.0,0.0,0.0,0.0,0.0,0.0
240,8000,6.442279,detected,1,0,unstable,0.795,0.8778,0.2513,1,0.9697,0.4758,0.0798,0.3148,0.0,0.0,0.0,0.8921,0.8921,0.2116,world,False,"{""0"": ""raw_mediapipe"", ""1"": ""raw_mediapipe"", ""2"": ""raw_mediapipe"", ""3"": ""raw_mediapipe"", ""4"": ""raw_mediapipe"", ""5"": ""raw_mediapipe"", ""6"": ""raw_mediapipe"", ""7"": ""raw_mediapipe"", ""8"": ""raw_mediapipe"", ""9"": ""raw_mediapipe"", ""10"": ""raw_mediapipe"", ""11"": ""raw_mediapipe"", ""12"": ""raw_mediapipe"", ""13"": ""raw_mediapipe"", ""14"": ""raw_mediapipe"", ""15"": ""raw_mediapipe"", ""16"": ""raw_mediapipe"", ""17"": ""raw_mediapipe"", ""18"": ""raw_mediapipe"", ""19"": ""raw_mediapipe"", ""20"": ""raw_mediapipe"", ""21"": ""raw_mediapipe"", ""22"": ""raw_mediapipe"", ""23"": ""raw_mediapipe"", ""24"": ""raw_mediapipe"", ""25"": ""raw_mediapipe"", ""26"": ""raw_mediapipe"", ""27"": ""raw_mediapipe"", ""28"": ""raw_mediapipe"", ""29"": ""raw_mediapipe"", ""30"": ""raw_mediapipe"", ""31"": ""raw_mediapipe"", ""32"": ""raw_mediapipe""}",0.2582,0.0,0.0,0.0,0.1893,0.0,0.0,0.0,0.0,0.0,0.0,0.0,0.0,0.0,0.0,0.0,0.2955,0.0,0.0,0.0,0.3604,0.0,0.0,0.0,0.3372,0.0,0.0,0.0,0.338,0.0,0.0,0.0,0.0,0.0,0.0,0.0,0.0,0.0,0.0,0.0,0.0,0.0,0.0,0.0,0.0,0.0,0.0,0.0,0.0,0.0
241,8033,6.472399,detected,1,1,valid,0.7913,0.8759,0.2462,1,0.9697,0.2183,0.0782,0.3192,0.0,0.0013039649122807018,0.03437728070175439,0.8926,0.8926,0.2149,world,True,"{""0"": ""raw_mediapipe"", ""1"": ""raw_mediapipe"", ""2"": ""raw_mediapipe"", ""3"": ""raw_mediapipe"", ""4"": ""raw_mediapipe"", ""5"": ""raw_mediapipe"", ""6"": ""raw_mediapipe"", ""7"": ""raw_mediapipe"", ""8"": ""raw_mediapipe"", ""9"": ""raw_mediapipe"", ""10"": ""raw_mediapipe"", ""11"": ""raw_mediapipe"", ""12"": ""raw_mediapipe"", ""13"": ""raw_mediapipe"", ""14"": ""raw_mediapipe"", ""15"": ""raw_mediapipe"", ""16"": ""raw_mediapipe"", ""17"": ""raw_mediapipe"", ""18"": ""raw_mediapipe"", ""19"": ""raw_mediapipe"", ""20"": ""raw_mediapipe"", ""21"": ""raw_mediapipe"", ""22"": ""raw_mediapipe"", ""23"": ""raw_mediapipe"", ""24"": ""raw_mediapipe"", ""25"": ""raw_mediapipe"", ""26"": ""raw_mediapipe"", ""27"": ""raw_mediapipe"", ""28"": ""raw_mediapipe"", ""29"": ""raw_mediapipe"", ""30"": ""raw_mediapipe"", ""31"": ""raw_mediapipe"", ""32"": ""raw_mediapipe""}",0.2574,0.0,0.0,0.0,0.1957,0.0,0.0,0.0,0.0,0.0,0.0,0.0,0.0,0.0,0.0,0.0,0.3006,0.0,0.0,0.0,0.3667,0.0,0.0,0.0,0.3369,0.0,0.0,0.0,0.3415,0.0,0.0,0.0,0.0,0.0,0.0,0.0,0.0,0.0,0.0,0.0,0.0,0.0,0.0,0.0,0.0,0.0,0.0,0.0,0.0,0.0
242,8066,6.501364,detected,1,1,valid,0.9002,0.873,0.236,1,0.9697,0.0612,0.0793,0.3481,0.0,0.001320877192982456,0.03451733333333333,0.893,0.893,0.2181,world,True,"{""0"": ""raw_mediapipe"", ""1"": ""raw_mediapipe"", ""2"": ""raw_mediapipe"", ""3"": ""raw_mediapipe"", ""4"": ""raw_mediapipe"", ""5"": ""raw_mediapipe"", ""6"": ""raw_mediapipe"", ""7"": ""raw_mediapipe"", ""8"": ""raw_mediapipe"", ""9"": ""raw_mediapipe"", ""10"": ""raw_mediapipe"", ""11"": ""raw_mediapipe"", ""12"": ""raw_mediapipe"", ""13"": ""raw_mediapipe"", ""14"": ""raw_mediapipe"", ""15"": ""raw_mediapipe"", ""16"": ""raw_mediapipe"", ""17"": ""raw_mediapipe"", ""18"": ""raw_mediapipe"", ""19"": ""raw_mediapipe"", ""20"": ""raw_mediapipe"", ""21"": ""raw_mediapipe"", ""22"": ""raw_mediapipe"", ""23"": ""raw_mediapipe"", ""24"": ""raw_mediapipe"", ""25"": ""raw_mediapipe"", ""26"": ""raw_mediapipe"", ""27"": ""raw_mediapipe"", ""28"": ""raw_mediapipe"", ""29"": ""raw_mediapipe"", ""30"": ""raw_mediapipe"", ""31"": ""raw_mediapipe"", ""32"": ""raw_mediapipe""}",0.2565,0.0,0.0,0.0,0.2027,0.0,0.0,0.0,0.0,0.0,0.0,0.0,0.0,0.0,0.0,0.0,0.3078,0.0,0.0,0.0,0.3746,0.0,0.0,0.0,0.3361,0.0,0.0,0.0,0.3453,0.0,0.0,0.0,0.0,0.0,0.0,0.0,0.0,0.0,0.0,0.0,0.0,0.0,0.0,0.0,0.0,0.0,0.0,0.0,0.0,0.0
243,8100,6.525091,detected,1,1,valid,0.7983,0.8684,0.2346,1,0.9697,0.2074,0.0791,0.3963,0.0,0.0013309298245614035,0.034582508771929824,0.8934,0.8934,0.2213,world,True,"{""0"": ""raw_mediapipe"", ""1"": ""raw_mediapipe"", ""2"": ""raw_mediapipe"", ""3"": ""raw_mediapipe"", ""4"": ""raw_mediapipe"", ""5"": ""raw_mediapipe"", ""6"": ""raw_mediapipe"", ""7"": ""raw_mediapipe"", ""8"": ""raw_mediapipe"", ""9"": ""raw_mediapipe"", ""10"": ""raw_mediapipe"", ""11"": ""raw_mediapipe"", ""12"": ""raw_mediapipe"", ""13"": ""raw_mediapipe"", ""14"": ""raw_mediapipe"", ""15"": ""raw_mediapipe"", ""16"": ""raw_mediapipe"", ""17"": ""raw_mediapipe"", ""18"": ""raw_mediapipe"", ""19"": ""raw_mediapipe"", ""20"": ""raw_mediapipe"", ""21"": ""raw_mediapipe"", ""22"": ""raw_mediapipe"", ""23"": ""raw_mediapipe"", ""24"": ""raw_mediapipe"", ""25"": ""raw_mediapipe"", ""26"": ""raw_mediapipe"", ""27"": ""raw_mediapipe"", ""28"": ""raw_mediapipe"", ""29"": ""raw_mediapipe"", ""30"": ""raw_mediapipe"", ""31"": ""raw_mediapipe"", ""32"": ""raw_mediapipe""}",0.2564,0.0,0.0,0.0,0.2071,0.0,0.0,0.0,0.0,0.0,0.0,0.0,0.0,0.0,0.0,0.0,0.3148,0.0,0.0,0.0,0.3798,0.0,0.0,0.0,0.3346,0.0,0.0,0.0,0.3489,0.0,0.0,0.0,0.0,0.0,0.0,0.0,0.0,0.0,0.0,0.0,0.0,0.0,0.0,0.0,0.0,0.0,0.0,0.0,0.0,0.0
244,8133,6.548091,detected,1,1,valid,0.8659,0.865,0.2412,1,0.9697,0.1033,0.0783,0.4396,0.0,0.0013383157894736842,0.03461684210526316,0.8939,0.8939,0.2245,world,True,"{""0"": ""raw_mediapipe"", ""1"": ""raw_mediapipe"", ""2"": ""raw_mediapipe"", ""3"": ""raw_mediapipe"", ""4"": ""raw_mediapipe"", ""5"": ""raw_mediapipe"", ""6"": ""raw_mediapipe"", ""7"": ""raw_mediapipe"", ""8"": ""raw_mediapipe"", ""9"": ""raw_mediapipe"", ""10"": ""raw_mediapipe"", ""11"": ""raw_mediapipe"", ""12"": ""raw_mediapipe"", ""13"": ""raw_mediapipe"", ""14"": ""raw_mediapipe"", ""15"": ""raw_mediapipe"", ""16"": ""raw_mediapipe"", ""17"": ""raw_mediapipe"", ""18"": ""raw_mediapipe"", ""19"": ""raw_mediapipe"", ""20"": ""raw_mediapipe"", ""21"": ""raw_mediapipe"", ""22"": ""raw_mediapipe"", ""23"": ""raw_mediapipe"", ""24"": ""raw_mediapipe"", ""25"": ""raw_mediapipe"", ""26"": ""raw_mediapipe"", ""27"": ""raw_mediapipe"", ""28"": ""raw_mediapipe"", ""29"": ""raw_mediapipe"", ""30"": ""raw_mediapipe"", ""31"": ""raw_mediapipe"", ""32"": ""raw_mediapipe""}",0.2567,0.0,0.0,0.0,0.211,0.0,0.0,0.0,0.0,0.0,0.0,0.0,0.0,0.0,0.0,0.0,0.3224,0.0,0.0,0.0,0.3851,0.0,0.0,0.0,0.3331,0.0,0.0,0.0,0.3508,0.0,0.0,0.0,0.0,0.0,0.0,0.0,0.0,0.0,0.0,0.0,0.0,0.0,0.0,0.0,0.0,0.0,0.0,0.0,0.0,0.0
245,8166,6.57074,detected,1,0,unstable,0.7811,0.8608,0.2777,1,0.9697,0.2554,0.0769,0.4592,0.0,0.0,0.0,0.8943,0.8943,0.2236,world,False,"{""0"": ""raw_mediapipe"", ""1"": ""raw_mediapipe"", ""2"": ""raw_mediapipe"", ""3"": ""raw_mediapipe"", ""4"": ""raw_mediapipe"", ""5"": ""raw_mediapipe"", ""6"": ""raw_mediapipe"", ""7"": ""raw_mediapipe"", ""8"": ""raw_mediapipe"", ""9"": ""raw_mediapipe"", ""10"": ""raw_mediapipe"", ""11"": ""raw_mediapipe"", ""12"": ""raw_mediapipe"", ""13"": ""raw_mediapipe"", ""14"": ""raw_mediapipe"", ""15"": ""raw_mediapipe"", ""16"": ""raw_mediapipe"", ""17"": ""raw_mediapipe"", ""18"": ""raw_mediapipe"", ""19"": ""raw_mediapipe"", ""20"": ""raw_mediapipe"", ""21"": ""raw_mediapipe"", ""22"": ""raw_mediapipe"", ""23"": ""raw_mediapipe"", ""24"": ""raw_mediapipe"", ""25"": ""raw_mediapipe"", ""26"": ""raw_mediapipe"", ""27"": ""raw_mediapipe"", ""28"": ""raw_mediapipe"", ""29"": ""raw_mediapipe"", ""30"": ""raw_mediapipe"", ""31"": ""raw_mediapipe"", ""32"": ""raw_mediapipe""}",0.258,0.0,0.0,0.0,0.2089,0.0,0.0,0.0,0.0,0.0,0.0,0.0,0.0,0.0,0.0,0.0,0.3274,0.0,0.0,0.0,0.3915,0.0,0.0,0.0,0.3327,0.0,0.0,0.0,0.3523,0.0,0.0,0.0,0.0,0.0,0.0,0.0,0.0,0.0,0.0,0.0,0.0,0.0,0.0,0.0,0.0,0.0,0.0,0.0,0.0,0.0
246,8200,6.595441,detected,1,1,valid,0.8018,0.8602,0.3392,1,0.9697,0.1846,0.0756,0.4492,0.0,0.0013749824561403508,0.03490740350877193,0.8947,0.8947,0.2267,world,True,"{""0"": ""raw_mediapipe"", ""1"": ""raw_mediapipe"", ""2"": ""raw_mediapipe"", ""3"": ""raw_mediapipe"", ""4"": ""raw_mediapipe"", ""5"": ""raw_mediapipe"", ""6"": ""raw_mediapipe"", ""7"": ""raw_mediapipe"", ""8"": ""raw_mediapipe"", ""9"": ""raw_mediapipe"", ""10"": ""raw_mediapipe"", ""11"": ""raw_mediapipe"", ""12"": ""raw_mediapipe"", ""13"": ""raw_mediapipe"", ""14"": ""raw_mediapipe"", ""15"": ""raw_mediapipe"", ""16"": ""raw_mediapipe"", ""17"": ""raw_mediapipe"", ""18"": ""raw_mediapipe"", ""19"": ""raw_mediapipe"", ""20"": ""raw_mediapipe"", ""21"": ""raw_mediapipe"", ""22"": ""raw_mediapipe"", ""23"": ""raw_mediapipe"", ""24"": ""raw_mediapipe"", ""25"": ""raw_mediapipe"", ""26"": ""raw_mediapipe"", ""27"": ""raw_mediapipe"", ""28"": ""raw_mediapipe"", ""29"": ""raw_mediapipe"", ""30"": ""raw_mediapipe"", ""31"": ""raw_mediapipe"", ""32"": ""raw_mediapipe""}",0.2598,0.0,0.0,0.0,0.2075,0.0,0.0,0.0,0.0,0.0,0.0,0.0,0.0,0.0,0.0,0.0,0.3322,0.0,0.0,0.0,0.3974,0.0,0.0,0.0,0.3332,0.0,0.0,0.0,0.3523,0.0,0.0,0.0,0.0,0.0,0.0,0.0,0.0,0.0,0.0,0.0,0.0,0.0,0.0,0.0,0.0,0.0,0.0,0.0,0.0,0.0
247,8233,6.618386,detected,1,1,valid,0.8663,0.8611,0.3867,1,0.9697,0.0954,0.0769,0.4398,0.0,0.0014282280701754385,0.03533759649122807,0.8952,0.8952,0.2298,world,True,"{""0"": ""raw_mediapipe"", ""1"": ""raw_mediapipe"", ""2"": ""raw_mediapipe"", ""3"": ""raw_mediapipe"", ""4"": ""raw_mediapipe"", ""5"": ""raw_mediapipe"", ""6"": ""raw_mediapipe"", ""7"": ""raw_mediapipe"", ""8"": ""raw_mediapipe"", ""9"": ""raw_mediapipe"", ""10"": ""raw_mediapipe"", ""11"": ""raw_mediapipe"", ""12"": ""raw_mediapipe"", ""13"": ""raw_mediapipe"", ""14"": ""raw_mediapipe"", ""15"": ""raw_mediapipe"", ""16"": ""raw_mediapipe"", ""17"": ""raw_mediapipe"", ""18"": ""raw_mediapipe"", ""19"": ""raw_mediapipe"", ""20"": ""raw_mediapipe"", ""21"": ""raw_mediapipe"", ""22"": ""raw_mediapipe"", ""23"": ""raw_mediapipe"", ""24"": ""raw_mediapipe"", ""25"": ""raw_mediapipe"", ""26"": ""raw_mediapipe"", ""27"": ""raw_mediapipe"", ""28"": ""raw_mediapipe"", ""29"": ""raw_mediapipe"", ""30"": ""raw_mediapipe"", ""31"": ""raw_mediapipe"", ""32"": ""raw_mediapipe""}",0.2618,0.0,0.0,0.0,0.2093,0.0,0.0,0.0,0.0,0.0,0.0,0.0,0.0,0.0,0.0,0.0,0.3359,0.0,0.0,0.0,0.4052,0.0,0.0,0.0,0.333,0.0,0.0,0.0,0.3535,0.0,0.0,0.0,0.0,0.0,0.0,0.0,0.0,0.0,0.0,0.0,0.0,0.0,0.0,0.0,0.0,0.0,0.0,0.0,0.0,0.0
248,8266,6.642563,detected,1,1,valid,0.8303,0.8571,0.4199,1,0.9697,0.1489,0.0777,0.4327,0.0,0.0014936315789473682,0.035846894736842105,0.8956,0.8956,0.2329,world,True,"{""0"": ""raw_mediapipe"", ""1"": ""raw_mediapipe"", ""2"": ""raw_mediapipe"", ""3"": ""raw_mediapipe"", ""4"": ""raw_mediapipe"", ""5"": ""raw_mediapipe"", ""6"": ""raw_mediapipe"", ""7"": ""raw_mediapipe"", ""8"": ""raw_mediapipe"", ""9"": ""raw_mediapipe"", ""10"": ""raw_mediapipe"", ""11"": ""raw_mediapipe"", ""12"": ""raw_mediapipe"", ""13"": ""raw_mediapipe"", ""14"": ""raw_mediapipe"", ""15"": ""raw_mediapipe"", ""16"": ""raw_mediapipe"", ""17"": ""raw_mediapipe"", ""18"": ""raw_mediapipe"", ""19"": ""raw_mediapipe"", ""20"": ""raw_mediapipe"", ""21"": ""raw_mediapipe"", ""22"": ""raw_mediapipe"", ""23"": ""raw_mediapipe"", ""24"": ""raw_mediapipe"", ""25"": ""raw_mediapipe"", ""26"": ""raw_mediapipe"", ""27"": ""raw_mediapipe"", ""28"": ""raw_mediapipe"", ""29"": ""raw_mediapipe"", ""30"": ""raw_mediapipe"", ""31"": ""raw_mediapipe"", ""32"": ""raw_mediapipe""}",0.2632,0.0,0.0,0.0,0.2069,0.0,0.0,0.0,0.0,0.0,0.0,0.0,0.0,0.0,0.0,0.0,0.3395,0.0,0.0,0.0,0.4127,0.0,0.0,0.0,0.3322,0.0,0.0,0.0,0.3548,0.0,0.0,0.0,0.0,0.0,0.0,0.0,0.0,0.0,0.0,0.0,0.0,0.0,0.0,0.0,0.0,0.0,0.0,0.0,0.0,0.0
249,8300,6.66536,detected,1,1,valid,0.8042,0.8571,0.425,1,0.9697,0.1927,0.0792,0.4485,0.0,0.0015568596491228068,0.03632270175438596,0.896,0.896,0.236,world,True,"{""0"": ""raw_mediapipe"", ""1"": ""raw_mediapipe"", ""2"": ""raw_mediapipe"", ""3"": ""raw_mediapipe"", ""4"": ""raw_mediapipe"", ""5"": ""raw_mediapipe"", ""6"": ""raw_mediapipe"", ""7"": ""raw_mediapipe"", ""8"": ""raw_mediapipe"", ""9"": ""raw_mediapipe"", ""10"": ""raw_mediapipe"", ""11"": ""raw_mediapipe"", ""12"": ""raw_mediapipe"", ""13"": ""raw_mediapipe"", ""14"": ""raw_mediapipe"", ""15"": ""raw_mediapipe"", ""16"": ""raw_mediapipe"", ""17"": ""raw_mediapipe"", ""18"": ""raw_mediapipe"", ""19"": ""raw_mediapipe"", ""20"": ""raw_mediapipe"", ""21"": ""raw_mediapipe"", ""22"": ""raw_mediapipe"", ""23"": ""raw_mediapipe"", ""24"": ""raw_mediapipe"", ""25"": ""raw_mediapipe"", ""26"": ""raw_mediapipe"", ""27"": ""raw_mediapipe"", ""28"": ""raw_mediapipe"", ""29"": ""raw_mediapipe"", ""30"": ""raw_mediapipe"", ""31"": ""raw_mediapipe"", ""32"": ""raw_mediapipe""}",0.2638,0.0,0.0,0.0,0.2103,0.0,0.0,0.0,0.0,0.0,0.0,0.0,0.0,0.0,0.0,0.0,0.3436,0.0,0.0,0.0,0.4184,0.0,0.0,0.0,0.3311,0.0,0.0,0.0,0.3557,0.0,0.0,0.0,0.0,0.0,0.0,0.0,0.0,0.0,0.0,0.0,0.0,0.0,0.0,0.0,0.0,0.0,0.0,0.0,0.0,0.0
250,8333,6.687616,detected,1,0,unstable,0.7847,0.8581,0.3989,1,0.9697,0.2933,0.0787,0.4884,0.0,0.0,0.0,0.8964,0.8964,0.2351,world,False,"{""0"": ""raw_mediapipe"", ""1"": ""raw_mediapipe"", ""2"": ""raw_mediapipe"", ""3"": ""raw_mediapipe"", ""4"": ""raw_mediapipe"", ""5"": ""raw_mediapipe"", ""6"": ""raw_mediapipe"", ""7"": ""raw_mediapipe"", ""8"": ""raw_mediapipe"", ""9"": ""raw_mediapipe"", ""10"": ""raw_mediapipe"", ""11"": ""raw_mediapipe"", ""12"": ""raw_mediapipe"", ""13"": ""raw_mediapipe"", ""14"": ""raw_mediapipe"", ""15"": ""raw_mediapipe"", ""16"": ""raw_mediapipe"", ""17"": ""raw_mediapipe"", ""18"": ""raw_mediapipe"", ""19"": ""raw_mediapipe"", ""20"": ""raw_mediapipe"", ""21"": ""raw_mediapipe"", ""22"": ""raw_mediapipe"", ""23"": ""raw_mediapipe"", ""24"": ""raw_mediapipe"", ""25"": ""raw_mediapipe"", ""26"": ""raw_mediapipe"", ""27"": ""raw_mediapipe"", ""28"": ""raw_mediapipe"", ""29"": ""raw_mediapipe"", ""30"": ""raw_mediapipe"", ""31"": ""raw_mediapipe"", ""32"": ""raw_mediapipe""}",0.2641,0.0,0.0,0.0,0.2138,0.0,0.0,0.0,0.0,0.0,0.0,0.0,0.0,0.0,0.0,0.0,0.3478,0.0,0.0,0.0,0.418,0.0,0.0,0.0,0.3307,0.0,0.0,0.0,0.355,0.0,0.0,0.0,0.0,0.0,0.0,0.0,0.0,0.0,0.0,0.0,0.0,0.0,0.0,0.0,0.0,0.0,0.0,0.0,0.0,0.0
251,8366,6.713101,detected,1,0,unstable,0.7767,0.8564,0.3779,2,0.9394,0.4739,0.079,0.4451,0.0,0.0,0.0,0.8968,0.8968,0.2341,world,False,"{""0"": ""raw_mediapipe"", ""1"": ""raw_mediapipe"", ""2"": ""raw_mediapipe"", ""3"": ""raw_mediapipe"", ""4"": ""raw_mediapipe"", ""5"": ""raw_mediapipe"", ""6"": ""raw_mediapipe"", ""7"": ""raw_mediapipe"", ""8"": ""raw_mediapipe"", ""9"": ""raw_mediapipe"", ""10"": ""raw_mediapipe"", ""11"": ""raw_mediapipe"", ""12"": ""raw_mediapipe"", ""13"": ""raw_mediapipe"", ""14"": ""raw_mediapipe"", ""15"": ""raw_mediapipe"", ""16"": ""raw_mediapipe"", ""17"": ""raw_mediapipe"", ""18"": ""raw_mediapipe"", ""19"": ""raw_mediapipe"", ""20"": ""raw_mediapipe"", ""21"": ""raw_mediapipe"", ""22"": ""raw_mediapipe"", ""23"": ""raw_mediapipe"", ""24"": ""raw_mediapipe"", ""25"": ""raw_mediapipe"", ""26"": ""raw_mediapipe"", ""27"": ""raw_mediapipe"", ""28"": ""raw_mediapipe"", ""29"": ""raw_mediapipe"", ""30"": ""raw_mediapipe"", ""31"": ""raw_mediapipe"", ""32"": ""raw_mediapipe""}",0.2642,0.0,0.0,0.0,0.2155,0.0,0.0,0.0,0.0,0.0,0.0,0.0,0.0,0.0,0.0,0.0,0.3504,0.0,0.0,0.0,0.4172,0.0,0.0,0.0,0.0,0.0,0.0,0.0,0.0,0.0,0.0,0.0,0.0,0.0,0.0,0.0,0.0,0.0,0.0,0.0,0.0,0.0,0.0,0.0,0.0,0.0,0.0,0.0,0.0,0.0
252,8400,6.749415,detected,1,1,valid,0.8666,0.8558,0.3609,2,0.9394,0.0907,0.0802,0.4867,0.0,0.001774590909090909,0.038584659090909086,0.8972,0.8972,0.2372,world,True,"{""0"": ""raw_mediapipe"", ""1"": ""raw_mediapipe"", ""2"": ""raw_mediapipe"", ""3"": ""raw_mediapipe"", ""4"": ""raw_mediapipe"", ""5"": ""raw_mediapipe"", ""6"": ""raw_mediapipe"", ""7"": ""raw_mediapipe"", ""8"": ""raw_mediapipe"", ""9"": ""raw_mediapipe"", ""10"": ""raw_mediapipe"", ""11"": ""raw_mediapipe"", ""12"": ""raw_mediapipe"", ""13"": ""raw_mediapipe"", ""14"": ""raw_mediapipe"", ""15"": ""raw_mediapipe"", ""16"": ""raw_mediapipe"", ""17"": ""raw_mediapipe"", ""18"": ""raw_mediapipe"", ""19"": ""raw_mediapipe"", ""20"": ""raw_mediapipe"", ""21"": ""raw_mediapipe"", ""22"": ""raw_mediapipe"", ""23"": ""raw_mediapipe"", ""24"": ""raw_mediapipe"", ""25"": ""raw_mediapipe"", ""26"": ""raw_mediapipe"", ""27"": ""raw_mediapipe"", ""28"": ""raw_mediapipe"", ""29"": ""raw_mediapipe"", ""30"": ""raw_mediapipe"", ""31"": ""raw_mediapipe"", ""32"": ""raw_mediapipe""}",0.2638,0.0,0.0,0.0,0.2165,0.0,0.0,0.0,0.0,0.0,0.0,0.0,0.0,0.0,0.0,0.0,0.3521,0.0,0.0,0.0,0.4165,0.0,0.0,0.0,0.0,0.0,0.0,0.0,0.0,0.0,0.0,0.0,0.0,0.0,0.0,0.0,0.0,0.0,0.0,0.0,0.0,0.0,0.0,0.0,0.0,0.0,0.0,0.0,0.0,0.0
253,8433,6.777023,detected,1,1,valid,0.8598,0.856,0.3512,2,0.9394,0.0953,0.0783,0.4341,0.0,0.0017837499999999997,0.038675772727272725,0.8976,0.8976,0.2402,world,True,"{""0"": ""raw_mediapipe"", ""1"": ""raw_mediapipe"", ""2"": ""raw_mediapipe"", ""3"": ""raw_mediapipe"", ""4"": ""raw_mediapipe"", ""5"": ""raw_mediapipe"", ""6"": ""raw_mediapipe"", ""7"": ""raw_mediapipe"", ""8"": ""raw_mediapipe"", ""9"": ""raw_mediapipe"", ""10"": ""raw_mediapipe"", ""11"": ""raw_mediapipe"", ""12"": ""raw_mediapipe"", ""13"": ""raw_mediapipe"", ""14"": ""raw_mediapipe"", ""15"": ""raw_mediapipe"", ""16"": ""raw_mediapipe"", ""17"": ""raw_mediapipe"", ""18"": ""raw_mediapipe"", ""19"": ""raw_mediapipe"", ""20"": ""raw_mediapipe"", ""21"": ""raw_mediapipe"", ""22"": ""raw_mediapipe"", ""23"": ""raw_mediapipe"", ""24"": ""raw_mediapipe"", ""25"": ""raw_mediapipe"", ""26"": ""raw_mediapipe"", ""27"": ""raw_mediapipe"", ""28"": ""raw_mediapipe"", ""29"": ""raw_mediapipe"", ""30"": ""raw_mediapipe"", ""31"": ""raw_mediapipe"", ""32"": ""raw_mediapipe""}",0.2642,0.0,0.0,0.0,0.2164,0.0,0.0,0.0,0.0,0.0,0.0,0.0,0.0,0.0,0.0,0.0,0.3526,0.0,0.0,0.0,0.4142,0.0,0.0,0.0,0.0,0.0,0.0,0.0,0.0,0.0,0.0,0.0,0.0,0.0,0.0,0.0,0.0,0.0,0.0,0.0,0.0,0.0,0.0,0.0,0.0,0.0,0.0,0.0,0.0,0.0
254,8466,6.803519,detected,1,1,valid,0.7858,0.8574,0.3436,2,0.9394,0.1846,0.0729,0.3932,0.0,0.001783568181818182,0.038677500000000004,0.898,0.898,0.2431,world,True,"{""0"": ""raw_mediapipe"", ""1"": ""raw_mediapipe"", ""2"": ""raw_mediapipe"", ""3"": ""raw_mediapipe"", ""4"": ""raw_mediapipe"", ""5"": ""raw_mediapipe"", ""6"": ""raw_mediapipe"", ""7"": ""raw_mediapipe"", ""8"": ""raw_mediapipe"", ""9"": ""raw_mediapipe"", ""10"": ""raw_mediapipe"", ""11"": ""raw_mediapipe"", ""12"": ""raw_mediapipe"", ""13"": ""raw_mediapipe"", ""14"": ""raw_mediapipe"", ""15"": ""raw_mediapipe"", ""16"": ""raw_mediapipe"", ""17"": ""raw_mediapipe"", ""18"": ""raw_mediapipe"", ""19"": ""raw_mediapipe"", ""20"": ""raw_mediapipe"", ""21"": ""raw_mediapipe"", ""22"": ""raw_mediapipe"", ""23"": ""raw_mediapipe"", ""24"": ""raw_mediapipe"", ""25"": ""raw_mediapipe"", ""26"": ""raw_mediapipe"", ""27"": ""raw_mediapipe"", ""28"": ""raw_mediapipe"", ""29"": ""raw_mediapipe"", ""30"": ""raw_mediapipe"", ""31"": ""raw_mediapipe"", ""32"": ""raw_mediapipe""}",0.2645,0.0,0.0,0.0,0.2162,0.0,0.0,0.0,0.0,0.0,0.0,0.0,0.0,0.0,0.0,0.0,0.3532,0.0,0.0,0.0,0.4077,0.0,0.0,0.0,0.0,0.0,0.0,0.0,0.0,0.0,0.0,0.0,0.0,0.0,0.0,0.0,0.0,0.0,0.0,0.0,0.0,0.0,0.0,0.0,0.0,0.0,0.0,0.0,0.0,0.0
255,8500,6.827346,detected,1,0,unstable,0.7671,0.8627,0.3548,2,0.9394,0.8076,0.0743,0.3682,0.0,0.0,0.0,0.8984,0.8984,0.2422,world,False,"{""0"": ""raw_mediapipe"", ""1"": ""raw_mediapipe"", ""2"": ""raw_mediapipe"", ""3"": ""raw_mediapipe"", ""4"": ""raw_mediapipe"", ""5"": ""raw_mediapipe"", ""6"": ""raw_mediapipe"", ""7"": ""raw_mediapipe"", ""8"": ""raw_mediapipe"", ""9"": ""raw_mediapipe"", ""10"": ""raw_mediapipe"", ""11"": ""raw_mediapipe"", ""12"": ""raw_mediapipe"", ""13"": ""raw_mediapipe"", ""14"": ""raw_mediapipe"", ""15"": ""raw_mediapipe"", ""16"": ""raw_mediapipe"", ""17"": ""raw_mediapipe"", ""18"": ""raw_mediapipe"", ""19"": ""raw_mediapipe"", ""20"": ""raw_mediapipe"", ""21"": ""raw_mediapipe"", ""22"": ""raw_mediapipe"", ""23"": ""raw_mediapipe"", ""24"": ""raw_mediapipe"", ""25"": ""raw_mediapipe"", ""26"": ""raw_mediapipe"", ""27"": ""raw_mediapipe"", ""28"": ""raw_mediapipe"", ""29"": ""raw_mediapipe"", ""30"": ""raw_mediapipe"", ""31"": ""raw_mediapipe"", ""32"": ""raw_mediapipe""}",0.2658,0.0,0.0,0.0,0.2147,0.0,0.0,0.0,0.0,0.0,0.0,0.0,0.0,0.0,0.0,0.0,0.3538,0.0,0.0,0.0,0.4003,0.0,0.0,0.0,0.0,0.0,0.0,0.0,0.0,0.0,0.0,0.0,0.0,0.0,0.0,0.0,0.0,0.0,0.0,0.0,0.0,0.0,0.0,0.0,0.0,0.0,0.0,0.0,0.0,0.0
256,8533,6.853641,detected,1,0,unstable,0.7646,0.864,0.3405,2,0.9394,0.3175,0.0731,0.3483,0.0,0.0,0.0,0.8988,0.8988,0.2412,world,False,"{""0"": ""raw_mediapipe"", ""1"": ""raw_mediapipe"", ""2"": ""raw_mediapipe"", ""3"": ""raw_mediapipe"", ""4"": ""raw_mediapipe"", ""5"": ""raw_mediapipe"", ""6"": ""raw_mediapipe"", ""7"": ""raw_mediapipe"", ""8"": ""raw_mediapipe"", ""9"": ""raw_mediapipe"", ""10"": ""raw_mediapipe"", ""11"": ""raw_mediapipe"", ""12"": ""raw_mediapipe"", ""13"": ""raw_mediapipe"", ""14"": ""raw_mediapipe"", ""15"": ""raw_mediapipe"", ""16"": ""raw_mediapipe"", ""17"": ""raw_mediapipe"", ""18"": ""raw_mediapipe"", ""19"": ""raw_mediapipe"", ""20"": ""raw_mediapipe"", ""21"": ""raw_mediapipe"", ""22"": ""raw_mediapipe"", ""23"": ""raw_mediapipe"", ""24"": ""raw_mediapipe"", ""25"": ""raw_mediapipe"", ""26"": ""raw_mediapipe"", ""27"": ""raw_mediapipe"", ""28"": ""raw_mediapipe"", ""29"": ""raw_mediapipe"", ""30"": ""raw_mediapipe"", ""31"": ""raw_mediapipe"", ""32"": ""raw_mediapipe""}",0.2672,0.0,0.0,0.0,0.2149,0.0,0.0,0.0,0.0,0.0,0.0,0.0,0.0,0.0,0.0,0.0,0.3555,0.0,0.0,0.0,0.3939,0.0,0.0,0.0,0.0,0.0,0.0,0.0,0.0,0.0,0.0,0.0,0.0,0.0,0.0,0.0,0.0,0.0,0.0,0.0,0.0,0.0,0.0,0.0,0.0,0.0,0.0,0.0,0.0,0.0
257,8566,6.889058,detected,1,1,valid,0.7848,0.8658,0.3319,2,0.9394,0.1776,0.0693,0.3695,0.0,0.0017703181818181817,0.03856506818181818,0.8992,0.8992,0.2442,world,True,"{""0"": ""raw_mediapipe"", ""1"": ""raw_mediapipe"", ""2"": ""raw_mediapipe"", ""3"": ""raw_mediapipe"", ""4"": ""raw_mediapipe"", ""5"": ""raw_mediapipe"", ""6"": ""raw_mediapipe"", ""7"": ""raw_mediapipe"", ""8"": ""raw_mediapipe"", ""9"": ""raw_mediapipe"", ""10"": ""raw_mediapipe"", ""11"": ""raw_mediapipe"", ""12"": ""raw_mediapipe"", ""13"": ""raw_mediapipe"", ""14"": ""raw_mediapipe"", ""15"": ""raw_mediapipe"", ""16"": ""raw_mediapipe"", ""17"": ""raw_mediapipe"", ""18"": ""raw_mediapipe"", ""19"": ""raw_mediapipe"", ""20"": ""raw_mediapipe"", ""21"": ""raw_mediapipe"", ""22"": ""raw_mediapipe"", ""23"": ""raw_mediapipe"", ""24"": ""raw_mediapipe"", ""25"": ""raw_mediapipe"", ""26"": ""raw_mediapipe"", ""27"": ""raw_mediapipe"", ""28"": ""raw_mediapipe"", ""29"": ""raw_mediapipe"", ""30"": ""raw_mediapipe"", ""31"": ""raw_mediapipe"", ""32"": ""raw_mediapipe""}",0.2686,0.0,0.0,0.0,0.2151,0.0,0.0,0.0,0.0,0.0,0.0,0.0,0.0,0.0,0.0,0.0,0.3592,0.0,0.0,0.0,0.3817,0.0,0.0,0.0,0.0,0.0,0.0,0.0,0.0,0.0,0.0,0.0,0.0,0.0,0.0,0.0,0.0,0.0,0.0,0.0,0.0,0.0,0.0,0.0,0.0,0.0,0.0,0.0,0.0,0.0
258,8600,6.920574,detected,1,0,unstable,0.7531,0.8661,0.323,2,0.9394,0.3081,0.0681,0.4119,0.0,0.0,0.0,0.8996,0.8996,0.2432,world,False,"{""0"": ""raw_mediapipe"", ""1"": ""raw_mediapipe"", ""2"": ""raw_mediapipe"", ""3"": ""raw_mediapipe"", ""4"": ""raw_mediapipe"", ""5"": ""raw_mediapipe"", ""6"": ""raw_mediapipe"", ""7"": ""raw_mediapipe"", ""8"": ""raw_mediapipe"", ""9"": ""raw_mediapipe"", ""10"": ""raw_mediapipe"", ""11"": ""raw_mediapipe"", ""12"": ""raw_mediapipe"", ""13"": ""raw_mediapipe"", ""14"": ""raw_mediapipe"", ""15"": ""raw_mediapipe"", ""16"": ""raw_mediapipe"", ""17"": ""raw_mediapipe"", ""18"": ""raw_mediapipe"", ""19"": ""raw_mediapipe"", ""20"": ""raw_mediapipe"", ""21"": ""raw_mediapipe"", ""22"": ""raw_mediapipe"", ""23"": ""raw_mediapipe"", ""24"": ""raw_mediapipe"", ""25"": ""raw_mediapipe"", ""26"": ""raw_mediapipe"", ""27"": ""raw_mediapipe"", ""28"": ""raw_mediapipe"", ""29"": ""raw_mediapipe"", ""30"": ""raw_mediapipe"", ""31"": ""raw_mediapipe"", ""32"": ""raw_mediapipe""}",0.2689,0.0,0.0,0.0,0.2148,0.0,0.0,0.0,0.0,0.0,0.0,0.0,0.0,0.0,0.0,0.0,0.3625,0.0,0.0,0.0,0.3697,0.0,0.0,0.0,0.0,0.0,0.0,0.0,0.0,0.0,0.0,0.0,0.0,0.0,0.0,0.0,0.0,0.0,0.0,0.0,0.0,0.0,0.0,0.0,0.0,0.0,0.0,0.0,0.0,0.0
259,8633,6.945386,detected,1,1,valid,0.8228,0.8669,0.3172,2,0.9394,0.1317,0.0718,0.4495,0.0,0.0017534999999999996,0.03842597727272727,0.9,0.9,0.2462,world,True,"{""0"": ""raw_mediapipe"", ""1"": ""raw_mediapipe"", ""2"": ""raw_mediapipe"", ""3"": ""raw_mediapipe"", ""4"": ""raw_mediapipe"", ""5"": ""raw_mediapipe"", ""6"": ""raw_mediapipe"", ""7"": ""raw_mediapipe"", ""8"": ""raw_mediapipe"", ""9"": ""raw_mediapipe"", ""10"": ""raw_mediapipe"", ""11"": ""raw_mediapipe"", ""12"": ""raw_mediapipe"", ""13"": ""raw_mediapipe"", ""14"": ""raw_mediapipe"", ""15"": ""raw_mediapipe"", ""16"": ""raw_mediapipe"", ""17"": ""raw_mediapipe"", ""18"": ""raw_mediapipe"", ""19"": ""raw_mediapipe"", ""20"": ""raw_mediapipe"", ""21"": ""raw_mediapipe"", ""22"": ""raw_mediapipe"", ""23"": ""raw_mediapipe"", ""24"": ""raw_mediapipe"", ""25"": ""raw_mediapipe"", ""26"": ""raw_mediapipe"", ""27"": ""raw_mediapipe"", ""28"": ""raw_mediapipe"", ""29"": ""raw_mediapipe"", ""30"": ""raw_mediapipe"", ""31"": ""raw_mediapipe"", ""32"": ""raw_mediapipe""}",0.2689,0.0,0.0,0.0,0.2143,0.0,0.0,0.0,0.0,0.0,0.0,0.0,0.0,0.0,0.0,0.0,0.3652,0.0,0.0,0.0,0.358,0.0,0.0,0.0,0.0,0.0,0.0,0.0,0.0,0.0,0.0,0.0,0.0,0.0,0.0,0.0,0.0,0.0,0.0,0.0,0.0,0.0,0.0,0.0,0.0,0.0,0.0,0.0,0.0,0.0
260,8666,6.977926,detected,1,0,unstable,0.7582,0.8681,0.3172,2,0.9394,0.2363,0.0699,0.4773,0.0,0.0,0.0,0.9004,0.9004,0.2452,world,False,"{""0"": ""raw_mediapipe"", ""1"": ""raw_mediapipe"", ""2"": ""raw_mediapipe"", ""3"": ""raw_mediapipe"", ""4"": ""raw_mediapipe"", ""5"": ""raw_mediapipe"", ""6"": ""raw_mediapipe"", ""7"": ""raw_mediapipe"", ""8"": ""raw_mediapipe"", ""9"": ""raw_mediapipe"", ""10"": ""raw_mediapipe"", ""11"": ""raw_mediapipe"", ""12"": ""raw_mediapipe"", ""13"": ""raw_mediapipe"", ""14"": ""raw_mediapipe"", ""15"": ""raw_mediapipe"", ""16"": ""raw_mediapipe"", ""17"": ""raw_mediapipe"", ""18"": ""raw_mediapipe"", ""19"": ""raw_mediapipe"", ""20"": ""raw_mediapipe"", ""21"": ""raw_mediapipe"", ""22"": ""raw_mediapipe"", ""23"": ""raw_mediapipe"", ""24"": ""raw_mediapipe"", ""25"": ""raw_mediapipe"", ""26"": ""raw_mediapipe"", ""27"": ""raw_mediapipe"", ""28"": ""raw_mediapipe"", ""29"": ""raw_mediapipe"", ""30"": ""raw_mediapipe"", ""31"": ""raw_mediapipe"", ""32"": ""raw_mediapipe""}",0.2689,0.0,0.0,0.0,0.214,0.0,0.0,0.0,0.0,0.0,0.0,0.0,0.0,0.0,0.0,0.0,0.3669,0.0,0.0,0.0,0.3517,0.0,0.0,0.0,0.0,0.0,0.0,0.0,0.0,0.0,0.0,0.0,0.0,0.0,0.0,0.0,0.0,0.0,0.0,0.0,0.0,0.0,0.0,0.0,0.0,0.0,0.0,0.0,0.0,0.0
261,8700,7.003726,detected,1,0,unstable,0.7699,0.8698,0.3137,2,0.9394,0.2363,0.0743,0.5069,0.0,0.0,0.0,0.9008,0.9008,0.2443,world,False,"{""0"": ""raw_mediapipe"", ""1"": ""raw_mediapipe"", ""2"": ""raw_mediapipe"", ""3"": ""raw_mediapipe"", ""4"": ""raw_mediapipe"", ""5"": ""raw_mediapipe"", ""6"": ""raw_mediapipe"", ""7"": ""raw_mediapipe"", ""8"": ""raw_mediapipe"", ""9"": ""raw_mediapipe"", ""10"": ""raw_mediapipe"", ""11"": ""raw_mediapipe"", ""12"": ""raw_mediapipe"", ""13"": ""raw_mediapipe"", ""14"": ""raw_mediapipe"", ""15"": ""raw_mediapipe"", ""16"": ""raw_mediapipe"", ""17"": ""raw_mediapipe"", ""18"": ""raw_mediapipe"", ""19"": ""raw_mediapipe"", ""20"": ""raw_mediapipe"", ""21"": ""raw_mediapipe"", ""22"": ""raw_mediapipe"", ""23"": ""raw_mediapipe"", ""24"": ""raw_mediapipe"", ""25"": ""raw_mediapipe"", ""26"": ""raw_mediapipe"", ""27"": ""raw_mediapipe"", ""28"": ""raw_mediapipe"", ""29"": ""raw_mediapipe"", ""30"": ""raw_mediapipe"", ""31"": ""raw_mediapipe"", ""32"": ""raw_mediapipe""}",0.2687,0.0,0.0,0.0,0.2131,0.0,0.0,0.0,0.0,0.0,0.0,0.0,0.0,0.0,0.0,0.0,0.37,0.0,0.0,0.0,0.3448,0.0,0.0,0.0,0.0,0.0,0.0,0.0,0.0,0.0,0.0,0.0,0.0,0.0,0.0,0.0,0.0,0.0,0.0,0.0,0.0,0.0,0.0,0.0,0.0,0.0,0.0,0.0,0.0,0.0
262,8733,7.028251,detected,1,1,valid,0.8269,0.872,0.3212,2,0.9394,0.1418,0.0754,0.52,0.0,0.0017394545454545453,0.03833763636363636,0.9011,0.9011,0.2471,world,True,"{""0"": ""raw_mediapipe"", ""1"": ""raw_mediapipe"", ""2"": ""raw_mediapipe"", ""3"": ""raw_mediapipe"", ""4"": ""raw_mediapipe"", ""5"": ""raw_mediapipe"", ""6"": ""raw_mediapipe"", ""7"": ""raw_mediapipe"", ""8"": ""raw_mediapipe"", ""9"": ""raw_mediapipe"", ""10"": ""raw_mediapipe"", ""11"": ""raw_mediapipe"", ""12"": ""raw_mediapipe"", ""13"": ""raw_mediapipe"", ""14"": ""raw_mediapipe"", ""15"": ""raw_mediapipe"", ""16"": ""raw_mediapipe"", ""17"": ""raw_mediapipe"", ""18"": ""raw_mediapipe"", ""19"": ""raw_mediapipe"", ""20"": ""raw_mediapipe"", ""21"": ""raw_mediapipe"", ""22"": ""raw_mediapipe"", ""23"": ""raw_mediapipe"", ""24"": ""raw_mediapipe"", ""25"": ""raw_mediapipe"", ""26"": ""raw_mediapipe"", ""27"": ""raw_mediapipe"", ""28"": ""raw_mediapipe"", ""29"": ""raw_mediapipe"", ""30"": ""raw_mediapipe"", ""31"": ""raw_mediapipe"", ""32"": ""raw_mediapipe""}",0.2683,0.0,0.0,0.0,0.212,0.0,0.0,0.0,0.0,0.0,0.0,0.0,0.0,0.0,0.0,0.0,0.3725,0.0,0.0,0.0,0.3375,0.0,0.0,0.0,0.0,0.0,0.0,0.0,0.0,0.0,0.0,0.0,0.0,0.0,0.0,0.0,0.0,0.0,0.0,0.0,0.0,0.0,0.0,0.0,0.0,0.0,0.0,0.0,0.0,0.0
263,8766,7.052398,detected,1,1,valid,0.8511,0.8714,0.3195,2,0.9394,0.1067,0.0756,0.5096,0.0,0.0017264545454545453,0.03826245454545454,0.9015,0.9015,0.25,world,True,"{""0"": ""raw_mediapipe"", ""1"": ""raw_mediapipe"", ""2"": ""raw_mediapipe"", ""3"": ""raw_mediapipe"", ""4"": ""raw_mediapipe"", ""5"": ""raw_mediapipe"", ""6"": ""raw_mediapipe"", ""7"": ""raw_mediapipe"", ""8"": ""raw_mediapipe"", ""9"": ""raw_mediapipe"", ""10"": ""raw_mediapipe"", ""11"": ""raw_mediapipe"", ""12"": ""raw_mediapipe"", ""13"": ""raw_mediapipe"", ""14"": ""raw_mediapipe"", ""15"": ""raw_mediapipe"", ""16"": ""raw_mediapipe"", ""17"": ""raw_mediapipe"", ""18"": ""raw_mediapipe"", ""19"": ""raw_mediapipe"", ""20"": ""raw_mediapipe"", ""21"": ""raw_mediapipe"", ""22"": ""raw_mediapipe"", ""23"": ""raw_mediapipe"", ""24"": ""raw_mediapipe"", ""25"": ""raw_mediapipe"", ""26"": ""raw_mediapipe"", ""27"": ""raw_mediapipe"", ""28"": ""raw_mediapipe"", ""29"": ""raw_mediapipe"", ""30"": ""raw_mediapipe"", ""31"": ""raw_mediapipe"", ""32"": ""raw_mediapipe""}",0.2679,0.0,0.0,0.0,0.2108,0.0,0.0,0.0,0.0,0.0,0.0,0.0,0.0,0.0,0.0,0.0,0.374,0.0,0.0,0.0,0.3325,0.0,0.0,0.0,0.0,0.0,0.0,0.0,0.0,0.0,0.0,0.0,0.0,0.0,0.0,0.0,0.0,0.0,0.0,0.0,0.0,0.0,0.0,0.0,0.0,0.0,0.0,0.0,0.0,0.0
264,8800,7.08353,detected,1,1,valid,0.7811,0.8715,0.3185,2,0.9394,0.211,0.076,0.4981,0.0,0.0017147272727272725,0.038197272727272726,0.9019,0.9019,0.2528,world,True,"{""0"": ""raw_mediapipe"", ""1"": ""raw_mediapipe"", ""2"": ""raw_mediapipe"", ""3"": ""raw_mediapipe"", ""4"": ""raw_mediapipe"", ""5"": ""raw_mediapipe"", ""6"": ""raw_mediapipe"", ""7"": ""raw_mediapipe"", ""8"": ""raw_mediapipe"", ""9"": ""raw_mediapipe"", ""10"": ""raw_mediapipe"", ""11"": ""raw_mediapipe"", ""12"": ""raw_mediapipe"", ""13"": ""raw_mediapipe"", ""14"": ""raw_mediapipe"", ""15"": ""raw_mediapipe"", ""16"": ""raw_mediapipe"", ""17"": ""raw_mediapipe"", ""18"": ""raw_mediapipe"", ""19"": ""raw_mediapipe"", ""20"": ""raw_mediapipe"", ""21"": ""raw_mediapipe"", ""22"": ""raw_mediapipe"", ""23"": ""raw_mediapipe"", ""24"": ""raw_mediapipe"", ""25"": ""raw_mediapipe"", ""26"": ""raw_mediapipe"", ""27"": ""raw_mediapipe"", ""28"": ""raw_mediapipe"", ""29"": ""raw_mediapipe"", ""30"": ""raw_mediapipe"", ""31"": ""raw_mediapipe"", ""32"": ""raw_mediapipe""}",0.2672,0.0,0.0,0.0,0.2102,0.0,0.0,0.0,0.0,0.0,0.0,0.0,0.0,0.0,0.0,0.0,0.3751,0.0,0.0,0.0,0.33,0.0,0.0,0.0,0.0,0.0,0.0,0.0,0.0,0.0,0.0,0.0,0.0,0.0,0.0,0.0,0.0,0.0,0.0,0.0,0.0,0.0,0.0,0.0,0.0,0.0,0.0,0.0,0.0,0.0
265,8833,7.115376,detected,1,1,valid,0.8601,0.8711,0.3165,2,0.9394,0.0847,0.0733,0.4905,0.0,0.0017037499999999998,0.038138068181818176,0.9023,0.9023,0.2556,world,True,"{""0"": ""raw_mediapipe"", ""1"": ""raw_mediapipe"", ""2"": ""raw_mediapipe"", ""3"": ""raw_mediapipe"", ""4"": ""raw_mediapipe"", ""5"": ""raw_mediapipe"", ""6"": ""raw_mediapipe"", ""7"": ""raw_mediapipe"", ""8"": ""raw_mediapipe"", ""9"": ""raw_mediapipe"", ""10"": ""raw_mediapipe"", ""11"": ""raw_mediapipe"", ""12"": ""raw_mediapipe"", ""13"": ""raw_mediapipe"", ""14"": ""raw_mediapipe"", ""15"": ""raw_mediapipe"", ""16"": ""raw_mediapipe"", ""17"": ""raw_mediapipe"", ""18"": ""raw_mediapipe"", ""19"": ""raw_mediapipe"", ""20"": ""raw_mediapipe"", ""21"": ""raw_mediapipe"", ""22"": ""raw_mediapipe"", ""23"": ""raw_mediapipe"", ""24"": ""raw_mediapipe"", ""25"": ""raw_mediapipe"", ""26"": ""raw_mediapipe"", ""27"": ""raw_mediapipe"", ""28"": ""raw_mediapipe"", ""29"": ""raw_mediapipe"", ""30"": ""raw_mediapipe"", ""31"": ""raw_mediapipe"", ""32"": ""raw_mediapipe""}",0.2666,0.0,0.0,0.0,0.2096,0.0,0.0,0.0,0.0,0.0,0.0,0.0,0.0,0.0,0.0,0.0,0.3758,0.0,0.0,0.0,0.3274,0.0,0.0,0.0,0.0,0.0,0.0,0.0,0.0,0.0,0.0,0.0,0.0,0.0,0.0,0.0,0.0,0.0,0.0,0.0,0.0,0.0,0.0,0.0,0.0,0.0,0.0,0.0,0.0,0.0
266,8866,7.140685,detected,1,1,valid,0.877,0.8714,0.3155,2,0.9394,0.0539,0.0716,0.4815,0.0,0.0016929318181818183,0.03807045454545453,0.9026,0.9026,0.2584,world,True,"{""0"": ""raw_mediapipe"", ""1"": ""raw_mediapipe"", ""2"": ""raw_mediapipe"", ""3"": ""raw_mediapipe"", ""4"": ""raw_mediapipe"", ""5"": ""raw_mediapipe"", ""6"": ""raw_mediapipe"", ""7"": ""raw_mediapipe"", ""8"": ""raw_mediapipe"", ""9"": ""raw_mediapipe"", ""10"": ""raw_mediapipe"", ""11"": ""raw_mediapipe"", ""12"": ""raw_mediapipe"", ""13"": ""raw_mediapipe"", ""14"": ""raw_mediapipe"", ""15"": ""raw_mediapipe"", ""16"": ""raw_mediapipe"", ""17"": ""raw_mediapipe"", ""18"": ""raw_mediapipe"", ""19"": ""raw_mediapipe"", ""20"": ""raw_mediapipe"", ""21"": ""raw_mediapipe"", ""22"": ""raw_mediapipe"", ""23"": ""raw_mediapipe"", ""24"": ""raw_mediapipe"", ""25"": ""raw_mediapipe"", ""26"": ""raw_mediapipe"", ""27"": ""raw_mediapipe"", ""28"": ""raw_mediapipe"", ""29"": ""raw_mediapipe"", ""30"": ""raw_mediapipe"", ""31"": ""raw_mediapipe"", ""32"": ""raw_mediapipe""}",0.266,0.0,0.0,0.0,0.209,0.0,0.0,0.0,0.0,0.0,0.0,0.0,0.0,0.0,0.0,0.0,0.375,0.0,0.0,0.0,0.3297,0.0,0.0,0.0,0.0,0.0,0.0,0.0,0.0,0.0,0.0,0.0,0.0,0.0,0.0,0.0,0.0,0.0,0.0,0.0,0.0,0.0,0.0,0.0,0.0,0.0,0.0,0.0,0.0,0.0
267,8900,7.1717,detected,1,1,valid,0.873,0.8716,0.3111,2,0.9394,0.0689,0.074,0.4737,0.0,0.0016813863636363636,0.03798831818181817,0.903,0.903,0.2612,world,True,"{""0"": ""raw_mediapipe"", ""1"": ""raw_mediapipe"", ""2"": ""raw_mediapipe"", ""3"": ""raw_mediapipe"", ""4"": ""raw_mediapipe"", ""5"": ""raw_mediapipe"", ""6"": ""raw_mediapipe"", ""7"": ""raw_mediapipe"", ""8"": ""raw_mediapipe"", ""9"": ""raw_mediapipe"", ""10"": ""raw_mediapipe"", ""11"": ""raw_mediapipe"", ""12"": ""raw_mediapipe"", ""13"": ""raw_mediapipe"", ""14"": ""raw_mediapipe"", ""15"": ""raw_mediapipe"", ""16"": ""raw_mediapipe"", ""17"": ""raw_mediapipe"", ""18"": ""raw_mediapipe"", ""19"": ""raw_mediapipe"", ""20"": ""raw_mediapipe"", ""21"": ""raw_mediapipe"", ""22"": ""raw_mediapipe"", ""23"": ""raw_mediapipe"", ""24"": ""raw_mediapipe"", ""25"": ""raw_mediapipe"", ""26"": ""raw_mediapipe"", ""27"": ""raw_mediapipe"", ""28"": ""raw_mediapipe"", ""29"": ""raw_mediapipe"", ""30"": ""raw_mediapipe"", ""31"": ""raw_mediapipe"", ""32"": ""raw_mediapipe""}",0.2656,0.0,0.0,0.0,0.2084,0.0,0.0,0.0,0.0,0.0,0.0,0.0,0.0,0.0,0.0,0.0,0.3742,0.0,0.0,0.0,0.3346,0.0,0.0,0.0,0.0,0.0,0.0,0.0,0.0,0.0,0.0,0.0,0.0,0.0,0.0,0.0,0.0,0.0,0.0,0.0,0.0,0.0,0.0,0.0,0.0,0.0,0.0,0.0,0.0,0.0
268,8933,7.203124,detected,1,1,valid,0.859,0.8717,0.3101,3,0.9091,0.0947,0.0787,0.4586,0.0,0.001669022727272727,0.037894227272727274,0.9033,0.9033,0.2639,world,True,"{""0"": ""raw_mediapipe"", ""1"": ""raw_mediapipe"", ""2"": ""raw_mediapipe"", ""3"": ""raw_mediapipe"", ""4"": ""raw_mediapipe"", ""5"": ""raw_mediapipe"", ""6"": ""raw_mediapipe"", ""7"": ""raw_mediapipe"", ""8"": ""raw_mediapipe"", ""9"": ""raw_mediapipe"", ""10"": ""raw_mediapipe"", ""11"": ""raw_mediapipe"", ""12"": ""raw_mediapipe"", ""13"": ""raw_mediapipe"", ""14"": ""raw_mediapipe"", ""15"": ""raw_mediapipe"", ""16"": ""raw_mediapipe"", ""17"": ""raw_mediapipe"", ""18"": ""raw_mediapipe"", ""19"": ""raw_mediapipe"", ""20"": ""raw_mediapipe"", ""21"": ""raw_mediapipe"", ""22"": ""raw_mediapipe"", ""23"": ""raw_mediapipe"", ""24"": ""raw_mediapipe"", ""25"": ""raw_mediapipe"", ""26"": ""raw_mediapipe"", ""27"": ""raw_mediapipe"", ""28"": ""raw_mediapipe"", ""29"": ""raw_mediapipe"", ""30"": ""raw_mediapipe"", ""31"": ""raw_mediapipe"", ""32"": ""raw_mediapipe""}",0.2656,0.0,0.0,0.0,0.2079,0.0,0.0,0.0,0.0,0.0,0.0,0.0,0.0,0.0,0.0,0.0,0.3736,0.0,0.0,0.0,0.3402,0.0,0.0,0.0,0.0,0.0,0.0,0.0,0.0,0.0,0.0,0.0,0.0,0.0,0.0,0.0,0.0,0.0,0.0,0.0,0.0,0.0,0.0,0.0,0.0,0.0,0.0,0.0,0.0,0.0
269,8966,7.231768,detected,1,1,valid,0.8716,0.8712,0.3091,3,0.9091,0.0736,0.0819,0.4417,0.0,0.0016567954545454544,0.03778970454545454,0.9037,0.9037,0.2667,world,True,"{""0"": ""raw_mediapipe"", ""1"": ""raw_mediapipe"", ""2"": ""raw_mediapipe"", ""3"": ""raw_mediapipe"", ""4"": ""raw_mediapipe"", ""5"": ""raw_mediapipe"", ""6"": ""raw_mediapipe"", ""7"": ""raw_mediapipe"", ""8"": ""raw_mediapipe"", ""9"": ""raw_mediapipe"", ""10"": ""raw_mediapipe"", ""11"": ""raw_mediapipe"", ""12"": ""raw_mediapipe"", ""13"": ""raw_mediapipe"", ""14"": ""raw_mediapipe"", ""15"": ""raw_mediapipe"", ""16"": ""raw_mediapipe"", ""17"": ""raw_mediapipe"", ""18"": ""raw_mediapipe"", ""19"": ""raw_mediapipe"", ""20"": ""raw_mediapipe"", ""21"": ""raw_mediapipe"", ""22"": ""raw_mediapipe"", ""23"": ""raw_mediapipe"", ""24"": ""raw_mediapipe"", ""25"": ""raw_mediapipe"", ""26"": ""raw_mediapipe"", ""27"": ""raw_mediapipe"", ""28"": ""raw_mediapipe"", ""29"": ""raw_mediapipe"", ""30"": ""raw_mediapipe"", ""31"": ""raw_mediapipe"", ""32"": ""raw_mediapipe""}",0.2656,0.0,0.0,0.0,0.2072,0.0,0.0,0.0,0.0,0.0,0.0,0.0,0.0,0.0,0.0,0.0,0.3733,0.0,0.0,0.0,0.3471,0.0,0.0,0.0,0.0,0.0,0.0,0.0,0.0,0.0,0.0,0.0,0.0,0.0,0.0,0.0,0.0,0.0,0.0,0.0,0.0,0.0,0.0,0.0,0.0,0.0,0.0,0.0,0.0,0.0
270,9000,7.259524,detected,1,1,valid,0.8701,0.8689,0.2999,5,0.8485,0.0488,0.0824,0.42,0.0,0.0016445681818181815,0.03768006818181818,0.9041,0.9041,0.2694,world,True,"{""0"": ""raw_mediapipe"", ""1"": ""raw_mediapipe"", ""2"": ""raw_mediapipe"", ""3"": ""raw_mediapipe"", ""4"": ""raw_mediapipe"", ""5"": ""raw_mediapipe"", ""6"": ""raw_mediapipe"", ""7"": ""raw_mediapipe"", ""8"": ""raw_mediapipe"", ""9"": ""raw_mediapipe"", ""10"": ""raw_mediapipe"", ""11"": ""raw_mediapipe"", ""12"": ""raw_mediapipe"", ""13"": ""raw_mediapipe"", ""14"": ""raw_mediapipe"", ""15"": ""raw_mediapipe"", ""16"": ""raw_mediapipe"", ""17"": ""raw_mediapipe"", ""18"": ""raw_mediapipe"", ""19"": ""raw_mediapipe"", ""20"": ""raw_mediapipe"", ""21"": ""raw_mediapipe"", ""22"": ""raw_mediapipe"", ""23"": ""raw_mediapipe"", ""24"": ""raw_mediapipe"", ""25"": ""raw_mediapipe"", ""26"": ""raw_mediapipe"", ""27"": ""raw_mediapipe"", ""28"": ""raw_mediapipe"", ""29"": ""raw_mediapipe"", ""30"": ""raw_mediapipe"", ""31"": ""raw_mediapipe"", ""32"": ""raw_mediapipe""}",0.2658,0.0,0.0,0.0,0.2067,0.0,0.0,0.0,0.0,0.0,0.0,0.0,0.0,0.0,0.0,0.0,0.3734,0.0,0.0,0.0,0.3548,0.0,0.0,0.0,0.0,0.0,0.0,0.0,0.0,0.0,0.0,0.0,0.0,0.0,0.0,0.0,0.0,0.0,0.0,0.0,0.0,0.0,0.0,0.0,0.0,0.0,0.0,0.0,0.0,0.0
271,9033,7.286483,detected,1,1,valid,0.8685,0.8655,0.2863,6,0.8182,0.0369,0.0825,0.4008,0.0,0.0016321590909090908,0.03756963636363637,0.9044,0.9044,0.2721,world,True,"{""0"": ""raw_mediapipe"", ""1"": ""raw_mediapipe"", ""2"": ""raw_mediapipe"", ""3"": ""raw_mediapipe"", ""4"": ""raw_mediapipe"", ""5"": ""raw_mediapipe"", ""6"": ""raw_mediapipe"", ""7"": ""raw_mediapipe"", ""8"": ""raw_mediapipe"", ""9"": ""raw_mediapipe"", ""10"": ""raw_mediapipe"", ""11"": ""raw_mediapipe"", ""12"": ""raw_mediapipe"", ""13"": ""raw_mediapipe"", ""14"": ""raw_mediapipe"", ""15"": ""raw_mediapipe"", ""16"": ""raw_mediapipe"", ""17"": ""raw_mediapipe"", ""18"": ""raw_mediapipe"", ""19"": ""raw_mediapipe"", ""20"": ""raw_mediapipe"", ""21"": ""raw_mediapipe"", ""22"": ""raw_mediapipe"", ""23"": ""raw_mediapipe"", ""24"": ""raw_mediapipe"", ""25"": ""raw_mediapipe"", ""26"": ""raw_mediapipe"", ""27"": ""raw_mediapipe"", ""28"": ""raw_mediapipe"", ""29"": ""raw_mediapipe"", ""30"": ""raw_mediapipe"", ""31"": ""raw_mediapipe"", ""32"": ""raw_mediapipe""}",0.2658,0.0,0.0,0.0,0.2066,0.0,0.0,0.0,0.0,0.0,0.0,0.0,0.0,0.0,0.0,0.0,0.3743,0.0,0.0,0.0,0.3605,0.0,0.0,0.0,0.0,0.0,0.0,0.0,0.0,0.0,0.0,0.0,0.0,0.0,0.0,0.0,0.0,0.0,0.0,0.0,0.0,0.0,0.0,0.0,0.0,0.0,0.0,0.0,0.0,0.0
272,9066,7.312339,detected,1,1,valid,0.8684,0.8636,0.2749,6,0.8182,0.0375,0.0821,0.3825,0.0,0.0016202954545454546,0.03746390909090909,0.9048,0.9048,0.2747,world,True,"{""0"": ""raw_mediapipe"", ""1"": ""raw_mediapipe"", ""2"": ""raw_mediapipe"", ""3"": ""raw_mediapipe"", ""4"": ""raw_mediapipe"", ""5"": ""raw_mediapipe"", ""6"": ""raw_mediapipe"", ""7"": ""raw_mediapipe"", ""8"": ""raw_mediapipe"", ""9"": ""raw_mediapipe"", ""10"": ""raw_mediapipe"", ""11"": ""raw_mediapipe"", ""12"": ""raw_mediapipe"", ""13"": ""raw_mediapipe"", ""14"": ""raw_mediapipe"", ""15"": ""raw_mediapipe"", ""16"": ""raw_mediapipe"", ""17"": ""raw_mediapipe"", ""18"": ""raw_mediapipe"", ""19"": ""raw_mediapipe"", ""20"": ""raw_mediapipe"", ""21"": ""raw_mediapipe"", ""22"": ""raw_mediapipe"", ""23"": ""raw_mediapipe"", ""24"": ""raw_mediapipe"", ""25"": ""raw_mediapipe"", ""26"": ""raw_mediapipe"", ""27"": ""raw_mediapipe"", ""28"": ""raw_mediapipe"", ""29"": ""raw_mediapipe"", ""30"": ""raw_mediapipe"", ""31"": ""raw_mediapipe"", ""32"": ""raw_mediapipe""}",0.2661,0.0,0.0,0.0,0.2072,0.0,0.0,0.0,0.0,0.0,0.0,0.0,0.0,0.0,0.0,0.0,0.3765,0.0,0.0,0.0,0.3652,0.0,0.0,0.0,0.0,0.0,0.0,0.0,0.0,0.0,0.0,0.0,0.0,0.0,0.0,0.0,0.0,0.0,0.0,0.0,0.0,0.0,0.0,0.0,0.0,0.0,0.0,0.0,0.0,0.0
273,9100,7.340265,detected,1,1,valid,0.8723,0.8617,0.2609,6,0.8182,0.0318,0.0818,0.366,0.0,0.0016085909090909091,0.03736538636363636,0.9051,0.9051,0.2774,world,True,"{""0"": ""raw_mediapipe"", ""1"": ""raw_mediapipe"", ""2"": ""raw_mediapipe"", ""3"": ""raw_mediapipe"", ""4"": ""raw_mediapipe"", ""5"": ""raw_mediapipe"", ""6"": ""raw_mediapipe"", ""7"": ""raw_mediapipe"", ""8"": ""raw_mediapipe"", ""9"": ""raw_mediapipe"", ""10"": ""raw_mediapipe"", ""11"": ""raw_mediapipe"", ""12"": ""raw_mediapipe"", ""13"": ""raw_mediapipe"", ""14"": ""raw_mediapipe"", ""15"": ""raw_mediapipe"", ""16"": ""raw_mediapipe"", ""17"": ""raw_mediapipe"", ""18"": ""raw_mediapipe"", ""19"": ""raw_mediapipe"", ""20"": ""raw_mediapipe"", ""21"": ""raw_mediapipe"", ""22"": ""raw_mediapipe"", ""23"": ""raw_mediapipe"", ""24"": ""raw_mediapipe"", ""25"": ""raw_mediapipe"", ""26"": ""raw_mediapipe"", ""27"": ""raw_mediapipe"", ""28"": ""raw_mediapipe"", ""29"": ""raw_mediapipe"", ""30"": ""raw_mediapipe"", ""31"": ""raw_mediapipe"", ""32"": ""raw_mediapipe""}",0.2664,0.0,0.0,0.0,0.208,0.0,0.0,0.0,0.0,0.0,0.0,0.0,0.0,0.0,0.0,0.0,0.379,0.0,0.0,0.0,0.3694,0.0,0.0,0.0,0.0,0.0,0.0,0.0,0.0,0.0,0.0,0.0,0.0,0.0,0.0,0.0,0.0,0.0,0.0,0.0,0.0,0.0,0.0,0.0,0.0,0.0,0.0,0.0,0.0,0.0
274,9133,7.364729,detected,1,0,unstable,0.7454,0.8565,0.2446,6,0.8182,0.2218,0.0796,0.3597,0.0,0.0,0.0,0.9055,0.9055,0.2764,world,False,"{""0"": ""raw_mediapipe"", ""1"": ""raw_mediapipe"", ""2"": ""raw_mediapipe"", ""3"": ""raw_mediapipe"", ""4"": ""raw_mediapipe"", ""5"": ""raw_mediapipe"", ""6"": ""raw_mediapipe"", ""7"": ""raw_mediapipe"", ""8"": ""raw_mediapipe"", ""9"": ""raw_mediapipe"", ""10"": ""raw_mediapipe"", ""11"": ""raw_mediapipe"", ""12"": ""raw_mediapipe"", ""13"": ""raw_mediapipe"", ""14"": ""raw_mediapipe"", ""15"": ""raw_mediapipe"", ""16"": ""raw_mediapipe"", ""17"": ""raw_mediapipe"", ""18"": ""raw_mediapipe"", ""19"": ""raw_mediapipe"", ""20"": ""raw_mediapipe"", ""21"": ""raw_mediapipe"", ""22"": ""raw_mediapipe"", ""23"": ""raw_mediapipe"", ""24"": ""raw_mediapipe"", ""25"": ""raw_mediapipe"", ""26"": ""raw_mediapipe"", ""27"": ""raw_mediapipe"", ""28"": ""raw_mediapipe"", ""29"": ""raw_mediapipe"", ""30"": ""raw_mediapipe"", ""31"": ""raw_mediapipe"", ""32"": ""raw_mediapipe""}",0.2668,0.0,0.0,0.0,0.2085,0.0,0.0,0.0,0.0,0.0,0.0,0.0,0.0,0.0,0.0,0.0,0.3814,0.0,0.0,0.0,0.3731,0.0,0.0,0.0,0.0,0.0,0.0,0.0,0.0,0.0,0.0,0.0,0.0,0.0,0.0,0.0,0.0,0.0,0.0,0.0,0.0,0.0,0.0,0.0,0.0,0.0,0.0,0.0,0.0,0.0
275,9166,7.390811,detected,1,0,unstable,0.7404,0.854,0.2368,6,0.8182,0.2677,0.078,0.399,0.0,0.0,0.0,0.9058,0.9058,0.2754,world,False,"{""0"": ""raw_mediapipe"", ""1"": ""raw_mediapipe"", ""2"": ""raw_mediapipe"", ""3"": ""raw_mediapipe"", ""4"": ""raw_mediapipe"", ""5"": ""raw_mediapipe"", ""6"": ""raw_mediapipe"", ""7"": ""raw_mediapipe"", ""8"": ""raw_mediapipe"", ""9"": ""raw_mediapipe"", ""10"": ""raw_mediapipe"", ""11"": ""raw_mediapipe"", ""12"": ""raw_mediapipe"", ""13"": ""raw_mediapipe"", ""14"": ""raw_mediapipe"", ""15"": ""raw_mediapipe"", ""16"": ""raw_mediapipe"", ""17"": ""raw_mediapipe"", ""18"": ""raw_mediapipe"", ""19"": ""raw_mediapipe"", ""20"": ""raw_mediapipe"", ""21"": ""raw_mediapipe"", ""22"": ""raw_mediapipe"", ""23"": ""raw_mediapipe"", ""24"": ""raw_mediapipe"", ""25"": ""raw_mediapipe"", ""26"": ""raw_mediapipe"", ""27"": ""raw_mediapipe"", ""28"": ""raw_mediapipe"", ""29"": ""raw_mediapipe"", ""30"": ""raw_mediapipe"", ""31"": ""raw_mediapipe"", ""32"": ""raw_mediapipe""}",0.2667,0.0,0.0,0.0,0.2089,0.0,0.0,0.0,0.0,0.0,0.0,0.0,0.0,0.0,0.0,0.0,0.3832,0.0,0.0,0.0,0.3775,0.0,0.0,0.0,0.0,0.0,0.0,0.0,0.0,0.0,0.0,0.0,0.0,0.0,0.0,0.0,0.0,0.0,0.0,0.0,0.0,0.0,0.0,0.0,0.0,0.0,0.0,0.0,0.0,0.0
276,9200,7.416499,detected,1,1,valid,0.7711,0.8501,0.226,6,0.8182,0.1743,0.0784,0.4493,0.0,0.001596272727272727,0.03727159090909091,0.9061,0.9061,0.278,world,True,"{""0"": ""raw_mediapipe"", ""1"": ""raw_mediapipe"", ""2"": ""raw_mediapipe"", ""3"": ""raw_mediapipe"", ""4"": ""raw_mediapipe"", ""5"": ""raw_mediapipe"", ""6"": ""raw_mediapipe"", ""7"": ""raw_mediapipe"", ""8"": ""raw_mediapipe"", ""9"": ""raw_mediapipe"", ""10"": ""raw_mediapipe"", ""11"": ""raw_mediapipe"", ""12"": ""raw_mediapipe"", ""13"": ""raw_mediapipe"", ""14"": ""raw_mediapipe"", ""15"": ""raw_mediapipe"", ""16"": ""raw_mediapipe"", ""17"": ""raw_mediapipe"", ""18"": ""raw_mediapipe"", ""19"": ""raw_mediapipe"", ""20"": ""raw_mediapipe"", ""21"": ""raw_mediapipe"", ""22"": ""raw_mediapipe"", ""23"": ""raw_mediapipe"", ""24"": ""raw_mediapipe"", ""25"": ""raw_mediapipe"", ""26"": ""raw_mediapipe"", ""27"": ""raw_mediapipe"", ""28"": ""raw_mediapipe"", ""29"": ""raw_mediapipe"", ""30"": ""raw_mediapipe"", ""31"": ""raw_mediapipe"", ""32"": ""raw_mediapipe""}",0.2665,0.0,0.0,0.0,0.2095,0.0,0.0,0.0,0.0,0.0,0.0,0.0,0.0,0.0,0.0,0.0,0.3854,0.0,0.0,0.0,0.3819,0.0,0.0,0.0,0.0,0.0,0.0,0.0,0.0,0.0,0.0,0.0,0.0,0.0,0.0,0.0,0.0,0.0,0.0,0.0,0.0,0.0,0.0,0.0,0.0,0.0,0.0,0.0,0.0,0.0
277,9233,7.448101,detected,1,1,valid,0.8508,0.8446,0.2127,6,0.8182,0.0547,0.0785,0.4494,0.0,0.001584772727272727,0.03718543181818182,0.9065,0.9065,0.2806,world,True,"{""0"": ""raw_mediapipe"", ""1"": ""raw_mediapipe"", ""2"": ""raw_mediapipe"", ""3"": ""raw_mediapipe"", ""4"": ""raw_mediapipe"", ""5"": ""raw_mediapipe"", ""6"": ""raw_mediapipe"", ""7"": ""raw_mediapipe"", ""8"": ""raw_mediapipe"", ""9"": ""raw_mediapipe"", ""10"": ""raw_mediapipe"", ""11"": ""raw_mediapipe"", ""12"": ""raw_mediapipe"", ""13"": ""raw_mediapipe"", ""14"": ""raw_mediapipe"", ""15"": ""raw_mediapipe"", ""16"": ""raw_mediapipe"", ""17"": ""raw_mediapipe"", ""18"": ""raw_mediapipe"", ""19"": ""raw_mediapipe"", ""20"": ""raw_mediapipe"", ""21"": ""raw_mediapipe"", ""22"": ""raw_mediapipe"", ""23"": ""raw_mediapipe"", ""24"": ""raw_mediapipe"", ""25"": ""raw_mediapipe"", ""26"": ""raw_mediapipe"", ""27"": ""raw_mediapipe"", ""28"": ""raw_mediapipe"", ""29"": ""raw_mediapipe"", ""30"": ""raw_mediapipe"", ""31"": ""raw_mediapipe"", ""32"": ""raw_mediapipe""}",0.2662,0.0,0.0,0.0,0.2102,0.0,0.0,0.0,0.0,0.0,0.0,0.0,0.0,0.0,0.0,0.0,0.3873,0.0,0.0,0.0,0.3864,0.0,0.0,0.0,0.0,0.0,0.0,0.0,0.0,0.0,0.0,0.0,0.0,0.0,0.0,0.0,0.0,0.0,0.0,0.0,0.0,0.0,0.0,0.0,0.0,0.0,0.0,0.0,0.0,0.0
278,9266,7.480484,detected,1,1,valid,0.8167,0.8395,0.2074,6,0.8182,0.1037,0.079,0.4424,0.0,0.0015737954545454545,0.03710375,0.9068,0.9068,0.2832,world,True,"{""0"": ""raw_mediapipe"", ""1"": ""raw_mediapipe"", ""2"": ""raw_mediapipe"", ""3"": ""raw_mediapipe"", ""4"": ""raw_mediapipe"", ""5"": ""raw_mediapipe"", ""6"": ""raw_mediapipe"", ""7"": ""raw_mediapipe"", ""8"": ""raw_mediapipe"", ""9"": ""raw_mediapipe"", ""10"": ""raw_mediapipe"", ""11"": ""raw_mediapipe"", ""12"": ""raw_mediapipe"", ""13"": ""raw_mediapipe"", ""14"": ""raw_mediapipe"", ""15"": ""raw_mediapipe"", ""16"": ""raw_mediapipe"", ""17"": ""raw_mediapipe"", ""18"": ""raw_mediapipe"", ""19"": ""raw_mediapipe"", ""20"": ""raw_mediapipe"", ""21"": ""raw_mediapipe"", ""22"": ""raw_mediapipe"", ""23"": ""raw_mediapipe"", ""24"": ""raw_mediapipe"", ""25"": ""raw_mediapipe"", ""26"": ""raw_mediapipe"", ""27"": ""raw_mediapipe"", ""28"": ""raw_mediapipe"", ""29"": ""raw_mediapipe"", ""30"": ""raw_mediapipe"", ""31"": ""raw_mediapipe"", ""32"": ""raw_mediapipe""}",0.2662,0.0,0.0,0.0,0.2104,0.0,0.0,0.0,0.0,0.0,0.0,0.0,0.0,0.0,0.0,0.0,0.3879,0.0,0.0,0.0,0.39,0.0,0.0,0.0,0.0,0.0,0.0,0.0,0.0,0.0,0.0,0.0,0.0,0.0,0.0,0.0,0.0,0.0,0.0,0.0,0.0,0.0,0.0,0.0,0.0,0.0,0.0,0.0,0.0,0.0
279,9300,7.507166,detected,1,1,valid,0.7541,0.837,0.2029,6,0.8182,0.1958,0.0795,0.4391,0.0,0.0015638181818181818,0.037030431818181817,0.9071,0.9071,0.2857,world,True,"{""0"": ""raw_mediapipe"", ""1"": ""raw_mediapipe"", ""2"": ""raw_mediapipe"", ""3"": ""raw_mediapipe"", ""4"": ""raw_mediapipe"", ""5"": ""raw_mediapipe"", ""6"": ""raw_mediapipe"", ""7"": ""raw_mediapipe"", ""8"": ""raw_mediapipe"", ""9"": ""raw_mediapipe"", ""10"": ""raw_mediapipe"", ""11"": ""raw_mediapipe"", ""12"": ""raw_mediapipe"", ""13"": ""raw_mediapipe"", ""14"": ""raw_mediapipe"", ""15"": ""raw_mediapipe"", ""16"": ""raw_mediapipe"", ""17"": ""raw_mediapipe"", ""18"": ""raw_mediapipe"", ""19"": ""raw_mediapipe"", ""20"": ""raw_mediapipe"", ""21"": ""raw_mediapipe"", ""22"": ""raw_mediapipe"", ""23"": ""raw_mediapipe"", ""24"": ""raw_mediapipe"", ""25"": ""raw_mediapipe"", ""26"": ""raw_mediapipe"", ""27"": ""raw_mediapipe"", ""28"": ""raw_mediapipe"", ""29"": ""raw_mediapipe"", ""30"": ""raw_mediapipe"", ""31"": ""raw_mediapipe"", ""32"": ""raw_mediapipe""}",0.2656,0.0,0.0,0.0,0.2108,0.0,0.0,0.0,0.0,0.0,0.0,0.0,0.0,0.0,0.0,0.0,0.3892,0.0,0.0,0.0,0.393,0.0,0.0,0.0,0.0,0.0,0.0,0.0,0.0,0.0,0.0,0.0,0.0,0.0,0.0,0.0,0.0,0.0,0.0,0.0,0.0,0.0,0.0,0.0,0.0,0.0,0.0,0.0,0.0,0.0
280,9333,7.530155,detected,1,1,valid,0.7515,0.8301,0.1897,6,0.8182,0.1953,0.0793,0.4459,0.0,0.001554431818181818,0.03695631818181818,0.9075,0.9075,0.2883,world,True,"{""0"": ""raw_mediapipe"", ""1"": ""raw_mediapipe"", ""2"": ""raw_mediapipe"", ""3"": ""raw_mediapipe"", ""4"": ""raw_mediapipe"", ""5"": ""raw_mediapipe"", ""6"": ""raw_mediapipe"", ""7"": ""raw_mediapipe"", ""8"": ""raw_mediapipe"", ""9"": ""raw_mediapipe"", ""10"": ""raw_mediapipe"", ""11"": ""raw_mediapipe"", ""12"": ""raw_mediapipe"", ""13"": ""raw_mediapipe"", ""14"": ""raw_mediapipe"", ""15"": ""raw_mediapipe"", ""16"": ""raw_mediapipe"", ""17"": ""raw_mediapipe"", ""18"": ""raw_mediapipe"", ""19"": ""raw_mediapipe"", ""20"": ""raw_mediapipe"", ""21"": ""raw_mediapipe"", ""22"": ""raw_mediapipe"", ""23"": ""raw_mediapipe"", ""24"": ""raw_mediapipe"", ""25"": ""raw_mediapipe"", ""26"": ""raw_mediapipe"", ""27"": ""raw_mediapipe"", ""28"": ""raw_mediapipe"", ""29"": ""raw_mediapipe"", ""30"": ""raw_mediapipe"", ""31"": ""raw_mediapipe"", ""32"": ""raw_mediapipe""}",0.265,0.0,0.0,0.0,0.2112,0.0,0.0,0.0,0.0,0.0,0.0,0.0,0.0,0.0,0.0,0.0,0.3895,0.0,0.0,0.0,0.3936,0.0,0.0,0.0,0.0,0.0,0.0,0.0,0.0,0.0,0.0,0.0,0.0,0.0,0.0,0.0,0.0,0.0,0.0,0.0,0.0,0.0,0.0,0.0,0.0,0.0,0.0,0.0,0.0,0.0
281,9366,7.553125,detected,1,0,unstable,0.7279,0.8245,0.1799,6,0.8182,0.2319,0.0775,0.4553,0.0,0.0,0.0,0.9078,0.9078,0.2872,world,False,"{""0"": ""raw_mediapipe"", ""1"": ""raw_mediapipe"", ""2"": ""raw_mediapipe"", ""3"": ""raw_mediapipe"", ""4"": ""raw_mediapipe"", ""5"": ""raw_mediapipe"", ""6"": ""raw_mediapipe"", ""7"": ""raw_mediapipe"", ""8"": ""raw_mediapipe"", ""9"": ""raw_mediapipe"", ""10"": ""raw_mediapipe"", ""11"": ""raw_mediapipe"", ""12"": ""raw_mediapipe"", ""13"": ""raw_mediapipe"", ""14"": ""raw_mediapipe"", ""15"": ""raw_mediapipe"", ""16"": ""raw_mediapipe"", ""17"": ""raw_mediapipe"", ""18"": ""raw_mediapipe"", ""19"": ""raw_mediapipe"", ""20"": ""raw_mediapipe"", ""21"": ""raw_mediapipe"", ""22"": ""raw_mediapipe"", ""23"": ""raw_mediapipe"", ""24"": ""raw_mediapipe"", ""25"": ""raw_mediapipe"", ""26"": ""raw_mediapipe"", ""27"": ""raw_mediapipe"", ""28"": ""raw_mediapipe"", ""29"": ""raw_mediapipe"", ""30"": ""raw_mediapipe"", ""31"": ""raw_mediapipe"", ""32"": ""raw_mediapipe""}",0.2642,0.0,0.0,0.0,0.2114,0.0,0.0,0.0,0.0,0.0,0.0,0.0,0.0,0.0,0.0,0.0,0.3897,0.0,0.0,0.0,0.3945,0.0,0.0,0.0,0.0,0.0,0.0,0.0,0.0,0.0,0.0,0.0,0.0,0.0,0.0,0.0,0.0,0.0,0.0,0.0,0.0,0.0,0.0,0.0,0.0,0.0,0.0,0.0,0.0,0.0
282,9400,7.577108,detected,1,1,valid,0.8008,0.8204,0.1754,7,0.7879,0.0926,0.0758,0.4637,0.0,0.001544818181818182,0.03688259090909091,0.9081,0.9081,0.2898,world,True,"{""0"": ""raw_mediapipe"", ""1"": ""raw_mediapipe"", ""2"": ""raw_mediapipe"", ""3"": ""raw_mediapipe"", ""4"": ""raw_mediapipe"", ""5"": ""raw_mediapipe"", ""6"": ""raw_mediapipe"", ""7"": ""raw_mediapipe"", ""8"": ""raw_mediapipe"", ""9"": ""raw_mediapipe"", ""10"": ""raw_mediapipe"", ""11"": ""raw_mediapipe"", ""12"": ""raw_mediapipe"", ""13"": ""raw_mediapipe"", ""14"": ""raw_mediapipe"", ""15"": ""raw_mediapipe"", ""16"": ""raw_mediapipe"", ""17"": ""raw_mediapipe"", ""18"": ""raw_mediapipe"", ""19"": ""raw_mediapipe"", ""20"": ""raw_mediapipe"", ""21"": ""raw_mediapipe"", ""22"": ""raw_mediapipe"", ""23"": ""raw_mediapipe"", ""24"": ""raw_mediapipe"", ""25"": ""raw_mediapipe"", ""26"": ""raw_mediapipe"", ""27"": ""raw_mediapipe"", ""28"": ""raw_mediapipe"", ""29"": ""raw_mediapipe"", ""30"": ""raw_mediapipe"", ""31"": ""raw_mediapipe"", ""32"": ""raw_mediapipe""}",0.2634,0.0,0.0,0.0,0.2114,0.0,0.0,0.0,0.0,0.0,0.0,0.0,0.0,0.0,0.0,0.0,0.3892,0.0,0.0,0.0,0.3953,0.0,0.0,0.0,0.0,0.0,0.0,0.0,0.0,0.0,0.0,0.0,0.0,0.0,0.0,0.0,0.0,0.0,0.0,0.0,0.0,0.0,0.0,0.0,0.0,0.0,0.0,0.0,0.0,0.0
283,9433,7.603518,detected,1,1,valid,0.7406,0.8171,0.167,7,0.7879,0.1734,0.0743,0.4712,0.0,0.0015356363636363636,0.03680922727272727,0.9085,0.9085,0.2923,world,True,"{""0"": ""raw_mediapipe"", ""1"": ""raw_mediapipe"", ""2"": ""raw_mediapipe"", ""3"": ""raw_mediapipe"", ""4"": ""raw_mediapipe"", ""5"": ""raw_mediapipe"", ""6"": ""raw_mediapipe"", ""7"": ""raw_mediapipe"", ""8"": ""raw_mediapipe"", ""9"": ""raw_mediapipe"", ""10"": ""raw_mediapipe"", ""11"": ""raw_mediapipe"", ""12"": ""raw_mediapipe"", ""13"": ""raw_mediapipe"", ""14"": ""raw_mediapipe"", ""15"": ""raw_mediapipe"", ""16"": ""raw_mediapipe"", ""17"": ""raw_mediapipe"", ""18"": ""raw_mediapipe"", ""19"": ""raw_mediapipe"", ""20"": ""raw_mediapipe"", ""21"": ""raw_mediapipe"", ""22"": ""raw_mediapipe"", ""23"": ""raw_mediapipe"", ""24"": ""raw_mediapipe"", ""25"": ""raw_mediapipe"", ""26"": ""raw_mediapipe"", ""27"": ""raw_mediapipe"", ""28"": ""raw_mediapipe"", ""29"": ""raw_mediapipe"", ""30"": ""raw_mediapipe"", ""31"": ""raw_mediapipe"", ""32"": ""raw_mediapipe""}",0.2628,0.0,0.0,0.0,0.2121,0.0,0.0,0.0,0.0,0.0,0.0,0.0,0.0,0.0,0.0,0.0,0.3896,0.0,0.0,0.0,0.3962,0.0,0.0,0.0,0.0,0.0,0.0,0.0,0.0,0.0,0.0,0.0,0.0,0.0,0.0,0.0,0.0,0.0,0.0,0.0,0.0,0.0,0.0,0.0,0.0,0.0,0.0,0.0,0.0,0.0
284,9466,7.629098,detected,1,1,valid,0.73,0.8145,0.1651,7,0.7879,0.1841,0.0733,0.4874,0.0,0.0015267045454545453,0.036729704545454545,0.9088,0.9088,0.2947,world,True,"{""0"": ""raw_mediapipe"", ""1"": ""raw_mediapipe"", ""2"": ""raw_mediapipe"", ""3"": ""raw_mediapipe"", ""4"": ""raw_mediapipe"", ""5"": ""raw_mediapipe"", ""6"": ""raw_mediapipe"", ""7"": ""raw_mediapipe"", ""8"": ""raw_mediapipe"", ""9"": ""raw_mediapipe"", ""10"": ""raw_mediapipe"", ""11"": ""raw_mediapipe"", ""12"": ""raw_mediapipe"", ""13"": ""raw_mediapipe"", ""14"": ""raw_mediapipe"", ""15"": ""raw_mediapipe"", ""16"": ""raw_mediapipe"", ""17"": ""raw_mediapipe"", ""18"": ""raw_mediapipe"", ""19"": ""raw_mediapipe"", ""20"": ""raw_mediapipe"", ""21"": ""raw_mediapipe"", ""22"": ""raw_mediapipe"", ""23"": ""raw_mediapipe"", ""24"": ""raw_mediapipe"", ""25"": ""raw_mediapipe"", ""26"": ""raw_mediapipe"", ""27"": ""raw_mediapipe"", ""28"": ""raw_mediapipe"", ""29"": ""raw_mediapipe"", ""30"": ""raw_mediapipe"", ""31"": ""raw_mediapipe"", ""32"": ""raw_mediapipe""}",0.261,0.0,0.0,0.0,0.2119,0.0,0.0,0.0,0.0,0.0,0.0,0.0,0.0,0.0,0.0,0.0,0.3887,0.0,0.0,0.0,0.3966,0.0,0.0,0.0,0.0,0.0,0.0,0.0,0.0,0.0,0.0,0.0,0.0,0.0,0.0,0.0,0.0,0.0,0.0,0.0,0.0,0.0,0.0,0.0,0.0,0.0,0.0,0.0,0.0,0.0
285,9500,7.652026,detected,1,1,valid,0.7244,0.8122,0.1562,7,0.7879,0.1894,0.0729,0.4999,0.0,0.001517409090909091,0.03664690909090909,0.9091,0.9091,0.2972,world,True,"{""0"": ""raw_mediapipe"", ""1"": ""raw_mediapipe"", ""2"": ""raw_mediapipe"", ""3"": ""raw_mediapipe"", ""4"": ""raw_mediapipe"", ""5"": ""raw_mediapipe"", ""6"": ""raw_mediapipe"", ""7"": ""raw_mediapipe"", ""8"": ""raw_mediapipe"", ""9"": ""raw_mediapipe"", ""10"": ""raw_mediapipe"", ""11"": ""raw_mediapipe"", ""12"": ""raw_mediapipe"", ""13"": ""raw_mediapipe"", ""14"": ""raw_mediapipe"", ""15"": ""raw_mediapipe"", ""16"": ""raw_mediapipe"", ""17"": ""raw_mediapipe"", ""18"": ""raw_mediapipe"", ""19"": ""raw_mediapipe"", ""20"": ""raw_mediapipe"", ""21"": ""raw_mediapipe"", ""22"": ""raw_mediapipe"", ""23"": ""raw_mediapipe"", ""24"": ""raw_mediapipe"", ""25"": ""raw_mediapipe"", ""26"": ""raw_mediapipe"", ""27"": ""raw_mediapipe"", ""28"": ""raw_mediapipe"", ""29"": ""raw_mediapipe"", ""30"": ""raw_mediapipe"", ""31"": ""raw_mediapipe"", ""32"": ""raw_mediapipe""}",0.2595,0.0,0.0,0.0,0.2112,0.0,0.0,0.0,0.0,0.0,0.0,0.0,0.0,0.0,0.0,0.0,0.3888,0.0,0.0,0.0,0.3967,0.0,0.0,0.0,0.0,0.0,0.0,0.0,0.0,0.0,0.0,0.0,0.0,0.0,0.0,0.0,0.0,0.0,0.0,0.0,0.0,0.0,0.0,0.0,0.0,0.0,0.0,0.0,0.0,0.0
286,9533,7.680524,detected,1,1,valid,0.7159,0.8116,0.1532,7,0.7879,0.1919,0.0702,0.5137,0.0,0.001507840909090909,0.03655761363636363,0.9094,0.9094,0.2997,world,True,"{""0"": ""raw_mediapipe"", ""1"": ""raw_mediapipe"", ""2"": ""raw_mediapipe"", ""3"": ""raw_mediapipe"", ""4"": ""raw_mediapipe"", ""5"": ""raw_mediapipe"", ""6"": ""raw_mediapipe"", ""7"": ""raw_mediapipe"", ""8"": ""raw_mediapipe"", ""9"": ""raw_mediapipe"", ""10"": ""raw_mediapipe"", ""11"": ""raw_mediapipe"", ""12"": ""raw_mediapipe"", ""13"": ""raw_mediapipe"", ""14"": ""raw_mediapipe"", ""15"": ""raw_mediapipe"", ""16"": ""raw_mediapipe"", ""17"": ""raw_mediapipe"", ""18"": ""raw_mediapipe"", ""19"": ""raw_mediapipe"", ""20"": ""raw_mediapipe"", ""21"": ""raw_mediapipe"", ""22"": ""raw_mediapipe"", ""23"": ""raw_mediapipe"", ""24"": ""raw_mediapipe"", ""25"": ""raw_mediapipe"", ""26"": ""raw_mediapipe"", ""27"": ""raw_mediapipe"", ""28"": ""raw_mediapipe"", ""29"": ""raw_mediapipe"", ""30"": ""raw_mediapipe"", ""31"": ""raw_mediapipe"", ""32"": ""raw_mediapipe""}",0.2586,0.0,0.0,0.0,0.2106,0.0,0.0,0.0,0.0,0.0,0.0,0.0,0.0,0.0,0.0,0.0,0.3875,0.0,0.0,0.0,0.3969,0.0,0.0,0.0,0.0,0.0,0.0,0.0,0.0,0.0,0.0,0.0,0.0,0.0,0.0,0.0,0.0,0.0,0.0,0.0,0.0,0.0,0.0,0.0,0.0,0.0,0.0,0.0,0.0,0.0
287,9566,7.709631,detected,1,0,unstable,0.6964,0.8079,0.1433,7,0.7879,0.2809,0.0707,0.5275,0.0,0.0,0.0,0.9097,0.9097,0.2986,world,False,"{""0"": ""raw_mediapipe"", ""1"": ""raw_mediapipe"", ""2"": ""raw_mediapipe"", ""3"": ""raw_mediapipe"", ""4"": ""raw_mediapipe"", ""5"": ""raw_mediapipe"", ""6"": ""raw_mediapipe"", ""7"": ""raw_mediapipe"", ""8"": ""raw_mediapipe"", ""9"": ""raw_mediapipe"", ""10"": ""raw_mediapipe"", ""11"": ""raw_mediapipe"", ""12"": ""raw_mediapipe"", ""13"": ""raw_mediapipe"", ""14"": ""raw_mediapipe"", ""15"": ""raw_mediapipe"", ""16"": ""raw_mediapipe"", ""17"": ""raw_mediapipe"", ""18"": ""raw_mediapipe"", ""19"": ""raw_mediapipe"", ""20"": ""raw_mediapipe"", ""21"": ""raw_mediapipe"", ""22"": ""raw_mediapipe"", ""23"": ""raw_mediapipe"", ""24"": ""raw_mediapipe"", ""25"": ""raw_mediapipe"", ""26"": ""raw_mediapipe"", ""27"": ""raw_mediapipe"", ""28"": ""raw_mediapipe"", ""29"": ""raw_mediapipe"", ""30"": ""raw_mediapipe"", ""31"": ""raw_mediapipe"", ""32"": ""raw_mediapipe""}",0.2587,0.0,0.0,0.0,0.2108,0.0,0.0,0.0,0.0,0.0,0.0,0.0,0.0,0.0,0.0,0.0,0.3856,0.0,0.0,0.0,0.3967,0.0,0.0,0.0,0.0,0.0,0.0,0.0,0.0,0.0,0.0,0.0,0.0,0.0,0.0,0.0,0.0,0.0,0.0,0.0,0.0,0.0,0.0,0.0,0.0,0.0,0.0,0.0,0.0,0.0
288,9600,7.738943,detected,1,0,unstable,0.6978,0.8064,0.1394,7,0.7879,0.4278,0.0715,0.5477,0.0,0.0,0.0,0.91,0.91,0.2976,world,False,"{""0"": ""raw_mediapipe"", ""1"": ""raw_mediapipe"", ""2"": ""raw_mediapipe"", ""3"": ""raw_mediapipe"", ""4"": ""raw_mediapipe"", ""5"": ""raw_mediapipe"", ""6"": ""raw_mediapipe"", ""7"": ""raw_mediapipe"", ""8"": ""raw_mediapipe"", ""9"": ""raw_mediapipe"", ""10"": ""raw_mediapipe"", ""11"": ""raw_mediapipe"", ""12"": ""raw_mediapipe"", ""13"": ""raw_mediapipe"", ""14"": ""raw_mediapipe"", ""15"": ""raw_mediapipe"", ""16"": ""raw_mediapipe"", ""17"": ""raw_mediapipe"", ""18"": ""raw_mediapipe"", ""19"": ""raw_mediapipe"", ""20"": ""raw_mediapipe"", ""21"": ""raw_mediapipe"", ""22"": ""raw_mediapipe"", ""23"": ""raw_mediapipe"", ""24"": ""raw_mediapipe"", ""25"": ""raw_mediapipe"", ""26"": ""raw_mediapipe"", ""27"": ""raw_mediapipe"", ""28"": ""raw_mediapipe"", ""29"": ""raw_mediapipe"", ""30"": ""raw_mediapipe"", ""31"": ""raw_mediapipe"", ""32"": ""raw_mediapipe""}",0.2591,0.0,0.0,0.0,0.2115,0.0,0.0,0.0,0.0,0.0,0.0,0.0,0.0,0.0,0.0,0.0,0.3839,0.0,0.0,0.0,0.397,0.0,0.0,0.0,0.0,0.0,0.0,0.0,0.0,0.0,0.0,0.0,0.0,0.0,0.0,0.0,0.0,0.0,0.0,0.0,0.0,0.0,0.0,0.0,0.0,0.0,0.0,0.0,0.0,0.0
289,9633,7.765011,detected,1,1,valid,0.7575,0.808,0.1394,7,0.7879,0.1283,0.0701,0.5625,0.0,0.001496840909090909,0.036450386363636365,0.9103,0.9103,0.3,world,True,"{""0"": ""raw_mediapipe"", ""1"": ""raw_mediapipe"", ""2"": ""raw_mediapipe"", ""3"": ""raw_mediapipe"", ""4"": ""raw_mediapipe"", ""5"": ""raw_mediapipe"", ""6"": ""raw_mediapipe"", ""7"": ""raw_mediapipe"", ""8"": ""raw_mediapipe"", ""9"": ""raw_mediapipe"", ""10"": ""raw_mediapipe"", ""11"": ""raw_mediapipe"", ""12"": ""raw_mediapipe"", ""13"": ""raw_mediapipe"", ""14"": ""raw_mediapipe"", ""15"": ""raw_mediapipe"", ""16"": ""raw_mediapipe"", ""17"": ""raw_mediapipe"", ""18"": ""raw_mediapipe"", ""19"": ""raw_mediapipe"", ""20"": ""raw_mediapipe"", ""21"": ""raw_mediapipe"", ""22"": ""raw_mediapipe"", ""23"": ""raw_mediapipe"", ""24"": ""raw_mediapipe"", ""25"": ""raw_mediapipe"", ""26"": ""raw_mediapipe"", ""27"": ""raw_mediapipe"", ""28"": ""raw_mediapipe"", ""29"": ""raw_mediapipe"", ""30"": ""raw_mediapipe"", ""31"": ""raw_mediapipe"", ""32"": ""raw_mediapipe""}",0.2597,0.0,0.0,0.0,0.212,0.0,0.0,0.0,0.0,0.0,0.0,0.0,0.0,0.0,0.0,0.0,0.3822,0.0,0.0,0.0,0.3977,0.0,0.0,0.0,0.0,0.0,0.0,0.0,0.0,0.0,0.0,0.0,0.0,0.0,0.0,0.0,0.0,0.0,0.0,0.0,0.0,0.0,0.0,0.0,0.0,0.0,0.0,0.0,0.0,0.0
290,9666,7.79109,detected,1,1,valid,0.7324,0.809,0.1401,7,0.7879,0.1639,0.0696,0.5712,0.0,0.0014858863636363635,0.03633797727272727,0.9107,0.9107,0.3024,world,True,"{""0"": ""raw_mediapipe"", ""1"": ""raw_mediapipe"", ""2"": ""raw_mediapipe"", ""3"": ""raw_mediapipe"", ""4"": ""raw_mediapipe"", ""5"": ""raw_mediapipe"", ""6"": ""raw_mediapipe"", ""7"": ""raw_mediapipe"", ""8"": ""raw_mediapipe"", ""9"": ""raw_mediapipe"", ""10"": ""raw_mediapipe"", ""11"": ""raw_mediapipe"", ""12"": ""raw_mediapipe"", ""13"": ""raw_mediapipe"", ""14"": ""raw_mediapipe"", ""15"": ""raw_mediapipe"", ""16"": ""raw_mediapipe"", ""17"": ""raw_mediapipe"", ""18"": ""raw_mediapipe"", ""19"": ""raw_mediapipe"", ""20"": ""raw_mediapipe"", ""21"": ""raw_mediapipe"", ""22"": ""raw_mediapipe"", ""23"": ""raw_mediapipe"", ""24"": ""raw_mediapipe"", ""25"": ""raw_mediapipe"", ""26"": ""raw_mediapipe"", ""27"": ""raw_mediapipe"", ""28"": ""raw_mediapipe"", ""29"": ""raw_mediapipe"", ""30"": ""raw_mediapipe"", ""31"": ""raw_mediapipe"", ""32"": ""raw_mediapipe""}",0.26,0.0,0.0,0.0,0.2117,0.0,0.0,0.0,0.0,0.0,0.0,0.0,0.0,0.0,0.0,0.0,0.3807,0.0,0.0,0.0,0.3978,0.0,0.0,0.0,0.0,0.0,0.0,0.0,0.0,0.0,0.0,0.0,0.0,0.0,0.0,0.0,0.0,0.0,0.0,0.0,0.0,0.0,0.0,0.0,0.0,0.0,0.0,0.0,0.0,0.0
291,9700,7.816272,detected,1,0,unstable,0.6868,0.8119,0.1461,7,0.7879,0.2709,0.0662,0.5769,0.0,0.0,0.0,0.911,0.911,0.3014,world,False,"{""0"": ""raw_mediapipe"", ""1"": ""raw_mediapipe"", ""2"": ""raw_mediapipe"", ""3"": ""raw_mediapipe"", ""4"": ""raw_mediapipe"", ""5"": ""raw_mediapipe"", ""6"": ""raw_mediapipe"", ""7"": ""raw_mediapipe"", ""8"": ""raw_mediapipe"", ""9"": ""raw_mediapipe"", ""10"": ""raw_mediapipe"", ""11"": ""raw_mediapipe"", ""12"": ""raw_mediapipe"", ""13"": ""raw_mediapipe"", ""14"": ""raw_mediapipe"", ""15"": ""raw_mediapipe"", ""16"": ""raw_mediapipe"", ""17"": ""raw_mediapipe"", ""18"": ""raw_mediapipe"", ""19"": ""raw_mediapipe"", ""20"": ""raw_mediapipe"", ""21"": ""raw_mediapipe"", ""22"": ""raw_mediapipe"", ""23"": ""raw_mediapipe"", ""24"": ""raw_mediapipe"", ""25"": ""raw_mediapipe"", ""26"": ""raw_mediapipe"", ""27"": ""raw_mediapipe"", ""28"": ""raw_mediapipe"", ""29"": ""raw_mediapipe"", ""30"": ""raw_mediapipe"", ""31"": ""raw_mediapipe"", ""32"": ""raw_mediapipe""}",0.2606,0.0,0.0,0.0,0.2115,0.0,0.0,0.0,0.0,0.0,0.0,0.0,0.0,0.0,0.0,0.0,0.3795,0.0,0.0,0.0,0.3975,0.0,0.0,0.0,0.0,0.0,0.0,0.0,0.0,0.0,0.0,0.0,0.0,0.0,0.0,0.0,0.0,0.0,0.0,0.0,0.0,0.0,0.0,0.0,0.0,0.0,0.0,0.0,0.0,0.0
292,9733,7.840277,detected,1,0,unstable,0.6764,0.8159,0.1685,7,0.7879,0.4848,0.0614,0.5516,0.0,0.0,0.0,0.9113,0.9113,0.3003,world,False,"{""0"": ""raw_mediapipe"", ""1"": ""raw_mediapipe"", ""2"": ""raw_mediapipe"", ""3"": ""raw_mediapipe"", ""4"": ""raw_mediapipe"", ""5"": ""raw_mediapipe"", ""6"": ""raw_mediapipe"", ""7"": ""raw_mediapipe"", ""8"": ""raw_mediapipe"", ""9"": ""raw_mediapipe"", ""10"": ""raw_mediapipe"", ""11"": ""raw_mediapipe"", ""12"": ""raw_mediapipe"", ""13"": ""raw_mediapipe"", ""14"": ""raw_mediapipe"", ""15"": ""raw_mediapipe"", ""16"": ""raw_mediapipe"", ""17"": ""raw_mediapipe"", ""18"": ""raw_mediapipe"", ""19"": ""raw_mediapipe"", ""20"": ""raw_mediapipe"", ""21"": ""raw_mediapipe"", ""22"": ""raw_mediapipe"", ""23"": ""raw_mediapipe"", ""24"": ""raw_mediapipe"", ""25"": ""raw_mediapipe"", ""26"": ""raw_mediapipe"", ""27"": ""raw_mediapipe"", ""28"": ""raw_mediapipe"", ""29"": ""raw_mediapipe"", ""30"": ""raw_mediapipe"", ""31"": ""raw_mediapipe"", ""32"": ""raw_mediapipe""}",0.2619,0.0,0.0,0.0,0.2103,0.0,0.0,0.0,0.0,0.0,0.0,0.0,0.0,0.0,0.0,0.0,0.3787,0.0,0.0,0.0,0.3977,0.0,0.0,0.0,0.0,0.0,0.0,0.0,0.0,0.0,0.0,0.0,0.0,0.0,0.0,0.0,0.0,0.0,0.0,0.0,0.0,0.0,0.0,0.0,0.0,0.0,0.0,0.0,0.0,0.0
293,9766,7.868104,detected,1,1,valid,0.7534,0.8184,0.1758,7,0.7879,0.1,0.0591,0.5453,0.0,0.0014750681818181816,0.03622143181818181,0.9116,0.9116,0.3027,world,True,"{""0"": ""raw_mediapipe"", ""1"": ""raw_mediapipe"", ""2"": ""raw_mediapipe"", ""3"": ""raw_mediapipe"", ""4"": ""raw_mediapipe"", ""5"": ""raw_mediapipe"", ""6"": ""raw_mediapipe"", ""7"": ""raw_mediapipe"", ""8"": ""raw_mediapipe"", ""9"": ""raw_mediapipe"", ""10"": ""raw_mediapipe"", ""11"": ""raw_mediapipe"", ""12"": ""raw_mediapipe"", ""13"": ""raw_mediapipe"", ""14"": ""raw_mediapipe"", ""15"": ""raw_mediapipe"", ""16"": ""raw_mediapipe"", ""17"": ""raw_mediapipe"", ""18"": ""raw_mediapipe"", ""19"": ""raw_mediapipe"", ""20"": ""raw_mediapipe"", ""21"": ""raw_mediapipe"", ""22"": ""raw_mediapipe"", ""23"": ""raw_mediapipe"", ""24"": ""raw_mediapipe"", ""25"": ""raw_mediapipe"", ""26"": ""raw_mediapipe"", ""27"": ""raw_mediapipe"", ""28"": ""raw_mediapipe"", ""29"": ""raw_mediapipe"", ""30"": ""raw_mediapipe"", ""31"": ""raw_mediapipe"", ""32"": ""raw_mediapipe""}",0.2632,0.0,0.0,0.0,0.2097,0.0,0.0,0.0,0.0,0.0,0.0,0.0,0.0,0.0,0.0,0.0,0.3781,0.0,0.0,0.0,0.3969,0.0,0.0,0.0,0.0,0.0,0.0,0.0,0.0,0.0,0.0,0.0,0.0,0.0,0.0,0.0,0.0,0.0,0.0,0.0,0.0,0.0,0.0,0.0,0.0,0.0,0.0,0.0,0.0,0.0
294,9800,7.895255,detected,1,1,valid,0.766,0.8246,0.1999,7,0.7879,0.0794,0.0576,0.535,0.0,0.0014642272727272726,0.036105954545454545,0.9119,0.9119,0.3051,world,True,"{""0"": ""raw_mediapipe"", ""1"": ""raw_mediapipe"", ""2"": ""raw_mediapipe"", ""3"": ""raw_mediapipe"", ""4"": ""raw_mediapipe"", ""5"": ""raw_mediapipe"", ""6"": ""raw_mediapipe"", ""7"": ""raw_mediapipe"", ""8"": ""raw_mediapipe"", ""9"": ""raw_mediapipe"", ""10"": ""raw_mediapipe"", ""11"": ""raw_mediapipe"", ""12"": ""raw_mediapipe"", ""13"": ""raw_mediapipe"", ""14"": ""raw_mediapipe"", ""15"": ""raw_mediapipe"", ""16"": ""raw_mediapipe"", ""17"": ""raw_mediapipe"", ""18"": ""raw_mediapipe"", ""19"": ""raw_mediapipe"", ""20"": ""raw_mediapipe"", ""21"": ""raw_mediapipe"", ""22"": ""raw_mediapipe"", ""23"": ""raw_mediapipe"", ""24"": ""raw_mediapipe"", ""25"": ""raw_mediapipe"", ""26"": ""raw_mediapipe"", ""27"": ""raw_mediapipe"", ""28"": ""raw_mediapipe"", ""29"": ""raw_mediapipe"", ""30"": ""raw_mediapipe"", ""31"": ""raw_mediapipe"", ""32"": ""raw_mediapipe""}",0.2645,0.0,0.0,0.0,0.2095,0.0,0.0,0.0,0.0,0.0,0.0,0.0,0.0,0.0,0.0,0.0,0.3778,0.0,0.0,0.0,0.3961,0.0,0.0,0.0,0.0,0.0,0.0,0.0,0.0,0.0,0.0,0.0,0.0,0.0,0.0,0.0,0.0,0.0,0.0,0.0,0.0,0.0,0.0,0.0,0.0,0.0,0.0,0.0,0.0,0.0
295,9833,7.919244,detected,1,1,valid,0.7484,0.8301,0.2157,6,0.8182,0.1059,0.0537,0.5281,0.0,0.0014536363636363635,0.03598759090909091,0.9122,0.9122,0.3074,world,True,"{""0"": ""raw_mediapipe"", ""1"": ""raw_mediapipe"", ""2"": ""raw_mediapipe"", ""3"": ""raw_mediapipe"", ""4"": ""raw_mediapipe"", ""5"": ""raw_mediapipe"", ""6"": ""raw_mediapipe"", ""7"": ""raw_mediapipe"", ""8"": ""raw_mediapipe"", ""9"": ""raw_mediapipe"", ""10"": ""raw_mediapipe"", ""11"": ""raw_mediapipe"", ""12"": ""raw_mediapipe"", ""13"": ""raw_mediapipe"", ""14"": ""raw_mediapipe"", ""15"": ""raw_mediapipe"", ""16"": ""raw_mediapipe"", ""17"": ""raw_mediapipe"", ""18"": ""raw_mediapipe"", ""19"": ""raw_mediapipe"", ""20"": ""raw_mediapipe"", ""21"": ""raw_mediapipe"", ""22"": ""raw_mediapipe"", ""23"": ""raw_mediapipe"", ""24"": ""raw_mediapipe"", ""25"": ""raw_mediapipe"", ""26"": ""raw_mediapipe"", ""27"": ""raw_mediapipe"", ""28"": ""raw_mediapipe"", ""29"": ""raw_mediapipe"", ""30"": ""raw_mediapipe"", ""31"": ""raw_mediapipe"", ""32"": ""raw_mediapipe""}",0.2652,0.0,0.0,0.0,0.2087,0.0,0.0,0.0,0.0,0.0,0.0,0.0,0.0,0.0,0.0,0.0,0.3776,0.0,0.0,0.0,0.3943,0.0,0.0,0.0,0.0,0.0,0.0,0.0,0.0,0.0,0.0,0.0,0.0,0.0,0.0,0.0,0.0,0.0,0.0,0.0,0.0,0.0,0.0,0.0,0.0,0.0,0.0,0.0,0.0,0.0
296,9866,7.944448,detected,1,1,valid,0.7339,0.8309,0.2152,6,0.8182,0.1253,0.0531,0.5272,0.0,0.0014427045454545454,0.035866840909090904,0.9125,0.9125,0.3098,world,True,"{""0"": ""raw_mediapipe"", ""1"": ""raw_mediapipe"", ""2"": ""raw_mediapipe"", ""3"": ""raw_mediapipe"", ""4"": ""raw_mediapipe"", ""5"": ""raw_mediapipe"", ""6"": ""raw_mediapipe"", ""7"": ""raw_mediapipe"", ""8"": ""raw_mediapipe"", ""9"": ""raw_mediapipe"", ""10"": ""raw_mediapipe"", ""11"": ""raw_mediapipe"", ""12"": ""raw_mediapipe"", ""13"": ""raw_mediapipe"", ""14"": ""raw_mediapipe"", ""15"": ""raw_mediapipe"", ""16"": ""raw_mediapipe"", ""17"": ""raw_mediapipe"", ""18"": ""raw_mediapipe"", ""19"": ""raw_mediapipe"", ""20"": ""raw_mediapipe"", ""21"": ""raw_mediapipe"", ""22"": ""raw_mediapipe"", ""23"": ""raw_mediapipe"", ""24"": ""raw_mediapipe"", ""25"": ""raw_mediapipe"", ""26"": ""raw_mediapipe"", ""27"": ""raw_mediapipe"", ""28"": ""raw_mediapipe"", ""29"": ""raw_mediapipe"", ""30"": ""raw_mediapipe"", ""31"": ""raw_mediapipe"", ""32"": ""raw_mediapipe""}",0.2658,0.0,0.0,0.0,0.2081,0.0,0.0,0.0,0.0,0.0,0.0,0.0,0.0,0.0,0.0,0.0,0.3777,0.0,0.0,0.0,0.3924,0.0,0.0,0.0,0.0,0.0,0.0,0.0,0.0,0.0,0.0,0.0,0.0,0.0,0.0,0.0,0.0,0.0,0.0,0.0,0.0,0.0,0.0,0.0,0.0,0.0,0.0,0.0,0.0,0.0
297,9900,7.972633,detected,1,1,valid,0.7377,0.8328,0.2181,6,0.8182,0.104,0.0485,0.5287,0.0,0.001431681818181818,0.0357400909090909,0.9128,0.9128,0.3121,world,True,"{""0"": ""raw_mediapipe"", ""1"": ""raw_mediapipe"", ""2"": ""raw_mediapipe"", ""3"": ""raw_mediapipe"", ""4"": ""raw_mediapipe"", ""5"": ""raw_mediapipe"", ""6"": ""raw_mediapipe"", ""7"": ""raw_mediapipe"", ""8"": ""raw_mediapipe"", ""9"": ""raw_mediapipe"", ""10"": ""raw_mediapipe"", ""11"": ""raw_mediapipe"", ""12"": ""raw_mediapipe"", ""13"": ""raw_mediapipe"", ""14"": ""raw_mediapipe"", ""15"": ""raw_mediapipe"", ""16"": ""raw_mediapipe"", ""17"": ""raw_mediapipe"", ""18"": ""raw_mediapipe"", ""19"": ""raw_mediapipe"", ""20"": ""raw_mediapipe"", ""21"": ""raw_mediapipe"", ""22"": ""raw_mediapipe"", ""23"": ""raw_mediapipe"", ""24"": ""raw_mediapipe"", ""25"": ""raw_mediapipe"", ""26"": ""raw_mediapipe"", ""27"": ""raw_mediapipe"", ""28"": ""raw_mediapipe"", ""29"": ""raw_mediapipe"", ""30"": ""raw_mediapipe"", ""31"": ""raw_mediapipe"", ""32"": ""raw_mediapipe""}",0.2662,0.0,0.0,0.0,0.2077,0.0,0.0,0.0,0.0,0.0,0.0,0.0,0.0,0.0,0.0,0.0,0.3775,0.0,0.0,0.0,0.3887,0.0,0.0,0.0,0.0,0.0,0.0,0.0,0.0,0.0,0.0,0.0,0.0,0.0,0.0,0.0,0.0,0.0,0.0,0.0,0.0,0.0,0.0,0.0,0.0,0.0,0.0,0.0,0.0,0.0
298,9933,7.999889,detected,1,0,unstable,0.655,0.8304,0.2164,6,0.8182,0.4793,0.0474,0.5334,0.0,0.0,0.0,0.913,0.913,0.311,world,False,"{""0"": ""raw_mediapipe"", ""1"": ""raw_mediapipe"", ""2"": ""raw_mediapipe"", ""3"": ""raw_mediapipe"", ""4"": ""raw_mediapipe"", ""5"": ""raw_mediapipe"", ""6"": ""raw_mediapipe"", ""7"": ""raw_mediapipe"", ""8"": ""raw_mediapipe"", ""9"": ""raw_mediapipe"", ""10"": ""raw_mediapipe"", ""11"": ""raw_mediapipe"", ""12"": ""raw_mediapipe"", ""13"": ""raw_mediapipe"", ""14"": ""raw_mediapipe"", ""15"": ""raw_mediapipe"", ""16"": ""raw_mediapipe"", ""17"": ""raw_mediapipe"", ""18"": ""raw_mediapipe"", ""19"": ""raw_mediapipe"", ""20"": ""raw_mediapipe"", ""21"": ""raw_mediapipe"", ""22"": ""raw_mediapipe"", ""23"": ""raw_mediapipe"", ""24"": ""raw_mediapipe"", ""25"": ""raw_mediapipe"", ""26"": ""raw_mediapipe"", ""27"": ""raw_mediapipe"", ""28"": ""raw_mediapipe"", ""29"": ""raw_mediapipe"", ""30"": ""raw_mediapipe"", ""31"": ""raw_mediapipe"", ""32"": ""raw_mediapipe""}",0.2664,0.0,0.0,0.0,0.2062,0.0,0.0,0.0,0.0,0.0,0.0,0.0,0.0,0.0,0.0,0.0,0.3775,0.0,0.0,0.0,0.3873,0.0,0.0,0.0,0.0,0.0,0.0,0.0,0.0,0.0,0.0,0.0,0.0,0.0,0.0,0.0,0.0,0.0,0.0,0.0,0.0,0.0,0.0,0.0,0.0,0.0,0.0,0.0,0.0,0.0
299,9966,8.025356,detected,1,1,valid,0.6785,0.8328,0.241,6,0.8182,0.1778,0.0449,0.5252,0.0,0.0014209318181818181,0.035617499999999996,0.9133,0.9133,0.3133,world,True,"{""0"": ""raw_mediapipe"", ""1"": ""raw_mediapipe"", ""2"": ""raw_mediapipe"", ""3"": ""raw_mediapipe"", ""4"": ""raw_mediapipe"", ""5"": ""raw_mediapipe"", ""6"": ""raw_mediapipe"", ""7"": ""raw_mediapipe"", ""8"": ""raw_mediapipe"", ""9"": ""raw_mediapipe"", ""10"": ""raw_mediapipe"", ""11"": ""raw_mediapipe"", ""12"": ""raw_mediapipe"", ""13"": ""raw_mediapipe"", ""14"": ""raw_mediapipe"", ""15"": ""raw_mediapipe"", ""16"": ""raw_mediapipe"", ""17"": ""raw_mediapipe"", ""18"": ""raw_mediapipe"", ""19"": ""raw_mediapipe"", ""20"": ""raw_mediapipe"", ""21"": ""raw_mediapipe"", ""22"": ""raw_mediapipe"", ""23"": ""raw_mediapipe"", ""24"": ""raw_mediapipe"", ""25"": ""raw_mediapipe"", ""26"": ""raw_mediapipe"", ""27"": ""raw_mediapipe"", ""28"": ""raw_mediapipe"", ""29"": ""raw_mediapipe"", ""30"": ""raw_mediapipe"", ""31"": ""raw_mediapipe"", ""32"": ""raw_mediapipe""}",0.2662,0.0,0.0,0.0,0.2054,0.0,0.0,0.0,0.0,0.0,0.0,0.0,0.0,0.0,0.0,0.0,0.3785,0.0,0.0,0.0,0.3872,0.0,0.0,0.0,0.0,0.0,0.0,0.0,0.0,0.0,0.0,0.0,0.0,0.0,0.0,0.0,0.0,0.0,0.0,0.0,0.0,0.0,0.0,0.0,0.0,0.0,0.0,0.0,0.0,0.0
300,10000,8.052969,detected,1,0,unstable,0.6386,0.8383,0.2914,6,0.8182,0.4244,0.0397,0.4174,0.0,0.0,0.0,0.9136,0.9136,0.3123,world,False,"{""0"": ""raw_mediapipe"", ""1"": ""raw_mediapipe"", ""2"": ""raw_mediapipe"", ""3"": ""raw_mediapipe"", ""4"": ""raw_mediapipe"", ""5"": ""raw_mediapipe"", ""6"": ""raw_mediapipe"", ""7"": ""raw_mediapipe"", ""8"": ""raw_mediapipe"", ""9"": ""raw_mediapipe"", ""10"": ""raw_mediapipe"", ""11"": ""raw_mediapipe"", ""12"": ""raw_mediapipe"", ""13"": ""raw_mediapipe"", ""14"": ""raw_mediapipe"", ""15"": ""raw_mediapipe"", ""16"": ""raw_mediapipe"", ""17"": ""raw_mediapipe"", ""18"": ""raw_mediapipe"", ""19"": ""raw_mediapipe"", ""20"": ""raw_mediapipe"", ""21"": ""raw_mediapipe"", ""22"": ""raw_mediapipe"", ""23"": ""raw_mediapipe"", ""24"": ""raw_mediapipe"", ""25"": ""raw_mediapipe"", ""26"": ""raw_mediapipe"", ""27"": ""raw_mediapipe"", ""28"": ""raw_mediapipe"", ""29"": ""raw_mediapipe"", ""30"": ""raw_mediapipe"", ""31"": ""raw_mediapipe"", ""32"": ""raw_mediapipe""}",0.2655,0.0,0.0,0.0,0.2041,0.0,0.0,0.0,0.0,0.0,0.0,0.0,0.0,0.0,0.0,0.0,0.379,0.0,0.0,0.0,0.3862,0.0,0.0,0.0,0.0,0.0,0.0,0.0,0.0,0.0,0.0,0.0,0.0,0.0,0.0,0.0,0.0,0.0,0.0,0.0,0.0,0.0,0.0,0.0,0.0,0.0,0.0,0.0,0.0,0.0
301,10033,8.077432,detected,1,0,unstable,0.636,0.8401,0.349,5,0.8485,0.2797,0.0351,0.2692,0.0,0.0,0.0,0.9139,0.9139,0.3113,world,False,"{""0"": ""raw_mediapipe"", ""1"": ""raw_mediapipe"", ""2"": ""raw_mediapipe"", ""3"": ""raw_mediapipe"", ""4"": ""raw_mediapipe"", ""5"": ""raw_mediapipe"", ""6"": ""raw_mediapipe"", ""7"": ""raw_mediapipe"", ""8"": ""raw_mediapipe"", ""9"": ""raw_mediapipe"", ""10"": ""raw_mediapipe"", ""11"": ""raw_mediapipe"", ""12"": ""raw_mediapipe"", ""13"": ""raw_mediapipe"", ""14"": ""raw_mediapipe"", ""15"": ""raw_mediapipe"", ""16"": ""raw_mediapipe"", ""17"": ""raw_mediapipe"", ""18"": ""raw_mediapipe"", ""19"": ""raw_mediapipe"", ""20"": ""raw_mediapipe"", ""21"": ""raw_mediapipe"", ""22"": ""raw_mediapipe"", ""23"": ""raw_mediapipe"", ""24"": ""raw_mediapipe"", ""25"": ""raw_mediapipe"", ""26"": ""raw_mediapipe"", ""27"": ""raw_mediapipe"", ""28"": ""raw_mediapipe"", ""29"": ""raw_mediapipe"", ""30"": ""raw_mediapipe"", ""31"": ""raw_mediapipe"", ""32"": ""raw_mediapipe""}",0.2641,0.0,0.0,0.0,0.2014,0.0,0.0,0.0,0.0,0.0,0.0,0.0,0.0,0.0,0.0,0.0,0.3784,0.0,0.0,0.0,0.3843,0.0,0.0,0.0,0.0,0.0,0.0,0.0,0.0,0.0,0.0,0.0,0.0,0.0,0.0,0.0,0.0,0.0,0.0,0.0,0.0,0.0,0.0,0.0,0.0,0.0,0.0,0.0,0.0,0.0
302,10066,8.103564,detected,1,0,unstable,0.6263,0.8364,0.3306,6,0.8182,0.8859,0.035,0.2156,0.0,0.0,0.0,0.9142,0.9142,0.3102,world,False,"{""0"": ""raw_mediapipe"", ""1"": ""raw_mediapipe"", ""2"": ""raw_mediapipe"", ""3"": ""raw_mediapipe"", ""4"": ""raw_mediapipe"", ""5"": ""raw_mediapipe"", ""6"": ""raw_mediapipe"", ""7"": ""raw_mediapipe"", ""8"": ""raw_mediapipe"", ""9"": ""raw_mediapipe"", ""10"": ""raw_mediapipe"", ""11"": ""raw_mediapipe"", ""12"": ""raw_mediapipe"", ""13"": ""raw_mediapipe"", ""14"": ""raw_mediapipe"", ""15"": ""raw_mediapipe"", ""16"": ""raw_mediapipe"", ""17"": ""raw_mediapipe"", ""18"": ""raw_mediapipe"", ""19"": ""raw_mediapipe"", ""20"": ""raw_mediapipe"", ""21"": ""raw_mediapipe"", ""22"": ""raw_mediapipe"", ""23"": ""raw_mediapipe"", ""24"": ""raw_mediapipe"", ""25"": ""raw_mediapipe"", ""26"": ""raw_mediapipe"", ""27"": ""raw_mediapipe"", ""28"": ""raw_mediapipe"", ""29"": ""raw_mediapipe"", ""30"": ""raw_mediapipe"", ""31"": ""raw_mediapipe"", ""32"": ""raw_mediapipe""}",0.2639,0.0,0.0,0.0,0.2018,0.0,0.0,0.0,0.0,0.0,0.0,0.0,0.0,0.0,0.0,0.0,0.3796,0.0,0.0,0.0,0.3836,0.0,0.0,0.0,0.0,0.0,0.0,0.0,0.0,0.0,0.0,0.0,0.0,0.0,0.0,0.0,0.0,0.0,0.0,0.0,0.0,0.0,0.0,0.0,0.0,0.0,0.0,0.0,0.0,0.0
303,10100,8.131059,detected,1,0,unstable,0.625,0.8379,0.3316,6,0.8182,0.45,0.0343,0.2131,0.0,0.0,0.0,0.9145,0.9145,0.3092,world,False,"{""0"": ""raw_mediapipe"", ""1"": ""raw_mediapipe"", ""2"": ""raw_mediapipe"", ""3"": ""raw_mediapipe"", ""4"": ""raw_mediapipe"", ""5"": ""raw_mediapipe"", ""6"": ""raw_mediapipe"", ""7"": ""raw_mediapipe"", ""8"": ""raw_mediapipe"", ""9"": ""raw_mediapipe"", ""10"": ""raw_mediapipe"", ""11"": ""raw_mediapipe"", ""12"": ""raw_mediapipe"", ""13"": ""raw_mediapipe"", ""14"": ""raw_mediapipe"", ""15"": ""raw_mediapipe"", ""16"": ""raw_mediapipe"", ""17"": ""raw_mediapipe"", ""18"": ""raw_mediapipe"", ""19"": ""raw_mediapipe"", ""20"": ""raw_mediapipe"", ""21"": ""raw_mediapipe"", ""22"": ""raw_mediapipe"", ""23"": ""raw_mediapipe"", ""24"": ""raw_mediapipe"", ""25"": ""raw_mediapipe"", ""26"": ""raw_mediapipe"", ""27"": ""raw_mediapipe"", ""28"": ""raw_mediapipe"", ""29"": ""raw_mediapipe"", ""30"": ""raw_mediapipe"", ""31"": ""raw_mediapipe"", ""32"": ""raw_mediapipe""}",0.2636,0.0,0.0,0.0,0.2025,0.0,0.0,0.0,0.0,0.0,0.0,0.0,0.0,0.0,0.0,0.0,0.381,0.0,0.0,0.0,0.3835,0.0,0.0,0.0,0.0,0.0,0.0,0.0,0.0,0.0,0.0,0.0,0.0,0.0,0.0,0.0,0.0,0.0,0.0,0.0,0.0,0.0,0.0,0.0,0.0,0.0,0.0,0.0,0.0,0.0
304,10133,8.163033,detected,1,0,unstable,0.6316,0.8395,0.3519,5,0.8485,0.3306,0.0334,0.2111,0.0,0.0,0.0,0.9148,0.9148,0.3082,world,False,"{""0"": ""raw_mediapipe"", ""1"": ""raw_mediapipe"", ""2"": ""raw_mediapipe"", ""3"": ""raw_mediapipe"", ""4"": ""raw_mediapipe"", ""5"": ""raw_mediapipe"", ""6"": ""raw_mediapipe"", ""7"": ""raw_mediapipe"", ""8"": ""raw_mediapipe"", ""9"": ""raw_mediapipe"", ""10"": ""raw_mediapipe"", ""11"": ""raw_mediapipe"", ""12"": ""raw_mediapipe"", ""13"": ""raw_mediapipe"", ""14"": ""raw_mediapipe"", ""15"": ""raw_mediapipe"", ""16"": ""raw_mediapipe"", ""17"": ""raw_mediapipe"", ""18"": ""raw_mediapipe"", ""19"": ""raw_mediapipe"", ""20"": ""raw_mediapipe"", ""21"": ""raw_mediapipe"", ""22"": ""raw_mediapipe"", ""23"": ""raw_mediapipe"", ""24"": ""raw_mediapipe"", ""25"": ""raw_mediapipe"", ""26"": ""raw_mediapipe"", ""27"": ""raw_mediapipe"", ""28"": ""raw_mediapipe"", ""29"": ""raw_mediapipe"", ""30"": ""raw_mediapipe"", ""31"": ""raw_mediapipe"", ""32"": ""raw_mediapipe""}",0.2634,0.0,0.0,0.0,0.2022,0.0,0.0,0.0,0.0,0.0,0.0,0.0,0.0,0.0,0.0,0.0,0.382,0.0,0.0,0.0,0.3836,0.0,0.0,0.0,0.0,0.0,0.0,0.0,0.0,0.0,0.0,0.0,0.0,0.0,0.0,0.0,0.0,0.0,0.0,0.0,0.0,0.0,0.0,0.0,0.0,0.0,0.0,0.0,0.0,0.0
305,10166,8.196921,detected,1,0,unstable,0.6222,0.8383,0.3381,6,0.8182,0.3579,0.0331,0.2116,0.0,0.0,0.0,0.915,0.915,0.3072,world,False,"{""0"": ""raw_mediapipe"", ""1"": ""raw_mediapipe"", ""2"": ""raw_mediapipe"", ""3"": ""raw_mediapipe"", ""4"": ""raw_mediapipe"", ""5"": ""raw_mediapipe"", ""6"": ""raw_mediapipe"", ""7"": ""raw_mediapipe"", ""8"": ""raw_mediapipe"", ""9"": ""raw_mediapipe"", ""10"": ""raw_mediapipe"", ""11"": ""raw_mediapipe"", ""12"": ""raw_mediapipe"", ""13"": ""raw_mediapipe"", ""14"": ""raw_mediapipe"", ""15"": ""raw_mediapipe"", ""16"": ""raw_mediapipe"", ""17"": ""raw_mediapipe"", ""18"": ""raw_mediapipe"", ""19"": ""raw_mediapipe"", ""20"": ""raw_mediapipe"", ""21"": ""raw_mediapipe"", ""22"": ""raw_mediapipe"", ""23"": ""raw_mediapipe"", ""24"": ""raw_mediapipe"", ""25"": ""raw_mediapipe"", ""26"": ""raw_mediapipe"", ""27"": ""raw_mediapipe"", ""28"": ""raw_mediapipe"", ""29"": ""raw_mediapipe"", ""30"": ""raw_mediapipe"", ""31"": ""raw_mediapipe"", ""32"": ""raw_mediapipe""}",0.2634,0.0,0.0,0.0,0.2037,0.0,0.0,0.0,0.0,0.0,0.0,0.0,0.0,0.0,0.0,0.0,0.3822,0.0,0.0,0.0,0.383,0.0,0.0,0.0,0.0,0.0,0.0,0.0,0.0,0.0,0.0,0.0,0.0,0.0,0.0,0.0,0.0,0.0,0.0,0.0,0.0,0.0,0.0,0.0,0.0,0.0,0.0,0.0,0.0,0.0
306,10200,8.225053,detected,1,0,valid,0.6315,0.8375,0.3299,6,0.8182,0.2054,0.033,0.2115,0.0,0.0,0.0,0.9153,0.9153,0.3062,world,False,"{""0"": ""raw_mediapipe"", ""1"": ""raw_mediapipe"", ""2"": ""raw_mediapipe"", ""3"": ""raw_mediapipe"", ""4"": ""raw_mediapipe"", ""5"": ""raw_mediapipe"", ""6"": ""raw_mediapipe"", ""7"": ""raw_mediapipe"", ""8"": ""raw_mediapipe"", ""9"": ""raw_mediapipe"", ""10"": ""raw_mediapipe"", ""11"": ""raw_mediapipe"", ""12"": ""raw_mediapipe"", ""13"": ""raw_mediapipe"", ""14"": ""raw_mediapipe"", ""15"": ""raw_mediapipe"", ""16"": ""raw_mediapipe"", ""17"": ""raw_mediapipe"", ""18"": ""raw_mediapipe"", ""19"": ""raw_mediapipe"", ""20"": ""raw_mediapipe"", ""21"": ""raw_mediapipe"", ""22"": ""raw_mediapipe"", ""23"": ""raw_mediapipe"", ""24"": ""raw_mediapipe"", ""25"": ""raw_mediapipe"", ""26"": ""raw_mediapipe"", ""27"": ""raw_mediapipe"", ""28"": ""raw_mediapipe"", ""29"": ""raw_mediapipe"", ""30"": ""raw_mediapipe"", ""31"": ""raw_mediapipe"", ""32"": ""raw_mediapipe""}",0.2635,0.0,0.0,0.0,0.2052,0.0,0.0,0.0,0.0,0.0,0.0,0.0,0.0,0.0,0.0,0.0,0.3826,0.0,0.0,0.0,0.3823,0.0,0.0,0.0,0.0,0.0,0.0,0.0,0.0,0.0,0.0,0.0,0.0,0.0,0.0,0.0,0.0,0.0,0.0,0.0,0.0,0.0,0.0,0.0,0.0,0.0,0.0,0.0,0.0,0.0
307,10233,8.251881,detected,1,0,unstable,0.6311,0.8405,0.3534,5,0.8485,0.5137,0.033,0.2192,0.0,0.0,0.0,0.9156,0.9156,0.3052,world,False,"{""0"": ""raw_mediapipe"", ""1"": ""raw_mediapipe"", ""2"": ""raw_mediapipe"", ""3"": ""raw_mediapipe"", ""4"": ""raw_mediapipe"", ""5"": ""raw_mediapipe"", ""6"": ""raw_mediapipe"", ""7"": ""raw_mediapipe"", ""8"": ""raw_mediapipe"", ""9"": ""raw_mediapipe"", ""10"": ""raw_mediapipe"", ""11"": ""raw_mediapipe"", ""12"": ""raw_mediapipe"", ""13"": ""raw_mediapipe"", ""14"": ""raw_mediapipe"", ""15"": ""raw_mediapipe"", ""16"": ""raw_mediapipe"", ""17"": ""raw_mediapipe"", ""18"": ""raw_mediapipe"", ""19"": ""raw_mediapipe"", ""20"": ""raw_mediapipe"", ""21"": ""raw_mediapipe"", ""22"": ""raw_mediapipe"", ""23"": ""raw_mediapipe"", ""24"": ""raw_mediapipe"", ""25"": ""raw_mediapipe"", ""26"": ""raw_mediapipe"", ""27"": ""raw_mediapipe"", ""28"": ""raw_mediapipe"", ""29"": ""raw_mediapipe"", ""30"": ""raw_mediapipe"", ""31"": ""raw_mediapipe"", ""32"": ""raw_mediapipe""}",0.263,0.0,0.0,0.0,0.2065,0.0,0.0,0.0,0.0,0.0,0.0,0.0,0.0,0.0,0.0,0.0,0.3805,0.0,0.0,0.0,0.3819,0.0,0.0,0.0,0.0,0.0,0.0,0.0,0.0,0.0,0.0,0.0,0.0,0.0,0.0,0.0,0.0,0.0,0.0,0.0,0.0,0.0,0.0,0.0,0.0,0.0,0.0,0.0,0.0,0.0
308,10266,8.280279,detected,1,0,unstable,0.6249,0.8408,0.3423,6,0.8182,0.322,0.0338,0.2178,0.0,0.0,0.0,0.9159,0.9159,0.3042,world,False,"{""0"": ""raw_mediapipe"", ""1"": ""raw_mediapipe"", ""2"": ""raw_mediapipe"", ""3"": ""raw_mediapipe"", ""4"": ""raw_mediapipe"", ""5"": ""raw_mediapipe"", ""6"": ""raw_mediapipe"", ""7"": ""raw_mediapipe"", ""8"": ""raw_mediapipe"", ""9"": ""raw_mediapipe"", ""10"": ""raw_mediapipe"", ""11"": ""raw_mediapipe"", ""12"": ""raw_mediapipe"", ""13"": ""raw_mediapipe"", ""14"": ""raw_mediapipe"", ""15"": ""raw_mediapipe"", ""16"": ""raw_mediapipe"", ""17"": ""raw_mediapipe"", ""18"": ""raw_mediapipe"", ""19"": ""raw_mediapipe"", ""20"": ""raw_mediapipe"", ""21"": ""raw_mediapipe"", ""22"": ""raw_mediapipe"", ""23"": ""raw_mediapipe"", ""24"": ""raw_mediapipe"", ""25"": ""raw_mediapipe"", ""26"": ""raw_mediapipe"", ""27"": ""raw_mediapipe"", ""28"": ""raw_mediapipe"", ""29"": ""raw_mediapipe"", ""30"": ""raw_mediapipe"", ""31"": ""raw_mediapipe"", ""32"": ""raw_mediapipe""}",0.2637,0.0,0.0,0.0,0.2079,0.0,0.0,0.0,0.0,0.0,0.0,0.0,0.0,0.0,0.0,0.0,0.3794,0.0,0.0,0.0,0.383,0.0,0.0,0.0,0.0,0.0,0.0,0.0,0.0,0.0,0.0,0.0,0.0,0.0,0.0,0.0,0.0,0.0,0.0,0.0,0.0,0.0,0.0,0.0,0.0,0.0,0.0,0.0,0.0,0.0
309,10300,8.30465,detected,1,1,valid,0.6505,0.8391,0.3348,6,0.8182,0.1815,0.0338,0.2158,0.0,0.0014365681818181817,0.03579377272727272,0.9161,0.9161,0.3065,world,True,"{""0"": ""raw_mediapipe"", ""1"": ""raw_mediapipe"", ""2"": ""raw_mediapipe"", ""3"": ""raw_mediapipe"", ""4"": ""raw_mediapipe"", ""5"": ""raw_mediapipe"", ""6"": ""raw_mediapipe"", ""7"": ""raw_mediapipe"", ""8"": ""raw_mediapipe"", ""9"": ""raw_mediapipe"", ""10"": ""raw_mediapipe"", ""11"": ""raw_mediapipe"", ""12"": ""raw_mediapipe"", ""13"": ""raw_mediapipe"", ""14"": ""raw_mediapipe"", ""15"": ""raw_mediapipe"", ""16"": ""raw_mediapipe"", ""17"": ""raw_mediapipe"", ""18"": ""raw_mediapipe"", ""19"": ""raw_mediapipe"", ""20"": ""raw_mediapipe"", ""21"": ""raw_mediapipe"", ""22"": ""raw_mediapipe"", ""23"": ""raw_mediapipe"", ""24"": ""raw_mediapipe"", ""25"": ""raw_mediapipe"", ""26"": ""raw_mediapipe"", ""27"": ""raw_mediapipe"", ""28"": ""raw_mediapipe"", ""29"": ""raw_mediapipe"", ""30"": ""raw_mediapipe"", ""31"": ""raw_mediapipe"", ""32"": ""raw_mediapipe""}",0.2646,0.0,0.0,0.0,0.2097,0.0,0.0,0.0,0.0,0.0,0.0,0.0,0.0,0.0,0.0,0.0,0.3782,0.0,0.0,0.0,0.3842,0.0,0.0,0.0,0.0,0.0,0.0,0.0,0.0,0.0,0.0,0.0,0.0,0.0,0.0,0.0,0.0,0.0,0.0,0.0,0.0,0.0,0.0,0.0,0.0,0.0,0.0,0.0,0.0,0.0
310,10333,8.328184,detected,1,1,valid,0.7433,0.837,0.3237,6,0.8182,0.0425,0.0333,0.2121,0.0,0.0014479318181818183,0.03592356818181818,0.9164,0.9164,0.3087,world,True,"{""0"": ""raw_mediapipe"", ""1"": ""raw_mediapipe"", ""2"": ""raw_mediapipe"", ""3"": ""raw_mediapipe"", ""4"": ""raw_mediapipe"", ""5"": ""raw_mediapipe"", ""6"": ""raw_mediapipe"", ""7"": ""raw_mediapipe"", ""8"": ""raw_mediapipe"", ""9"": ""raw_mediapipe"", ""10"": ""raw_mediapipe"", ""11"": ""raw_mediapipe"", ""12"": ""raw_mediapipe"", ""13"": ""raw_mediapipe"", ""14"": ""raw_mediapipe"", ""15"": ""raw_mediapipe"", ""16"": ""raw_mediapipe"", ""17"": ""raw_mediapipe"", ""18"": ""raw_mediapipe"", ""19"": ""raw_mediapipe"", ""20"": ""raw_mediapipe"", ""21"": ""raw_mediapipe"", ""22"": ""raw_mediapipe"", ""23"": ""raw_mediapipe"", ""24"": ""raw_mediapipe"", ""25"": ""raw_mediapipe"", ""26"": ""raw_mediapipe"", ""27"": ""raw_mediapipe"", ""28"": ""raw_mediapipe"", ""29"": ""raw_mediapipe"", ""30"": ""raw_mediapipe"", ""31"": ""raw_mediapipe"", ""32"": ""raw_mediapipe""}",0.2657,0.0,0.0,0.0,0.2113,0.0,0.0,0.0,0.0,0.0,0.0,0.0,0.0,0.0,0.0,0.0,0.3775,0.0,0.0,0.0,0.3853,0.0,0.0,0.0,0.0,0.0,0.0,0.0,0.0,0.0,0.0,0.0,0.0,0.0,0.0,0.0,0.0,0.0,0.0,0.0,0.0,0.0,0.0,0.0,0.0,0.0,0.0,0.0,0.0,0.0
311,10366,8.35331,detected,1,0,unstable,0.6186,0.8336,0.3027,6,0.8182,0.4494,0.0324,0.2082,0.0,0.0,0.0,0.9167,0.9167,0.3077,world,False,"{""0"": ""raw_mediapipe"", ""1"": ""raw_mediapipe"", ""2"": ""raw_mediapipe"", ""3"": ""raw_mediapipe"", ""4"": ""raw_mediapipe"", ""5"": ""raw_mediapipe"", ""6"": ""raw_mediapipe"", ""7"": ""raw_mediapipe"", ""8"": ""raw_mediapipe"", ""9"": ""raw_mediapipe"", ""10"": ""raw_mediapipe"", ""11"": ""raw_mediapipe"", ""12"": ""raw_mediapipe"", ""13"": ""raw_mediapipe"", ""14"": ""raw_mediapipe"", ""15"": ""raw_mediapipe"", ""16"": ""raw_mediapipe"", ""17"": ""raw_mediapipe"", ""18"": ""raw_mediapipe"", ""19"": ""raw_mediapipe"", ""20"": ""raw_mediapipe"", ""21"": ""raw_mediapipe"", ""22"": ""raw_mediapipe"", ""23"": ""raw_mediapipe"", ""24"": ""raw_mediapipe"", ""25"": ""raw_mediapipe"", ""26"": ""raw_mediapipe"", ""27"": ""raw_mediapipe"", ""28"": ""raw_mediapipe"", ""29"": ""raw_mediapipe"", ""30"": ""raw_mediapipe"", ""31"": ""raw_mediapipe"", ""32"": ""raw_mediapipe""}",0.2667,0.0,0.0,0.0,0.213,0.0,0.0,0.0,0.0,0.0,0.0,0.0,0.0,0.0,0.0,0.0,0.3772,0.0,0.0,0.0,0.3861,0.0,0.0,0.0,0.0,0.0,0.0,0.0,0.0,0.0,0.0,0.0,0.0,0.0,0.0,0.0,0.0,0.0,0.0,0.0,0.0,0.0,0.0,0.0,0.0,0.0,0.0,0.0,0.0,0.0
312,10400,8.378128,detected,1,0,unstable,0.6131,0.8305,0.2816,6,0.8182,0.2385,0.0306,0.204,0.0,0.0,0.0,0.9169,0.9169,0.3067,world,False,"{""0"": ""raw_mediapipe"", ""1"": ""raw_mediapipe"", ""2"": ""raw_mediapipe"", ""3"": ""raw_mediapipe"", ""4"": ""raw_mediapipe"", ""5"": ""raw_mediapipe"", ""6"": ""raw_mediapipe"", ""7"": ""raw_mediapipe"", ""8"": ""raw_mediapipe"", ""9"": ""raw_mediapipe"", ""10"": ""raw_mediapipe"", ""11"": ""raw_mediapipe"", ""12"": ""raw_mediapipe"", ""13"": ""raw_mediapipe"", ""14"": ""raw_mediapipe"", ""15"": ""raw_mediapipe"", ""16"": ""raw_mediapipe"", ""17"": ""raw_mediapipe"", ""18"": ""raw_mediapipe"", ""19"": ""raw_mediapipe"", ""20"": ""raw_mediapipe"", ""21"": ""raw_mediapipe"", ""22"": ""raw_mediapipe"", ""23"": ""raw_mediapipe"", ""24"": ""raw_mediapipe"", ""25"": ""raw_mediapipe"", ""26"": ""raw_mediapipe"", ""27"": ""raw_mediapipe"", ""28"": ""raw_mediapipe"", ""29"": ""raw_mediapipe"", ""30"": ""raw_mediapipe"", ""31"": ""raw_mediapipe"", ""32"": ""raw_mediapipe""}",0.2677,0.0,0.0,0.0,0.2146,0.0,0.0,0.0,0.0,0.0,0.0,0.0,0.0,0.0,0.0,0.0,0.377,0.0,0.0,0.0,0.3869,0.0,0.0,0.0,0.0,0.0,0.0,0.0,0.0,0.0,0.0,0.0,0.0,0.0,0.0,0.0,0.0,0.0,0.0,0.0,0.0,0.0,0.0,0.0,0.0,0.0,0.0,0.0,0.0,0.0
313,10433,8.403299,detected,1,0,unstable,0.6099,0.8282,0.2626,6,0.8182,0.2362,0.0297,0.2089,0.0,0.0,0.0,0.9172,0.9172,0.3057,world,False,"{""0"": ""raw_mediapipe"", ""1"": ""raw_mediapipe"", ""2"": ""raw_mediapipe"", ""3"": ""raw_mediapipe"", ""4"": ""raw_mediapipe"", ""5"": ""raw_mediapipe"", ""6"": ""raw_mediapipe"", ""7"": ""raw_mediapipe"", ""8"": ""raw_mediapipe"", ""9"": ""raw_mediapipe"", ""10"": ""raw_mediapipe"", ""11"": ""raw_mediapipe"", ""12"": ""raw_mediapipe"", ""13"": ""raw_mediapipe"", ""14"": ""raw_mediapipe"", ""15"": ""raw_mediapipe"", ""16"": ""raw_mediapipe"", ""17"": ""raw_mediapipe"", ""18"": ""raw_mediapipe"", ""19"": ""raw_mediapipe"", ""20"": ""raw_mediapipe"", ""21"": ""raw_mediapipe"", ""22"": ""raw_mediapipe"", ""23"": ""raw_mediapipe"", ""24"": ""raw_mediapipe"", ""25"": ""raw_mediapipe"", ""26"": ""raw_mediapipe"", ""27"": ""raw_mediapipe"", ""28"": ""raw_mediapipe"", ""29"": ""raw_mediapipe"", ""30"": ""raw_mediapipe"", ""31"": ""raw_mediapipe"", ""32"": ""raw_mediapipe""}",0.2687,0.0,0.0,0.0,0.2157,0.0,0.0,0.0,0.0,0.0,0.0,0.0,0.0,0.0,0.0,0.0,0.3776,0.0,0.0,0.0,0.3874,0.0,0.0,0.0,0.0,0.0,0.0,0.0,0.0,0.0,0.0,0.0,0.0,0.0,0.0,0.0,0.0,0.0,0.0,0.0,0.0,0.0,0.0,0.0,0.0,0.0,0.0,0.0,0.0,0.0
314,10466,8.432489,detected,1,0,valid,0.6304,0.827,0.2478,6,0.8182,0.187,0.0291,0.2536,0.0,0.0,0.0,0.9175,0.9175,0.3048,world,False,"{""0"": ""raw_mediapipe"", ""1"": ""raw_mediapipe"", ""2"": ""raw_mediapipe"", ""3"": ""raw_mediapipe"", ""4"": ""raw_mediapipe"", ""5"": ""raw_mediapipe"", ""6"": ""raw_mediapipe"", ""7"": ""raw_mediapipe"", ""8"": ""raw_mediapipe"", ""9"": ""raw_mediapipe"", ""10"": ""raw_mediapipe"", ""11"": ""raw_mediapipe"", ""12"": ""raw_mediapipe"", ""13"": ""raw_mediapipe"", ""14"": ""raw_mediapipe"", ""15"": ""raw_mediapipe"", ""16"": ""raw_mediapipe"", ""17"": ""raw_mediapipe"", ""18"": ""raw_mediapipe"", ""19"": ""raw_mediapipe"", ""20"": ""raw_mediapipe"", ""21"": ""raw_mediapipe"", ""22"": ""raw_mediapipe"", ""23"": ""raw_mediapipe"", ""24"": ""raw_mediapipe"", ""25"": ""raw_mediapipe"", ""26"": ""raw_mediapipe"", ""27"": ""raw_mediapipe"", ""28"": ""raw_mediapipe"", ""29"": ""raw_mediapipe"", ""30"": ""raw_mediapipe"", ""31"": ""raw_mediapipe"", ""32"": ""raw_mediapipe""}",0.2695,0.0,0.0,0.0,0.2172,0.0,0.0,0.0,0.0,0.0,0.0,0.0,0.0,0.0,0.0,0.0,0.3781,0.0,0.0,0.0,0.3879,0.0,0.0,0.0,0.0,0.0,0.0,0.0,0.0,0.0,0.0,0.0,0.0,0.0,0.0,0.0,0.0,0.0,0.0,0.0,0.0,0.0,0.0,0.0,0.0,0.0,0.0,0.0,0.0,0.0
315,10500,8.457968,detected,1,1,valid,0.6847,0.8275,0.2406,6,0.8182,0.1071,0.0289,0.3137,0.0,0.0014428181818181816,0.035883159090909084,0.9177,0.9177,0.307,world,True,"{""0"": ""raw_mediapipe"", ""1"": ""raw_mediapipe"", ""2"": ""raw_mediapipe"", ""3"": ""raw_mediapipe"", ""4"": ""raw_mediapipe"", ""5"": ""raw_mediapipe"", ""6"": ""raw_mediapipe"", ""7"": ""raw_mediapipe"", ""8"": ""raw_mediapipe"", ""9"": ""raw_mediapipe"", ""10"": ""raw_mediapipe"", ""11"": ""raw_mediapipe"", ""12"": ""raw_mediapipe"", ""13"": ""raw_mediapipe"", ""14"": ""raw_mediapipe"", ""15"": ""raw_mediapipe"", ""16"": ""raw_mediapipe"", ""17"": ""raw_mediapipe"", ""18"": ""raw_mediapipe"", ""19"": ""raw_mediapipe"", ""20"": ""raw_mediapipe"", ""21"": ""raw_mediapipe"", ""22"": ""raw_mediapipe"", ""23"": ""raw_mediapipe"", ""24"": ""raw_mediapipe"", ""25"": ""raw_mediapipe"", ""26"": ""raw_mediapipe"", ""27"": ""raw_mediapipe"", ""28"": ""raw_mediapipe"", ""29"": ""raw_mediapipe"", ""30"": ""raw_mediapipe"", ""31"": ""raw_mediapipe"", ""32"": ""raw_mediapipe""}",0.2708,0.0,0.0,0.0,0.2182,0.0,0.0,0.0,0.0,0.0,0.0,0.0,0.0,0.0,0.0,0.0,0.379,0.0,0.0,0.0,0.3879,0.0,0.0,0.0,0.0,0.0,0.0,0.0,0.0,0.0,0.0,0.0,0.0,0.0,0.0,0.0,0.0,0.0,0.0,0.0,0.0,0.0,0.0,0.0,0.0,0.0,0.0,0.0,0.0,0.0
316,10533,8.486,detected,1,0,unstable,0.621,0.8282,0.2339,6,0.8182,0.2607,0.0341,0.3575,0.0,0.0,0.0,0.918,0.918,0.306,world,False,"{""0"": ""raw_mediapipe"", ""1"": ""raw_mediapipe"", ""2"": ""raw_mediapipe"", ""3"": ""raw_mediapipe"", ""4"": ""raw_mediapipe"", ""5"": ""raw_mediapipe"", ""6"": ""raw_mediapipe"", ""7"": ""raw_mediapipe"", ""8"": ""raw_mediapipe"", ""9"": ""raw_mediapipe"", ""10"": ""raw_mediapipe"", ""11"": ""raw_mediapipe"", ""12"": ""raw_mediapipe"", ""13"": ""raw_mediapipe"", ""14"": ""raw_mediapipe"", ""15"": ""raw_mediapipe"", ""16"": ""raw_mediapipe"", ""17"": ""raw_mediapipe"", ""18"": ""raw_mediapipe"", ""19"": ""raw_mediapipe"", ""20"": ""raw_mediapipe"", ""21"": ""raw_mediapipe"", ""22"": ""raw_mediapipe"", ""23"": ""raw_mediapipe"", ""24"": ""raw_mediapipe"", ""25"": ""raw_mediapipe"", ""26"": ""raw_mediapipe"", ""27"": ""raw_mediapipe"", ""28"": ""raw_mediapipe"", ""29"": ""raw_mediapipe"", ""30"": ""raw_mediapipe"", ""31"": ""raw_mediapipe"", ""32"": ""raw_mediapipe""}",0.2722,0.0,0.0,0.0,0.2188,0.0,0.0,0.0,0.0,0.0,0.0,0.0,0.0,0.0,0.0,0.0,0.3796,0.0,0.0,0.0,0.3876,0.0,0.0,0.0,0.0,0.0,0.0,0.0,0.0,0.0,0.0,0.0,0.0,0.0,0.0,0.0,0.0,0.0,0.0,0.0,0.0,0.0,0.0,0.0,0.0,0.0,0.0,0.0,0.0,0.0
317,10566,8.514382,detected,1,0,valid,0.6473,0.8282,0.2265,6,0.8182,0.1692,0.0308,0.4001,0.0,0.0,0.0,0.9182,0.9182,0.305,world,False,"{""0"": ""raw_mediapipe"", ""1"": ""raw_mediapipe"", ""2"": ""raw_mediapipe"", ""3"": ""raw_mediapipe"", ""4"": ""raw_mediapipe"", ""5"": ""raw_mediapipe"", ""6"": ""raw_mediapipe"", ""7"": ""raw_mediapipe"", ""8"": ""raw_mediapipe"", ""9"": ""raw_mediapipe"", ""10"": ""raw_mediapipe"", ""11"": ""raw_mediapipe"", ""12"": ""raw_mediapipe"", ""13"": ""raw_mediapipe"", ""14"": ""raw_mediapipe"", ""15"": ""raw_mediapipe"", ""16"": ""raw_mediapipe"", ""17"": ""raw_mediapipe"", ""18"": ""raw_mediapipe"", ""19"": ""raw_mediapipe"", ""20"": ""raw_mediapipe"", ""21"": ""raw_mediapipe"", ""22"": ""raw_mediapipe"", ""23"": ""raw_mediapipe"", ""24"": ""raw_mediapipe"", ""25"": ""raw_mediapipe"", ""26"": ""raw_mediapipe"", ""27"": ""raw_mediapipe"", ""28"": ""raw_mediapipe"", ""29"": ""raw_mediapipe"", ""30"": ""raw_mediapipe"", ""31"": ""raw_mediapipe"", ""32"": ""raw_mediapipe""}",0.2736,0.0,0.0,0.0,0.2194,0.0,0.0,0.0,0.0,0.0,0.0,0.0,0.0,0.0,0.0,0.0,0.3799,0.0,0.0,0.0,0.3875,0.0,0.0,0.0,0.0,0.0,0.0,0.0,0.0,0.0,0.0,0.0,0.0,0.0,0.0,0.0,0.0,0.0,0.0,0.0,0.0,0.0,0.0,0.0,0.0,0.0,0.0,0.0,0.0,0.0
318,10600,8.541874,detected,1,0,unstable,0.6231,0.8307,0.2258,6,0.8182,0.2753,0.0346,0.4373,0.0,0.0,0.0,0.9185,0.9185,0.3041,world,False,"{""0"": ""raw_mediapipe"", ""1"": ""raw_mediapipe"", ""2"": ""raw_mediapipe"", ""3"": ""raw_mediapipe"", ""4"": ""raw_mediapipe"", ""5"": ""raw_mediapipe"", ""6"": ""raw_mediapipe"", ""7"": ""raw_mediapipe"", ""8"": ""raw_mediapipe"", ""9"": ""raw_mediapipe"", ""10"": ""raw_mediapipe"", ""11"": ""raw_mediapipe"", ""12"": ""raw_mediapipe"", ""13"": ""raw_mediapipe"", ""14"": ""raw_mediapipe"", ""15"": ""raw_mediapipe"", ""16"": ""raw_mediapipe"", ""17"": ""raw_mediapipe"", ""18"": ""raw_mediapipe"", ""19"": ""raw_mediapipe"", ""20"": ""raw_mediapipe"", ""21"": ""raw_mediapipe"", ""22"": ""raw_mediapipe"", ""23"": ""raw_mediapipe"", ""24"": ""raw_mediapipe"", ""25"": ""raw_mediapipe"", ""26"": ""raw_mediapipe"", ""27"": ""raw_mediapipe"", ""28"": ""raw_mediapipe"", ""29"": ""raw_mediapipe"", ""30"": ""raw_mediapipe"", ""31"": ""raw_mediapipe"", ""32"": ""raw_mediapipe""}",0.2749,0.0,0.0,0.0,0.2201,0.0,0.0,0.0,0.0,0.0,0.0,0.0,0.0,0.0,0.0,0.0,0.3803,0.0,0.0,0.0,0.3873,0.0,0.0,0.0,0.0,0.0,0.0,0.0,0.0,0.0,0.0,0.0,0.0,0.0,0.0,0.0,0.0,0.0,0.0,0.0,0.0,0.0,0.0,0.0,0.0,0.0,0.0,0.0,0.0,0.0
319,10633,8.565511,detected,1,0,valid,0.6436,0.8315,0.2213,6,0.8182,0.1833,0.0327,0.4727,0.0,0.0,0.0,0.9187,0.9187,0.3031,world,False,"{""0"": ""raw_mediapipe"", ""1"": ""raw_mediapipe"", ""2"": ""raw_mediapipe"", ""3"": ""raw_mediapipe"", ""4"": ""raw_mediapipe"", ""5"": ""raw_mediapipe"", ""6"": ""raw_mediapipe"", ""7"": ""raw_mediapipe"", ""8"": ""raw_mediapipe"", ""9"": ""raw_mediapipe"", ""10"": ""raw_mediapipe"", ""11"": ""raw_mediapipe"", ""12"": ""raw_mediapipe"", ""13"": ""raw_mediapipe"", ""14"": ""raw_mediapipe"", ""15"": ""raw_mediapipe"", ""16"": ""raw_mediapipe"", ""17"": ""raw_mediapipe"", ""18"": ""raw_mediapipe"", ""19"": ""raw_mediapipe"", ""20"": ""raw_mediapipe"", ""21"": ""raw_mediapipe"", ""22"": ""raw_mediapipe"", ""23"": ""raw_mediapipe"", ""24"": ""raw_mediapipe"", ""25"": ""raw_mediapipe"", ""26"": ""raw_mediapipe"", ""27"": ""raw_mediapipe"", ""28"": ""raw_mediapipe"", ""29"": ""raw_mediapipe"", ""30"": ""raw_mediapipe"", ""31"": ""raw_mediapipe"", ""32"": ""raw_mediapipe""}",0.2756,0.0,0.0,0.0,0.2206,0.0,0.0,0.0,0.0,0.0,0.0,0.0,0.0,0.0,0.0,0.0,0.3805,0.0,0.0,0.0,0.3873,0.0,0.0,0.0,0.0,0.0,0.0,0.0,0.0,0.0,0.0,0.0,0.0,0.0,0.0,0.0,0.0,0.0,0.0,0.0,0.0,0.0,0.0,0.0,0.0,0.0,0.0,0.0,0.0,0.0
320,10666,8.592607,detected,1,1,valid,0.7266,0.8322,0.2155,6,0.8182,0.0547,0.0307,0.51,0.0,0.001434681818181818,0.03580470454545454,0.919,0.919,0.3053,world,True,"{""0"": ""raw_mediapipe"", ""1"": ""raw_mediapipe"", ""2"": ""raw_mediapipe"", ""3"": ""raw_mediapipe"", ""4"": ""raw_mediapipe"", ""5"": ""raw_mediapipe"", ""6"": ""raw_mediapipe"", ""7"": ""raw_mediapipe"", ""8"": ""raw_mediapipe"", ""9"": ""raw_mediapipe"", ""10"": ""raw_mediapipe"", ""11"": ""raw_mediapipe"", ""12"": ""raw_mediapipe"", ""13"": ""raw_mediapipe"", ""14"": ""raw_mediapipe"", ""15"": ""raw_mediapipe"", ""16"": ""raw_mediapipe"", ""17"": ""raw_mediapipe"", ""18"": ""raw_mediapipe"", ""19"": ""raw_mediapipe"", ""20"": ""raw_mediapipe"", ""21"": ""raw_mediapipe"", ""22"": ""raw_mediapipe"", ""23"": ""raw_mediapipe"", ""24"": ""raw_mediapipe"", ""25"": ""raw_mediapipe"", ""26"": ""raw_mediapipe"", ""27"": ""raw_mediapipe"", ""28"": ""raw_mediapipe"", ""29"": ""raw_mediapipe"", ""30"": ""raw_mediapipe"", ""31"": ""raw_mediapipe"", ""32"": ""raw_mediapipe""}",0.2762,0.0,0.0,0.0,0.2212,0.0,0.0,0.0,0.0,0.0,0.0,0.0,0.0,0.0,0.0,0.0,0.3805,0.0,0.0,0.0,0.3872,0.0,0.0,0.0,0.0,0.0,0.0,0.0,0.0,0.0,0.0,0.0,0.0,0.0,0.0,0.0,0.0,0.0,0.0,0.0,0.0,0.0,0.0,0.0,0.0,0.0,0.0,0.0,0.0,0.0
321,10700,8.61573,detected,1,1,valid,0.6597,0.8312,0.2073,6,0.8182,0.1418,0.0278,0.5144,0.0,0.001426181818181818,0.035723090909090906,0.9193,0.9193,0.3075,world,True,"{""0"": ""raw_mediapipe"", ""1"": ""raw_mediapipe"", ""2"": ""raw_mediapipe"", ""3"": ""raw_mediapipe"", ""4"": ""raw_mediapipe"", ""5"": ""raw_mediapipe"", ""6"": ""raw_mediapipe"", ""7"": ""raw_mediapipe"", ""8"": ""raw_mediapipe"", ""9"": ""raw_mediapipe"", ""10"": ""raw_mediapipe"", ""11"": ""raw_mediapipe"", ""12"": ""raw_mediapipe"", ""13"": ""raw_mediapipe"", ""14"": ""raw_mediapipe"", ""15"": ""raw_mediapipe"", ""16"": ""raw_mediapipe"", ""17"": ""raw_mediapipe"", ""18"": ""raw_mediapipe"", ""19"": ""raw_mediapipe"", ""20"": ""raw_mediapipe"", ""21"": ""raw_mediapipe"", ""22"": ""raw_mediapipe"", ""23"": ""raw_mediapipe"", ""24"": ""raw_mediapipe"", ""25"": ""raw_mediapipe"", ""26"": ""raw_mediapipe"", ""27"": ""raw_mediapipe"", ""28"": ""raw_mediapipe"", ""29"": ""raw_mediapipe"", ""30"": ""raw_mediapipe"", ""31"": ""raw_mediapipe"", ""32"": ""raw_mediapipe""}",0.2766,0.0,0.0,0.0,0.2218,0.0,0.0,0.0,0.0,0.0,0.0,0.0,0.0,0.0,0.0,0.0,0.3806,0.0,0.0,0.0,0.3873,0.0,0.0,0.0,0.0,0.0,0.0,0.0,0.0,0.0,0.0,0.0,0.0,0.0,0.0,0.0,0.0,0.0,0.0,0.0,0.0,0.0,0.0,0.0,0.0,0.0,0.0,0.0,0.0,0.0
322,10733,8.63907,detected,1,0,unstable,0.6065,0.8312,0.203,6,0.8182,0.2899,0.0279,0.5168,0.0,0.0,0.0,0.9195,0.9195,0.3065,world,False,"{""0"": ""raw_mediapipe"", ""1"": ""raw_mediapipe"", ""2"": ""raw_mediapipe"", ""3"": ""raw_mediapipe"", ""4"": ""raw_mediapipe"", ""5"": ""raw_mediapipe"", ""6"": ""raw_mediapipe"", ""7"": ""raw_mediapipe"", ""8"": ""raw_mediapipe"", ""9"": ""raw_mediapipe"", ""10"": ""raw_mediapipe"", ""11"": ""raw_mediapipe"", ""12"": ""raw_mediapipe"", ""13"": ""raw_mediapipe"", ""14"": ""raw_mediapipe"", ""15"": ""raw_mediapipe"", ""16"": ""raw_mediapipe"", ""17"": ""raw_mediapipe"", ""18"": ""raw_mediapipe"", ""19"": ""raw_mediapipe"", ""20"": ""raw_mediapipe"", ""21"": ""raw_mediapipe"", ""22"": ""raw_mediapipe"", ""23"": ""raw_mediapipe"", ""24"": ""raw_mediapipe"", ""25"": ""raw_mediapipe"", ""26"": ""raw_mediapipe"", ""27"": ""raw_mediapipe"", ""28"": ""raw_mediapipe"", ""29"": ""raw_mediapipe"", ""30"": ""raw_mediapipe"", ""31"": ""raw_mediapipe"", ""32"": ""raw_mediapipe""}",0.2764,0.0,0.0,0.0,0.2225,0.0,0.0,0.0,0.0,0.0,0.0,0.0,0.0,0.0,0.0,0.0,0.3805,0.0,0.0,0.0,0.3877,0.0,0.0,0.0,0.0,0.0,0.0,0.0,0.0,0.0,0.0,0.0,0.0,0.0,0.0,0.0,0.0,0.0,0.0,0.0,0.0,0.0,0.0,0.0,0.0,0.0,0.0,0.0,0.0,0.0
323,10766,8.671455,detected,1,1,valid,0.6846,0.8302,0.195,6,0.8182,0.1067,0.0284,0.5206,0.0,0.001418090909090909,0.03563706818181818,0.9198,0.9198,0.3086,world,True,"{""0"": ""raw_mediapipe"", ""1"": ""raw_mediapipe"", ""2"": ""raw_mediapipe"", ""3"": ""raw_mediapipe"", ""4"": ""raw_mediapipe"", ""5"": ""raw_mediapipe"", ""6"": ""raw_mediapipe"", ""7"": ""raw_mediapipe"", ""8"": ""raw_mediapipe"", ""9"": ""raw_mediapipe"", ""10"": ""raw_mediapipe"", ""11"": ""raw_mediapipe"", ""12"": ""raw_mediapipe"", ""13"": ""raw_mediapipe"", ""14"": ""raw_mediapipe"", ""15"": ""raw_mediapipe"", ""16"": ""raw_mediapipe"", ""17"": ""raw_mediapipe"", ""18"": ""raw_mediapipe"", ""19"": ""raw_mediapipe"", ""20"": ""raw_mediapipe"", ""21"": ""raw_mediapipe"", ""22"": ""raw_mediapipe"", ""23"": ""raw_mediapipe"", ""24"": ""raw_mediapipe"", ""25"": ""raw_mediapipe"", ""26"": ""raw_mediapipe"", ""27"": ""raw_mediapipe"", ""28"": ""raw_mediapipe"", ""29"": ""raw_mediapipe"", ""30"": ""raw_mediapipe"", ""31"": ""raw_mediapipe"", ""32"": ""raw_mediapipe""}",0.2761,0.0,0.0,0.0,0.2228,0.0,0.0,0.0,0.0,0.0,0.0,0.0,0.0,0.0,0.0,0.0,0.3803,0.0,0.0,0.0,0.388,0.0,0.0,0.0,0.0,0.0,0.0,0.0,0.0,0.0,0.0,0.0,0.0,0.0,0.0,0.0,0.0,0.0,0.0,0.0,0.0,0.0,0.0,0.0,0.0,0.0,0.0,0.0,0.0,0.0
324,10800,8.695329,detected,1,0,valid,0.6361,0.8301,0.189,6,0.8182,0.1765,0.028,0.5225,0.0,0.0,0.0,0.92,0.92,0.3077,world,False,"{""0"": ""raw_mediapipe"", ""1"": ""raw_mediapipe"", ""2"": ""raw_mediapipe"", ""3"": ""raw_mediapipe"", ""4"": ""raw_mediapipe"", ""5"": ""raw_mediapipe"", ""6"": ""raw_mediapipe"", ""7"": ""raw_mediapipe"", ""8"": ""raw_mediapipe"", ""9"": ""raw_mediapipe"", ""10"": ""raw_mediapipe"", ""11"": ""raw_mediapipe"", ""12"": ""raw_mediapipe"", ""13"": ""raw_mediapipe"", ""14"": ""raw_mediapipe"", ""15"": ""raw_mediapipe"", ""16"": ""raw_mediapipe"", ""17"": ""raw_mediapipe"", ""18"": ""raw_mediapipe"", ""19"": ""raw_mediapipe"", ""20"": ""raw_mediapipe"", ""21"": ""raw_mediapipe"", ""22"": ""raw_mediapipe"", ""23"": ""raw_mediapipe"", ""24"": ""raw_mediapipe"", ""25"": ""raw_mediapipe"", ""26"": ""raw_mediapipe"", ""27"": ""raw_mediapipe"", ""28"": ""raw_mediapipe"", ""29"": ""raw_mediapipe"", ""30"": ""raw_mediapipe"", ""31"": ""raw_mediapipe"", ""32"": ""raw_mediapipe""}",0.2761,0.0,0.0,0.0,0.2235,0.0,0.0,0.0,0.0,0.0,0.0,0.0,0.0,0.0,0.0,0.0,0.3803,0.0,0.0,0.0,0.3881,0.0,0.0,0.0,0.0,0.0,0.0,0.0,0.0,0.0,0.0,0.0,0.0,0.0,0.0,0.0,0.0,0.0,0.0,0.0,0.0,0.0,0.0,0.0,0.0,0.0,0.0,0.0,0.0,0.0
325,10833,8.718439,detected,1,0,unstable,0.6058,0.8301,0.1832,6,0.8182,0.2834,0.0278,0.5258,0.0,0.0,0.0,0.9202,0.9202,0.3067,world,False,"{""0"": ""raw_mediapipe"", ""1"": ""raw_mediapipe"", ""2"": ""raw_mediapipe"", ""3"": ""raw_mediapipe"", ""4"": ""raw_mediapipe"", ""5"": ""raw_mediapipe"", ""6"": ""raw_mediapipe"", ""7"": ""raw_mediapipe"", ""8"": ""raw_mediapipe"", ""9"": ""raw_mediapipe"", ""10"": ""raw_mediapipe"", ""11"": ""raw_mediapipe"", ""12"": ""raw_mediapipe"", ""13"": ""raw_mediapipe"", ""14"": ""raw_mediapipe"", ""15"": ""raw_mediapipe"", ""16"": ""raw_mediapipe"", ""17"": ""raw_mediapipe"", ""18"": ""raw_mediapipe"", ""19"": ""raw_mediapipe"", ""20"": ""raw_mediapipe"", ""21"": ""raw_mediapipe"", ""22"": ""raw_mediapipe"", ""23"": ""raw_mediapipe"", ""24"": ""raw_mediapipe"", ""25"": ""raw_mediapipe"", ""26"": ""raw_mediapipe"", ""27"": ""raw_mediapipe"", ""28"": ""raw_mediapipe"", ""29"": ""raw_mediapipe"", ""30"": ""raw_mediapipe"", ""31"": ""raw_mediapipe"", ""32"": ""raw_mediapipe""}",0.276,0.0,0.0,0.0,0.2241,0.0,0.0,0.0,0.0,0.0,0.0,0.0,0.0,0.0,0.0,0.0,0.3803,0.0,0.0,0.0,0.3881,0.0,0.0,0.0,0.0,0.0,0.0,0.0,0.0,0.0,0.0,0.0,0.0,0.0,0.0,0.0,0.0,0.0,0.0,0.0,0.0,0.0,0.0,0.0,0.0,0.0,0.0,0.0,0.0,0.0
326,10866,8.74573,detected,1,0,valid,0.6178,0.8288,0.178,6,0.8182,0.2017,0.0278,0.5265,0.0,0.0,0.0,0.9205,0.9205,0.3058,world,False,"{""0"": ""raw_mediapipe"", ""1"": ""raw_mediapipe"", ""2"": ""raw_mediapipe"", ""3"": ""raw_mediapipe"", ""4"": ""raw_mediapipe"", ""5"": ""raw_mediapipe"", ""6"": ""raw_mediapipe"", ""7"": ""raw_mediapipe"", ""8"": ""raw_mediapipe"", ""9"": ""raw_mediapipe"", ""10"": ""raw_mediapipe"", ""11"": ""raw_mediapipe"", ""12"": ""raw_mediapipe"", ""13"": ""raw_mediapipe"", ""14"": ""raw_mediapipe"", ""15"": ""raw_mediapipe"", ""16"": ""raw_mediapipe"", ""17"": ""raw_mediapipe"", ""18"": ""raw_mediapipe"", ""19"": ""raw_mediapipe"", ""20"": ""raw_mediapipe"", ""21"": ""raw_mediapipe"", ""22"": ""raw_mediapipe"", ""23"": ""raw_mediapipe"", ""24"": ""raw_mediapipe"", ""25"": ""raw_mediapipe"", ""26"": ""raw_mediapipe"", ""27"": ""raw_mediapipe"", ""28"": ""raw_mediapipe"", ""29"": ""raw_mediapipe"", ""30"": ""raw_mediapipe"", ""31"": ""raw_mediapipe"", ""32"": ""raw_mediapipe""}",0.2759,0.0,0.0,0.0,0.2246,0.0,0.0,0.0,0.0,0.0,0.0,0.0,0.0,0.0,0.0,0.0,0.3802,0.0,0.0,0.0,0.3885,0.0,0.0,0.0,0.0,0.0,0.0,0.0,0.0,0.0,0.0,0.0,0.0,0.0,0.0,0.0,0.0,0.0,0.0,0.0,0.0,0.0,0.0,0.0,0.0,0.0,0.0,0.0,0.0,0.0
327,10900,8.77647,detected,1,1,valid,0.6925,0.8272,0.1749,6,0.8182,0.0913,0.0278,0.5257,0.0,0.001409681818181818,0.03555131818181818,0.9207,0.9207,0.3079,world,True,"{""0"": ""raw_mediapipe"", ""1"": ""raw_mediapipe"", ""2"": ""raw_mediapipe"", ""3"": ""raw_mediapipe"", ""4"": ""raw_mediapipe"", ""5"": ""raw_mediapipe"", ""6"": ""raw_mediapipe"", ""7"": ""raw_mediapipe"", ""8"": ""raw_mediapipe"", ""9"": ""raw_mediapipe"", ""10"": ""raw_mediapipe"", ""11"": ""raw_mediapipe"", ""12"": ""raw_mediapipe"", ""13"": ""raw_mediapipe"", ""14"": ""raw_mediapipe"", ""15"": ""raw_mediapipe"", ""16"": ""raw_mediapipe"", ""17"": ""raw_mediapipe"", ""18"": ""raw_mediapipe"", ""19"": ""raw_mediapipe"", ""20"": ""raw_mediapipe"", ""21"": ""raw_mediapipe"", ""22"": ""raw_mediapipe"", ""23"": ""raw_mediapipe"", ""24"": ""raw_mediapipe"", ""25"": ""raw_mediapipe"", ""26"": ""raw_mediapipe"", ""27"": ""raw_mediapipe"", ""28"": ""raw_mediapipe"", ""29"": ""raw_mediapipe"", ""30"": ""raw_mediapipe"", ""31"": ""raw_mediapipe"", ""32"": ""raw_mediapipe""}",0.2758,0.0,0.0,0.0,0.2251,0.0,0.0,0.0,0.0,0.0,0.0,0.0,0.0,0.0,0.0,0.0,0.3798,0.0,0.0,0.0,0.3891,0.0,0.0,0.0,0.0,0.0,0.0,0.0,0.0,0.0,0.0,0.0,0.0,0.0,0.0,0.0,0.0,0.0,0.0,0.0,0.0,0.0,0.0,0.0,0.0,0.0,0.0,0.0,0.0,0.0
328,10933,8.807558,detected,1,0,unstable,0.601,0.8265,0.1678,6,0.8182,0.2226,0.0264,0.52,0.0,0.0,0.0,0.921,0.921,0.307,world,False,"{""0"": ""raw_mediapipe"", ""1"": ""raw_mediapipe"", ""2"": ""raw_mediapipe"", ""3"": ""raw_mediapipe"", ""4"": ""raw_mediapipe"", ""5"": ""raw_mediapipe"", ""6"": ""raw_mediapipe"", ""7"": ""raw_mediapipe"", ""8"": ""raw_mediapipe"", ""9"": ""raw_mediapipe"", ""10"": ""raw_mediapipe"", ""11"": ""raw_mediapipe"", ""12"": ""raw_mediapipe"", ""13"": ""raw_mediapipe"", ""14"": ""raw_mediapipe"", ""15"": ""raw_mediapipe"", ""16"": ""raw_mediapipe"", ""17"": ""raw_mediapipe"", ""18"": ""raw_mediapipe"", ""19"": ""raw_mediapipe"", ""20"": ""raw_mediapipe"", ""21"": ""raw_mediapipe"", ""22"": ""raw_mediapipe"", ""23"": ""raw_mediapipe"", ""24"": ""raw_mediapipe"", ""25"": ""raw_mediapipe"", ""26"": ""raw_mediapipe"", ""27"": ""raw_mediapipe"", ""28"": ""raw_mediapipe"", ""29"": ""raw_mediapipe"", ""30"": ""raw_mediapipe"", ""31"": ""raw_mediapipe"", ""32"": ""raw_mediapipe""}",0.2758,0.0,0.0,0.0,0.2258,0.0,0.0,0.0,0.0,0.0,0.0,0.0,0.0,0.0,0.0,0.0,0.3802,0.0,0.0,0.0,0.3892,0.0,0.0,0.0,0.0,0.0,0.0,0.0,0.0,0.0,0.0,0.0,0.0,0.0,0.0,0.0,0.0,0.0,0.0,0.0,0.0,0.0,0.0,0.0,0.0,0.0,0.0,0.0,0.0,0.0
329,10966,8.831702,detected,1,1,valid,0.6605,0.8268,0.1647,6,0.8182,0.1327,0.0263,0.5105,0.0,0.0014019090909090906,0.03547118181818181,0.9212,0.9212,0.3091,world,True,"{""0"": ""raw_mediapipe"", ""1"": ""raw_mediapipe"", ""2"": ""raw_mediapipe"", ""3"": ""raw_mediapipe"", ""4"": ""raw_mediapipe"", ""5"": ""raw_mediapipe"", ""6"": ""raw_mediapipe"", ""7"": ""raw_mediapipe"", ""8"": ""raw_mediapipe"", ""9"": ""raw_mediapipe"", ""10"": ""raw_mediapipe"", ""11"": ""raw_mediapipe"", ""12"": ""raw_mediapipe"", ""13"": ""raw_mediapipe"", ""14"": ""raw_mediapipe"", ""15"": ""raw_mediapipe"", ""16"": ""raw_mediapipe"", ""17"": ""raw_mediapipe"", ""18"": ""raw_mediapipe"", ""19"": ""raw_mediapipe"", ""20"": ""raw_mediapipe"", ""21"": ""raw_mediapipe"", ""22"": ""raw_mediapipe"", ""23"": ""raw_mediapipe"", ""24"": ""raw_mediapipe"", ""25"": ""raw_mediapipe"", ""26"": ""raw_mediapipe"", ""27"": ""raw_mediapipe"", ""28"": ""raw_mediapipe"", ""29"": ""raw_mediapipe"", ""30"": ""raw_mediapipe"", ""31"": ""raw_mediapipe"", ""32"": ""raw_mediapipe""}",0.2761,0.0,0.0,0.0,0.2268,0.0,0.0,0.0,0.0,0.0,0.0,0.0,0.0,0.0,0.0,0.0,0.3808,0.0,0.0,0.0,0.3894,0.0,0.0,0.0,0.0,0.0,0.0,0.0,0.0,0.0,0.0,0.0,0.0,0.0,0.0,0.0,0.0,0.0,0.0,0.0,0.0,0.0,0.0,0.0,0.0,0.0,0.0,0.0,0.0,0.0
330,11000,8.866215,detected,1,0,unstable,0.6002,0.8262,0.1587,6,0.8182,0.2735,0.0261,0.4993,0.0,0.0,0.0,0.9215,0.9215,0.3082,world,False,"{""0"": ""raw_mediapipe"", ""1"": ""raw_mediapipe"", ""2"": ""raw_mediapipe"", ""3"": ""raw_mediapipe"", ""4"": ""raw_mediapipe"", ""5"": ""raw_mediapipe"", ""6"": ""raw_mediapipe"", ""7"": ""raw_mediapipe"", ""8"": ""raw_mediapipe"", ""9"": ""raw_mediapipe"", ""10"": ""raw_mediapipe"", ""11"": ""raw_mediapipe"", ""12"": ""raw_mediapipe"", ""13"": ""raw_mediapipe"", ""14"": ""raw_mediapipe"", ""15"": ""raw_mediapipe"", ""16"": ""raw_mediapipe"", ""17"": ""raw_mediapipe"", ""18"": ""raw_mediapipe"", ""19"": ""raw_mediapipe"", ""20"": ""raw_mediapipe"", ""21"": ""raw_mediapipe"", ""22"": ""raw_mediapipe"", ""23"": ""raw_mediapipe"", ""24"": ""raw_mediapipe"", ""25"": ""raw_mediapipe"", ""26"": ""raw_mediapipe"", ""27"": ""raw_mediapipe"", ""28"": ""raw_mediapipe"", ""29"": ""raw_mediapipe"", ""30"": ""raw_mediapipe"", ""31"": ""raw_mediapipe"", ""32"": ""raw_mediapipe""}",0.2764,0.0,0.0,0.0,0.2276,0.0,0.0,0.0,0.0,0.0,0.0,0.0,0.0,0.0,0.0,0.0,0.3812,0.0,0.0,0.0,0.3896,0.0,0.0,0.0,0.0,0.0,0.0,0.0,0.0,0.0,0.0,0.0,0.0,0.0,0.0,0.0,0.0,0.0,0.0,0.0,0.0,0.0,0.0,0.0,0.0,0.0,0.0,0.0,0.0,0.0
331,11033,8.890168,detected,1,0,unstable,0.5978,0.8235,0.1506,6,0.8182,0.2936,0.0256,0.4859,0.0,0.0,0.0,0.9217,0.9217,0.3072,world,False,"{""0"": ""raw_mediapipe"", ""1"": ""raw_mediapipe"", ""2"": ""raw_mediapipe"", ""3"": ""raw_mediapipe"", ""4"": ""raw_mediapipe"", ""5"": ""raw_mediapipe"", ""6"": ""raw_mediapipe"", ""7"": ""raw_mediapipe"", ""8"": ""raw_mediapipe"", ""9"": ""raw_mediapipe"", ""10"": ""raw_mediapipe"", ""11"": ""raw_mediapipe"", ""12"": ""raw_mediapipe"", ""13"": ""raw_mediapipe"", ""14"": ""raw_mediapipe"", ""15"": ""raw_mediapipe"", ""16"": ""raw_mediapipe"", ""17"": ""raw_mediapipe"", ""18"": ""raw_mediapipe"", ""19"": ""raw_mediapipe"", ""20"": ""raw_mediapipe"", ""21"": ""raw_mediapipe"", ""22"": ""raw_mediapipe"", ""23"": ""raw_mediapipe"", ""24"": ""raw_mediapipe"", ""25"": ""raw_mediapipe"", ""26"": ""raw_mediapipe"", ""27"": ""raw_mediapipe"", ""28"": ""raw_mediapipe"", ""29"": ""raw_mediapipe"", ""30"": ""raw_mediapipe"", ""31"": ""raw_mediapipe"", ""32"": ""raw_mediapipe""}",0.277,0.0,0.0,0.0,0.2279,0.0,0.0,0.0,0.0,0.0,0.0,0.0,0.0,0.0,0.0,0.0,0.3818,0.0,0.0,0.0,0.3896,0.0,0.0,0.0,0.0,0.0,0.0,0.0,0.0,0.0,0.0,0.0,0.0,0.0,0.0,0.0,0.0,0.0,0.0,0.0,0.0,0.0,0.0,0.0,0.0,0.0,0.0,0.0,0.0,0.0
332,11066,8.91264,detected,1,0,unstable,0.5965,0.8208,0.1423,6,0.8182,0.3282,0.0255,0.4724,0.0,0.0,0.0,0.9219,0.9219,0.3063,world,False,"{""0"": ""raw_mediapipe"", ""1"": ""raw_mediapipe"", ""2"": ""raw_mediapipe"", ""3"": ""raw_mediapipe"", ""4"": ""raw_mediapipe"", ""5"": ""raw_mediapipe"", ""6"": ""raw_mediapipe"", ""7"": ""raw_mediapipe"", ""8"": ""raw_mediapipe"", ""9"": ""raw_mediapipe"", ""10"": ""raw_mediapipe"", ""11"": ""raw_mediapipe"", ""12"": ""raw_mediapipe"", ""13"": ""raw_mediapipe"", ""14"": ""raw_mediapipe"", ""15"": ""raw_mediapipe"", ""16"": ""raw_mediapipe"", ""17"": ""raw_mediapipe"", ""18"": ""raw_mediapipe"", ""19"": ""raw_mediapipe"", ""20"": ""raw_mediapipe"", ""21"": ""raw_mediapipe"", ""22"": ""raw_mediapipe"", ""23"": ""raw_mediapipe"", ""24"": ""raw_mediapipe"", ""25"": ""raw_mediapipe"", ""26"": ""raw_mediapipe"", ""27"": ""raw_mediapipe"", ""28"": ""raw_mediapipe"", ""29"": ""raw_mediapipe"", ""30"": ""raw_mediapipe"", ""31"": ""raw_mediapipe"", ""32"": ""raw_mediapipe""}",0.2771,0.0,0.0,0.0,0.2287,0.0,0.0,0.0,0.0,0.0,0.0,0.0,0.0,0.0,0.0,0.0,0.3817,0.0,0.0,0.0,0.3899,0.0,0.0,0.0,0.0,0.0,0.0,0.0,0.0,0.0,0.0,0.0,0.0,0.0,0.0,0.0,0.0,0.0,0.0,0.0,0.0,0.0,0.0,0.0,0.0,0.0,0.0,0.0,0.0,0.0
333,11100,8.936745,detected,1,0,unstable,0.5956,0.8199,0.1363,6,0.8182,0.3346,0.0252,0.4612,0.0,0.0,0.0,0.9222,0.9222,0.3054,world,False,"{""0"": ""raw_mediapipe"", ""1"": ""raw_mediapipe"", ""2"": ""raw_mediapipe"", ""3"": ""raw_mediapipe"", ""4"": ""raw_mediapipe"", ""5"": ""raw_mediapipe"", ""6"": ""raw_mediapipe"", ""7"": ""raw_mediapipe"", ""8"": ""raw_mediapipe"", ""9"": ""raw_mediapipe"", ""10"": ""raw_mediapipe"", ""11"": ""raw_mediapipe"", ""12"": ""raw_mediapipe"", ""13"": ""raw_mediapipe"", ""14"": ""raw_mediapipe"", ""15"": ""raw_mediapipe"", ""16"": ""raw_mediapipe"", ""17"": ""raw_mediapipe"", ""18"": ""raw_mediapipe"", ""19"": ""raw_mediapipe"", ""20"": ""raw_mediapipe"", ""21"": ""raw_mediapipe"", ""22"": ""raw_mediapipe"", ""23"": ""raw_mediapipe"", ""24"": ""raw_mediapipe"", ""25"": ""raw_mediapipe"", ""26"": ""raw_mediapipe"", ""27"": ""raw_mediapipe"", ""28"": ""raw_mediapipe"", ""29"": ""raw_mediapipe"", ""30"": ""raw_mediapipe"", ""31"": ""raw_mediapipe"", ""32"": ""raw_mediapipe""}",0.2773,0.0,0.0,0.0,0.2293,0.0,0.0,0.0,0.0,0.0,0.0,0.0,0.0,0.0,0.0,0.0,0.3816,0.0,0.0,0.0,0.3893,0.0,0.0,0.0,0.0,0.0,0.0,0.0,0.0,0.0,0.0,0.0,0.0,0.0,0.0,0.0,0.0,0.0,0.0,0.0,0.0,0.0,0.0,0.0,0.0,0.0,0.0,0.0,0.0,0.0
334,11133,8.960635,detected,1,0,unstable,0.5946,0.8177,0.1304,6,0.8182,0.2455,0.0252,0.4515,0.0,0.0,0.0,0.9224,0.9224,0.3045,world,False,"{""0"": ""raw_mediapipe"", ""1"": ""raw_mediapipe"", ""2"": ""raw_mediapipe"", ""3"": ""raw_mediapipe"", ""4"": ""raw_mediapipe"", ""5"": ""raw_mediapipe"", ""6"": ""raw_mediapipe"", ""7"": ""raw_mediapipe"", ""8"": ""raw_mediapipe"", ""9"": ""raw_mediapipe"", ""10"": ""raw_mediapipe"", ""11"": ""raw_mediapipe"", ""12"": ""raw_mediapipe"", ""13"": ""raw_mediapipe"", ""14"": ""raw_mediapipe"", ""15"": ""raw_mediapipe"", ""16"": ""raw_mediapipe"", ""17"": ""raw_mediapipe"", ""18"": ""raw_mediapipe"", ""19"": ""raw_mediapipe"", ""20"": ""raw_mediapipe"", ""21"": ""raw_mediapipe"", ""22"": ""raw_mediapipe"", ""23"": ""raw_mediapipe"", ""24"": ""raw_mediapipe"", ""25"": ""raw_mediapipe"", ""26"": ""raw_mediapipe"", ""27"": ""raw_mediapipe"", ""28"": ""raw_mediapipe"", ""29"": ""raw_mediapipe"", ""30"": ""raw_mediapipe"", ""31"": ""raw_mediapipe"", ""32"": ""raw_mediapipe""}",0.2775,0.0,0.0,0.0,0.2299,0.0,0.0,0.0,0.0,0.0,0.0,0.0,0.0,0.0,0.0,0.0,0.3813,0.0,0.0,0.0,0.389,0.0,0.0,0.0,0.0,0.0,0.0,0.0,0.0,0.0,0.0,0.0,0.0,0.0,0.0,0.0,0.0,0.0,0.0,0.0,0.0,0.0,0.0,0.0,0.0,0.0,0.0,0.0,0.0,0.0
335,11166,8.986822,detected,1,0,valid,0.6423,0.8166,0.1244,6,0.8182,0.153,0.0262,0.4395,0.0,0.0,0.0,0.9226,0.9226,0.3036,world,False,"{""0"": ""raw_mediapipe"", ""1"": ""raw_mediapipe"", ""2"": ""raw_mediapipe"", ""3"": ""raw_mediapipe"", ""4"": ""raw_mediapipe"", ""5"": ""raw_mediapipe"", ""6"": ""raw_mediapipe"", ""7"": ""raw_mediapipe"", ""8"": ""raw_mediapipe"", ""9"": ""raw_mediapipe"", ""10"": ""raw_mediapipe"", ""11"": ""raw_mediapipe"", ""12"": ""raw_mediapipe"", ""13"": ""raw_mediapipe"", ""14"": ""raw_mediapipe"", ""15"": ""raw_mediapipe"", ""16"": ""raw_mediapipe"", ""17"": ""raw_mediapipe"", ""18"": ""raw_mediapipe"", ""19"": ""raw_mediapipe"", ""20"": ""raw_mediapipe"", ""21"": ""raw_mediapipe"", ""22"": ""raw_mediapipe"", ""23"": ""raw_mediapipe"", ""24"": ""raw_mediapipe"", ""25"": ""raw_mediapipe"", ""26"": ""raw_mediapipe"", ""27"": ""raw_mediapipe"", ""28"": ""raw_mediapipe"", ""29"": ""raw_mediapipe"", ""30"": ""raw_mediapipe"", ""31"": ""raw_mediapipe"", ""32"": ""raw_mediapipe""}",0.278,0.0,0.0,0.0,0.2308,0.0,0.0,0.0,0.0,0.0,0.0,0.0,0.0,0.0,0.0,0.0,0.3815,0.0,0.0,0.0,0.3886,0.0,0.0,0.0,0.0,0.0,0.0,0.0,0.0,0.0,0.0,0.0,0.0,0.0,0.0,0.0,0.0,0.0,0.0,0.0,0.0,0.0,0.0,0.0,0.0,0.0,0.0,0.0,0.0,0.0
336,11200,9.011912,detected,1,1,valid,0.6874,0.8152,0.1198,6,0.8182,0.0796,0.0244,0.43,0.0,0.0013967954545454542,0.03541593181818181,0.9228,0.9228,0.3056,world,True,"{""0"": ""raw_mediapipe"", ""1"": ""raw_mediapipe"", ""2"": ""raw_mediapipe"", ""3"": ""raw_mediapipe"", ""4"": ""raw_mediapipe"", ""5"": ""raw_mediapipe"", ""6"": ""raw_mediapipe"", ""7"": ""raw_mediapipe"", ""8"": ""raw_mediapipe"", ""9"": ""raw_mediapipe"", ""10"": ""raw_mediapipe"", ""11"": ""raw_mediapipe"", ""12"": ""raw_mediapipe"", ""13"": ""raw_mediapipe"", ""14"": ""raw_mediapipe"", ""15"": ""raw_mediapipe"", ""16"": ""raw_mediapipe"", ""17"": ""raw_mediapipe"", ""18"": ""raw_mediapipe"", ""19"": ""raw_mediapipe"", ""20"": ""raw_mediapipe"", ""21"": ""raw_mediapipe"", ""22"": ""raw_mediapipe"", ""23"": ""raw_mediapipe"", ""24"": ""raw_mediapipe"", ""25"": ""raw_mediapipe"", ""26"": ""raw_mediapipe"", ""27"": ""raw_mediapipe"", ""28"": ""raw_mediapipe"", ""29"": ""raw_mediapipe"", ""30"": ""raw_mediapipe"", ""31"": ""raw_mediapipe"", ""32"": ""raw_mediapipe""}",0.2785,0.0,0.0,0.0,0.2315,0.0,0.0,0.0,0.0,0.0,0.0,0.0,0.0,0.0,0.0,0.0,0.3816,0.0,0.0,0.0,0.3883,0.0,0.0,0.0,0.0,0.0,0.0,0.0,0.0,0.0,0.0,0.0,0.0,0.0,0.0,0.0,0.0,0.0,0.0,0.0,0.0,0.0,0.0,0.0,0.0,0.0,0.0,0.0,0.0,0.0
337,11233,9.033461,detected,1,1,valid,0.6761,0.814,0.1145,6,0.8182,0.0953,0.0243,0.4213,0.0,0.0013919545454545454,0.035363318181818176,0.9231,0.9231,0.3077,world,True,"{""0"": ""raw_mediapipe"", ""1"": ""raw_mediapipe"", ""2"": ""raw_mediapipe"", ""3"": ""raw_mediapipe"", ""4"": ""raw_mediapipe"", ""5"": ""raw_mediapipe"", ""6"": ""raw_mediapipe"", ""7"": ""raw_mediapipe"", ""8"": ""raw_mediapipe"", ""9"": ""raw_mediapipe"", ""10"": ""raw_mediapipe"", ""11"": ""raw_mediapipe"", ""12"": ""raw_mediapipe"", ""13"": ""raw_mediapipe"", ""14"": ""raw_mediapipe"", ""15"": ""raw_mediapipe"", ""16"": ""raw_mediapipe"", ""17"": ""raw_mediapipe"", ""18"": ""raw_mediapipe"", ""19"": ""raw_mediapipe"", ""20"": ""raw_mediapipe"", ""21"": ""raw_mediapipe"", ""22"": ""raw_mediapipe"", ""23"": ""raw_mediapipe"", ""24"": ""raw_mediapipe"", ""25"": ""raw_mediapipe"", ""26"": ""raw_mediapipe"", ""27"": ""raw_mediapipe"", ""28"": ""raw_mediapipe"", ""29"": ""raw_mediapipe"", ""30"": ""raw_mediapipe"", ""31"": ""raw_mediapipe"", ""32"": ""raw_mediapipe""}",0.2791,0.0,0.0,0.0,0.2321,0.0,0.0,0.0,0.0,0.0,0.0,0.0,0.0,0.0,0.0,0.0,0.382,0.0,0.0,0.0,0.3879,0.0,0.0,0.0,0.0,0.0,0.0,0.0,0.0,0.0,0.0,0.0,0.0,0.0,0.0,0.0,0.0,0.0,0.0,0.0,0.0,0.0,0.0,0.0,0.0,0.0,0.0,0.0,0.0,0.0
338,11266,9.056537,detected,1,0,unstable,0.5903,0.8131,0.1116,6,0.8182,0.3028,0.0241,0.4081,0.0,0.0,0.0,0.9233,0.9233,0.3068,world,False,"{""0"": ""raw_mediapipe"", ""1"": ""raw_mediapipe"", ""2"": ""raw_mediapipe"", ""3"": ""raw_mediapipe"", ""4"": ""raw_mediapipe"", ""5"": ""raw_mediapipe"", ""6"": ""raw_mediapipe"", ""7"": ""raw_mediapipe"", ""8"": ""raw_mediapipe"", ""9"": ""raw_mediapipe"", ""10"": ""raw_mediapipe"", ""11"": ""raw_mediapipe"", ""12"": ""raw_mediapipe"", ""13"": ""raw_mediapipe"", ""14"": ""raw_mediapipe"", ""15"": ""raw_mediapipe"", ""16"": ""raw_mediapipe"", ""17"": ""raw_mediapipe"", ""18"": ""raw_mediapipe"", ""19"": ""raw_mediapipe"", ""20"": ""raw_mediapipe"", ""21"": ""raw_mediapipe"", ""22"": ""raw_mediapipe"", ""23"": ""raw_mediapipe"", ""24"": ""raw_mediapipe"", ""25"": ""raw_mediapipe"", ""26"": ""raw_mediapipe"", ""27"": ""raw_mediapipe"", ""28"": ""raw_mediapipe"", ""29"": ""raw_mediapipe"", ""30"": ""raw_mediapipe"", ""31"": ""raw_mediapipe"", ""32"": ""raw_mediapipe""}",0.2801,0.0,0.0,0.0,0.2324,0.0,0.0,0.0,0.0,0.0,0.0,0.0,0.0,0.0,0.0,0.0,0.3827,0.0,0.0,0.0,0.3874,0.0,0.0,0.0,0.0,0.0,0.0,0.0,0.0,0.0,0.0,0.0,0.0,0.0,0.0,0.0,0.0,0.0,0.0,0.0,0.0,0.0,0.0,0.0,0.0,0.0,0.0,0.0,0.0,0.0
339,11300,9.079657,detected,1,1,valid,0.6754,0.8138,0.113,6,0.8182,0.1199,0.0308,0.3973,0.0,0.0013877954545454545,0.03532097727272727,0.9235,0.9235,0.3088,world,True,"{""0"": ""raw_mediapipe"", ""1"": ""raw_mediapipe"", ""2"": ""raw_mediapipe"", ""3"": ""raw_mediapipe"", ""4"": ""raw_mediapipe"", ""5"": ""raw_mediapipe"", ""6"": ""raw_mediapipe"", ""7"": ""raw_mediapipe"", ""8"": ""raw_mediapipe"", ""9"": ""raw_mediapipe"", ""10"": ""raw_mediapipe"", ""11"": ""raw_mediapipe"", ""12"": ""raw_mediapipe"", ""13"": ""raw_mediapipe"", ""14"": ""raw_mediapipe"", ""15"": ""raw_mediapipe"", ""16"": ""raw_mediapipe"", ""17"": ""raw_mediapipe"", ""18"": ""raw_mediapipe"", ""19"": ""raw_mediapipe"", ""20"": ""raw_mediapipe"", ""21"": ""raw_mediapipe"", ""22"": ""raw_mediapipe"", ""23"": ""raw_mediapipe"", ""24"": ""raw_mediapipe"", ""25"": ""raw_mediapipe"", ""26"": ""raw_mediapipe"", ""27"": ""raw_mediapipe"", ""28"": ""raw_mediapipe"", ""29"": ""raw_mediapipe"", ""30"": ""raw_mediapipe"", ""31"": ""raw_mediapipe"", ""32"": ""raw_mediapipe""}",0.2813,0.0,0.0,0.0,0.2326,0.0,0.0,0.0,0.0,0.0,0.0,0.0,0.0,0.0,0.0,0.0,0.3839,0.0,0.0,0.0,0.3869,0.0,0.0,0.0,0.0,0.0,0.0,0.0,0.0,0.0,0.0,0.0,0.0,0.0,0.0,0.0,0.0,0.0,0.0,0.0,0.0,0.0,0.0,0.0,0.0,0.0,0.0,0.0,0.0,0.0
340,11333,9.104281,detected,1,1,valid,0.7215,0.8146,0.1165,6,0.8182,0.0606,0.0329,0.3909,0.0,0.0013833863636363638,0.035280727272727276,0.9238,0.9238,0.3109,world,True,"{""0"": ""raw_mediapipe"", ""1"": ""raw_mediapipe"", ""2"": ""raw_mediapipe"", ""3"": ""raw_mediapipe"", ""4"": ""raw_mediapipe"", ""5"": ""raw_mediapipe"", ""6"": ""raw_mediapipe"", ""7"": ""raw_mediapipe"", ""8"": ""raw_mediapipe"", ""9"": ""raw_mediapipe"", ""10"": ""raw_mediapipe"", ""11"": ""raw_mediapipe"", ""12"": ""raw_mediapipe"", ""13"": ""raw_mediapipe"", ""14"": ""raw_mediapipe"", ""15"": ""raw_mediapipe"", ""16"": ""raw_mediapipe"", ""17"": ""raw_mediapipe"", ""18"": ""raw_mediapipe"", ""19"": ""raw_mediapipe"", ""20"": ""raw_mediapipe"", ""21"": ""raw_mediapipe"", ""22"": ""raw_mediapipe"", ""23"": ""raw_mediapipe"", ""24"": ""raw_mediapipe"", ""25"": ""raw_mediapipe"", ""26"": ""raw_mediapipe"", ""27"": ""raw_mediapipe"", ""28"": ""raw_mediapipe"", ""29"": ""raw_mediapipe"", ""30"": ""raw_mediapipe"", ""31"": ""raw_mediapipe"", ""32"": ""raw_mediapipe""}",0.2825,0.0,0.0,0.0,0.2325,0.0,0.0,0.0,0.0,0.0,0.0,0.0,0.0,0.0,0.0,0.0,0.3849,0.0,0.0,0.0,0.3862,0.0,0.0,0.0,0.0,0.0,0.0,0.0,0.0,0.0,0.0,0.0,0.0,0.0,0.0,0.0,0.0,0.0,0.0,0.0,0.0,0.0,0.0,0.0,0.0,0.0,0.0,0.0,0.0,0.0
341,11366,9.126411,detected,1,1,valid,0.7331,0.8147,0.1201,6,0.8182,0.0716,0.0406,0.3837,0.0,0.0013800000000000002,0.03524240909090909,0.924,0.924,0.3129,world,True,"{""0"": ""raw_mediapipe"", ""1"": ""raw_mediapipe"", ""2"": ""raw_mediapipe"", ""3"": ""raw_mediapipe"", ""4"": ""raw_mediapipe"", ""5"": ""raw_mediapipe"", ""6"": ""raw_mediapipe"", ""7"": ""raw_mediapipe"", ""8"": ""raw_mediapipe"", ""9"": ""raw_mediapipe"", ""10"": ""raw_mediapipe"", ""11"": ""raw_mediapipe"", ""12"": ""raw_mediapipe"", ""13"": ""raw_mediapipe"", ""14"": ""raw_mediapipe"", ""15"": ""raw_mediapipe"", ""16"": ""raw_mediapipe"", ""17"": ""raw_mediapipe"", ""18"": ""raw_mediapipe"", ""19"": ""raw_mediapipe"", ""20"": ""raw_mediapipe"", ""21"": ""raw_mediapipe"", ""22"": ""raw_mediapipe"", ""23"": ""raw_mediapipe"", ""24"": ""raw_mediapipe"", ""25"": ""raw_mediapipe"", ""26"": ""raw_mediapipe"", ""27"": ""raw_mediapipe"", ""28"": ""raw_mediapipe"", ""29"": ""raw_mediapipe"", ""30"": ""raw_mediapipe"", ""31"": ""raw_mediapipe"", ""32"": ""raw_mediapipe""}",0.2838,0.0,0.0,0.0,0.2322,0.0,0.0,0.0,0.0,0.0,0.0,0.0,0.0,0.0,0.0,0.0,0.3856,0.0,0.0,0.0,0.3857,0.0,0.0,0.0,0.0,0.0,0.0,0.0,0.0,0.0,0.0,0.0,0.0,0.0,0.0,0.0,0.0,0.0,0.0,0.0,0.0,0.0,0.0,0.0,0.0,0.0,0.0,0.0,0.0,0.0
342,11400,9.150771,detected,1,1,valid,0.7268,0.8145,0.119,6,0.8182,0.0733,0.0386,0.3782,0.0,0.0013761363636363637,0.035205795454545455,0.9242,0.9242,0.3149,world,True,"{""0"": ""raw_mediapipe"", ""1"": ""raw_mediapipe"", ""2"": ""raw_mediapipe"", ""3"": ""raw_mediapipe"", ""4"": ""raw_mediapipe"", ""5"": ""raw_mediapipe"", ""6"": ""raw_mediapipe"", ""7"": ""raw_mediapipe"", ""8"": ""raw_mediapipe"", ""9"": ""raw_mediapipe"", ""10"": ""raw_mediapipe"", ""11"": ""raw_mediapipe"", ""12"": ""raw_mediapipe"", ""13"": ""raw_mediapipe"", ""14"": ""raw_mediapipe"", ""15"": ""raw_mediapipe"", ""16"": ""raw_mediapipe"", ""17"": ""raw_mediapipe"", ""18"": ""raw_mediapipe"", ""19"": ""raw_mediapipe"", ""20"": ""raw_mediapipe"", ""21"": ""raw_mediapipe"", ""22"": ""raw_mediapipe"", ""23"": ""raw_mediapipe"", ""24"": ""raw_mediapipe"", ""25"": ""raw_mediapipe"", ""26"": ""raw_mediapipe"", ""27"": ""raw_mediapipe"", ""28"": ""raw_mediapipe"", ""29"": ""raw_mediapipe"", ""30"": ""raw_mediapipe"", ""31"": ""raw_mediapipe"", ""32"": ""raw_mediapipe""}",0.285,0.0,0.0,0.0,0.2318,0.0,0.0,0.0,0.0,0.0,0.0,0.0,0.0,0.0,0.0,0.0,0.3863,0.0,0.0,0.0,0.3851,0.0,0.0,0.0,0.0,0.0,0.0,0.0,0.0,0.0,0.0,0.0,0.0,0.0,0.0,0.0,0.0,0.0,0.0,0.0,0.0,0.0,0.0,0.0,0.0,0.0,0.0,0.0,0.0,0.0
343,11433,9.179607,detected,1,1,valid,0.6551,0.8135,0.1159,6,0.8182,0.1274,0.0248,0.3752,0.0,0.0013726136363636362,0.03516961363636363,0.9244,0.9244,0.3169,world,True,"{""0"": ""raw_mediapipe"", ""1"": ""raw_mediapipe"", ""2"": ""raw_mediapipe"", ""3"": ""raw_mediapipe"", ""4"": ""raw_mediapipe"", ""5"": ""raw_mediapipe"", ""6"": ""raw_mediapipe"", ""7"": ""raw_mediapipe"", ""8"": ""raw_mediapipe"", ""9"": ""raw_mediapipe"", ""10"": ""raw_mediapipe"", ""11"": ""raw_mediapipe"", ""12"": ""raw_mediapipe"", ""13"": ""raw_mediapipe"", ""14"": ""raw_mediapipe"", ""15"": ""raw_mediapipe"", ""16"": ""raw_mediapipe"", ""17"": ""raw_mediapipe"", ""18"": ""raw_mediapipe"", ""19"": ""raw_mediapipe"", ""20"": ""raw_mediapipe"", ""21"": ""raw_mediapipe"", ""22"": ""raw_mediapipe"", ""23"": ""raw_mediapipe"", ""24"": ""raw_mediapipe"", ""25"": ""raw_mediapipe"", ""26"": ""raw_mediapipe"", ""27"": ""raw_mediapipe"", ""28"": ""raw_mediapipe"", ""29"": ""raw_mediapipe"", ""30"": ""raw_mediapipe"", ""31"": ""raw_mediapipe"", ""32"": ""raw_mediapipe""}",0.2858,0.0,0.0,0.0,0.2318,0.0,0.0,0.0,0.0,0.0,0.0,0.0,0.0,0.0,0.0,0.0,0.3867,0.0,0.0,0.0,0.3848,0.0,0.0,0.0,0.0,0.0,0.0,0.0,0.0,0.0,0.0,0.0,0.0,0.0,0.0,0.0,0.0,0.0,0.0,0.0,0.0,0.0,0.0,0.0,0.0,0.0,0.0,0.0,0.0,0.0
344,11466,9.205611,detected,1,1,valid,0.6915,0.8121,0.1119,6,0.8182,0.0736,0.0249,0.3738,0.0,0.0013688636363636362,0.035133613636363636,0.9246,0.9246,0.3188,world,True,"{""0"": ""raw_mediapipe"", ""1"": ""raw_mediapipe"", ""2"": ""raw_mediapipe"", ""3"": ""raw_mediapipe"", ""4"": ""raw_mediapipe"", ""5"": ""raw_mediapipe"", ""6"": ""raw_mediapipe"", ""7"": ""raw_mediapipe"", ""8"": ""raw_mediapipe"", ""9"": ""raw_mediapipe"", ""10"": ""raw_mediapipe"", ""11"": ""raw_mediapipe"", ""12"": ""raw_mediapipe"", ""13"": ""raw_mediapipe"", ""14"": ""raw_mediapipe"", ""15"": ""raw_mediapipe"", ""16"": ""raw_mediapipe"", ""17"": ""raw_mediapipe"", ""18"": ""raw_mediapipe"", ""19"": ""raw_mediapipe"", ""20"": ""raw_mediapipe"", ""21"": ""raw_mediapipe"", ""22"": ""raw_mediapipe"", ""23"": ""raw_mediapipe"", ""24"": ""raw_mediapipe"", ""25"": ""raw_mediapipe"", ""26"": ""raw_mediapipe"", ""27"": ""raw_mediapipe"", ""28"": ""raw_mediapipe"", ""29"": ""raw_mediapipe"", ""30"": ""raw_mediapipe"", ""31"": ""raw_mediapipe"", ""32"": ""raw_mediapipe""}",0.2863,0.0,0.0,0.0,0.2321,0.0,0.0,0.0,0.0,0.0,0.0,0.0,0.0,0.0,0.0,0.0,0.387,0.0,0.0,0.0,0.3844,0.0,0.0,0.0,0.0,0.0,0.0,0.0,0.0,0.0,0.0,0.0,0.0,0.0,0.0,0.0,0.0,0.0,0.0,0.0,0.0,0.0,0.0,0.0,0.0,0.0,0.0,0.0,0.0,0.0
345,11500,9.230711,detected,1,0,valid,0.6452,0.8112,0.1107,6,0.8182,0.1402,0.0247,0.3713,0.0,0.0,0.0,0.9249,0.9249,0.3179,world,False,"{""0"": ""raw_mediapipe"", ""1"": ""raw_mediapipe"", ""2"": ""raw_mediapipe"", ""3"": ""raw_mediapipe"", ""4"": ""raw_mediapipe"", ""5"": ""raw_mediapipe"", ""6"": ""raw_mediapipe"", ""7"": ""raw_mediapipe"", ""8"": ""raw_mediapipe"", ""9"": ""raw_mediapipe"", ""10"": ""raw_mediapipe"", ""11"": ""raw_mediapipe"", ""12"": ""raw_mediapipe"", ""13"": ""raw_mediapipe"", ""14"": ""raw_mediapipe"", ""15"": ""raw_mediapipe"", ""16"": ""raw_mediapipe"", ""17"": ""raw_mediapipe"", ""18"": ""raw_mediapipe"", ""19"": ""raw_mediapipe"", ""20"": ""raw_mediapipe"", ""21"": ""raw_mediapipe"", ""22"": ""raw_mediapipe"", ""23"": ""raw_mediapipe"", ""24"": ""raw_mediapipe"", ""25"": ""raw_mediapipe"", ""26"": ""raw_mediapipe"", ""27"": ""raw_mediapipe"", ""28"": ""raw_mediapipe"", ""29"": ""raw_mediapipe"", ""30"": ""raw_mediapipe"", ""31"": ""raw_mediapipe"", ""32"": ""raw_mediapipe""}",0.2867,0.0,0.0,0.0,0.2324,0.0,0.0,0.0,0.0,0.0,0.0,0.0,0.0,0.0,0.0,0.0,0.3873,0.0,0.0,0.0,0.3842,0.0,0.0,0.0,0.0,0.0,0.0,0.0,0.0,0.0,0.0,0.0,0.0,0.0,0.0,0.0,0.0,0.0,0.0,0.0,0.0,0.0,0.0,0.0,0.0,0.0,0.0,0.0,0.0,0.0
346,11533,9.25556,detected,1,1,valid,0.7026,0.8115,0.1085,6,0.8182,0.049,0.0227,0.3677,0.0,0.001365931818181818,0.03510131818181818,0.9251,0.9251,0.3199,world,True,"{""0"": ""raw_mediapipe"", ""1"": ""raw_mediapipe"", ""2"": ""raw_mediapipe"", ""3"": ""raw_mediapipe"", ""4"": ""raw_mediapipe"", ""5"": ""raw_mediapipe"", ""6"": ""raw_mediapipe"", ""7"": ""raw_mediapipe"", ""8"": ""raw_mediapipe"", ""9"": ""raw_mediapipe"", ""10"": ""raw_mediapipe"", ""11"": ""raw_mediapipe"", ""12"": ""raw_mediapipe"", ""13"": ""raw_mediapipe"", ""14"": ""raw_mediapipe"", ""15"": ""raw_mediapipe"", ""16"": ""raw_mediapipe"", ""17"": ""raw_mediapipe"", ""18"": ""raw_mediapipe"", ""19"": ""raw_mediapipe"", ""20"": ""raw_mediapipe"", ""21"": ""raw_mediapipe"", ""22"": ""raw_mediapipe"", ""23"": ""raw_mediapipe"", ""24"": ""raw_mediapipe"", ""25"": ""raw_mediapipe"", ""26"": ""raw_mediapipe"", ""27"": ""raw_mediapipe"", ""28"": ""raw_mediapipe"", ""29"": ""raw_mediapipe"", ""30"": ""raw_mediapipe"", ""31"": ""raw_mediapipe"", ""32"": ""raw_mediapipe""}",0.2869,0.0,0.0,0.0,0.233,0.0,0.0,0.0,0.0,0.0,0.0,0.0,0.0,0.0,0.0,0.0,0.3878,0.0,0.0,0.0,0.3839,0.0,0.0,0.0,0.0,0.0,0.0,0.0,0.0,0.0,0.0,0.0,0.0,0.0,0.0,0.0,0.0,0.0,0.0,0.0,0.0,0.0,0.0,0.0,0.0,0.0,0.0,0.0,0.0,0.0
347,11566,9.277546,detected,1,1,valid,0.6727,0.8105,0.1087,6,0.8182,0.0926,0.0228,0.3661,0.0,0.0013624545454545454,0.035067659090909094,0.9253,0.9253,0.3218,world,True,"{""0"": ""raw_mediapipe"", ""1"": ""raw_mediapipe"", ""2"": ""raw_mediapipe"", ""3"": ""raw_mediapipe"", ""4"": ""raw_mediapipe"", ""5"": ""raw_mediapipe"", ""6"": ""raw_mediapipe"", ""7"": ""raw_mediapipe"", ""8"": ""raw_mediapipe"", ""9"": ""raw_mediapipe"", ""10"": ""raw_mediapipe"", ""11"": ""raw_mediapipe"", ""12"": ""raw_mediapipe"", ""13"": ""raw_mediapipe"", ""14"": ""raw_mediapipe"", ""15"": ""raw_mediapipe"", ""16"": ""raw_mediapipe"", ""17"": ""raw_mediapipe"", ""18"": ""raw_mediapipe"", ""19"": ""raw_mediapipe"", ""20"": ""raw_mediapipe"", ""21"": ""raw_mediapipe"", ""22"": ""raw_mediapipe"", ""23"": ""raw_mediapipe"", ""24"": ""raw_mediapipe"", ""25"": ""raw_mediapipe"", ""26"": ""raw_mediapipe"", ""27"": ""raw_mediapipe"", ""28"": ""raw_mediapipe"", ""29"": ""raw_mediapipe"", ""30"": ""raw_mediapipe"", ""31"": ""raw_mediapipe"", ""32"": ""raw_mediapipe""}",0.2869,0.0,0.0,0.0,0.2333,0.0,0.0,0.0,0.0,0.0,0.0,0.0,0.0,0.0,0.0,0.0,0.3876,0.0,0.0,0.0,0.3839,0.0,0.0,0.0,0.0,0.0,0.0,0.0,0.0,0.0,0.0,0.0,0.0,0.0,0.0,0.0,0.0,0.0,0.0,0.0,0.0,0.0,0.0,0.0,0.0,0.0,0.0,0.0,0.0,0.0
