frame_idx,timestamp_ms,root_x,root_y,root_z,nose_x,nose_y,nose_z,nose_v,left_eye_inner_x,left_eye_inner_y,left_eye_inner_z,left_eye_inner_v,left_eye_x,left_eye_y,left_eye_z,left_eye_v,left_eye_outer_x,left_eye_outer_y,left_eye_outer_z,left_eye_outer_v,right_eye_inner_x,right_eye_inner_y,right_eye_inner_z,right_eye_inner_v,right_eye_x,right_eye_y,right_eye_z,right_eye_v,right_eye_outer_x,right_eye_outer_y,right_eye_outer_z,right_eye_outer_v,left_ear_x,left_ear_y,left_ear_z,left_ear_v,right_ear_x,right_ear_y,right_ear_z,right_ear_v,mouth_left_x,mouth_left_y,mouth_left_z,mouth_left_v,mouth_right_x,mouth_right_y,mouth_right_z,mouth_right_v,left_shoulder_x,left_shoulder_y,left_shoulder_z,left_shoulder_v,right_shoulder_x,right_shoulder_y,right_shoulder_z,right_shoulder_v,left_elbow_x,left_elbow_y,left_elbow_z,left_elbow_v,right_elbow_x,right_elbow_y,right_elbow_z,right_elbow_v,left_wrist_x,left_wrist_y,left_wrist_z,left_wrist_v,right_wrist_x,right_wrist_y,right_wrist_z,right_wrist_v,left_pinky_x,left_pinky_y,left_pinky_z,left_pinky_v,right_pinky_x,right_pinky_y,right_pinky_z,right_pinky_v,left_index_x,left_index_y,left_index_z,left_index_v,right_index_x,right_index_y,right_index_z,right_index_v,left_thumb_x,left_thumb_y,left_thumb_z,left_thumb_v,right_thumb_x,right_thumb_y,right_thumb_z,right_thumb_v,left_hip_x,left_hip_y,left_hip_z,left_hip_v,right_hip_x,right_hip_y,right_hip_z,right_hip_v,left_knee_x,left_knee_y,left_knee_z,left_knee_v,right_knee_x,right_knee_y,right_knee_z,right_knee_v,left_ankle_x,left_ankle_y,left_ankle_z,left_ankle_v,right_ankle_x,right_ankle_y,right_ankle_z,right_ankle_v,left_heel_x,left_heel_y,left_heel_z,left_heel_v,right_heel_x,right_heel_y,right_heel_z,right_heel_v,left_foot_index_x,left_foot_index_y,left_foot_index_z,left_foot_index_v,right_foot_index_x,right_foot_index_y,right_foot_index_z,right_foot_index_v
0,0,0.342956,0.518117,-0.000256,-0.117764,-0.171878,0.418248,0.2414,-0.139149,-0.186937,0.410666,0.1302,-0.139265,-0.187749,0.410786,0.1575,-0.140259,-0.188081,0.410981,0.1189,-0.125369,-0.197464,0.421891,0.1614,-0.12565,-0.197858,0.421496,0.1851,-0.126343,-0.199324,0.421869,0.1439,-0.156144,-0.190774,0.339202,0.1726,-0.11392,-0.24957,0.37075,0.2121,-0.114853,-0.169851,0.391865,0.2179,-0.103171,-0.182715,0.399505,0.3273,-0.169242,-0.119809,0.233658,0.9956,-0.012376,-0.256426,0.301016,0.9989,-0.125473,0.095204,0.137134,0.0554,0.119457,-0.142335,0.26442,0.1882,-0.085098,0.231944,0.061511,0.3195,0.154654,-0.049058,0.260539,0.2454,-0.082434,0.306237,0.055257,0.5294,0.191794,-0.01704,0.275943,0.3472,-0.08901,0.284409,0.075081,0.504,0.174588,-0.013469,0.288355,0.3181,-0.087373,0.237544,0.07,0.4476,0.152818,-0.041719,0.270336,0.2988,-0.050099,0.029557,-0.000967,0.9999,0.049665,-0.030021,0.002792,1.0,-0.086497,0.208237,0.243923,0.5614,0.145311,0.146477,0.123135,0.8016,-0.109973,0.364817,0.100963,0.9008,0.098245,0.34282,-0.110344,0.9694,-0.104226,0.389657,0.085778,0.9416,0.092712,0.37731,-0.129127,0.9859,-0.100259,0.482457,0.092816,0.7964,0.130482,0.470748,-0.155411,0.9174
1,33,0.338992,0.517974,-0.00026,-0.14073,-0.487965,0.416131,0.3148,-0.170555,-0.505856,0.403117,0.2133,-0.170502,-0.506226,0.403736,0.2378,-0.171417,-0.50699,0.404005,0.2032,-0.138335,-0.514267,0.410477,0.2418,-0.138496,-0.515006,0.410167,0.2631,-0.139497,-0.516015,0.410132,0.2262,-0.212652,-0.442991,0.307325,0.2504,-0.106425,-0.493624,0.310611,0.2871,-0.148282,-0.451042,0.385377,0.2923,-0.112886,-0.462202,0.386471,0.3915,-0.173932,-0.128796,0.233371,0.9959,-0.011849,-0.263743,0.296277,0.999,-0.29384,-0.075365,0.240615,0.064,0.109449,-0.252681,0.215518,0.2383,-0.159645,-0.049354,0.318474,0.294,0.133519,-0.200626,0.263358,0.2616,-0.082434,0.306237,0.055257,0.4851,0.150603,-0.184469,0.286558,0.3508,-0.08901,0.284409,0.075081,0.4622,0.139945,-0.19734,0.298318,0.3236,-0.140694,-0.049165,0.328802,0.4115,0.131853,-0.20068,0.275072,0.3049,-0.050855,0.029556,-0.00077,0.9999,0.050398,-0.03002,0.002596,1.0,-0.086698,0.20826,0.245071,0.5488,0.145426,0.148211,0.128289,0.7702,-0.109201,0.365363,0.09983,0.8935,0.101031,0.344114,-0.105815,0.9608,-0.103296,0.390432,0.084029,0.9415,0.095906,0.37867,-0.124618,0.984,-0.099708,0.482307,0.091151,0.7987,0.133164,0.47115,-0.150074,0.913
2,66,0.336961,0.516841,-0.000275,-0.129725,-0.470589,0.374779,0.2974,-0.151789,-0.489414,0.356462,0.2004,-0.151846,-0.49001,0.357345,0.2233,-0.152254,-0.490397,0.35748,0.192,-0.111346,-0.495148,0.369177,0.229,-0.111161,-0.495733,0.36876,0.25,-0.112165,-0.497007,0.36906,0.2175,-0.193472,-0.432339,0.252596,0.2323,-0.041784,-0.468362,0.284702,0.2726,-0.143089,-0.438121,0.340658,0.2723,-0.094718,-0.444309,0.347812,0.3655,-0.177246,-0.139908,0.229342,0.9951,-0.009169,-0.270518,0.291473,0.9988,-0.378598,-0.365675,0.120217,0.0721,0.102488,-0.407206,0.222155,0.2422,-0.498115,-0.452126,0.043523,0.3079,0.112052,-0.561779,0.222325,0.2664,-0.082434,0.306237,0.055257,0.4932,0.129734,-0.597401,0.23158,0.3679,-0.08901,0.284409,0.075081,0.4733,0.107658,-0.621039,0.232996,0.3403,-0.497539,-0.460053,0.050078,0.4193,0.105081,-0.580227,0.228938,0.3162,-0.052125,0.029564,-0.00058,0.9999,0.051663,-0.030023,0.002407,1.0,-0.087179,0.209032,0.246066,0.5103,0.145048,0.150348,0.131721,0.7213,-0.107587,0.366109,0.096675,0.8643,0.10148,0.345314,-0.103242,0.94,-0.10121,0.391268,0.080068,0.9395,0.096479,0.379859,-0.122701,0.9802,-0.097666,0.482393,0.087827,0.7898,0.133544,0.471856,-0.146423,0.9022
3,100,0.338577,0.52212,-0.000267,-0.069003,-0.540634,0.379062,0.3581,-0.095097,-0.550769,0.365162,0.2663,-0.095226,-0.551394,0.365871,0.2887,-0.095758,-0.551969,0.366199,0.2625,-0.065872,-0.555044,0.373564,0.2957,-0.065241,-0.555598,0.373105,0.3162,-0.066673,-0.556947,0.37356,0.2875,-0.139211,-0.471565,0.260584,0.2929,-0.029244,-0.498816,0.295883,0.3341,-0.078907,-0.502816,0.349823,0.3224,-0.045001,-0.507059,0.353993,0.4037,-0.17765,-0.153076,0.22933,0.9954,-0.006232,-0.2805,0.28737,0.9989,-0.288995,-0.38964,0.295895,0.0769,0.067175,-0.593147,0.274724,0.2969,-0.322151,-0.470224,0.287572,0.3112,0.06411,-0.835467,0.304118,0.3286,-0.082434,0.306237,0.055257,0.4872,0.086677,-0.90372,0.310888,0.4251,-0.08901,0.284409,0.075081,0.4699,0.065001,-0.919817,0.298584,0.3989,-0.316566,-0.477204,0.292204,0.4151,0.060846,-0.856822,0.308478,0.373,-0.053285,0.029556,0.000713,0.9999,0.052817,-0.030008,0.001127,1.0,-0.086617,0.210632,0.247152,0.5312,0.145788,0.153543,0.132304,0.7337,-0.104005,0.367086,0.09266,0.8656,0.10204,0.348496,-0.106779,0.9355,-0.097124,0.392285,0.074974,0.9437,0.097042,0.382953,-0.126818,0.9803,-0.094125,0.482472,0.08379,0.7998,0.134026,0.475063,-0.148893,0.9028
4,133,0.345085,0.535339,-6.4e-05,-0.018411,-0.618689,0.074396,0.4207,-0.036749,-0.650726,0.059886,0.3375,-0.036413,-0.65135,0.06033,0.3575,-0.036979,-0.651771,0.060576,0.3341,-0.02107,-0.650029,0.060395,0.3641,-0.020727,-0.65086,0.0597,0.3825,-0.02137,-0.652012,0.060598,0.3569,-0.0717,-0.619433,0.027831,0.3604,-0.012964,-0.624455,0.018591,0.3976,-0.027914,-0.589143,0.069058,0.3867,-0.010396,-0.589282,0.066496,0.459,-0.171565,-0.172458,0.217027,0.9955,-0.00456,-0.291985,0.272255,0.9984,-0.082984,-0.48044,-0.035381,0.1439,0.026912,-0.411551,-0.029577,0.3114,-0.096606,-0.561644,-0.107669,0.3602,0.049444,-0.495358,-0.098638,0.343,-0.084601,0.239571,0.041986,0.5129,0.065946,-0.548265,-0.097692,0.4286,-0.08901,0.284409,0.075081,0.4958,0.057904,-0.524182,-0.102181,0.4026,-0.095454,-0.56692,-0.105298,0.4411,0.052945,-0.503533,-0.098863,0.3762,-0.050797,0.02926,0.000482,0.9999,0.050325,-0.029703,0.001364,0.9998,-0.08322,0.21413,0.239664,0.5702,0.141485,0.158075,0.130874,0.7452,-0.095679,0.372597,0.086189,0.8657,0.099273,0.355485,-0.100991,0.9319,-0.087986,0.398132,0.068278,0.9394,0.094228,0.390092,-0.119885,0.9716,-0.086245,0.486264,0.076087,0.8044,0.129093,0.480526,-0.142823,0.9003
5,166,0.342591,0.532229,3e-06,0.064275,-0.607619,0.219849,0.4784,0.039984,-0.634474,0.205248,0.4036,0.040578,-0.635098,0.205739,0.4215,0.040333,-0.635689,0.205842,0.4005,0.066116,-0.63345,0.206927,0.4275,0.066338,-0.633934,0.206362,0.4441,0.066003,-0.635246,0.206721,0.421,-0.032517,-0.581036,0.144998,0.4241,0.068893,-0.592973,0.126365,0.4576,0.037464,-0.57115,0.202813,0.4478,0.067696,-0.570408,0.198593,0.5128,-0.165292,-0.189055,0.209401,0.9952,0.000528,-0.303839,0.259481,0.9985,-0.04933,-0.422302,-0.004337,0.1478,0.091494,-0.471079,-0.059732,0.3195,-0.012037,-0.521363,-0.12965,0.3683,0.084249,-0.569749,-0.172176,0.3706,-0.082607,0.214248,0.036539,0.5155,0.075121,-0.586047,-0.180213,0.4546,-0.081627,0.208359,0.05658,0.5007,0.078275,-0.601581,-0.170209,0.431,-0.005492,-0.525859,-0.125083,0.4478,0.087641,-0.576643,-0.165929,0.4022,-0.048691,0.029005,0.000834,0.9999,0.048276,-0.029444,0.001024,0.9998,-0.080564,0.219635,0.234101,0.6051,0.137879,0.164742,0.127054,0.7659,-0.087097,0.382928,0.06968,0.8771,0.103379,0.36545,-0.112193,0.9365,-0.078441,0.40959,0.049021,0.9446,0.099054,0.400405,-0.132442,0.9728,-0.077426,0.495535,0.056391,0.821,0.13206,0.490767,-0.155753,0.9069
6,200,0.342168,0.531709,3e-06,0.0724,-0.638136,0.122648,0.5289,0.06805,-0.663393,0.110474,0.461,0.068514,-0.663941,0.110976,0.4769,0.068244,-0.664247,0.110824,0.4583,0.082209,-0.661479,0.113586,0.4824,0.082678,-0.662189,0.11296,0.4973,0.082249,-0.66343,0.11329,0.4771,0.029581,-0.61705,0.074066,0.4778,0.083866,-0.620194,0.075302,0.5074,0.052501,-0.604965,0.110871,0.4996,0.067727,-0.571615,0.195456,0.5577,-0.151514,-0.206849,0.197123,0.9952,0.003362,-0.316035,0.246581,0.9981,0.031828,-0.330766,-0.041781,0.1946,-0.017779,-0.44242,-0.027232,0.3088,0.002806,-0.341713,-0.134753,0.3839,-0.029617,-0.393524,-0.174237,0.3583,-0.080288,0.19545,0.030132,0.5087,-0.025538,-0.361988,-0.194264,0.4371,-0.081627,0.208359,0.05658,0.4954,-0.014442,-0.403941,-0.201955,0.4161,0.001659,-0.348595,-0.134856,0.4419,-0.019501,-0.395966,-0.179289,0.387,-0.042992,0.028364,0.000554,0.9997,0.042618,-0.028802,0.00131,0.9996,-0.076944,0.225812,0.219412,0.6402,0.132013,0.173487,0.119425,0.7801,-0.077579,0.399146,0.05885,0.8839,0.103039,0.383511,-0.108819,0.9347,-0.068015,0.427748,0.037673,0.9404,0.099402,0.419377,-0.127615,0.9557,-0.066477,0.510043,0.04266,0.8317,0.129615,0.507822,-0.155217,0.904
7,233,0.343057,0.530784,-5.1e-05,0.070462,-0.635173,0.135313,0.5731,0.019875,-0.591734,0.389943,0.5105,0.019823,-0.592216,0.390271,0.5254,0.019276,-0.592714,0.390074,0.5069,0.031283,-0.595038,0.392424,0.5302,0.031583,-0.595723,0.391858,0.5445,0.030968,-0.597079,0.391313,0.5256,0.017753,-0.5451,0.293829,0.5267,0.082338,-0.618302,0.084031,0.5545,0.013647,-0.535386,0.387559,0.5462,0.066147,-0.570218,0.203854,0.5993,-0.141456,-0.222683,0.196249,0.9955,0.008383,-0.32682,0.242842,0.9982,-0.03621,-0.282796,0.012499,0.1811,-0.001129,-0.297031,0.039265,0.2925,0.012091,-0.31767,-0.122728,0.3571,0.016783,-0.136967,-0.050555,0.3343,-0.080288,0.19545,0.030132,0.4775,0.026168,-0.09044,-0.048125,0.4086,-0.081627,0.208359,0.05658,0.4654,0.025106,-0.106719,-0.046189,0.389,0.020761,-0.322721,-0.123547,0.4159,0.020543,-0.128225,-0.04615,0.3624,-0.03932,0.027706,-1.2e-05,0.9997,0.039111,-0.028141,0.001893,0.9996,-0.074,0.235189,0.207633,0.675,0.127261,0.185367,0.1138,0.8004,-0.068275,0.420568,0.044852,0.8941,0.103263,0.40436,-0.106121,0.9396,-0.057974,0.451481,0.022794,0.9459,0.100115,0.441232,-0.124043,0.9591,-0.058474,0.529294,0.026519,0.8378,0.127109,0.525539,-0.15434,0.9012
8,266,0.346256,0.529343,-6.5e-05,0.069317,-0.630571,0.146884,0.6009,0.020364,-0.590299,0.388914,0.5354,0.020337,-0.590724,0.389211,0.5561,0.019771,-0.591291,0.389066,0.5299,0.032413,-0.59347,0.391316,0.5535,0.032749,-0.594092,0.390705,0.5753,0.032091,-0.595511,0.390223,0.5525,0.016436,-0.544569,0.293092,0.5627,0.082492,-0.615134,0.092151,0.5864,0.013968,-0.534277,0.386375,0.5773,0.065481,-0.56745,0.21095,0.6248,-0.132923,-0.239343,0.195228,0.9959,0.015557,-0.33562,0.238103,0.9983,-0.055837,-0.264903,0.056284,0.1663,0.015095,-0.192211,0.060721,0.2727,-0.027832,-0.224261,0.039528,0.3236,0.002069,0.005397,-0.02529,0.3075,-0.080288,0.19545,0.030132,0.4334,0.00808,0.046716,-0.009489,0.3777,-0.081627,0.208359,0.05658,0.4225,0.000384,0.035038,-0.004168,0.3594,-0.016546,-0.229109,0.043216,0.3779,0.000269,0.015905,-0.016848,0.3344,-0.039212,0.026859,-0.001253,0.9997,0.039113,-0.027304,0.003124,0.9996,-0.073497,0.244407,0.19636,0.7073,0.123441,0.195372,0.113652,0.8186,-0.062894,0.441798,0.033123,0.9044,0.104699,0.422604,-0.095561,0.944,-0.052385,0.474745,0.010749,0.9512,0.101737,0.460249,-0.112257,0.9619,-0.056305,0.547402,0.013535,0.8473,0.126119,0.53995,-0.142404,0.8961
9,300,0.345007,0.527196,3.8e-05,0.070416,-0.625256,0.154588,0.6314,0.023227,-0.588024,0.384802,0.5687,0.02328,-0.588384,0.384991,0.5856,0.02263,-0.58903,0.384987,0.5649,0.035292,-0.591144,0.3863,0.587,0.035727,-0.591684,0.385529,0.6057,0.03499,-0.593172,0.385226,0.5886,0.01742,-0.544226,0.291929,0.5931,0.082178,-0.611463,0.097655,0.618,0.016534,-0.532333,0.38258,0.6102,0.066134,-0.563814,0.214449,0.6532,-0.121659,-0.256578,0.197328,0.9962,0.017904,-0.343291,0.2316,0.9984,0.004903,-0.235629,0.154405,0.1507,-0.044388,-0.16386,0.058661,0.2639,0.036995,-0.052059,0.073714,0.2922,-0.08696,0.011628,-0.020319,0.2885,-0.080288,0.19545,0.030132,0.3917,-0.083705,0.056322,-0.020512,0.3546,-0.081627,0.208359,0.05658,0.3818,-0.080606,0.042696,-0.014688,0.3372,0.046244,-0.044019,0.0685,0.3418,-0.082537,0.01886,-0.016333,0.3129,-0.036031,0.025614,-0.00077,0.9997,0.03597,-0.02606,0.0026,0.9995,-0.072504,0.253497,0.182437,0.7252,0.119524,0.205449,0.106051,0.8231,-0.062935,0.462313,0.030793,0.905,0.104276,0.441295,-0.084706,0.9402,-0.053585,0.496887,0.01013,0.9464,0.101011,0.479397,-0.099441,0.947,-0.057675,0.564736,0.006636,0.8433,0.122403,0.555929,-0.133099,0.8912
10,333,0.344179,0.523968,-1.1e-05,0.075767,-0.619636,0.160311,0.6671,0.029925,-0.585289,0.3797,0.6109,0.03014,-0.585588,0.379782,0.6261,0.029323,-0.586308,0.379927,0.6076,0.041772,-0.588344,0.379775,0.627,0.04239,-0.588807,0.37884,0.6436,0.041517,-0.590357,0.378724,0.6284,0.020973,-0.543506,0.292239,0.6331,0.082903,-0.607607,0.102256,0.6547,0.022762,-0.529959,0.377638,0.6482,0.070097,-0.559777,0.216001,0.6866,-0.113287,-0.271225,0.203932,0.9965,0.020336,-0.350503,0.222254,0.9986,-0.133622,-0.153643,0.230367,0.157,-0.010994,-0.19874,-0.062183,0.2563,-0.144914,0.070619,0.182013,0.2916,-0.034661,-0.067233,-0.211266,0.2706,-0.080288,0.19545,0.030132,0.3823,-0.031423,-0.020508,-0.22051,0.3349,-0.081627,0.208359,0.05658,0.3726,-0.006324,-0.024877,-0.203115,0.3183,-0.142426,0.088435,0.179117,0.3337,-0.020929,-0.056404,-0.202788,0.2939,-0.033016,0.024709,0.00425,0.9997,0.033006,-0.025155,-0.00243,0.9995,-0.067099,0.261074,0.168996,0.7444,0.119134,0.214189,0.090928,0.8372,-0.061962,0.478462,0.026213,0.9041,0.107269,0.456914,-0.088796,0.9403,-0.054354,0.514253,0.006863,0.9433,0.103906,0.495313,-0.102377,0.9418,-0.052704,0.578601,-0.002315,0.8425,0.128248,0.568661,-0.138407,0.8923
11,366,0.351673,0.525407,-1.4e-05,0.068446,-0.616804,0.15554,0.6782,0.02506,-0.585028,0.366883,0.6239,0.025168,-0.585328,0.366734,0.6385,0.024482,-0.586046,0.367213,0.6207,0.035748,-0.587773,0.366713,0.6394,0.036208,-0.588249,0.365502,0.6555,0.035466,-0.589783,0.365686,0.6408,0.016969,-0.543971,0.28516,0.6453,0.072713,-0.604645,0.102423,0.6662,0.017997,-0.52995,0.364709,0.6599,0.061948,-0.558107,0.209537,0.697,-0.108747,-0.284967,0.197485,0.9967,0.005633,-0.352356,0.216675,0.9986,-0.072232,-0.30027,0.153078,0.1837,-0.102482,-0.202246,0.02651,0.2709,-0.045945,-0.199562,0.084696,0.3129,-0.160833,-0.080856,-0.056322,0.2872,-0.080288,0.19545,0.030132,0.3985,-0.165254,-0.04305,-0.052151,0.3466,-0.081627,0.208359,0.05658,0.3893,-0.153031,-0.045468,-0.046916,0.3309,-0.043076,-0.190314,0.080135,0.3513,-0.153855,-0.071068,-0.05249,0.3084,-0.028696,0.022601,0.003252,0.9997,0.028659,-0.023014,-0.001479,0.9995,-0.063457,0.26195,0.15812,0.7519,0.115624,0.218609,0.090278,0.8342,-0.060618,0.478013,0.020808,0.9061,0.109604,0.456579,-0.078152,0.9348,-0.05467,0.513247,0.002452,0.9443,0.106758,0.494437,-0.090664,0.9358,-0.052513,0.578202,-0.009187,0.8469,0.131054,0.567163,-0.126873,0.8898
12,400,0.359167,0.526846,-1.6e-05,0.061125,-0.613973,0.15077,0.6893,0.020195,-0.584766,0.354065,0.6368,0.020196,-0.585067,0.353687,0.651,0.01964,-0.585783,0.3545,0.6338,0.029723,-0.587202,0.353651,0.6519,0.030026,-0.587691,0.352163,0.6674,0.029415,-0.589209,0.352648,0.6532,0.012966,-0.544435,0.27808,0.6575,0.062523,-0.601684,0.102589,0.6777,0.013232,-0.529941,0.351779,0.6716,0.053798,-0.556438,0.203073,0.7074,-0.104207,-0.29871,0.191038,0.9968,-0.009071,-0.354208,0.211096,0.9986,-0.010842,-0.446896,0.075789,0.2103,-0.193971,-0.205752,0.115202,0.2856,0.053023,-0.469743,-0.01262,0.3341,-0.287006,-0.094478,0.098621,0.3039,-0.080288,0.19545,0.030132,0.4148,-0.299085,-0.065592,0.116209,0.3583,-0.081627,0.208359,0.05658,0.4059,-0.299738,-0.066058,0.109283,0.3435,0.056273,-0.469063,-0.018847,0.369,-0.28678,-0.085732,0.097807,0.3228,-0.024376,0.020492,0.002254,0.9997,0.024312,-0.020872,-0.000529,0.9996,-0.059815,0.262826,0.147243,0.7594,0.112115,0.22303,0.089627,0.8311,-0.059275,0.477565,0.015404,0.908,0.111938,0.456244,-0.067507,0.9293,-0.054985,0.512241,-0.001959,0.9453,0.109609,0.49356,-0.078951,0.9298,-0.052321,0.577803,-0.016059,0.8512,0.133861,0.565665,-0.115338,0.8873
13,433,0.36666,0.528285,-1.9e-05,0.053804,-0.611141,0.145999,0.7004,0.01533,-0.584504,0.341248,0.6498,0.015224,-0.584806,0.340639,0.6634,0.014798,-0.585521,0.341786,0.6468,0.023699,-0.586632,0.340589,0.6643,0.023844,-0.587133,0.338824,0.6792,0.023364,-0.588635,0.339609,0.6656,0.008962,-0.5449,0.271001,0.6697,0.052333,-0.598722,0.102756,0.6892,0.008466,-0.529931,0.33885,0.6833,0.045649,-0.554769,0.19661,0.7178,-0.099668,-0.312452,0.184591,0.9969,-0.023775,-0.356061,0.205517,0.9987,0.050548,-0.593522,-0.001501,0.237,-0.28546,-0.209258,0.203895,0.3002,0.151992,-0.739924,-0.109936,0.3554,-0.413178,-0.108101,0.253565,0.3205,-0.080288,0.19545,0.030132,0.431,-0.432916,-0.088134,0.284568,0.37,-0.081627,0.208359,0.05658,0.4225,-0.446445,-0.086649,0.265482,0.3561,0.155623,-0.747811,-0.117829,0.3867,-0.419706,-0.100395,0.248104,0.3373,-0.020056,0.018384,0.001256,0.9997,0.019965,-0.018731,0.000422,0.9996,-0.056174,0.263703,0.136367,0.767,0.108605,0.22745,0.088976,0.828,-0.057932,0.477116,0.01,0.91,0.114272,0.455909,-0.056862,0.9237,-0.055301,0.511235,-0.00637,0.9463,0.112461,0.492684,-0.067238,0.9238,-0.052129,0.577404,-0.02293,0.8556,0.136667,0.564167,-0.103803,0.8849
14,466,0.350384,0.518216,-3.7e-05,0.049969,-0.598104,0.149705,0.7303,0.014561,-0.575998,0.335575,0.6847,0.014432,-0.576163,0.334989,0.697,0.014019,-0.577053,0.336234,0.6821,0.020681,-0.577121,0.334406,0.6978,0.020773,-0.577483,0.332598,0.7113,0.020334,-0.579112,0.333507,0.699,0.009356,-0.539252,0.2749,0.7027,0.040879,-0.586364,0.114091,0.7203,0.007826,-0.521744,0.332846,0.7147,0.039887,-0.543509,0.198334,0.7459,-0.085135,-0.318195,0.196597,0.9972,-0.035974,-0.347755,0.208573,0.9988,0.144855,-0.497999,0.36526,0.2962,-0.254366,-0.156441,0.274798,0.3412,0.294283,-0.653365,0.326033,0.4145,-0.406422,-0.067861,0.329134,0.3688,-0.080288,0.19545,0.030132,0.4809,-0.431302,-0.043988,0.347115,0.4092,-0.081627,0.208359,0.05658,0.473,-0.44927,-0.044287,0.335107,0.3981,0.297875,-0.660168,0.315233,0.4414,-0.409926,-0.063904,0.325905,0.3808,-0.011336,0.016114,0.004735,0.9997,0.01122,-0.016388,-0.003106,0.9996,-0.036867,0.267507,0.121407,0.7763,0.104775,0.224299,0.070811,0.8432,-0.046639,0.485524,0.001924,0.907,0.109002,0.456554,-0.068353,0.9291,-0.044849,0.519762,-0.013697,0.943,0.107214,0.49327,-0.078286,0.9253,-0.04063,0.585769,-0.034734,0.8615,0.134042,0.564205,-0.118145,0.894
15,500,0.346002,0.519008,-5.1e-05,0.052452,-0.584731,0.159392,0.7566,0.018953,-0.566921,0.333942,0.7153,0.01889,-0.566945,0.333455,0.7265,0.018398,-0.56799,0.334707,0.713,0.025128,-0.567624,0.331498,0.7274,0.025316,-0.567863,0.329735,0.7396,0.024821,-0.569598,0.330677,0.7285,0.010193,-0.533615,0.278242,0.731,0.040312,-0.576313,0.123331,0.7468,0.01104,-0.513444,0.331001,0.7421,0.041294,-0.533064,0.203279,0.7704,-0.081171,-0.320516,0.206202,0.9974,-0.034324,-0.344199,0.203969,0.9989,-0.207103,-0.28437,0.330944,0.3392,-0.037951,-0.247724,0.140412,0.4019,-0.294357,-0.206321,0.329561,0.4366,-0.117517,-0.154668,0.276885,0.4262,-0.080288,0.19545,0.030132,0.4948,-0.124078,-0.113819,0.320834,0.4618,-0.081627,0.208359,0.05658,0.4841,-0.13532,-0.090207,0.277925,0.4519,-0.300122,-0.196841,0.335303,0.4477,-0.121036,-0.139,0.298564,0.4334,-0.004751,0.016043,0.011739,0.9998,0.004536,-0.016271,-0.010161,0.9996,-0.022733,0.27256,0.119903,0.7886,0.109361,0.219327,0.049324,0.8586,-0.040985,0.492972,0.015721,0.9034,0.119294,0.45801,-0.087414,0.9357,-0.040684,0.527432,0.002183,0.9373,0.118508,0.496049,-0.096903,0.9318,-0.033995,0.592583,-0.018292,0.8658,0.152593,0.564661,-0.139131,0.904
16,533,0.345657,0.519974,1e-06,0.058275,-0.566916,0.145333,0.781,0.027565,-0.553717,0.308327,0.7437,0.027632,-0.553574,0.307627,0.7538,0.027009,-0.554812,0.30926,0.7417,0.03276,-0.553419,0.303954,0.7547,0.033087,-0.553481,0.301876,0.7656,0.032503,-0.555357,0.303203,0.7557,0.017037,-0.527056,0.261104,0.7579,0.041582,-0.563644,0.108576,0.7722,0.018027,-0.502535,0.306292,0.7679,0.045208,-0.519351,0.185223,0.7934,-0.063575,-0.325049,0.194869,0.9977,-0.038599,-0.341614,0.174356,0.999,0.179477,-0.469258,0.131361,0.3879,-0.196542,-0.157471,-0.116399,0.4559,0.288147,-0.639772,0.136313,0.479,-0.350302,-0.041121,-0.097452,0.474,-0.008009,0.035774,0.050784,0.5257,-0.381636,0.001947,-0.07385,0.5032,-0.010043,0.041086,0.071594,0.5161,-0.390482,0.009079,-0.096578,0.4953,0.287416,-0.648634,0.128325,0.482,-0.354293,-0.027873,-0.100145,0.4756,0.00212,0.015786,0.018258,0.9998,-0.002385,-0.015985,-0.016733,0.9997,-0.007517,0.275314,0.12163,0.7916,0.112643,0.216485,0.027328,0.8723,-0.035929,0.494379,0.036106,0.8985,0.131174,0.460809,-0.101103,0.9419,-0.036682,0.528426,0.025197,0.9287,0.131583,0.499976,-0.110082,0.9376,-0.02827,0.593088,0.003864,0.8702,0.16936,0.564552,-0.155597,0.9134
17,566,0.350646,0.522506,-1.5e-05,0.074446,-0.551093,0.129437,0.8009,0.045519,-0.544351,0.280413,0.7679,0.04578,-0.544144,0.279532,0.7763,0.044938,-0.545455,0.281454,0.7661,0.050335,-0.543343,0.273385,0.7778,0.050909,-0.54328,0.271007,0.7875,0.050129,-0.545241,0.272655,0.7789,0.029092,-0.526783,0.242291,0.78,0.05036,-0.558941,0.089305,0.7936,0.033661,-0.495485,0.279574,0.7877,0.058607,-0.510025,0.164496,0.8109,-0.048179,-0.334167,0.185992,0.9973,-0.030498,-0.350546,0.136531,0.9991,0.088727,-0.303678,0.171138,0.3502,0.160507,-0.515066,-0.323848,0.5096,0.168753,-0.171807,0.172533,0.4321,0.30928,-0.654433,-0.345911,0.5248,-0.008009,0.035774,0.050784,0.4748,-0.342295,-0.033448,-0.089759,0.5494,-0.010043,0.041086,0.071594,0.4662,0.360112,-0.696605,-0.366032,0.5419,0.166282,-0.162987,0.161914,0.4357,0.320698,-0.665984,-0.341548,0.52,0.007652,0.014756,0.025256,0.9997,-0.007937,-0.014954,-0.023768,0.9996,0.007205,0.278805,0.1223,0.7896,0.110482,0.220648,0.01133,0.8833,-0.027593,0.508801,0.046235,0.8984,0.124091,0.478049,-0.113707,0.9466,-0.028837,0.544188,0.03727,0.9243,0.124072,0.517986,-0.121621,0.9391,-0.014654,0.608189,0.023078,0.8768,0.166312,0.580222,-0.164978,0.9209
18,600,0.351003,0.526601,1e-05,0.091879,-0.537706,0.106811,0.8208,0.06493,-0.535987,0.245339,0.791,0.065379,-0.535745,0.244278,0.7986,0.064355,-0.537095,0.246459,0.7894,0.068962,-0.534371,0.235811,0.8,0.06978,-0.534243,0.233154,0.8087,0.068853,-0.536243,0.2351,0.8009,0.044651,-0.526085,0.217501,0.8019,0.061036,-0.554088,0.064569,0.8142,0.051647,-0.488896,0.246141,0.8089,0.073789,-0.501233,0.137376,0.8298,-0.024499,-0.346681,0.170222,0.9975,-0.021642,-0.35851,0.094409,0.999,0.239034,-0.552543,0.072462,0.3384,0.162705,-0.514892,-0.327957,0.557,0.356767,-0.716268,-0.012207,0.4517,0.311507,-0.656659,-0.352367,0.5701,-0.008009,0.035774,0.050784,0.4976,-0.297269,-0.075527,-0.11446,0.5916,-0.010043,0.041086,0.071594,0.4909,0.361067,-0.699337,-0.37306,0.5846,0.361886,-0.720218,-0.027293,0.4634,0.322806,-0.668349,-0.348102,0.5622,0.013098,0.013688,0.031623,0.9997,-0.013386,-0.013886,-0.030143,0.9997,0.01222,0.286208,0.119992,0.8067,0.108428,0.219737,-0.005031,0.8939,-0.035486,0.523344,0.056293,0.9066,0.133709,0.487409,-0.116621,0.9516,-0.038172,0.559342,0.049165,0.9298,0.135351,0.527344,-0.122572,0.9444,-0.022164,0.624859,0.032204,0.8867,0.181035,0.586254,-0.170516,0.9284
19,633,0.351634,0.529461,2.5e-05,0.113236,-0.53554,0.096234,0.8387,0.087326,-0.537729,0.223165,0.8119,0.087954,-0.537551,0.222092,0.8187,0.086768,-0.538836,0.224335,0.8105,0.090454,-0.535833,0.212406,0.82,0.09152,-0.535783,0.209701,0.8278,0.090467,-0.537718,0.211745,0.8208,0.0618,-0.531486,0.196247,0.8217,0.073533,-0.555975,0.053141,0.8328,0.073287,-0.490447,0.224707,0.828,0.092783,-0.501208,0.123033,0.8468,-0.002524,-0.358792,0.171682,0.9976,-0.007555,-0.370363,0.072125,0.9991,0.221602,-0.561825,0.410486,0.3153,0.164931,-0.518456,-0.320274,0.5983,0.298146,-0.690387,0.577479,0.4266,0.308349,-0.661134,-0.346829,0.608,-0.008009,0.035774,0.050784,0.4694,-0.259652,-0.11992,-0.123823,0.6255,-0.010043,0.041086,0.071594,0.4633,0.354947,-0.701783,-0.366685,0.6185,0.299478,-0.690617,0.579563,0.4408,0.31903,-0.672171,-0.342983,0.5959,0.017441,0.013874,0.037802,0.9998,-0.017733,-0.014084,-0.036318,0.9997,0.015311,0.294458,0.11449,0.8208,0.109696,0.215782,-0.026736,0.9041,-0.046397,0.537199,0.063262,0.9138,0.143676,0.490818,-0.130664,0.9563,-0.050566,0.573693,0.057271,0.9336,0.146617,0.530978,-0.136022,0.9494,-0.031112,0.640506,0.038763,0.896,0.196419,0.588079,-0.18712,0.9353
20,666,0.354744,0.531435,3.1e-05,0.134695,-0.536911,0.083661,0.8549,0.109443,-0.542275,0.200461,0.8307,0.110239,-0.54218,0.199397,0.8368,0.108933,-0.543375,0.201669,0.8294,0.11116,-0.540307,0.187869,0.838,0.112408,-0.540349,0.185129,0.845,0.111295,-0.5422,0.187256,0.8388,0.078696,-0.536992,0.182516,0.8395,0.084169,-0.558756,0.042237,0.8495,0.095194,-0.494092,0.203115,0.8452,0.111519,-0.503632,0.107533,0.8621,0.020743,-0.365343,0.17243,0.9978,0.002809,-0.383205,0.051431,0.9992,0.192852,-0.241332,0.31826,0.2998,0.164178,-0.52789,-0.318569,0.6383,0.280851,-0.054486,0.347924,0.3997,0.297726,-0.66346,-0.347886,0.6407,-0.008009,0.035774,0.050784,0.4384,-0.231332,-0.15895,-0.140996,0.6456,-0.010043,0.041086,0.071594,0.4347,0.342144,-0.698777,-0.366334,0.6371,0.282308,-0.032828,0.336627,0.4157,0.308415,-0.672761,-0.343942,0.616,0.021144,0.014528,0.044117,0.9998,-0.021429,-0.014756,-0.042636,0.9997,0.01669,0.303911,0.109349,0.837,0.117982,0.211755,-0.043056,0.9136,-0.05943,0.547851,0.068682,0.9212,0.154238,0.494314,-0.138435,0.9606,-0.065077,0.584456,0.063472,0.9376,0.157807,0.535038,-0.143405,0.9543,-0.043052,0.65226,0.04173,0.9055,0.211385,0.589856,-0.198041,0.9417
21,700,0.362545,0.533777,2e-06,0.152908,-0.540581,0.062996,0.8694,0.128361,-0.54919,0.170434,0.8477,0.129276,-0.549178,0.169397,0.8532,0.127906,-0.55029,0.171688,0.8465,0.128004,-0.54727,0.156019,0.8542,0.129364,-0.547399,0.153247,0.8605,0.128251,-0.549174,0.155485,0.8549,0.094249,-0.544738,0.16669,0.8556,0.091267,-0.56399,0.027049,0.8646,0.114849,-0.499627,0.174443,0.8607,0.127029,-0.508096,0.084942,0.8759,0.044351,-0.371703,0.169532,0.998,0.009599,-0.395588,0.028365,0.9993,0.228169,-0.255344,0.275273,0.3494,0.141617,-0.528367,-0.320182,0.6741,0.432729,-0.165407,0.291535,0.4574,0.267999,-0.655781,-0.362123,0.6759,-0.008009,0.035774,0.050784,0.4908,-0.222383,-0.188269,-0.173635,0.6795,-0.010043,0.041086,0.071594,0.4879,0.312265,-0.687077,-0.380691,0.6718,0.452976,-0.157522,0.280931,0.4702,0.280149,-0.66418,-0.358165,0.6523,0.024461,0.015199,0.049982,0.9998,-0.024728,-0.01545,-0.04851,0.9998,0.01089,0.313068,0.106337,0.852,0.124441,0.209541,-0.048822,0.9219,-0.08274,0.555109,0.078034,0.9283,0.163784,0.50377,-0.127252,0.9645,-0.090234,0.59103,0.073934,0.943,0.168038,0.545324,-0.13147,0.9586,-0.066457,0.661471,0.048003,0.9141,0.224148,0.596796,-0.18968,0.9474
22,733,0.370602,0.53431,-2.3e-05,0.165925,-0.543932,0.03208,0.8824,0.14253,-0.555388,0.130208,0.8629,0.143484,-0.555428,0.129173,0.8678,0.14212,-0.55647,0.131486,0.8618,0.141619,-0.553817,0.11493,0.8688,0.143022,-0.554035,0.112091,0.8745,0.141891,-0.555704,0.11443,0.8694,0.108164,-0.551303,0.143302,0.87,0.095652,-0.56956,0.00783,0.8781,0.129248,-0.504736,0.135889,0.8746,0.138803,-0.512623,0.053681,0.8883,0.069451,-0.377741,0.156347,0.9982,0.008186,-0.40607,0.006254,0.9993,0.357014,-0.30199,-0.004854,0.4087,0.111886,-0.522054,-0.315532,0.706,0.512027,-0.34701,-0.196875,0.5097,0.216184,-0.631124,-0.363767,0.7061,0.096744,-0.041655,-0.002506,0.5379,-0.236111,-0.198416,-0.192341,0.707,0.095409,-0.041673,0.013793,0.5355,0.254896,-0.65739,-0.3829,0.7004,0.516966,-0.361767,-0.205968,0.5188,0.229424,-0.638763,-0.360626,0.6822,0.029889,0.016052,0.055018,0.9998,-0.030148,-0.016311,-0.053542,0.9998,0.006885,0.321535,0.104107,0.8617,0.12772,0.213508,-0.063712,0.9291,-0.104421,0.55028,0.103222,0.9334,0.163445,0.511992,-0.119619,0.9679,-0.114173,0.584711,0.101903,0.9454,0.167288,0.553866,-0.122652,0.9621,-0.092281,0.660774,0.071871,0.9209,0.222075,0.608,-0.184677,0.9525
23,766,0.37636,0.533003,-0.000263,0.175204,-0.54454,-0.021589,0.8942,0.15376,-0.559123,0.066068,0.8766,0.154724,-0.559213,0.06501,0.8811,0.153417,-0.560241,0.067457,0.8757,0.149411,-0.558403,0.049828,0.8819,0.150866,-0.558688,0.046878,0.887,0.149796,-0.560293,0.049429,0.8825,0.118564,-0.554678,0.095124,0.883,0.094603,-0.573314,-0.035578,0.8903,0.142244,-0.506755,0.07434,0.8871,0.145657,-0.514421,-0.00091,0.8995,0.089341,-0.383654,0.118063,0.9984,0.002044,-0.405604,-0.037744,0.9994,0.333447,-0.516612,-0.02288,0.4596,0.080464,-0.498983,-0.315738,0.7351,0.511063,-0.363016,-0.184818,0.5558,0.159145,-0.585632,-0.360102,0.7347,0.125343,-0.078877,-0.004679,0.5792,-0.253563,-0.186251,-0.203821,0.7345,0.124355,-0.07925,0.010229,0.5773,0.190809,-0.605105,-0.378814,0.7287,0.51606,-0.377266,-0.19374,0.5621,0.172767,-0.592984,-0.357786,0.7117,0.036323,0.016965,0.056574,0.9998,-0.036599,-0.017256,-0.055127,0.9998,0.010042,0.33138,0.105159,0.873,0.111829,0.225396,-0.056078,0.9353,-0.10446,0.548309,0.143174,0.9377,0.120572,0.507376,-0.074386,0.9705,-0.114502,0.581776,0.145723,0.9438,0.121834,0.547005,-0.074037,0.9625,-0.095662,0.661056,0.112373,0.9269,0.167668,0.609049,-0.134522,0.9565
24,800,0.38238,0.532822,-0.000157,0.175257,-0.538983,-0.077774,0.9048,0.15659,-0.556525,-0.000664,0.889,0.157514,-0.556618,-0.001678,0.8929,0.156344,-0.557641,0.000855,0.8881,0.148796,-0.55595,-0.0166,0.8937,0.150228,-0.556294,-0.019684,0.8983,0.149255,-0.557857,-0.016965,0.8942,0.127865,-0.553631,0.043052,0.8947,0.088826,-0.570591,-0.07884,0.9013,0.14745,-0.503854,0.010752,0.8984,0.144749,-0.510782,-0.056714,0.9095,0.106657,-0.389469,0.07122,0.9985,-0.007492,-0.401349,-0.072266,0.9995,0.340814,-0.595262,-0.263233,0.5126,0.049104,-0.470406,-0.297779,0.7548,0.507266,-0.391366,-0.195352,0.5983,0.105767,-0.530508,-0.316043,0.7518,0.152052,-0.133414,-0.031551,0.6176,-0.264818,-0.166838,-0.168189,0.7477,0.149697,-0.134981,-0.018182,0.616,0.131152,-0.541967,-0.328525,0.7422,0.511351,-0.405664,-0.204262,0.6005,0.119449,-0.537682,-0.314792,0.7263,0.043612,0.017779,0.053865,0.9998,-0.043902,-0.018097,-0.052517,0.9998,0.012804,0.340534,0.102513,0.8826,0.099706,0.234917,-0.054072,0.9393,-0.115246,0.531783,0.166757,0.9359,0.103244,0.505071,-0.041443,0.9711,-0.126583,0.56296,0.172144,0.9404,0.104311,0.54368,-0.038524,0.9535,-0.11209,0.643801,0.137179,0.9274,0.146619,0.614035,-0.098744,0.9568
25,833,0.38471,0.534058,-3.9e-05,0.167782,-0.536138,-0.114913,0.9142,0.152212,-0.555886,-0.046655,0.8995,0.153078,-0.556006,-0.047628,0.9031,0.152047,-0.557007,-0.045119,0.8986,0.142033,-0.55543,-0.061093,0.9041,0.143405,-0.555845,-0.064103,0.9083,0.142516,-0.557382,-0.061415,0.9046,0.133277,-0.553174,0.006609,0.9038,0.082032,-0.569201,-0.103213,0.911,0.145351,-0.502649,-0.032912,0.9081,0.138268,-0.509194,-0.092147,0.9185,0.120685,-0.396644,0.03616,0.9986,-0.016325,-0.399875,-0.096037,0.9995,0.33765,-0.598137,-0.265571,0.5607,0.022468,-0.448449,-0.277452,0.7754,0.484535,-0.420581,-0.208307,0.6337,0.067133,-0.485272,-0.291493,0.768,0.152143,-0.186613,-0.060816,0.6425,-0.266464,-0.154049,-0.155938,0.7591,0.147876,-0.18846,-0.04755,0.6405,0.090213,-0.490656,-0.30171,0.7551,0.487092,-0.433552,-0.216355,0.6243,0.081761,-0.492291,-0.29135,0.7376,0.050386,0.018725,0.048424,0.9998,-0.050651,-0.019068,-0.047054,0.9998,0.008894,0.347468,0.094025,0.8866,0.079952,0.241309,-0.057855,0.9424,-0.126026,0.51957,0.181037,0.9227,0.083868,0.511241,-0.025384,0.9718,-0.137981,0.548592,0.188605,0.9286,0.085408,0.549828,-0.021528,0.9466,-0.126578,0.628473,0.15068,0.919,0.121247,0.623173,-0.077155,0.9585
26,866,0.391777,0.533436,-2.7e-05,0.159279,-0.533611,-0.135874,0.9199,0.145976,-0.555255,-0.074927,0.9054,0.146772,-0.555399,-0.07576,0.9085,0.145855,-0.556379,-0.073388,0.9044,0.134643,-0.554868,-0.088591,0.9091,0.135939,-0.55534,-0.091412,0.912,0.135103,-0.556852,-0.088843,0.9089,0.134568,-0.553043,-0.017186,0.9093,0.076629,-0.568358,-0.121665,0.913,0.141219,-0.501762,-0.059558,0.9143,0.13164,-0.507925,-0.113735,0.9236,0.131361,-0.402433,0.012307,0.9982,-0.022089,-0.405397,-0.106397,0.9994,0.320778,-0.590935,-0.264615,0.5781,0.009782,-0.44774,-0.261358,0.7546,0.450174,-0.437788,-0.214111,0.6145,0.06038,-0.486834,-0.275193,0.7137,0.1399,-0.228656,-0.078546,0.6109,-0.243337,-0.181104,-0.150247,0.701,0.135905,-0.226142,-0.065828,0.608,0.085307,-0.491577,-0.284187,0.6965,0.453465,-0.448468,-0.221329,0.5895,0.075318,-0.4931,-0.275855,0.6781,0.056549,0.019249,0.043681,0.9997,-0.0568,-0.019642,-0.042313,0.9998,0.006451,0.353153,0.086126,0.8931,0.051972,0.248498,-0.05281,0.9471,-0.11014,0.512718,0.202297,0.879,0.047943,0.521515,-0.007651,0.9725,-0.119948,0.540799,0.213188,0.8756,0.049746,0.560059,-0.003501,0.9299,-0.108016,0.621289,0.177158,0.8833,0.074296,0.635231,-0.061598,0.9583
27,900,0.400668,0.53087,-6.8e-05,0.137494,-0.51223,-0.178496,0.9279,0.125742,-0.535124,-0.127314,0.9148,0.126405,-0.535214,-0.128113,0.9177,0.125647,-0.536265,-0.125724,0.9139,0.114648,-0.536351,-0.137391,0.9181,0.115851,-0.536803,-0.140072,0.9207,0.115113,-0.538371,-0.137534,0.9179,0.121365,-0.531894,-0.071383,0.9184,0.063726,-0.553395,-0.155037,0.9216,0.124193,-0.482389,-0.110938,0.9229,0.113905,-0.489874,-0.155604,0.9312,0.128512,-0.381049,-0.04213,0.9984,-0.024886,-0.410144,-0.131602,0.9995,0.294785,-0.551378,-0.2802,0.6201,0.008232,-0.451343,-0.247283,0.7676,0.395653,-0.410473,-0.233487,0.6524,0.061387,-0.484772,-0.249486,0.6885,0.109838,-0.214665,-0.110376,0.648,-0.215522,-0.200297,-0.134021,0.6587,0.105976,-0.216014,-0.098356,0.6453,0.087335,-0.486092,-0.255834,0.654,0.399964,-0.422851,-0.239059,0.6254,0.075692,-0.489912,-0.251402,0.6361,0.061541,0.020896,0.037382,0.9998,-0.061781,-0.021357,-0.036083,0.9998,0.004703,0.362376,0.082096,0.9023,0.016349,0.252675,-0.051775,0.9519,-0.082982,0.513978,0.224133,0.8888,0.012364,0.530782,0.005061,0.974,-0.089887,0.542052,0.237162,0.8712,0.016093,0.568464,0.009805,0.9225,-0.083063,0.628809,0.19994,0.8928,0.032061,0.644656,-0.049809,0.9607
28,933,0.406376,0.522022,-8.3e-05,0.115346,-0.474867,-0.217778,0.9347,0.10338,-0.498099,-0.176392,0.9227,0.103953,-0.498133,-0.177168,0.9252,0.103334,-0.499346,-0.174811,0.9218,0.093116,-0.501419,-0.183938,0.9244,0.09424,-0.501792,-0.186465,0.9258,0.093607,-0.5035,-0.18396,0.923,0.103045,-0.494789,-0.127392,0.9255,0.048108,-0.524807,-0.194623,0.9234,0.106455,-0.448406,-0.159259,0.93,0.095807,-0.457606,-0.196309,0.9372,0.117226,-0.346028,-0.100214,0.9986,-0.025538,-0.407176,-0.164783,0.9995,0.261658,-0.496663,-0.303051,0.6571,0.008774,-0.451109,-0.245584,0.7292,0.333633,-0.363854,-0.258994,0.6861,0.058464,-0.47941,-0.233251,0.629,0.07331,-0.178311,-0.148619,0.68,-0.196274,-0.213071,-0.126091,0.6001,0.068668,-0.182473,-0.137078,0.6774,0.084757,-0.47812,-0.238625,0.5959,0.33898,-0.378058,-0.262716,0.6557,0.072381,-0.483898,-0.23603,0.581,0.065433,0.025164,0.03094,0.9998,-0.065587,-0.02575,-0.029626,0.9999,0.002846,0.373807,0.079479,0.9037,-0.017509,0.241126,-0.051687,0.9469,-0.050375,0.521024,0.24046,0.898,-0.029154,0.522477,0.018419,0.9746,-0.053876,0.549124,0.253946,0.8753,-0.024409,0.561398,0.023759,0.9174,-0.048516,0.643558,0.218143,0.9001,-0.022326,0.635445,-0.036162,0.96
29,966,0.411662,0.523114,-0.000167,0.079013,-0.448485,-0.246328,0.9411,0.066134,-0.470976,-0.213788,0.9297,0.066583,-0.471019,-0.214547,0.932,0.066103,-0.472278,-0.212291,0.9291,0.057926,-0.47639,-0.218534,0.9309,0.059023,-0.476717,-0.220904,0.932,0.058507,-0.478518,-0.218496,0.9295,0.071381,-0.463658,-0.175607,0.9319,0.023877,-0.502976,-0.22552,0.9276,0.075533,-0.423899,-0.19714,0.9367,0.066062,-0.434944,-0.226786,0.9431,0.096605,-0.315282,-0.150249,0.9987,-0.02671,-0.40506,-0.192294,0.9995,0.220312,-0.443071,-0.324141,0.6873,0.012846,-0.464767,-0.251301,0.7556,0.269496,-0.312009,-0.286362,0.7097,0.065443,-0.497066,-0.237902,0.6617,0.035081,-0.140361,-0.189865,0.7059,-0.166423,-0.252761,-0.139249,0.6364,0.030892,-0.145945,-0.180545,0.7041,0.092223,-0.497259,-0.244756,0.632,0.276514,-0.327368,-0.289137,0.679,0.078856,-0.500579,-0.240667,0.6153,0.066982,0.030228,0.024901,0.9998,-0.067006,-0.030875,-0.023533,0.9999,0.001035,0.383355,0.083756,0.9093,-0.042711,0.226474,-0.056633,0.9474,-0.024031,0.53522,0.2566,0.9015,-0.077204,0.508527,0.028575,0.9751,-0.025158,0.563582,0.270629,0.8725,-0.072766,0.548028,0.035349,0.9182,-0.022589,0.662968,0.233307,0.9048,-0.084589,0.616596,-0.028924,0.9622
30,1000,0.416705,0.524642,-6.2e-05,0.043118,-0.432362,-0.265315,0.9458,0.029276,-0.455011,-0.239309,0.9353,0.029612,-0.45508,-0.239955,0.9372,0.029231,-0.456307,-0.237898,0.9354,0.022529,-0.461163,-0.242123,0.9361,0.023564,-0.461495,-0.244304,0.9366,0.023065,-0.46331,-0.242052,0.9351,0.042323,-0.44687,-0.208442,0.9372,0.000576,-0.489174,-0.244407,0.9308,0.046418,-0.409332,-0.222681,0.9409,0.037716,-0.420951,-0.246691,0.9453,0.083069,-0.298938,-0.179329,0.9987,-0.02841,-0.4035,-0.209538,0.9995,0.192562,-0.432384,-0.33149,0.7104,0.016737,-0.472797,-0.249775,0.7711,0.229811,-0.32548,-0.285092,0.7105,0.073327,-0.512214,-0.241157,0.6627,0.018442,-0.168701,-0.197722,0.7039,-0.136809,-0.290811,-0.146173,0.6343,0.014269,-0.175116,-0.18957,0.7062,0.100168,-0.514385,-0.243931,0.632,0.237713,-0.339339,-0.287613,0.6736,0.085668,-0.514759,-0.243198,0.6085,0.06723,0.034081,0.016983,0.9998,-0.067168,-0.034769,-0.015624,0.9999,-0.001038,0.386375,0.087291,0.9152,-0.068488,0.203761,-0.051269,0.9336,-0.005467,0.545346,0.270775,0.9074,-0.115164,0.47513,0.039731,0.9685,-0.004447,0.573856,0.284353,0.8689,-0.110355,0.51564,0.046541,0.9088,-0.000764,0.675077,0.241402,0.9093,-0.131348,0.579796,-0.018199,0.9567
31,1033,0.422825,0.525038,-7.7e-05,0.012776,-0.422362,-0.281125,0.9476,-0.003113,-0.444589,-0.260523,0.9376,-0.002814,-0.444698,-0.261065,0.9383,-0.003177,-0.445877,-0.259191,0.9375,-0.007624,-0.451105,-0.262062,0.939,-0.006628,-0.451452,-0.264092,0.9396,-0.007209,-0.453245,-0.26198,0.9395,0.013059,-0.433353,-0.233576,0.9388,-0.018454,-0.476557,-0.261184,0.933,0.020528,-0.399044,-0.243422,0.9386,0.014208,-0.411343,-0.263415,0.9409,0.062188,-0.290867,-0.196798,0.9971,-0.027919,-0.400212,-0.223987,0.9993,0.16294,-0.415895,-0.319467,0.6559,0.02622,-0.474557,-0.251469,0.7921,0.19243,-0.319956,-0.261395,0.6576,0.088906,-0.516657,-0.243308,0.6887,-0.000353,-0.173814,-0.176921,0.6542,-0.099454,-0.312958,-0.155707,0.6586,-0.003329,-0.180958,-0.170671,0.6569,0.116534,-0.518253,-0.2463,0.6561,0.201819,-0.333299,-0.264801,0.6266,0.099734,-0.51841,-0.24479,0.6308,0.063418,0.035494,0.011172,0.9997,-0.063398,-0.036232,-0.009799,0.9998,-0.004701,0.38879,0.0842,0.9056,-0.069458,0.200847,-0.042378,0.896,0.00574,0.559765,0.261468,0.8925,-0.099132,0.473577,0.050762,0.9382,0.007669,0.588303,0.274892,0.8444,-0.094592,0.513818,0.057479,0.8843,0.01153,0.690752,0.227094,0.889,-0.114136,0.580023,-0.006641,0.9298
32,1066,0.424854,0.525976,-6.5e-05,-0.014711,-0.414817,-0.308981,0.9515,-0.034012,-0.434388,-0.292007,0.9428,-0.033738,-0.434521,-0.292424,0.9433,-0.034123,-0.435656,-0.290717,0.9429,-0.036837,-0.439904,-0.293157,0.9443,-0.035875,-0.440264,-0.295038,0.9447,-0.036543,-0.442019,-0.293066,0.9447,-0.01511,-0.420209,-0.26226,0.9429,-0.03927,-0.45774,-0.285244,0.9364,-0.002473,-0.391996,-0.273341,0.9414,-0.007304,-0.404184,-0.290536,0.9407,0.040828,-0.284407,-0.216473,0.9958,-0.030604,-0.385367,-0.24044,0.9915,0.136717,-0.403835,-0.311099,0.5983,0.026651,-0.453328,-0.25171,0.7263,0.161283,-0.317522,-0.249318,0.6027,0.083936,-0.500477,-0.241043,0.6251,-0.0165,-0.180834,-0.16946,0.6046,-0.090342,-0.311921,-0.159405,0.6006,-0.018714,-0.187773,-0.164154,0.6068,0.108066,-0.505062,-0.243505,0.5978,0.171589,-0.330204,-0.253074,0.5784,0.093544,-0.504114,-0.242298,0.5749,0.057559,0.034791,0.006752,0.9997,-0.057607,-0.035625,-0.005352,0.9995,-0.01062,0.390275,0.087523,0.8924,-0.065308,0.198807,-0.009326,0.8247,0.007214,0.574683,0.267117,0.8907,-0.081289,0.46278,0.109224,0.8707,0.009785,0.603004,0.280876,0.8402,-0.077193,0.501844,0.116268,0.8296,0.010905,0.701763,0.232745,0.8764,-0.094971,0.56408,0.062894,0.8601
33,1100,0.414401,0.518786,8.6e-05,-0.03144,-0.392467,-0.355034,0.9562,-0.051796,-0.410171,-0.340662,0.9484,-0.051516,-0.410308,-0.340949,0.9487,-0.051901,-0.411404,-0.339453,0.9485,-0.053733,-0.413093,-0.342279,0.9498,-0.052786,-0.413469,-0.343988,0.9502,-0.053481,-0.415157,-0.342181,0.9501,-0.031852,-0.396611,-0.301453,0.9482,-0.052843,-0.421483,-0.323411,0.9426,-0.017083,-0.372664,-0.31851,0.947,-0.020926,-0.381005,-0.334023,0.9463,0.02912,-0.277947,-0.235545,0.9958,-0.03398,-0.347761,-0.269334,0.9921,0.127202,-0.389211,-0.303147,0.5507,0.031645,-0.403983,-0.262969,0.7391,0.15697,-0.307922,-0.235008,0.5648,0.09346,-0.448163,-0.247989,0.6382,-0.007153,-0.179939,-0.158104,0.5732,-0.064828,-0.274026,-0.172252,0.6132,-0.009321,-0.184974,-0.153987,0.5785,0.118098,-0.453547,-0.251397,0.6112,0.167244,-0.319087,-0.238779,0.5566,0.102523,-0.455944,-0.248772,0.5867,0.053148,0.029415,0.007522,0.9997,-0.05328,-0.030317,-0.006062,0.9995,-0.010431,0.38992,0.089527,0.8506,-0.049282,0.20288,0.005451,0.7934,0.007008,0.589452,0.271441,0.8742,-0.053925,0.463683,0.135852,0.8504,0.009987,0.617964,0.285582,0.8308,-0.049978,0.501875,0.143499,0.8146,0.015017,0.712468,0.237064,0.8626,-0.057469,0.559683,0.093338,0.8443
34,1133,0.419892,0.514704,5.7e-05,-0.046595,-0.339795,-0.378173,0.96,-0.067892,-0.356996,-0.36826,0.9529,-0.067569,-0.357201,-0.368482,0.9536,-0.067966,-0.358293,-0.367175,0.9531,-0.069733,-0.360709,-0.368784,0.9537,-0.068799,-0.361055,-0.370386,0.9543,-0.069519,-0.362755,-0.368658,0.9535,-0.044681,-0.347172,-0.335871,0.9533,-0.06684,-0.373463,-0.348568,0.9478,-0.03009,-0.324198,-0.344395,0.9518,-0.034479,-0.332419,-0.35687,0.9509,0.021741,-0.244232,-0.265924,0.9962,-0.047985,-0.312493,-0.288411,0.9928,0.116964,-0.347166,-0.315305,0.5618,0.022016,-0.361885,-0.278453,0.6744,0.145947,-0.2635,-0.252511,0.5868,0.08629,-0.402926,-0.272509,0.5857,-0.005483,-0.143068,-0.184947,0.5948,-0.06097,-0.244345,-0.20395,0.569,-0.010355,-0.14872,-0.181701,0.5987,0.111202,-0.409483,-0.277565,0.5687,0.154898,-0.275025,-0.255906,0.5706,0.096131,-0.413159,-0.272518,0.5506,0.052059,0.025628,0.005962,0.9997,-0.052185,-0.026624,-0.004355,0.9995,0.003456,0.375174,0.100959,0.8325,-0.041616,0.20832,0.029072,0.7772,0.039382,0.536529,0.288612,0.8603,-0.034363,0.465406,0.179384,0.8313,0.04331,0.563542,0.302296,0.815,-0.031025,0.502859,0.186002,0.7724,0.046922,0.646374,0.257055,0.8457,-0.039658,0.560199,0.142187,0.8158
35,1166,0.427785,0.517219,0.000176,-0.063619,-0.307997,-0.412419,0.964,-0.08547,-0.319925,-0.405921,0.9576,-0.085174,-0.320134,-0.40593,0.9582,-0.085573,-0.321193,-0.404776,0.9578,-0.08542,-0.324192,-0.406287,0.9583,-0.084477,-0.324528,-0.407645,0.9588,-0.085281,-0.326189,-0.406077,0.9581,-0.059989,-0.305938,-0.369621,0.958,-0.077299,-0.333035,-0.379885,0.953,-0.045811,-0.294847,-0.378394,0.9565,-0.047887,-0.302895,-0.389654,0.9558,0.00193,-0.21481,-0.286436,0.9961,-0.050999,-0.280789,-0.306811,0.9932,0.09297,-0.320846,-0.3112,0.5236,0.018905,-0.333923,-0.280686,0.6352,0.123172,-0.243639,-0.233486,0.5337,0.083993,-0.378173,-0.262765,0.532,-0.017139,-0.129563,-0.166524,0.5446,-0.053459,-0.230121,-0.194657,0.5207,-0.021421,-0.135002,-0.162939,0.5471,0.108765,-0.384533,-0.26486,0.5198,0.132609,-0.254624,-0.236445,0.5217,0.093675,-0.389162,-0.262922,0.5034,0.046248,0.021594,0.004669,0.9998,-0.046459,-0.022706,-0.002904,0.9996,0.015764,0.344962,0.108259,0.8381,-0.028107,0.206706,0.047988,0.7837,0.080131,0.472365,0.293225,0.867,-0.009275,0.442685,0.207845,0.8317,0.085629,0.498671,0.306533,0.8149,-0.007405,0.479719,0.213333,0.7481,0.089874,0.565687,0.270633,0.8364,-0.01295,0.530962,0.1762,0.7754
36,1200,0.42587,0.521091,0.00021,-0.076206,-0.268181,-0.432958,0.9676,-0.098113,-0.275548,-0.429211,0.9618,-0.097829,-0.275724,-0.429097,0.9624,-0.098226,-0.276758,-0.428053,0.962,-0.097054,-0.27975,-0.428908,0.9625,-0.096102,-0.280105,-0.430116,0.9629,-0.096991,-0.281679,-0.428658,0.9623,-0.071027,-0.263137,-0.391105,0.9622,-0.085278,-0.289343,-0.39821,0.9577,-0.057454,-0.259667,-0.399438,0.9609,-0.058283,-0.267039,-0.409177,0.9602,-0.011587,-0.18697,-0.299009,0.9964,-0.053449,-0.252191,-0.313194,0.9938,0.09297,-0.320846,-0.3112,0.4819,0.009946,-0.311027,-0.270811,0.5781,0.123172,-0.243639,-0.233486,0.4945,0.083993,-0.378173,-0.262765,0.4807,-0.028387,-0.122629,-0.149296,0.5048,-0.053459,-0.230121,-0.194657,0.4721,-0.032556,-0.127995,-0.145097,0.505,0.108765,-0.384533,-0.26486,0.4711,0.132609,-0.254624,-0.236445,0.4846,0.093675,-0.389162,-0.262922,0.4578,0.040139,0.019697,0.003548,0.9998,-0.040412,-0.020997,-0.001628,0.9996,0.014976,0.346141,0.107709,0.8531,-0.005271,0.184248,0.052815,0.7466,0.06858,0.493455,0.286911,0.8782,0.034758,0.374376,0.201063,0.8219,0.074572,0.519277,0.300097,0.8268,0.033925,0.413824,0.207504,0.7333,0.080616,0.585109,0.264816,0.843,0.037021,0.448266,0.171005,0.7733
37,1233,0.436686,0.523977,6.8e-05,-0.086811,-0.224196,-0.441735,0.9708,-0.10816,-0.230343,-0.442375,0.9656,-0.107856,-0.230522,-0.442088,0.9661,-0.108275,-0.231552,-0.441146,0.9658,-0.107861,-0.233633,-0.439805,0.9662,-0.106921,-0.233875,-0.440903,0.9666,-0.107872,-0.235399,-0.439477,0.9661,-0.078922,-0.225446,-0.405654,0.9659,-0.096184,-0.246531,-0.407626,0.9619,-0.066644,-0.22119,-0.411791,0.9648,-0.068534,-0.226923,-0.417726,0.9642,-0.012538,-0.171002,-0.307871,0.9967,-0.06651,-0.224373,-0.31832,0.9944,0.089125,-0.308501,-0.31048,0.5245,-0.003333,-0.293309,-0.265318,0.5633,0.123172,-0.243639,-0.233486,0.4913,0.083993,-0.378173,-0.262765,0.4541,-0.028387,-0.122629,-0.149296,0.4786,-0.053459,-0.230121,-0.194657,0.4357,-0.032556,-0.127995,-0.145097,0.4783,0.108765,-0.384533,-0.26486,0.4348,0.132609,-0.254624,-0.236445,0.4609,0.093675,-0.389162,-0.262922,0.4246,0.042698,0.014154,0.001938,0.9998,-0.043047,-0.015518,8e-05,0.9996,0.036506,0.307462,0.107189,0.8521,-0.011117,0.197716,0.051725,0.7668,0.097974,0.426212,0.273051,0.8543,0.035233,0.397295,0.193063,0.8358,0.104663,0.451538,0.285906,0.8158,0.03533,0.43428,0.200225,0.7503,0.111834,0.509437,0.248972,0.8385,0.033438,0.472953,0.159297,0.7921
38,1266,0.431285,0.526587,-3.1e-05,-0.091692,-0.199984,-0.457487,0.9737,-0.11202,-0.202041,-0.460405,0.9691,-0.111696,-0.202241,-0.460043,0.9695,-0.112113,-0.203221,-0.459167,0.9692,-0.109577,-0.205614,-0.457342,0.9696,-0.108643,-0.205881,-0.458367,0.9699,-0.109661,-0.207293,-0.456982,0.9694,-0.085138,-0.194052,-0.424036,0.9693,-0.092528,-0.21538,-0.422741,0.9657,-0.074117,-0.19863,-0.428498,0.9683,-0.072547,-0.204149,-0.432943,0.9677,-0.019766,-0.149583,-0.319009,0.9969,-0.064721,-0.202837,-0.327063,0.9949,0.078081,-0.300572,-0.310998,0.527,-0.009465,-0.278763,-0.265998,0.5491,0.123172,-0.243639,-0.233486,0.4696,0.083993,-0.378173,-0.262765,0.4445,-0.028387,-0.122629,-0.149296,0.451,-0.053459,-0.230121,-0.194657,0.4264,-0.032556,-0.127995,-0.145097,0.4495,0.108765,-0.384533,-0.26486,0.425,0.132609,-0.254624,-0.236445,0.4354,0.093675,-0.389162,-0.262922,0.4172,0.036868,0.009515,0.000415,0.9998,-0.037276,-0.010907,0.00167,0.9997,0.033809,0.277869,0.102232,0.8552,0.009372,0.192067,0.055486,0.7782,0.11316,0.349689,0.260434,0.8489,0.071324,0.362788,0.188598,0.8422,0.126062,0.372848,0.273508,0.8039,0.068407,0.40031,0.19768,0.7406,0.13423,0.418967,0.237499,0.8285,0.071649,0.432651,0.150714,0.7933
39,1300,0.435731,0.532395,-2e-06,-0.111327,-0.169232,-0.464905,0.975,-0.133199,-0.172006,-0.470121,0.9706,-0.132924,-0.172219,-0.469653,0.971,-0.133336,-0.173118,-0.468831,0.9707,-0.130715,-0.1733,-0.464284,0.9711,-0.129887,-0.17358,-0.465331,0.9714,-0.130961,-0.174892,-0.463974,0.971,-0.108492,-0.173986,-0.436816,0.9709,-0.114826,-0.186713,-0.425277,0.9674,-0.093467,-0.173396,-0.440315,0.9699,-0.091718,-0.176012,-0.438961,0.9693,-0.033802,-0.151385,-0.327238,0.997,-0.086643,-0.172695,-0.332088,0.9951,0.070225,-0.300931,-0.3129,0.5504,-0.025338,-0.244351,-0.268003,0.5609,0.121458,-0.259885,-0.23815,0.4958,0.083993,-0.378173,-0.262765,0.4641,-0.014439,-0.147673,-0.159165,0.4777,-0.053459,-0.230121,-0.194657,0.4434,-0.018426,-0.151707,-0.157416,0.4763,0.108765,-0.384533,-0.26486,0.4442,0.132609,-0.254624,-0.236445,0.4629,0.093675,-0.389162,-0.262922,0.4397,0.036647,0.002261,-0.002836,0.9998,-0.037133,-0.003568,0.004876,0.9997,0.06408,0.254153,0.091983,0.8623,0.019601,0.190641,0.059585,0.7854,0.160305,0.297181,0.242344,0.8564,0.090813,0.337477,0.185364,0.849,0.173251,0.318217,0.255377,0.8126,0.087988,0.378248,0.197237,0.7509,0.187056,0.357592,0.212896,0.8368,0.094759,0.416797,0.149502,0.802
40,1333,0.440176,0.538204,2.7e-05,-0.130961,-0.13848,-0.472323,0.9763,-0.154378,-0.141972,-0.479836,0.9721,-0.154152,-0.142198,-0.479263,0.9725,-0.15456,-0.143016,-0.478496,0.9723,-0.151854,-0.140987,-0.471225,0.9726,-0.151131,-0.14128,-0.472295,0.9729,-0.15226,-0.142491,-0.470966,0.9725,-0.131846,-0.15392,-0.449597,0.9724,-0.137123,-0.158045,-0.427813,0.9691,-0.112817,-0.148162,-0.452132,0.9714,-0.110889,-0.147875,-0.444979,0.9709,-0.047838,-0.153186,-0.335467,0.9972,-0.108565,-0.142553,-0.337114,0.9954,0.062368,-0.301291,-0.314802,0.5738,-0.041211,-0.209939,-0.270009,0.5727,0.119745,-0.276132,-0.242813,0.522,0.083993,-0.378173,-0.262765,0.4837,-0.000492,-0.172716,-0.169034,0.5043,-0.053459,-0.230121,-0.194657,0.4604,-0.004296,-0.175419,-0.169735,0.5032,0.108765,-0.384533,-0.26486,0.4635,0.132609,-0.254624,-0.236445,0.4903,0.093675,-0.389162,-0.262922,0.4622,0.036427,-0.004992,-0.006086,0.9998,-0.036991,0.00377,0.008083,0.9997,0.094351,0.230437,0.081735,0.8694,0.02983,0.189216,0.063684,0.7925,0.207451,0.244673,0.224255,0.8639,0.110301,0.312165,0.182131,0.8559,0.22044,0.263587,0.237245,0.8213,0.107568,0.356185,0.196794,0.7612,0.239882,0.296217,0.188293,0.8451,0.11787,0.400943,0.148289,0.8107
41,1366,0.459454,0.53578,8.2e-05,-0.170242,-0.104828,-0.467528,0.9784,-0.195231,-0.110055,-0.477411,0.9745,-0.195088,-0.110306,-0.476823,0.9748,-0.195435,-0.111018,-0.476112,0.9745,-0.193114,-0.108067,-0.465841,0.9745,-0.192559,-0.108374,-0.466937,0.9747,-0.193736,-0.109489,-0.465585,0.9742,-0.172677,-0.133985,-0.455287,0.9749,-0.179752,-0.132964,-0.418503,0.9706,-0.15054,-0.119767,-0.451275,0.9742,-0.149349,-0.117989,-0.439193,0.9733,-0.074485,-0.15466,-0.342488,0.9975,-0.148736,-0.116367,-0.328857,0.9958,0.052662,-0.299701,-0.320833,0.6161,-0.068704,-0.17447,-0.264115,0.5943,0.116237,-0.280462,-0.254335,0.5613,-0.007844,-0.21904,-0.258458,0.5015,0.006546,-0.183917,-0.18486,0.5384,-0.053459,-0.230121,-0.194657,0.4699,0.002341,-0.185953,-0.188046,0.5392,0.108765,-0.384533,-0.26486,0.4765,0.120996,-0.271454,-0.274981,0.5238,0.093675,-0.389162,-0.262922,0.483,0.036935,-0.011424,-0.012321,0.9998,-0.037573,0.01031,0.01419,0.9997,0.119201,0.212669,0.059073,0.8825,0.025688,0.188976,0.069672,0.8017,0.261311,0.208934,0.185811,0.8774,0.120164,0.318598,0.180265,0.8685,0.27618,0.225619,0.198519,0.8387,0.119876,0.362088,0.197325,0.7824,0.300184,0.25735,0.144419,0.8605,0.120352,0.417014,0.151747,0.8269
42,1400,0.476166,0.531898,-1.7e-05,-0.214916,-0.074874,-0.449082,0.9804,-0.240113,-0.081357,-0.460487,0.9768,-0.240018,-0.081619,-0.459907,0.977,-0.240363,-0.082211,-0.459232,0.9769,-0.238953,-0.079827,-0.446378,0.9768,-0.238588,-0.080166,-0.447452,0.9769,-0.239807,-0.081097,-0.446153,0.9766,-0.214858,-0.11455,-0.447466,0.9771,-0.226132,-0.112842,-0.398268,0.9731,-0.19326,-0.093071,-0.436771,0.9766,-0.193512,-0.09135,-0.421224,0.9757,-0.104534,-0.143549,-0.348684,0.9977,-0.189377,-0.098999,-0.307365,0.9962,0.034054,-0.263761,-0.329887,0.6514,-0.092495,-0.146847,-0.251217,0.5924,0.095027,-0.230578,-0.26466,0.6,-0.029876,-0.177173,-0.250273,0.5195,-0.004814,-0.140959,-0.20174,0.5772,-0.053459,-0.230121,-0.194657,0.4873,-0.011353,-0.14215,-0.204708,0.5774,0.108765,-0.384533,-0.26486,0.4941,0.100142,-0.224428,-0.283197,0.5565,0.005925,-0.226455,-0.239031,0.5006,0.037579,-0.016052,-0.019385,0.9996,-0.038272,0.015009,0.021122,0.9995,0.13578,0.212487,0.03552,0.8911,0.032901,0.197161,0.064564,0.8039,0.293784,0.222828,0.155005,0.8885,0.157518,0.32723,0.171533,0.8731,0.31044,0.239153,0.167528,0.8493,0.157998,0.368398,0.188504,0.7912,0.332477,0.28116,0.109764,0.8729,0.15882,0.430545,0.142864,0.8372
43,1433,0.49824,0.530008,6.6e-05,-0.263457,-0.055329,-0.401815,0.982,-0.289771,-0.06237,-0.414878,0.9788,-0.28974,-0.062645,-0.414253,0.9791,-0.290065,-0.063154,-0.41366,0.979,-0.288561,-0.060961,-0.398368,0.9788,-0.288378,-0.061322,-0.399385,0.9789,-0.28961,-0.062145,-0.398196,0.9787,-0.26275,-0.099835,-0.407233,0.979,-0.27357,-0.098586,-0.349145,0.9755,-0.239749,-0.075625,-0.393352,0.9785,-0.240016,-0.073745,-0.374694,0.9774,-0.146436,-0.135704,-0.327295,0.9979,-0.219491,-0.086287,-0.256278,0.9963,-0.000384,-0.235893,-0.330061,0.6816,-0.109946,-0.125749,-0.221134,0.5547,0.050065,-0.195813,-0.272496,0.6371,-0.053723,-0.144919,-0.225712,0.5123,-0.039803,-0.113475,-0.216463,0.6159,-0.053459,-0.230121,-0.194657,0.4821,-0.047772,-0.114556,-0.218611,0.6156,0.108765,-0.384533,-0.26486,0.4875,0.056991,-0.191938,-0.289112,0.5939,0.005925,-0.226455,-0.239031,0.4926,0.035612,-0.01961,-0.027201,0.9995,-0.036294,0.018613,0.028835,0.9994,0.129037,0.22632,0.016368,0.8935,0.036372,0.214026,0.06181,0.7668,0.295574,0.265996,0.121156,0.8964,0.183373,0.354548,0.16047,0.8355,0.313266,0.282399,0.133073,0.8604,0.185271,0.393124,0.176595,0.7723,0.323351,0.331023,0.071631,0.8817,0.173993,0.459677,0.129613,0.8189
44,1466,0.499689,0.53851,-3e-06,-0.302454,-0.063459,-0.309733,0.9837,-0.328837,-0.07034,-0.32507,0.9809,-0.328793,-0.07058,-0.324334,0.9811,-0.329123,-0.070921,-0.323869,0.981,-0.326724,-0.071493,-0.308278,0.9809,-0.326702,-0.071897,-0.309228,0.981,-0.327911,-0.072533,-0.308265,0.9808,-0.29903,-0.101909,-0.331347,0.981,-0.30574,-0.110673,-0.272269,0.9779,-0.276891,-0.080286,-0.30791,0.9806,-0.275931,-0.081375,-0.289198,0.9796,-0.185386,-0.12883,-0.278543,0.9981,-0.239142,-0.088825,-0.187481,0.9966,-0.052651,-0.208331,-0.296743,0.6883,-0.126162,-0.108122,-0.186041,0.5247,-0.020958,-0.165019,-0.241579,0.6424,-0.080241,-0.111957,-0.193121,0.5276,-0.10132,-0.089962,-0.191863,0.6222,-0.149741,-0.100869,-0.086846,0.5051,-0.110015,-0.091623,-0.193006,0.6193,-0.031757,-0.21037,-0.141662,0.5115,-0.0108,-0.16352,-0.258567,0.601,-0.044128,-0.164494,-0.185725,0.5139,0.030659,-0.019617,-0.033712,0.9996,-0.031264,0.018838,0.035278,0.9994,0.112889,0.244694,0.001069,0.9033,0.034907,0.230681,0.059975,0.7559,0.283241,0.306242,0.091015,0.9052,0.190051,0.380064,0.145498,0.8239,0.302097,0.3224,0.102145,0.8713,0.193989,0.415945,0.160798,0.7711,0.310508,0.375376,0.040195,0.8906,0.18058,0.483198,0.112349,0.8126
45,1500,0.496647,0.53666,7.9e-05,-0.314318,-0.084694,-0.219186,0.9853,-0.341811,-0.090561,-0.234382,0.9828,-0.341819,-0.090801,-0.233543,0.9829,-0.342184,-0.091042,-0.233182,0.9829,-0.334447,-0.092674,-0.22041,0.9828,-0.334516,-0.093079,-0.221303,0.9829,-0.33568,-0.093632,-0.220493,0.9827,-0.32758,-0.112642,-0.249102,0.9828,-0.305859,-0.125164,-0.201091,0.9801,-0.293383,-0.097284,-0.221956,0.9825,-0.284671,-0.09931,-0.206756,0.9816,-0.209174,-0.125077,-0.222811,0.9983,-0.229419,-0.092581,-0.126441,0.9969,-0.087518,-0.18996,-0.271484,0.6661,-0.126162,-0.108122,-0.186041,0.4897,-0.066684,-0.147446,-0.228564,0.5971,-0.087285,-0.08353,-0.167466,0.5019,-0.139835,-0.077446,-0.174964,0.5796,-0.149741,-0.100869,-0.086846,0.489,-0.148476,-0.079637,-0.182845,0.5744,-0.031757,-0.21037,-0.141662,0.4968,-0.054827,-0.146957,-0.245291,0.5631,-0.044128,-0.164494,-0.185725,0.4953,0.021717,-0.019446,-0.038486,0.9996,-0.022309,0.018825,0.040021,0.9995,0.067518,0.236842,-0.010278,0.9043,0.033311,0.240435,0.058703,0.7738,0.21235,0.317455,0.06467,0.9076,0.184759,0.397789,0.125976,0.8299,0.230842,0.332133,0.074664,0.875,0.189799,0.432055,0.139803,0.7865,0.225136,0.3796,0.017379,0.8927,0.175211,0.497736,0.092946,0.8219
46,1533,0.497777,0.542819,-0.000201,-0.308489,-0.111982,-0.129368,0.9785,-0.334829,-0.117709,-0.144341,0.9782,-0.334835,-0.117952,-0.143469,0.9778,-0.335223,-0.118146,-0.14307,0.9786,-0.324635,-0.121497,-0.133832,0.9792,-0.324739,-0.121875,-0.134784,0.9785,-0.325888,-0.122344,-0.134112,0.978,-0.332982,-0.128497,-0.167499,0.981,-0.296546,-0.147466,-0.135032,0.9778,-0.293829,-0.1189,-0.135266,0.9813,-0.280907,-0.122642,-0.12511,0.9789,-0.229218,-0.11871,-0.162348,0.9984,-0.22266,-0.113845,-0.078973,0.9971,-0.115591,-0.173224,-0.241085,0.6459,-0.126162,-0.108122,-0.186041,0.4732,-0.091517,-0.135629,-0.21209,0.5531,-0.087285,-0.08353,-0.167466,0.484,-0.158289,-0.070034,-0.162032,0.5358,-0.149741,-0.100869,-0.086846,0.4709,-0.167198,-0.071958,-0.168805,0.5312,-0.031757,-0.21037,-0.141662,0.4817,-0.078914,-0.135858,-0.228263,0.5224,-0.044128,-0.164494,-0.185725,0.4772,0.014034,-0.013137,-0.035812,0.9996,-0.014653,0.012551,0.037404,0.9995,0.049118,0.251309,-0.002077,0.908,0.033622,0.246929,0.060768,0.7772,0.190198,0.346968,0.047914,0.9027,0.175459,0.411992,0.108484,0.8354,0.209001,0.362219,0.057725,0.878,0.180388,0.446536,0.120675,0.803,0.201887,0.415671,0.005356,0.884,0.171332,0.515998,0.079498,0.8294
47,1566,0.470179,0.536722,-0.000149,-0.284854,-0.131155,-0.053286,0.9383,-0.30931,-0.137904,-0.065826,0.9421,-0.309469,-0.138021,-0.065409,0.9365,-0.309747,-0.138266,-0.064549,0.9419,-0.298455,-0.142332,-0.058187,0.9457,-0.298639,-0.142659,-0.059333,0.9431,-0.299707,-0.143158,-0.058398,0.9464,-0.315086,-0.144432,-0.090838,0.9571,-0.27618,-0.165383,-0.071407,0.9575,-0.274659,-0.13569,-0.058729,0.9674,-0.261348,-0.139805,-0.053264,0.9584,-0.235797,-0.115335,-0.098255,0.9985,-0.209743,-0.131986,-0.034361,0.9972,-0.126117,-0.159907,-0.205426,0.6081,-0.126162,-0.108122,-0.186041,0.4679,-0.097812,-0.121173,-0.188661,0.5125,-0.087285,-0.08353,-0.167466,0.4673,-0.158289,-0.070034,-0.162032,0.4976,-0.149741,-0.100869,-0.086846,0.4529,-0.167198,-0.071958,-0.168805,0.4933,-0.031757,-0.21037,-0.141662,0.4643,-0.078914,-0.135858,-0.228263,0.4843,-0.044128,-0.164494,-0.185725,0.4579,0.008727,-0.008362,-0.030455,0.9997,-0.00938,0.007796,0.032079,0.9995,0.039685,0.268727,0.003638,0.9105,0.038156,0.2556,0.056278,0.7925,0.180698,0.379716,0.04289,0.8712,0.170489,0.431268,0.096752,0.8283,0.199677,0.396332,0.051892,0.8599,0.175267,0.46658,0.108191,0.8159,0.192617,0.451737,0.004737,0.8449,0.168077,0.535458,0.070941,0.8209
48,1600,0.449759,0.517706,-0.000286,-0.253696,-0.149347,0.001218,0.9374,-0.277227,-0.157567,-0.007815,0.9426,-0.277557,-0.15756,-0.007738,0.9367,-0.277675,-0.157904,-0.006597,0.9422,-0.266761,-0.162479,-0.004417,0.9474,-0.266943,-0.16285,-0.005735,0.945,-0.267961,-0.163395,-0.004656,0.9476,-0.291736,-0.159997,-0.026813,0.9585,-0.254818,-0.182063,-0.027213,0.9596,-0.247723,-0.151395,-0.001654,0.9647,-0.23537,-0.155616,-0.002532,0.9553,-0.230205,-0.113152,-0.039987,0.9985,-0.199646,-0.148255,-0.00684,0.9974,-0.130606,-0.136258,-0.170279,0.6414,-0.126162,-0.108122,-0.186041,0.4857,-0.104718,-0.084719,-0.164441,0.5551,-0.087285,-0.08353,-0.167466,0.4909,-0.162534,-0.012263,-0.127463,0.5391,-0.149741,-0.100869,-0.086846,0.4757,-0.172525,-0.014913,-0.132943,0.535,-0.031757,-0.21037,-0.141662,0.4862,-0.09198,-0.077415,-0.186831,0.5232,-0.044128,-0.164494,-0.185725,0.4753,0.004737,-0.004111,-0.021067,0.9997,-0.00535,0.003525,0.022708,0.9996,0.039252,0.286258,0.007256,0.9092,0.045305,0.262329,0.04443,0.8101,0.174597,0.415813,0.040579,0.857,0.165908,0.452981,0.074442,0.8371,0.193461,0.434168,0.048234,0.8492,0.17006,0.489824,0.08438,0.8319,0.187043,0.491826,0.003066,0.8323,0.165466,0.558643,0.046477,0.8307
49,1633,0.430237,0.515413,-5.8e-05,-0.223894,-0.176393,0.039875,0.941,-0.245073,-0.187284,0.034172,0.9464,-0.245599,-0.187152,0.034081,0.9407,-0.245561,-0.187645,0.035409,0.9465,-0.235643,-0.191865,0.033725,0.9509,-0.23589,-0.192185,0.032374,0.9483,-0.236845,-0.192836,0.033473,0.951,-0.266086,-0.189612,0.022575,0.9609,-0.235494,-0.208655,0.00381,0.9621,-0.222155,-0.177314,0.040185,0.9658,-0.211972,-0.180368,0.033725,0.9557,-0.218503,-0.127208,0.014022,0.9985,-0.19135,-0.170679,0.011005,0.9976,-0.126427,-0.130062,-0.136895,0.5783,-0.104962,-0.135288,-0.161169,0.5306,-0.094647,-0.082619,-0.144014,0.5023,-0.053784,-0.107249,-0.168076,0.5333,-0.162534,-0.012263,-0.127463,0.4903,-0.095551,-0.125336,-0.104011,0.5199,-0.172525,-0.014913,-0.132943,0.4863,0.004093,-0.220807,-0.144942,0.5295,-0.09198,-0.077415,-0.186831,0.4762,-0.012457,-0.178023,-0.181294,0.5166,0.003687,-0.000526,-0.008865,0.9996,-0.004315,-7.5e-05,0.010569,0.9995,0.041182,0.299738,0.013258,0.8765,0.050437,0.270436,0.030395,0.8249,0.167369,0.447929,0.03943,0.8104,0.159547,0.474985,0.047411,0.8483,0.184787,0.469241,0.045531,0.8189,0.162461,0.513112,0.056094,0.8465,0.182248,0.529354,0.001458,0.7897,0.161612,0.581768,0.016838,0.8415
50,1666,0.424709,0.505849,7e-05,-0.193945,-0.203703,0.070488,0.9468,-0.212284,-0.217393,0.068283,0.9517,-0.21296,-0.217167,0.068127,0.9465,-0.212777,-0.217817,0.069576,0.9518,-0.20519,-0.221487,0.065253,0.9557,-0.205465,-0.221815,0.063926,0.9534,-0.206363,-0.222554,0.065029,0.9559,-0.236854,-0.220829,0.068978,0.9646,-0.216968,-0.23676,0.036735,0.9659,-0.194705,-0.203945,0.075144,0.9691,-0.188072,-0.205866,0.064608,0.96,-0.193214,-0.150156,0.066468,0.9985,-0.186167,-0.190512,0.030059,0.9979,-0.113691,-0.134586,-0.106112,0.524,-0.099195,-0.142525,-0.151505,0.574,-0.094647,-0.082619,-0.144014,0.4672,-0.041671,-0.116066,-0.165826,0.5777,-0.162534,-0.012263,-0.127463,0.4637,-0.077148,-0.132292,-0.105841,0.5643,-0.172525,-0.014913,-0.132943,0.4599,0.016529,-0.223923,-0.143354,0.5729,-0.09198,-0.077415,-0.186831,0.4505,-0.002154,-0.182713,-0.178694,0.5586,0.010917,0.00231,0.000321,0.9997,-0.011536,-0.002931,0.001427,0.9995,0.044746,0.311144,0.011795,0.8838,0.043475,0.277599,0.012465,0.8417,0.160843,0.477389,0.028281,0.8252,0.137819,0.495129,0.015265,0.8626,0.176915,0.501304,0.032115,0.8287,0.139617,0.534232,0.021934,0.8592,0.178504,0.563124,-0.01778,0.8077,0.142337,0.602913,-0.023904,0.8567
51,1700,0.421109,0.494033,2e-05,-0.154956,-0.233774,0.093816,0.9521,-0.168448,-0.250173,0.0928,0.9565,-0.169251,-0.249883,0.092671,0.9518,-0.168916,-0.250703,0.094129,0.9566,-0.164935,-0.255297,0.088069,0.9602,-0.165241,-0.25562,0.086786,0.9581,-0.165997,-0.256466,0.087858,0.9603,-0.194137,-0.254505,0.109015,0.9681,-0.189185,-0.274201,0.065975,0.9693,-0.157911,-0.232838,0.099659,0.9721,-0.156151,-0.23558,0.086795,0.964,-0.15446,-0.169872,0.107616,0.9984,-0.180633,-0.219086,0.051258,0.9981,-0.093102,-0.136527,-0.081536,0.5455,-0.102073,-0.153941,-0.140374,0.6128,-0.061719,-0.101888,-0.118384,0.5137,-0.034392,-0.129542,-0.162179,0.6154,-0.111242,-0.046675,-0.104151,0.5081,-0.062024,-0.142899,-0.107467,0.5973,-0.121439,-0.053139,-0.104807,0.5037,0.026809,-0.229651,-0.140736,0.6036,-0.09198,-0.077415,-0.186831,0.4925,0.004069,-0.190996,-0.173994,0.5844,0.018453,0.004851,0.00841,0.9993,-0.019053,-0.005482,-0.006628,0.9995,0.040103,0.323471,0.01221,0.8679,0.038671,0.284124,-0.009738,0.8535,0.130476,0.50344,0.01833,0.8233,0.118731,0.518956,-0.025241,0.8721,0.144503,0.529237,0.020386,0.8228,0.116578,0.559084,-0.02078,0.8634,0.152627,0.591179,-0.0328,0.8146,0.141565,0.623053,-0.074516,0.8635
52,1733,0.413351,0.495706,-8.3e-05,-0.112298,-0.267987,0.05856,0.9561,-0.121654,-0.287139,0.059805,0.9594,-0.122554,-0.286753,0.059908,0.955,-0.122062,-0.287734,0.061053,0.9597,-0.121302,-0.293043,0.05392,0.9629,-0.121598,-0.293345,0.052777,0.9609,-0.122229,-0.294314,0.053679,0.9631,-0.146249,-0.29233,0.089649,0.9684,-0.155007,-0.315368,0.041531,0.9702,-0.116457,-0.265972,0.068685,0.9731,-0.119161,-0.269581,0.055036,0.9663,-0.109556,-0.200865,0.096162,0.9976,-0.169523,-0.253946,0.034989,0.9979,-0.069396,-0.148832,-0.083654,0.5776,-0.104508,-0.171625,-0.146542,0.6437,-0.045097,-0.121567,-0.129303,0.542,-0.028861,-0.148187,-0.176458,0.6311,-0.093273,-0.0691,-0.117197,0.5233,-0.049973,-0.159175,-0.127784,0.5986,-0.103453,-0.076796,-0.116999,0.5189,0.033798,-0.240714,-0.157247,0.6029,-0.04704,-0.131653,-0.201961,0.5047,0.008277,-0.203949,-0.185868,0.5787,0.026522,0.006326,0.014773,0.9987,-0.027074,-0.006967,-0.012927,0.999,0.028884,0.332157,0.012131,0.8665,0.031404,0.291792,-0.023511,0.857,0.091536,0.52336,0.018259,0.8351,0.104907,0.540017,-0.025229,0.8803,0.10281,0.550563,0.020015,0.8322,0.102906,0.580381,-0.021057,0.8633,0.114323,0.614883,-0.039801,0.8283,0.131755,0.646528,-0.084527,0.8708
53,1766,0.39641,0.494379,-0.000208,-0.069449,-0.301049,0.082843,0.9596,-0.078527,-0.321811,0.079934,0.9624,-0.079497,-0.321318,0.080135,0.9586,-0.078895,-0.322447,0.081214,0.9627,-0.074011,-0.325737,0.074913,0.9656,-0.074279,-0.326029,0.073812,0.9637,-0.074793,-0.327107,0.074742,0.9657,-0.110662,-0.324551,0.085884,0.97,-0.102014,-0.340946,0.046103,0.9713,-0.077655,-0.296931,0.088124,0.9743,-0.075811,-0.298531,0.074986,0.9679,-0.090767,-0.231025,0.093595,0.9978,-0.115753,-0.272451,0.033148,0.9978,-0.073202,-0.166501,-0.065783,0.6105,-0.073675,-0.181229,-0.121741,0.661,-0.045097,-0.121567,-0.129303,0.4987,-0.012592,-0.161264,-0.136898,0.5723,-0.093273,-0.0691,-0.117197,0.4789,-0.033159,-0.17095,-0.091991,0.5429,-0.103453,-0.076796,-0.116999,0.4752,0.043458,-0.248915,-0.117832,0.5468,-0.04704,-0.131653,-0.201961,0.4625,0.020199,-0.213094,-0.148431,0.5255,0.020082,0.006438,0.017617,0.9988,-0.020609,-0.007104,-0.015742,0.9991,0.007382,0.336921,0.017875,0.877,0.020024,0.29793,-0.016498,0.8701,0.064012,0.53696,0.017867,0.849,0.072576,0.553975,-0.026185,0.8915,0.074358,0.565432,0.019398,0.8477,0.068954,0.594484,-0.022772,0.8763,0.083536,0.631605,-0.039646,0.8347,0.093541,0.661525,-0.083481,0.8793
54,1800,0.393216,0.489674,-0.000259,-0.030522,-0.334076,0.117492,0.9632,-0.039635,-0.356272,0.110347,0.9658,-0.040582,-0.355703,0.110523,0.9624,-0.039899,-0.356895,0.111491,0.966,-0.03099,-0.358188,0.107508,0.9686,-0.03128,-0.358439,0.106364,0.9669,-0.031642,-0.359596,0.107232,0.9686,-0.077107,-0.351698,0.09296,0.9726,-0.050314,-0.362084,0.065395,0.9736,-0.041627,-0.325957,0.116711,0.9764,-0.03489,-0.325459,0.105825,0.9706,-0.070357,-0.252692,0.092951,0.9978,-0.065129,-0.285804,0.048456,0.9978,-0.070007,-0.179592,-0.067284,0.5714,-0.050519,-0.194445,-0.105151,0.6016,-0.045097,-0.121567,-0.129303,0.4718,-0.002229,-0.178715,-0.122699,0.5305,-0.093273,-0.0691,-0.117197,0.4625,-0.021938,-0.187616,-0.080672,0.5135,-0.103453,-0.076796,-0.116999,0.4608,0.049209,-0.261355,-0.107688,0.5179,-0.04704,-0.131653,-0.201961,0.4455,0.020199,-0.213094,-0.148431,0.4979,0.013292,0.005835,0.014861,0.9989,-0.013711,-0.006464,-0.013025,0.9991,-0.012903,0.334682,0.014077,0.8776,0.008985,0.303051,-0.004612,0.8356,0.034594,0.542521,-0.01829,0.8606,0.042363,0.561992,-0.033474,0.8834,0.043696,0.572025,-0.021331,0.8611,0.037011,0.601927,-0.033479,0.8793,0.051652,0.634155,-0.081123,0.8483,0.055961,0.667817,-0.094705,0.8789
55,1833,0.396322,0.484531,-0.000204,0.002599,-0.365094,0.138446,0.9668,-0.005843,-0.388238,0.128702,0.9691,-0.006721,-0.387626,0.128887,0.966,-0.006009,-0.388851,0.129745,0.9693,0.005912,-0.387874,0.127176,0.9716,0.005643,-0.388097,0.12606,0.97,0.005412,-0.389318,0.126871,0.9716,-0.047393,-0.378228,0.097278,0.9751,-0.006769,-0.381094,0.078365,0.9761,-0.010877,-0.353984,0.133935,0.9785,-0.000407,-0.351036,0.124607,0.9733,-0.050288,-0.271701,0.09064,0.9976,-0.021735,-0.299531,0.059924,0.9979,-0.062573,-0.189171,-0.068697,0.5283,-0.031912,-0.209106,-0.089199,0.5483,-0.045097,-0.121567,-0.129303,0.449,-0.002229,-0.178715,-0.122699,0.4947,-0.093273,-0.0691,-0.117197,0.451,-0.021938,-0.187616,-0.080672,0.492,-0.103453,-0.076796,-0.116999,0.4496,0.049209,-0.261355,-0.107688,0.4975,-0.04704,-0.131653,-0.201961,0.4291,0.020199,-0.213094,-0.148431,0.4781,0.007265,0.004618,0.011779,0.999,-0.007572,-0.005196,-0.00996,0.9992,-0.034381,0.332767,0.011436,0.8833,-0.000782,0.307128,0.001714,0.8349,-0.001589,0.547152,-0.041845,0.8723,0.009637,0.567907,-0.051927,0.8912,0.005445,0.577654,-0.048097,0.8736,0.001957,0.606921,-0.05478,0.8868,0.008958,0.63744,-0.106533,0.8597,0.011801,0.67085,-0.116768,0.8862
56,1866,0.401684,0.479239,-7.4e-05,0.028729,-0.395022,0.155163,0.97,0.022339,-0.41837,0.140348,0.9721,0.021545,-0.417727,0.14057,0.9693,0.022222,-0.418959,0.141244,0.9723,0.03556,-0.41678,0.142741,0.9743,0.035332,-0.417001,0.141687,0.973,0.035184,-0.418273,0.142455,0.9743,-0.015574,-0.402883,0.095518,0.9775,0.031998,-0.40188,0.088672,0.9784,0.015555,-0.380878,0.144327,0.9805,0.027811,-0.376844,0.138739,0.9759,-0.025415,-0.290704,0.078161,0.9977,0.016713,-0.313687,0.072911,0.9979,-0.056763,-0.200609,-0.07606,0.5186,-0.01685,-0.224429,-0.066114,0.5073,-0.045097,-0.121567,-0.129303,0.4462,-0.002229,-0.178715,-0.122699,0.4714,-0.093273,-0.0691,-0.117197,0.4577,-0.021938,-0.187616,-0.080672,0.4768,-0.103453,-0.076796,-0.116999,0.4563,0.049209,-0.261355,-0.107688,0.4831,-0.04704,-0.131653,-0.201961,0.4286,0.020199,-0.213094,-0.148431,0.4654,0.002873,0.002982,0.004248,0.9991,-0.003112,-0.003522,-0.002474,0.9993,-0.061978,0.324312,0.004328,0.8939,-0.015923,0.31174,0.007401,0.8461,-0.05242,0.543783,-0.056255,0.8844,-0.028401,0.579279,-0.055787,0.8996,-0.048648,0.574908,-0.064169,0.8849,-0.03824,0.617815,-0.059838,0.8934,-0.053244,0.628967,-0.122042,0.8712,-0.037224,0.673812,-0.121268,0.8912
57,1900,0.404374,0.471,3.6e-05,0.048192,-0.41669,0.163115,0.9729,0.043213,-0.440413,0.144612,0.9748,0.042518,-0.43979,0.144887,0.9723,0.043131,-0.441037,0.145452,0.975,0.056952,-0.438303,0.152779,0.9767,0.05682,-0.438535,0.151807,0.9754,0.056703,-0.439883,0.152605,0.9767,0.013202,-0.420946,0.092705,0.9797,0.063446,-0.419498,0.098969,0.9802,0.03777,-0.400035,0.147847,0.982,0.050623,-0.396023,0.149472,0.9778,-0.002552,-0.305845,0.067219,0.9979,0.053904,-0.325058,0.090923,0.9976,-0.05642,-0.209368,-0.072534,0.551,-0.01685,-0.224429,-0.066114,0.4607,-0.045097,-0.121567,-0.129303,0.4172,-0.002229,-0.178715,-0.122699,0.425,-0.093273,-0.0691,-0.117197,0.4262,-0.021938,-0.187616,-0.080672,0.43,-0.103453,-0.076796,-0.116999,0.4252,0.049209,-0.261355,-0.107688,0.4356,-0.04704,-0.131653,-0.201961,0.3984,0.020199,-0.213094,-0.148431,0.4199,7.2e-05,0.001468,-0.004014,0.9992,-0.000237,-0.001987,0.005748,0.9993,-0.083569,0.315576,-0.01198,0.9008,-0.036225,0.315481,0.011553,0.8357,-0.099114,0.5409,-0.07595,0.8932,-0.074389,0.58893,-0.053781,0.8996,-0.098833,0.572585,-0.084326,0.8885,-0.086835,0.62724,-0.058282,0.8913,-0.116497,0.620593,-0.141756,0.8808,-0.099056,0.673912,-0.117731,0.891
58,1933,0.403267,0.465745,2e-06,0.066771,-0.43807,0.167198,0.9755,0.063722,-0.461853,0.146089,0.9772,0.063147,-0.461262,0.146405,0.975,0.063689,-0.462517,0.146886,0.9774,0.077828,-0.459496,0.159314,0.9789,0.077823,-0.459738,0.158435,0.9777,0.077751,-0.461173,0.159303,0.9789,0.041576,-0.437657,0.089561,0.9816,0.094614,-0.437269,0.10888,0.9819,0.058998,-0.418545,0.148989,0.9834,0.072475,-0.415047,0.15778,0.9796,0.020273,-0.319845,0.056873,0.9981,0.08808,-0.334252,0.108899,0.9976,-0.055872,-0.217609,-0.064652,0.5745,-0.01685,-0.224429,-0.066114,0.4224,-0.045097,-0.121567,-0.129303,0.3894,-0.002229,-0.178715,-0.122699,0.3838,-0.093273,-0.0691,-0.117197,0.3967,-0.021938,-0.187616,-0.080672,0.3885,-0.103453,-0.076796,-0.116999,0.3962,0.049209,-0.261355,-0.107688,0.3936,-0.04704,-0.131653,-0.201961,0.3702,0.020199,-0.213094,-0.148431,0.3798,-0.000801,0.00024,-0.013581,0.9992,0.000709,-0.000743,0.015304,0.9993,-0.102749,0.309284,-0.031716,0.9096,-0.064042,0.312403,0.015354,0.831,-0.137536,0.546233,-0.097923,0.9028,-0.138065,0.585458,-0.052282,0.9036,-0.139804,0.57933,-0.10636,0.8937,-0.153726,0.623137,-0.057298,0.8917,-0.171418,0.622353,-0.163168,0.8912,-0.181688,0.658699,-0.115357,0.8959
59,1966,0.401529,0.463331,3.3e-05,0.089704,-0.453475,0.172473,0.9778,0.087558,-0.477853,0.148426,0.9794,0.087051,-0.477286,0.148789,0.9774,0.087544,-0.478538,0.149217,0.9796,0.102943,-0.474617,0.164799,0.981,0.103045,-0.474883,0.16397,0.9799,0.10301,-0.476355,0.164871,0.981,0.066694,-0.451289,0.08805,0.9834,0.126838,-0.449439,0.116816,0.9836,0.08198,-0.43205,0.151531,0.9849,0.097427,-0.428288,0.164377,0.9815,0.038583,-0.33165,0.049791,0.9983,0.120224,-0.336255,0.120818,0.9976,-0.055312,-0.225364,-0.053584,0.5904,-0.01685,-0.224429,-0.066114,0.3979,-0.045097,-0.121567,-0.129303,0.3593,-0.002229,-0.178715,-0.122699,0.3461,-0.093273,-0.0691,-0.117197,0.3652,-0.021938,-0.187616,-0.080672,0.3505,-0.103453,-0.076796,-0.116999,0.3649,0.049209,-0.261355,-0.107688,0.355,-0.04704,-0.131653,-0.201961,0.3408,0.020199,-0.213094,-0.148431,0.3427,-0.00149,-0.0008,-0.021096,0.9993,0.001462,0.000304,0.022801,0.9993,-0.121368,0.303102,-0.047532,0.9177,-0.089577,0.308255,0.018227,0.841,-0.176448,0.550504,-0.115119,0.9116,-0.195635,0.578946,-0.05015,0.9107,-0.181554,0.585013,-0.123505,0.8988,-0.214229,0.616124,-0.055525,0.8973,-0.225173,0.622021,-0.180713,0.9002,-0.25346,0.642977,-0.11208,0.9014
60,2000,0.397669,0.462841,1e-06,0.115131,-0.465786,0.176682,0.9797,0.112665,-0.491333,0.150199,0.9811,0.112219,-0.490797,0.150615,0.9792,0.112675,-0.492033,0.150999,0.9813,0.129942,-0.486635,0.167896,0.9826,0.130151,-0.48692,0.167086,0.9816,0.130163,-0.488417,0.168034,0.9827,0.08869,-0.465161,0.084223,0.9845,0.158114,-0.458466,0.11562,0.9847,0.105855,-0.443398,0.153595,0.9857,0.123949,-0.438534,0.168638,0.9827,0.053544,-0.346006,0.043089,0.9984,0.153091,-0.335495,0.120866,0.9975,-0.054059,-0.233384,-0.041558,0.6092,-0.01685,-0.224429,-0.066114,0.4309,-0.045097,-0.121567,-0.129303,0.3278,-0.002229,-0.178715,-0.122699,0.3157,-0.093273,-0.0691,-0.117197,0.3322,-0.021938,-0.187616,-0.080672,0.3187,-0.103453,-0.076796,-0.116999,0.3321,0.049209,-0.261355,-0.107688,0.3226,-0.04704,-0.131653,-0.201961,0.3103,0.020199,-0.213094,-0.148431,0.3116,-0.002894,-0.001716,-0.026694,0.9993,0.002889,0.001209,0.028391,0.9992,-0.138829,0.29822,-0.057505,0.9253,-0.109555,0.302543,0.02152,0.849,-0.207625,0.559854,-0.119859,0.9196,-0.245783,0.566665,-0.04015,0.9159,-0.214822,0.595402,-0.127533,0.9058,-0.267585,0.602898,-0.045042,0.9008,-0.266816,0.627009,-0.183242,0.9065,-0.314451,0.621173,-0.099151,0.9018
61,2033,0.390805,0.460816,-9.9e-05,0.143989,-0.475688,0.180036,0.9814,0.140967,-0.502535,0.151344,0.9825,0.140566,-0.502026,0.151827,0.9807,0.141008,-0.503235,0.152173,0.9825,0.1604,-0.496047,0.168807,0.984,0.160694,-0.49634,0.168007,0.9832,0.160749,-0.497851,0.168998,0.9842,0.109949,-0.478012,0.079907,0.9851,0.189075,-0.465319,0.109195,0.9858,0.131294,-0.453002,0.155147,0.9864,0.152131,-0.446431,0.170294,0.9836,0.064863,-0.359781,0.038713,0.9984,0.184838,-0.33308,0.111856,0.9974,-0.0494,-0.241399,-0.028374,0.6187,-0.01685,-0.224429,-0.066114,0.4803,-0.045097,-0.121567,-0.129303,0.2978,-0.002229,-0.178715,-0.122699,0.294,-0.093273,-0.0691,-0.117197,0.301,-0.021938,-0.187616,-0.080672,0.2936,-0.103453,-0.076796,-0.116999,0.3009,0.049209,-0.261355,-0.107688,0.2967,-0.04704,-0.131653,-0.201961,0.2813,0.020199,-0.213094,-0.148431,0.2865,-0.005629,-0.002494,-0.029206,0.9993,0.005622,0.001964,0.030885,0.9991,-0.156552,0.295042,-0.049716,0.9314,-0.124033,0.296488,0.028581,0.858,-0.236754,0.56668,-0.107112,0.9266,-0.281935,0.550166,-0.025875,0.9225,-0.24565,0.602856,-0.114657,0.9126,-0.306108,0.585143,-0.030289,0.9068,-0.301711,0.631688,-0.167768,0.9124,-0.357328,0.600101,-0.081729,0.9068
62,2066,0.38728,0.458947,-0.000157,0.174385,-0.485204,0.183455,0.983,0.170599,-0.513058,0.152404,0.9839,0.170259,-0.512587,0.152974,0.9823,0.17067,-0.513755,0.153268,0.9839,0.192206,-0.505179,0.168968,0.9854,0.192587,-0.505492,0.16818,0.9847,0.192681,-0.507004,0.169204,0.9856,0.132177,-0.491211,0.074799,0.9861,0.220835,-0.471604,0.100963,0.9869,0.158236,-0.462087,0.156743,0.987,0.181805,-0.454563,0.171076,0.9845,0.076727,-0.373836,0.034956,0.9985,0.218961,-0.329294,0.100568,0.9974,-0.041352,-0.250564,-0.01169,0.6206,0.090094,-0.201915,-0.012649,0.5226,-0.045097,-0.121567,-0.129303,0.2719,-0.002229,-0.178715,-0.122699,0.2813,-0.093273,-0.0691,-0.117197,0.274,-0.021938,-0.187616,-0.080672,0.2771,-0.103453,-0.076796,-0.116999,0.274,0.049209,-0.261355,-0.107688,0.2792,-0.04704,-0.131653,-0.201961,0.2565,0.020199,-0.213094,-0.148431,0.2687,-0.010034,-0.003822,-0.029586,0.9994,0.010013,0.003245,0.031234,0.9992,-0.17692,0.291969,-0.036134,0.9351,-0.138942,0.290538,0.040447,0.8587,-0.265618,0.570741,-0.093387,0.9326,-0.318071,0.53166,-0.0086,0.9278,-0.275627,0.607504,-0.101221,0.9196,-0.344667,0.564936,-0.012829,0.9118,-0.333222,0.636502,-0.149813,0.9179,-0.400741,0.578751,-0.06025,0.9108
63,2100,0.384942,0.457869,-0.000156,0.19727,-0.491883,0.187493,0.984,0.193292,-0.520447,0.154886,0.9847,0.192998,-0.520009,0.155536,0.983,0.193374,-0.521137,0.155763,0.9845,0.216289,-0.511843,0.170424,0.9862,0.216738,-0.512183,0.169647,0.9857,0.216856,-0.513686,0.170677,0.9866,0.149582,-0.500611,0.072134,0.9863,0.244503,-0.474187,0.096815,0.9876,0.17848,-0.468494,0.159405,0.9868,0.203851,-0.460252,0.172546,0.9845,0.088242,-0.383611,0.03434,0.9982,0.244329,-0.325494,0.094449,0.9969,-0.02783,-0.256876,0.002061,0.5861,0.11551,-0.197763,-0.00051,0.5422,-0.045097,-0.121567,-0.129303,0.2469,-0.002229,-0.178715,-0.122699,0.2622,-0.093273,-0.0691,-0.117197,0.2487,-0.021938,-0.187616,-0.080672,0.2582,-0.103453,-0.076796,-0.116999,0.2488,0.049209,-0.261355,-0.107688,0.2597,-0.04704,-0.131653,-0.201961,0.2331,0.020199,-0.213094,-0.148431,0.2501,-0.013795,-0.005338,-0.029621,0.9994,0.013764,0.004723,0.031246,0.9991,-0.19323,0.287809,-0.027153,0.9363,-0.15009,0.285756,0.048975,0.8539,-0.288832,0.568878,-0.087637,0.9366,-0.342802,0.515996,0.000832,0.9309,-0.299876,0.605881,-0.095729,0.9246,-0.37117,0.547816,-0.002606,0.9162,-0.35924,0.637398,-0.14269,0.9204,-0.430824,0.561006,-0.049571,0.9124
64,2133,0.384079,0.456471,-0.000124,0.2182,-0.493886,0.197912,0.9792,0.213638,-0.523863,0.164693,0.9791,0.213389,-0.523463,0.16534,0.9778,0.213729,-0.524542,0.165505,0.9784,0.237982,-0.513513,0.179091,0.9806,0.238491,-0.513863,0.178344,0.9807,0.238622,-0.515368,0.179312,0.9812,0.164906,-0.507547,0.076836,0.979,0.266047,-0.472505,0.099328,0.9838,0.197024,-0.471007,0.168833,0.9811,0.22405,-0.460708,0.180573,0.9789,0.099767,-0.391326,0.037593,0.9978,0.267187,-0.320862,0.091406,0.9942,-0.016807,-0.255772,0.009444,0.5358,0.137409,-0.194305,0.010833,0.5312,-0.045097,-0.121567,-0.129303,0.2243,-0.002229,-0.178715,-0.122699,0.2381,-0.093273,-0.0691,-0.117197,0.2267,-0.021938,-0.187616,-0.080672,0.235,-0.103453,-0.076796,-0.116999,0.2268,0.049209,-0.261355,-0.107688,0.2362,-0.04704,-0.131653,-0.201961,0.2125,0.020199,-0.213094,-0.148431,0.2279,-0.017271,-0.007167,-0.028869,0.9994,0.017264,0.00655,0.030505,0.999,-0.208793,0.283224,-0.014837,0.9321,-0.158353,0.282167,0.05687,0.8539,-0.312857,0.563319,-0.080018,0.9372,-0.360515,0.505437,0.00666,0.9297,-0.324835,0.600559,-0.089063,0.9282,-0.390213,0.536482,0.003151,0.9188,-0.380102,0.631588,-0.135092,0.9066,-0.449175,0.549513,-0.043089,0.8925
65,2166,0.386188,0.454138,-0.000156,0.2403,-0.493623,0.205417,0.9763,0.235574,-0.525111,0.172054,0.9754,0.235368,-0.524744,0.172724,0.9736,0.235664,-0.525785,0.172839,0.974,0.260497,-0.512721,0.185726,0.9772,0.261061,-0.513076,0.184996,0.9775,0.26123,-0.514587,0.185944,0.9785,0.182374,-0.513708,0.080931,0.9721,0.286989,-0.469351,0.100204,0.9809,0.216943,-0.471811,0.175978,0.9768,0.244853,-0.459139,0.186772,0.9749,0.114605,-0.398015,0.040617,0.9968,0.287858,-0.316227,0.088342,0.9915,-0.016807,-0.255772,0.009444,0.4867,0.157412,-0.191506,0.021132,0.5036,-0.045097,-0.121567,-0.129303,0.2047,-0.002229,-0.178715,-0.122699,0.2174,-0.093273,-0.0691,-0.117197,0.2082,-0.021938,-0.187616,-0.080672,0.2157,-0.103453,-0.076796,-0.116999,0.2083,0.049209,-0.261355,-0.107688,0.2163,-0.04704,-0.131653,-0.201961,0.1952,0.020199,-0.213094,-0.148431,0.2093,-0.020403,-0.009219,-0.027427,0.9994,0.020416,0.008613,0.029079,0.9989,-0.224222,0.277134,-0.004945,0.9255,-0.167622,0.28045,0.063182,0.8494,-0.34247,0.552407,-0.073282,0.9347,-0.378613,0.497431,0.010885,0.9233,-0.356035,0.58932,-0.083068,0.9285,-0.409372,0.528059,0.007199,0.915,-0.406334,0.619986,-0.12855,0.8961,-0.465709,0.539241,-0.0384,0.8709
66,2200,0.38481,0.452774,-0.000145,0.264052,-0.492708,0.203473,0.9784,0.259167,-0.525794,0.170965,0.9775,0.259021,-0.525449,0.171575,0.9759,0.25927,-0.526454,0.171669,0.9762,0.283504,-0.512209,0.18266,0.9791,0.284081,-0.512564,0.181951,0.9795,0.284306,-0.514059,0.182784,0.9803,0.203075,-0.518353,0.081386,0.9746,0.305554,-0.467501,0.094869,0.9824,0.239086,-0.471634,0.175147,0.9786,0.266333,-0.45748,0.183762,0.9769,0.134172,-0.399111,0.042055,0.9969,0.299981,-0.315139,0.079303,0.9916,-0.016807,-0.255772,0.009444,0.4459,0.157412,-0.191506,0.021132,0.4636,-0.045097,-0.121567,-0.129303,0.1924,-0.002229,-0.178715,-0.122699,0.2035,-0.093273,-0.0691,-0.117197,0.1998,-0.021938,-0.187616,-0.080672,0.2072,-0.103453,-0.076796,-0.116999,0.2,0.049209,-0.261355,-0.107688,0.2072,-0.04704,-0.131653,-0.201961,0.1868,0.020199,-0.213094,-0.148431,0.1992,-0.022831,-0.010716,-0.023972,0.9994,0.022839,0.010149,0.025623,0.9989,-0.238532,0.272505,0.008617,0.9296,-0.175212,0.279254,0.070602,0.8597,-0.371574,0.540954,-0.055976,0.9392,-0.394389,0.492364,0.024132,0.9284,-0.386307,0.577549,-0.06553,0.9337,-0.425732,0.522682,0.020699,0.9195,-0.430298,0.609504,-0.109935,0.8944,-0.477778,0.534833,-0.024951,0.8668
67,2233,0.3852,0.449236,-3.3e-05,0.291192,-0.487236,0.20223,0.9798,0.285966,-0.522042,0.170712,0.9791,0.285847,-0.521717,0.171225,0.9777,0.286048,-0.522687,0.171311,0.9778,0.309826,-0.50756,0.180336,0.9806,0.310417,-0.507909,0.179639,0.9809,0.310692,-0.509366,0.180404,0.9816,0.225749,-0.51894,0.083448,0.9765,0.326378,-0.463363,0.090435,0.9837,0.264005,-0.46745,0.175475,0.9802,0.290745,-0.452053,0.181393,0.9787,0.152172,-0.398656,0.047172,0.9969,0.312295,-0.312971,0.067871,0.9919,-0.016807,-0.255772,0.009444,0.4057,0.157412,-0.191506,0.021132,0.4345,-0.045097,-0.121567,-0.129303,0.178,-0.002229,-0.178715,-0.122699,0.1875,-0.093273,-0.0691,-0.117197,0.1875,-0.021938,-0.187616,-0.080672,0.1935,-0.103453,-0.076796,-0.116999,0.1876,0.049209,-0.261355,-0.107688,0.1934,-0.04704,-0.131653,-0.201961,0.175,0.020199,-0.213094,-0.148431,0.1861,-0.025137,-0.012211,-0.017453,0.9995,0.025154,0.011683,0.019107,0.999,-0.257168,0.266959,0.017755,0.9358,-0.182282,0.278522,0.076655,0.8721,-0.406782,0.529091,-0.040067,0.9442,-0.407435,0.489211,0.043277,0.9339,-0.422811,0.565308,-0.048713,0.9396,-0.439427,0.51881,0.041292,0.9256,-0.459402,0.599428,-0.091292,0.8893,-0.4863,0.535471,-0.002487,0.8599
68,2266,0.384477,0.446828,-6.4e-05,0.319179,-0.48062,0.195637,0.9815,0.313755,-0.517149,0.166044,0.9807,0.313678,-0.516845,0.166514,0.9794,0.313856,-0.517798,0.166587,0.9796,0.336427,-0.502424,0.172569,0.9822,0.337076,-0.502753,0.171901,0.9825,0.33741,-0.504186,0.172587,0.9832,0.24936,-0.518439,0.084534,0.9784,0.345321,-0.460614,0.079968,0.985,0.289807,-0.462314,0.171194,0.9815,0.31531,-0.44641,0.173404,0.9801,0.168761,-0.397449,0.054787,0.9964,0.321054,-0.312955,0.046361,0.9924,-0.016807,-0.255772,0.009444,0.3693,0.157412,-0.191506,0.021132,0.4434,-0.045097,-0.121567,-0.129303,0.1625,-0.002229,-0.178715,-0.122699,0.1992,-0.093273,-0.0691,-0.117197,0.1719,-0.021938,-0.187616,-0.080672,0.21,-0.103453,-0.076796,-0.116999,0.1722,0.049209,-0.261355,-0.107688,0.2094,-0.04704,-0.131653,-0.201961,0.161,0.020199,-0.213094,-0.148431,0.1963,-0.026656,-0.013055,-0.007127,0.9995,0.026697,0.012561,0.008795,0.9989,-0.271966,0.261993,0.024691,0.9386,-0.187984,0.277937,0.071048,0.8826,-0.436544,0.517409,-0.029184,0.9463,-0.417457,0.486771,0.046436,0.9391,-0.454132,0.552996,-0.037591,0.9433,-0.449921,0.515731,0.045847,0.9308,-0.486325,0.591971,-0.079998,0.8851,-0.493232,0.540033,0.002247,0.8673
69,2300,0.387215,0.444929,-2.3e-05,0.347743,-0.471887,0.179818,0.9821,0.342837,-0.509601,0.153439,0.9807,0.342762,-0.509325,0.153922,0.9787,0.342953,-0.510252,0.153974,0.9799,0.363196,-0.495487,0.156431,0.9827,0.363908,-0.495788,0.155786,0.9827,0.364287,-0.497193,0.156378,0.9837,0.27486,-0.515615,0.083195,0.9766,0.361751,-0.458497,0.064827,0.9842,0.316374,-0.455369,0.159247,0.9814,0.339212,-0.440057,0.157432,0.9806,0.187933,-0.394724,0.062269,0.9949,0.328086,-0.316023,0.023672,0.9927,-0.016807,-0.255772,0.009444,0.3341,0.157412,-0.191506,0.021132,0.4413,-0.045097,-0.121567,-0.129303,0.1478,-0.002229,-0.178715,-0.122699,0.201,-0.093273,-0.0691,-0.117197,0.1573,-0.021938,-0.187616,-0.080672,0.2148,-0.103453,-0.076796,-0.116999,0.1576,0.049209,-0.261355,-0.107688,0.2129,-0.04704,-0.131653,-0.201961,0.1475,0.020199,-0.213094,-0.148431,0.1963,-0.025191,-0.012188,0.003837,0.9993,0.02525,0.011715,-0.002176,0.9986,-0.282571,0.256979,0.03382,0.9048,-0.194659,0.277414,0.063093,0.8833,-0.461634,0.503289,-0.007966,0.9356,-0.427555,0.486699,0.050094,0.9409,-0.480873,0.537997,-0.015697,0.9341,-0.460055,0.515372,0.050635,0.9286,-0.507228,0.583254,-0.060268,0.8824,-0.499089,0.547471,0.006492,0.8744
70,2333,0.390832,0.442,-1.3e-05,0.37518,-0.459691,0.154531,0.9829,0.372091,-0.498195,0.132528,0.981,0.372003,-0.497959,0.133061,0.9786,0.372248,-0.498848,0.133092,0.9803,0.388963,-0.485442,0.131654,0.9832,0.389725,-0.48572,0.131031,0.9831,0.39013,-0.487092,0.131524,0.9844,0.303067,-0.510066,0.078982,0.9734,0.375952,-0.456596,0.045663,0.9844,0.342619,-0.445763,0.13985,0.9817,0.361305,-0.432004,0.133523,0.9814,0.211136,-0.389443,0.069887,0.9941,0.329009,-0.321523,0.000594,0.9933,-0.016807,-0.255772,0.009444,0.3017,0.157412,-0.191506,0.021132,0.462,-0.045097,-0.121567,-0.129303,0.1342,-0.002229,-0.178715,-0.122699,0.2116,-0.093273,-0.0691,-0.117197,0.1438,-0.021938,-0.187616,-0.080672,0.226,-0.103453,-0.076796,-0.116999,0.1443,0.049209,-0.261355,-0.107688,0.2228,-0.04704,-0.131653,-0.201961,0.1352,0.020199,-0.213094,-0.148431,0.2017,-0.020609,-0.009317,0.014696,0.9991,0.02068,0.008843,-0.013053,0.9984,-0.291021,0.252608,0.042454,0.8663,-0.201718,0.277025,0.053431,0.886,-0.482638,0.488406,0.013123,0.9274,-0.436763,0.487724,0.054037,0.9428,-0.503451,0.522123,0.006165,0.9288,-0.469191,0.516364,0.055582,0.925,-0.524241,0.574513,-0.040283,0.8844,-0.504314,0.556829,0.010436,0.8822
71,2366,0.397432,0.440389,8e-06,0.398584,-0.44787,0.131617,0.9844,0.397494,-0.486933,0.114102,0.9825,0.397417,-0.486732,0.11468,0.9802,0.397706,-0.487581,0.114693,0.9819,0.410928,-0.475717,0.109482,0.9846,0.411744,-0.475977,0.108883,0.9845,0.412169,-0.477319,0.10928,0.9857,0.328409,-0.504802,0.075693,0.9747,0.387437,-0.456455,0.029411,0.9857,0.365273,-0.436622,0.122714,0.9832,0.379813,-0.424652,0.112042,0.983,0.231786,-0.383976,0.080198,0.9938,0.325911,-0.330658,-0.019632,0.9939,-0.016807,-0.255772,0.009444,0.2728,0.157194,-0.202861,-0.029003,0.5044,-0.045097,-0.121567,-0.129303,0.1225,-0.002229,-0.178715,-0.122699,0.2464,-0.093273,-0.0691,-0.117197,0.1324,-0.021938,-0.187616,-0.080672,0.2571,-0.103453,-0.076796,-0.116999,0.133,0.049209,-0.261355,-0.107688,0.2528,-0.04704,-0.131653,-0.201961,0.1249,0.020199,-0.213094,-0.148431,0.2244,-0.015321,-0.005653,0.025346,0.9987,0.01541,0.005174,-0.0237,0.998,-0.299444,0.246422,0.050414,0.8454,-0.208599,0.276584,0.041394,0.8932,-0.509004,0.468318,0.032706,0.9246,-0.445057,0.491373,0.051839,0.9465,-0.532188,0.500607,0.026419,0.9278,-0.476806,0.520345,0.053963,0.9268,-0.54901,0.561895,-0.022978,0.8883,-0.506629,0.570238,0.004012,0.8911
72,2400,0.398005,0.438822,-1.8e-05,0.416859,-0.43473,0.107231,0.9856,0.418267,-0.47374,0.093577,0.9837,0.4182,-0.473575,0.094206,0.9815,0.418509,-0.47439,0.094204,0.9832,0.428859,-0.464093,0.085761,0.9857,0.429715,-0.464339,0.085182,0.9856,0.430133,-0.465655,0.0855,0.9868,0.35078,-0.497909,0.070348,0.9759,0.397631,-0.456102,0.011845,0.9866,0.383171,-0.426496,0.103655,0.9845,0.394439,-0.416317,0.089227,0.9844,0.249712,-0.378067,0.087692,0.994,0.32109,-0.338639,-0.037406,0.9944,-0.016807,-0.255772,0.009444,0.2514,0.157949,-0.205549,-0.041543,0.5233,-0.045097,-0.121567,-0.129303,0.1178,-0.002229,-0.178715,-0.122699,0.2626,-0.093273,-0.0691,-0.117197,0.1292,-0.021938,-0.187616,-0.080672,0.2726,-0.103453,-0.076796,-0.116999,0.1302,0.049209,-0.261355,-0.107688,0.2668,-0.04704,-0.131653,-0.201961,0.1227,0.020199,-0.213094,-0.148431,0.2324,-0.009511,-0.001701,0.034427,0.9984,0.009608,0.001211,-0.032796,0.9977,-0.306497,0.241082,0.058861,0.8228,-0.214512,0.27626,0.029584,0.8973,-0.530169,0.447581,0.054228,0.9206,-0.452225,0.495093,0.048902,0.9497,-0.555356,0.478153,0.04895,0.926,-0.483675,0.5245,0.051416,0.9288,-0.568934,0.546862,-0.001383,0.8916,-0.505921,0.582711,-0.002924,0.8991
73,2433,0.399926,0.436597,-0.0,0.429761,-0.425018,0.080104,0.9868,0.433469,-0.463669,0.069919,0.9846,0.433418,-0.463526,0.070592,0.9824,0.433734,-0.464316,0.070564,0.9841,0.441478,-0.455829,0.059918,0.9866,0.442352,-0.45607,0.059338,0.9865,0.442755,-0.457369,0.059568,0.9877,0.368891,-0.490852,0.061902,0.9755,0.405319,-0.456704,-0.004606,0.9872,0.396392,-0.418313,0.081949,0.9857,0.40472,-0.410212,0.065094,0.9857,0.267583,-0.368153,0.091915,0.994,0.314425,-0.347375,-0.050161,0.9949,-0.016807,-0.255772,0.009444,0.2451,0.158074,-0.208965,-0.051421,0.5653,-0.045097,-0.121567,-0.129303,0.1308,-0.002229,-0.178715,-0.122699,0.3246,-0.093273,-0.0691,-0.117197,0.1396,-0.021938,-0.187616,-0.080672,0.3271,-0.103453,-0.076796,-0.116999,0.1409,0.049209,-0.261355,-0.107688,0.3197,-0.04704,-0.131653,-0.201961,0.1327,0.020199,-0.213094,-0.148431,0.2812,-0.002913,0.003069,0.040736,0.9978,0.003023,-0.003594,-0.039116,0.9973,-0.311792,0.237194,0.063729,0.8049,-0.220349,0.276017,0.020662,0.8965,-0.547405,0.428157,0.068926,0.9152,-0.45733,0.499413,0.046951,0.9497,-0.574195,0.4573,0.064621,0.9224,-0.488206,0.529445,0.049963,0.926,-0.586243,0.532506,0.012042,0.8925,-0.504915,0.593356,-0.007893,0.9035
74,2466,0.401157,0.435224,-2.2e-05,0.441317,-0.416638,0.051453,0.9872,0.447496,-0.454678,0.04481,0.984,0.447475,-0.454561,0.045543,0.9813,0.447793,-0.455332,0.045472,0.9833,0.452731,-0.448957,0.033497,0.9866,0.453624,-0.44919,0.032916,0.9865,0.454034,-0.450471,0.033083,0.9879,0.386934,-0.481676,0.05133,0.9694,0.411761,-0.457218,-0.01937,0.9867,0.40892,-0.410085,0.058318,0.9863,0.413863,-0.404605,0.040259,0.9867,0.287902,-0.352655,0.090311,0.9937,0.3082,-0.356317,-0.059703,0.9954,-0.016807,-0.255772,0.009444,0.2604,0.155297,-0.216273,-0.065392,0.6071,-0.045097,-0.121567,-0.129303,0.1624,-0.002229,-0.178715,-0.122699,0.3897,-0.093273,-0.0691,-0.117197,0.1647,-0.021938,-0.187616,-0.080672,0.3898,-0.103453,-0.076796,-0.116999,0.1659,0.049209,-0.261355,-0.107688,0.3825,-0.04704,-0.131653,-0.201961,0.155,0.020199,-0.213094,-0.148431,0.3438,0.003979,0.008883,0.045725,0.9972,-0.003846,-0.00943,-0.044122,0.9973,-0.31666,0.234088,0.067363,0.8041,-0.225711,0.274761,0.009506,0.9025,-0.561916,0.410371,0.086905,0.9172,-0.461272,0.502788,0.042377,0.9527,-0.589895,0.438386,0.08422,0.9227,-0.491502,0.533048,0.045551,0.9263,-0.601914,0.519063,0.027391,0.8973,-0.504528,0.600744,-0.019009,0.9101
75,2500,0.40187,0.434931,-2e-06,0.451045,-0.410068,0.02048,0.9879,0.459912,-0.44716,0.017578,0.9838,0.459926,-0.447063,0.018373,0.9809,0.460235,-0.447814,0.018237,0.9829,0.462314,-0.443486,0.006419,0.9868,0.463226,-0.443714,0.005828,0.9866,0.463647,-0.444981,0.005955,0.9883,0.406283,-0.469919,0.038729,0.9652,0.417671,-0.45772,-0.03085,0.9858,0.420366,-0.402697,0.032172,0.9867,0.421781,-0.399986,0.014713,0.9875,0.310301,-0.332958,0.082764,0.9925,0.302476,-0.3651,-0.066016,0.9957,-0.016807,-0.255772,0.009444,0.3085,0.151182,-0.226404,-0.077825,0.644,-0.045097,-0.121567,-0.129303,0.1997,-0.002229,-0.178715,-0.122699,0.4452,-0.093273,-0.0691,-0.117197,0.1891,-0.021938,-0.187616,-0.080672,0.4392,-0.103453,-0.076796,-0.116999,0.1895,0.049209,-0.261355,-0.107688,0.4313,-0.04704,-0.131653,-0.201961,0.1753,0.020199,-0.213094,-0.148431,0.3899,0.01104,0.01577,0.046982,0.9966,-0.010887,-0.016329,-0.045411,0.9972,-0.321135,0.230907,0.065763,0.8078,-0.231586,0.273416,0.00085,0.9068,-0.573944,0.392966,0.103299,0.9188,-0.465668,0.505435,0.040087,0.9551,-0.602589,0.420055,0.102429,0.9208,-0.495599,0.536117,0.043662,0.9236,-0.615049,0.503456,0.041654,0.9011,-0.510071,0.604928,-0.026318,0.9152
76,2533,0.400857,0.434118,-1.4e-05,0.458856,-0.404605,-0.010519,0.9887,0.47041,-0.440014,-0.010172,0.9842,0.470462,-0.439931,-0.009321,0.9814,0.470756,-0.440666,-0.00952,0.9831,0.470184,-0.438896,-0.020396,0.9872,0.471119,-0.439122,-0.021002,0.9871,0.471553,-0.440371,-0.020897,0.9887,0.424451,-0.456209,0.024043,0.9643,0.423206,-0.457615,-0.040953,0.9852,0.4302,-0.395359,0.005448,0.9872,0.428316,-0.396011,-0.010565,0.9883,0.330958,-0.312394,0.070415,0.9913,0.298364,-0.372172,-0.070422,0.9959,-0.016807,-0.255772,0.009444,0.3686,0.148907,-0.236398,-0.089155,0.6758,-0.045097,-0.121567,-0.129303,0.2557,-0.002229,-0.178715,-0.122699,0.4924,-0.093273,-0.0691,-0.117197,0.2305,-0.021938,-0.187616,-0.080672,0.478,-0.103453,-0.076796,-0.116999,0.2291,0.049209,-0.261355,-0.107688,0.4688,-0.04704,-0.131653,-0.201961,0.2101,0.020199,-0.213094,-0.148431,0.4239,0.017439,0.022539,0.045895,0.9963,-0.017265,-0.023106,-0.04435,0.9973,-0.32453,0.227768,0.062371,0.8145,-0.237385,0.272196,-0.008424,0.9115,-0.580144,0.378429,0.120861,0.9178,-0.470706,0.505656,0.038501,0.9572,-0.609225,0.405097,0.122164,0.9157,-0.500701,0.536575,0.042195,0.9208,-0.625268,0.490277,0.059284,0.9025,-0.51871,0.604131,-0.031873,0.9197
77,2566,0.400169,0.432792,7e-06,0.464644,-0.40059,-0.032856,0.9896,0.478365,-0.435016,-0.030499,0.9851,0.478449,-0.434939,-0.029623,0.9825,0.47873,-0.435661,-0.02986,0.9839,0.476068,-0.435328,-0.0387,0.9879,0.477025,-0.435557,-0.039319,0.9877,0.47747,-0.436777,-0.039224,0.9893,0.440759,-0.443288,0.011759,0.9662,0.429099,-0.456725,-0.046798,0.9848,0.437864,-0.389944,-0.014531,0.9879,0.43331,-0.393024,-0.027802,0.9891,0.349211,-0.292467,0.058301,0.9909,0.29528,-0.377031,-0.066418,0.9961,-0.016807,-0.255772,0.009444,0.4269,0.146623,-0.246511,-0.095536,0.7039,-0.045097,-0.121567,-0.129303,0.3194,0.077685,-0.217824,-0.180857,0.5335,-0.093273,-0.0691,-0.117197,0.2856,0.073693,-0.214752,-0.155701,0.5092,-0.103453,-0.076796,-0.116999,0.283,0.049209,-0.261355,-0.107688,0.4987,-0.04704,-0.131653,-0.201961,0.2571,0.020199,-0.213094,-0.148431,0.4508,0.022763,0.028706,0.042729,0.9964,-0.022568,-0.029275,-0.041223,0.9975,-0.323623,0.224981,0.048245,0.8257,-0.242903,0.269421,-0.015138,0.9148,-0.579754,0.366121,0.122929,0.9178,-0.476145,0.504489,0.038193,0.9577,-0.609232,0.392211,0.126379,0.9122,-0.506311,0.535634,0.04216,0.9147,-0.630699,0.475645,0.058849,0.9048,-0.528279,0.600216,-0.035697,0.9213
78,2600,0.399461,0.431252,-5e-06,0.466299,-0.399992,-0.04847,0.9904,0.483004,-0.43194,-0.047852,0.986,0.483136,-0.431847,-0.046989,0.9838,0.483401,-0.432554,-0.04724,0.9849,0.479997,-0.433004,-0.052685,0.9883,0.480979,-0.433225,-0.053311,0.9882,0.481444,-0.434423,-0.053251,0.9896,0.45254,-0.432791,-0.010508,0.969,0.438657,-0.449707,-0.052408,0.9852,0.443155,-0.385343,-0.031528,0.9887,0.437418,-0.390593,-0.040431,0.9898,0.361801,-0.277654,0.034988,0.9913,0.302721,-0.371969,-0.063961,0.9963,-0.016807,-0.255772,0.009444,0.4628,0.148566,-0.253482,-0.102065,0.6797,-0.045097,-0.121567,-0.129303,0.3473,0.08961,-0.22251,-0.191764,0.508,-0.093273,-0.0691,-0.117197,0.3059,0.073693,-0.214752,-0.155701,0.4808,-0.103453,-0.076796,-0.116999,0.3021,0.049209,-0.261355,-0.107688,0.4697,-0.04704,-0.131653,-0.201961,0.2696,0.020199,-0.213094,-0.148431,0.4236,0.026176,0.033583,0.038435,0.9963,-0.025915,-0.034184,-0.036939,0.9975,-0.321958,0.219645,0.040791,0.8236,-0.247877,0.266829,-0.011723,0.9148,-0.574607,0.356456,0.139913,0.9099,-0.484325,0.499908,0.053083,0.9563,-0.603868,0.382448,0.14501,0.8979,-0.514719,0.530774,0.057102,0.9099,-0.629083,0.4637,0.077551,0.8983,-0.540523,0.59195,-0.021873,0.9207
79,2633,0.39599,0.429732,3.5e-05,0.466843,-0.398943,-0.067759,0.9906,0.487152,-0.427873,-0.068443,0.986,0.487339,-0.42777,-0.067583,0.984,0.487589,-0.428458,-0.067846,0.9846,0.483368,-0.430294,-0.06947,0.9875,0.484381,-0.430491,-0.070106,0.9873,0.484876,-0.431677,-0.070055,0.9884,0.46454,-0.418068,-0.032269,0.9704,0.44782,-0.441599,-0.057658,0.983,0.447733,-0.380111,-0.051402,0.9891,0.44077,-0.387481,-0.055311,0.99,0.375019,-0.256013,0.012559,0.9917,0.308853,-0.368423,-0.061108,0.9965,0.066988,-0.205993,-0.066301,0.5119,0.150277,-0.259758,-0.107315,0.6916,-0.045097,-0.121567,-0.129303,0.4019,0.102294,-0.226722,-0.202482,0.5317,-0.093273,-0.0691,-0.117197,0.3558,0.073693,-0.214752,-0.155701,0.4948,-0.103453,-0.076796,-0.116999,0.3512,0.049209,-0.261355,-0.107688,0.4822,-0.04704,-0.131653,-0.201961,0.3127,0.020199,-0.213094,-0.148431,0.4338,0.029198,0.039275,0.03259,0.9965,-0.028882,-0.039878,-0.031098,0.9977,-0.320486,0.21389,0.031589,0.8217,-0.254512,0.260909,-0.009688,0.8984,-0.561999,0.348513,0.153172,0.8574,-0.49168,0.490456,0.06411,0.9354,-0.590249,0.374469,0.16031,0.8475,-0.522218,0.521149,0.068197,0.88,-0.621211,0.45422,0.09467,0.8506,-0.553437,0.577888,-0.012738,0.9002
80,2666,0.392778,0.429087,2.9e-05,0.468148,-0.398307,-0.080998,0.9912,0.491435,-0.424732,-0.083358,0.987,0.491668,-0.424619,-0.082512,0.9852,0.491907,-0.425293,-0.082784,0.9857,0.487605,-0.428079,-0.08128,0.9882,0.488634,-0.428252,-0.081916,0.988,0.489164,-0.42943,-0.08187,0.9889,0.474946,-0.405808,-0.051829,0.973,0.45886,-0.432012,-0.062027,0.9838,0.451775,-0.376264,-0.066254,0.9899,0.444638,-0.384908,-0.066059,0.9908,0.384075,-0.241688,-0.011213,0.9922,0.318049,-0.361428,-0.058149,0.9967,0.079884,-0.20051,-0.080816,0.5461,0.153808,-0.262642,-0.108403,0.6397,-0.045097,-0.121567,-0.129303,0.4361,0.102294,-0.226722,-0.202482,0.4957,-0.093273,-0.0691,-0.117197,0.3882,0.073693,-0.214752,-0.155701,0.463,-0.103453,-0.076796,-0.116999,0.383,0.049209,-0.261355,-0.107688,0.4511,-0.04704,-0.131653,-0.201961,0.337,0.020199,-0.213094,-0.148431,0.4058,0.030766,0.043456,0.026901,0.9965,-0.030375,-0.044074,-0.025404,0.9979,-0.31957,0.208392,0.030997,0.8204,-0.260054,0.254041,-0.002325,0.8992,-0.551502,0.342116,0.173145,0.8393,-0.500297,0.479201,0.079514,0.9323,-0.579006,0.368437,0.181601,0.8208,-0.530944,0.509761,0.083147,0.8722,-0.611122,0.446989,0.11855,0.8359,-0.566019,0.562577,0.00249,0.8982
81,2700,0.387036,0.426765,-6.2e-05,0.475838,-0.397764,-0.087289,0.9903,0.49968,-0.422121,-0.095583,0.9863,0.499944,-0.421995,-0.094737,0.9849,0.500171,-0.422655,-0.094945,0.9852,0.496995,-0.424649,-0.08798,0.987,0.497981,-0.42481,-0.088656,0.9868,0.498555,-0.42598,-0.088579,0.9874,0.482775,-0.397566,-0.068429,0.9729,0.470623,-0.4186,-0.066862,0.9831,0.458534,-0.37315,-0.076434,0.989,0.452749,-0.381975,-0.073641,0.9898,0.386981,-0.233149,-0.034944,0.9926,0.330842,-0.347191,-0.05615,0.9964,0.090194,-0.197769,-0.094988,0.5406,0.162118,-0.258934,-0.104539,0.5789,-0.045097,-0.121567,-0.129303,0.4437,0.102294,-0.226722,-0.202482,0.4494,-0.093273,-0.0691,-0.117197,0.3995,0.073693,-0.214752,-0.155701,0.4217,-0.103453,-0.076796,-0.116999,0.3944,0.049209,-0.261355,-0.107688,0.4109,-0.04704,-0.131653,-0.201961,0.3431,0.020199,-0.213094,-0.148431,0.3704,0.027972,0.042391,0.020847,0.9968,-0.027529,-0.042986,-0.019374,0.9979,-0.323226,0.202985,0.042054,0.8122,-0.262033,0.247103,0.024278,0.8668,-0.553853,0.33677,0.185019,0.8486,-0.502076,0.46411,0.113118,0.9199,-0.581011,0.363357,0.194761,0.8272,-0.532758,0.494454,0.114825,0.8577,-0.612161,0.439997,0.133702,0.8457,-0.571722,0.543498,0.038631,0.8913
82,2733,0.390288,0.428026,-8.3e-05,0.482371,-0.399289,-0.089245,0.9911,0.506293,-0.421625,-0.102878,0.9874,0.506589,-0.42148,-0.102,0.9862,0.506803,-0.422123,-0.102207,0.9864,0.504729,-0.422102,-0.090188,0.9879,0.505672,-0.422266,-0.090901,0.9877,0.506282,-0.42342,-0.09073,0.9881,0.489053,-0.391071,-0.082021,0.9752,0.480685,-0.407899,-0.070937,0.9844,0.464189,-0.372904,-0.084433,0.9897,0.459782,-0.379921,-0.077213,0.9904,0.385545,-0.232249,-0.057042,0.9933,0.346658,-0.332728,-0.052998,0.9964,0.097306,-0.198002,-0.107783,0.5462,0.172396,-0.255616,-0.092294,0.524,-0.045097,-0.121567,-0.129303,0.4635,0.102294,-0.226722,-0.202482,0.4089,-0.093273,-0.0691,-0.117197,0.4263,0.073693,-0.214752,-0.155701,0.3866,-0.103453,-0.076796,-0.116999,0.4217,0.049209,-0.261355,-0.107688,0.3769,-0.04704,-0.131653,-0.201961,0.3655,0.020199,-0.213094,-0.148431,0.3406,0.022178,0.037763,0.012169,0.9971,-0.021696,-0.038334,-0.010749,0.9981,-0.329248,0.195924,0.052305,0.8272,-0.259077,0.239526,0.058473,0.8489,-0.560205,0.332021,0.183233,0.8629,-0.497614,0.450212,0.151279,0.9206,-0.587324,0.358853,0.191732,0.8437,-0.528944,0.480319,0.150868,0.8621,-0.622906,0.429452,0.133617,0.8596,-0.57345,0.52387,0.082398,0.8923
83,2766,0.391842,0.42315,6.9e-05,0.484521,-0.400824,-0.101743,0.9919,0.510227,-0.421172,-0.117447,0.9885,0.510544,-0.42101,-0.116558,0.9875,0.510759,-0.421641,-0.116777,0.9876,0.509591,-0.420305,-0.101618,0.989,0.51051,-0.420449,-0.102337,0.9888,0.51116,-0.421611,-0.102117,0.9891,0.495025,-0.382879,-0.1017,0.9776,0.488763,-0.400406,-0.076927,0.9857,0.467403,-0.372656,-0.098925,0.9906,0.46425,-0.378581,-0.087692,0.9912,0.385772,-0.223896,-0.08005,0.9939,0.356145,-0.324179,-0.050751,0.9967,0.103235,-0.195492,-0.118367,0.5798,0.172396,-0.255616,-0.092294,0.4745,-0.045097,-0.121567,-0.129303,0.4953,0.102294,-0.226722,-0.202482,0.3726,-0.093273,-0.0691,-0.117197,0.4522,0.073693,-0.214752,-0.155701,0.3544,-0.103453,-0.076796,-0.116999,0.4476,0.049209,-0.261355,-0.107688,0.3459,-0.04704,-0.131653,-0.201961,0.3873,0.020199,-0.213094,-0.148431,0.3132,0.020101,0.0384,0.005318,0.9973,-0.019568,-0.038967,-0.003935,0.9983,-0.326881,0.197075,0.062174,0.8396,-0.264426,0.229805,0.075643,0.8611,-0.550145,0.335066,0.210146,0.8679,-0.509231,0.434215,0.177655,0.9261,-0.57759,0.361503,0.219103,0.829,-0.540889,0.464039,0.17668,0.8659,-0.617927,0.425039,0.162787,0.8677,-0.592113,0.499179,0.110104,0.9005
84,2800,0.397342,0.423595,5.5e-05,0.482324,-0.401666,-0.117809,0.9926,0.509402,-0.418787,-0.134519,0.9896,0.509797,-0.418615,-0.133616,0.9887,0.50996,-0.419253,-0.133822,0.9888,0.509708,-0.418104,-0.116394,0.99,0.510627,-0.418201,-0.117149,0.9898,0.511328,-0.419393,-0.116812,0.9901,0.498095,-0.371861,-0.122146,0.9798,0.495935,-0.392944,-0.084509,0.987,0.466085,-0.371004,-0.115752,0.9915,0.464235,-0.377155,-0.1011,0.992,0.383415,-0.213585,-0.103465,0.9944,0.363986,-0.316279,-0.048915,0.9969,0.106944,-0.19105,-0.127782,0.6123,0.172396,-0.255616,-0.092294,0.4327,0.030893,-0.157853,-0.116347,0.5205,0.102294,-0.226722,-0.202482,0.341,-0.093273,-0.0691,-0.117197,0.4758,0.073693,-0.214752,-0.155701,0.3268,-0.103453,-0.076796,-0.116999,0.4717,0.049209,-0.261355,-0.107688,0.3197,-0.04704,-0.131653,-0.201961,0.4096,0.020199,-0.213094,-0.148431,0.2908,0.018389,0.039629,-0.002921,0.9974,-0.017814,-0.040205,0.004268,0.9983,-0.32312,0.199443,0.071897,0.8536,-0.270298,0.217706,0.099097,0.8694,-0.541484,0.342002,0.230898,0.8796,-0.52049,0.418103,0.218854,0.9313,-0.569328,0.367898,0.240126,0.8411,-0.552474,0.44746,0.217662,0.8743,-0.613995,0.421335,0.186428,0.8796,-0.609299,0.470679,0.157663,0.9081
85,2833,0.399439,0.421398,2.5e-05,0.480645,-0.402159,-0.135934,0.9932,0.508861,-0.415914,-0.153951,0.9905,0.509312,-0.415727,-0.153067,0.9897,0.509441,-0.41637,-0.153281,0.9898,0.509884,-0.415897,-0.133525,0.9908,0.5108,-0.415954,-0.13431,0.9906,0.51154,-0.417177,-0.133879,0.9909,0.501551,-0.360186,-0.146783,0.9817,0.502479,-0.385353,-0.095147,0.988,0.465169,-0.368621,-0.135202,0.9921,0.464303,-0.375537,-0.116986,0.9925,0.382412,-0.198858,-0.128714,0.9949,0.3704,-0.309589,-0.050233,0.9972,0.110718,-0.179439,-0.136727,0.6347,0.172396,-0.255616,-0.092294,0.3947,0.040045,-0.158499,-0.115743,0.5187,0.102294,-0.226722,-0.202482,0.3111,-0.093273,-0.0691,-0.117197,0.4696,0.073693,-0.214752,-0.155701,0.2992,-0.103453,-0.076796,-0.116999,0.4664,0.049209,-0.261355,-0.107688,0.2931,-0.04704,-0.131653,-0.201961,0.4032,0.020199,-0.213094,-0.148431,0.2674,0.01743,0.042662,-0.01037,0.9974,-0.016812,-0.043271,0.011671,0.9984,-0.317727,0.205037,0.084028,0.8666,-0.27738,0.204388,0.120297,0.8805,-0.52837,0.35191,0.256718,0.8898,-0.533249,0.397093,0.256782,0.9369,-0.556831,0.377206,0.266061,0.8446,-0.565783,0.425819,0.255599,0.8809,-0.607525,0.423557,0.212516,0.8901,-0.629879,0.436585,0.198462,0.916
86,2866,0.406494,0.419874,-5e-06,0.476826,-0.399865,-0.155545,0.9938,0.505925,-0.411183,-0.174688,0.9914,0.506393,-0.410975,-0.173833,0.9906,0.506537,-0.411626,-0.17405,0.9908,0.507489,-0.412138,-0.152418,0.9916,0.508392,-0.412155,-0.153224,0.9914,0.509167,-0.413416,-0.152694,0.9917,0.503331,-0.348436,-0.172291,0.9835,0.507754,-0.377543,-0.1085,0.989,0.462708,-0.363857,-0.155954,0.9928,0.462634,-0.371897,-0.134692,0.9931,0.381921,-0.184414,-0.154129,0.9954,0.375495,-0.302932,-0.054707,0.9974,0.113523,-0.167805,-0.145719,0.6595,0.172396,-0.255616,-0.092294,0.3617,0.047453,-0.158146,-0.11531,0.519,0.102294,-0.226722,-0.202482,0.2846,-0.093273,-0.0691,-0.117197,0.4651,0.073693,-0.214752,-0.155701,0.2747,-0.103453,-0.076796,-0.116999,0.4636,0.049209,-0.261355,-0.107688,0.2697,-0.04704,-0.131653,-0.201961,0.3993,0.020199,-0.213094,-0.148431,0.247,0.016603,0.046043,-0.017665,0.9976,-0.01594,-0.046679,0.018924,0.9985,-0.314017,0.211832,0.094183,0.8784,-0.284556,0.190213,0.141988,0.887,-0.519016,0.365746,0.276148,0.8996,-0.545219,0.375552,0.295162,0.9409,-0.547887,0.390635,0.285669,0.8533,-0.57845,0.403656,0.294187,0.8854,-0.603166,0.430123,0.231207,0.9002,-0.650019,0.400002,0.240076,0.9226
87,2900,0.408072,0.420065,-8.1e-05,0.475917,-0.397777,-0.170083,0.9944,0.505406,-0.407065,-0.189791,0.9922,0.505865,-0.406845,-0.18897,0.9916,0.506045,-0.4075,-0.189172,0.9917,0.507714,-0.408715,-0.166249,0.9924,0.508605,-0.4087,-0.167065,0.9923,0.509425,-0.409981,-0.166468,0.9925,0.505366,-0.338541,-0.191658,0.9851,0.512835,-0.369581,-0.118699,0.99,0.462224,-0.359935,-0.17154,0.9935,0.463202,-0.368649,-0.148079,0.9937,0.380071,-0.174099,-0.176033,0.9958,0.380498,-0.294409,-0.058244,0.9976,0.11281,-0.160491,-0.154277,0.6884,0.172396,-0.255616,-0.092294,0.3295,0.057263,-0.158927,-0.113107,0.5486,0.102294,-0.226722,-0.202482,0.2592,-0.093273,-0.0691,-0.117197,0.4905,0.073693,-0.214752,-0.155701,0.2515,-0.103453,-0.076796,-0.116999,0.4907,0.049209,-0.261355,-0.107688,0.2474,-0.04704,-0.131653,-0.201961,0.4274,0.020199,-0.213094,-0.148431,0.2276,0.015814,0.048975,-0.024877,0.9978,-0.015119,-0.049631,0.026088,0.9987,-0.311035,0.21792,0.103219,0.8898,-0.290624,0.176695,0.161952,0.8933,-0.512182,0.379542,0.293491,0.9088,-0.554841,0.353748,0.329643,0.9443,-0.541296,0.404042,0.303318,0.8605,-0.588654,0.380933,0.329119,0.8876,-0.599928,0.435783,0.248013,0.9094,-0.66477,0.363494,0.278885,0.9286
88,2933,0.414381,0.419096,-4.2e-05,0.473807,-0.395802,-0.180285,0.9949,0.503195,-0.40352,-0.200193,0.993,0.503711,-0.40329,-0.199402,0.9924,0.503867,-0.403956,-0.199596,0.9925,0.506144,-0.405668,-0.176117,0.9931,0.507039,-0.405607,-0.176929,0.993,0.50791,-0.406908,-0.17632,0.9932,0.505016,-0.330529,-0.205241,0.9866,0.515984,-0.362497,-0.127428,0.9909,0.460586,-0.356475,-0.182297,0.9941,0.462502,-0.365637,-0.157672,0.9943,0.375316,-0.165625,-0.193154,0.9962,0.385776,-0.28383,-0.058269,0.9978,0.109697,-0.160451,-0.162427,0.7125,0.172396,-0.255616,-0.092294,0.3021,0.066064,-0.162722,-0.108704,0.5691,0.102294,-0.226722,-0.202482,0.2357,-0.002179,-0.122924,-0.095175,0.5107,0.073693,-0.214752,-0.155701,0.2298,0.003463,-0.120786,-0.097044,0.5121,0.049209,-0.261355,-0.107688,0.2262,-0.04704,-0.131653,-0.201961,0.4494,0.020199,-0.213094,-0.148431,0.2089,0.014417,0.050245,-0.032362,0.998,-0.013692,-0.050896,0.033551,0.9987,-0.308878,0.222307,0.110805,0.8997,-0.295624,0.163465,0.183319,0.8973,-0.506906,0.391713,0.306307,0.9174,-0.562202,0.332169,0.366614,0.9475,-0.536112,0.416056,0.316347,0.8715,-0.596566,0.358254,0.367056,0.8917,-0.597556,0.439407,0.261467,0.918,-0.67566,0.328869,0.325692,0.9341
89,2966,0.416201,0.417639,-4.5e-05,0.472393,-0.394238,-0.180451,0.9954,0.501807,-0.400953,-0.201879,0.9936,0.502361,-0.400713,-0.201063,0.9931,0.5025,-0.401395,-0.201198,0.9932,0.505106,-0.403009,-0.17728,0.9938,0.506001,-0.402893,-0.178116,0.9936,0.506901,-0.404212,-0.177387,0.9938,0.502581,-0.32522,-0.212876,0.9879,0.518168,-0.355469,-0.131036,0.9917,0.459415,-0.354058,-0.183561,0.9946,0.462034,-0.363093,-0.158255,0.9947,0.366714,-0.166462,-0.203625,0.9966,0.392176,-0.269068,-0.056391,0.9978,0.104066,-0.16682,-0.163874,0.7356,0.172396,-0.255616,-0.092294,0.2771,0.073042,-0.170075,-0.100916,0.579,0.102294,-0.226722,-0.202482,0.2143,0.00884,-0.132437,-0.088312,0.523,0.073693,-0.214752,-0.155701,0.21,0.016368,-0.128423,-0.09017,0.5246,0.049209,-0.261355,-0.107688,0.2067,-0.04704,-0.131653,-0.201961,0.4644,0.020199,-0.213094,-0.148431,0.1916,0.011349,0.047603,-0.038277,0.9982,-0.010592,-0.04826,0.039471,0.9988,-0.309145,0.224193,0.110395,0.9092,-0.297013,0.152436,0.200011,0.8974,-0.507231,0.402805,0.303038,0.9255,-0.567132,0.314844,0.393022,0.9502,-0.536386,0.427217,0.313765,0.8827,-0.601996,0.339869,0.394725,0.8947,-0.6006,0.441512,0.263203,0.9257,-0.683005,0.301934,0.36245,0.9372
90,3000,0.418308,0.421706,7.2e-05,0.478256,-0.392837,-0.165311,0.9957,0.505753,-0.399127,-0.188399,0.9942,0.506299,-0.398877,-0.187586,0.9937,0.506461,-0.399578,-0.187667,0.9938,0.510545,-0.400475,-0.164603,0.9943,0.511431,-0.400323,-0.165424,0.9941,0.512343,-0.401664,-0.164666,0.9943,0.500892,-0.326832,-0.208231,0.9888,0.522471,-0.348944,-0.128545,0.9923,0.462824,-0.352938,-0.170672,0.9947,0.467399,-0.360728,-0.146549,0.9947,0.359818,-0.179159,-0.205742,0.9969,0.402008,-0.253323,-0.053992,0.9977,0.100751,-0.179468,-0.157587,0.7491,0.172396,-0.255616,-0.092294,0.2585,0.078991,-0.179651,-0.086,0.5437,0.102294,-0.226722,-0.202482,0.1947,0.00884,-0.132437,-0.088312,0.4937,0.073693,-0.214752,-0.155701,0.1917,0.016368,-0.128423,-0.09017,0.4969,0.049209,-0.261355,-0.107688,0.1889,-0.04704,-0.131653,-0.201961,0.4425,0.020199,-0.213094,-0.148431,0.1756,0.006774,0.042017,-0.043031,0.9984,-0.005991,-0.042696,0.044236,0.9989,-0.313761,0.220744,0.106456,0.9177,-0.293648,0.142151,0.213561,0.879,-0.511972,0.41036,0.286279,0.9325,-0.567842,0.296109,0.410652,0.9462,-0.540761,0.435164,0.297517,0.8931,-0.60374,0.320149,0.413491,0.8891,-0.60731,0.443156,0.251828,0.9312,-0.684182,0.277728,0.388745,0.927
91,3033,0.414016,0.422404,-6.2e-05,0.485736,-0.390278,-0.153302,0.996,0.510758,-0.397235,-0.177929,0.9947,0.511288,-0.396975,-0.177114,0.9942,0.511474,-0.397695,-0.177163,0.9943,0.517055,-0.396479,-0.155197,0.9947,0.517926,-0.396296,-0.155996,0.9946,0.518838,-0.39767,-0.155217,0.9947,0.498828,-0.329446,-0.204569,0.9898,0.526235,-0.341303,-0.126991,0.9928,0.467426,-0.351927,-0.16024,0.9949,0.473891,-0.357255,-0.13761,0.9948,0.352134,-0.191376,-0.206394,0.9972,0.411797,-0.236454,-0.053799,0.9972,0.098124,-0.191086,-0.149278,0.7559,0.172396,-0.255616,-0.092294,0.2434,0.084774,-0.187256,-0.071325,0.5028,0.102294,-0.226722,-0.202482,0.1769,0.00884,-0.132437,-0.088312,0.4607,0.073693,-0.214752,-0.155701,0.1756,0.016368,-0.128423,-0.09017,0.4648,0.049209,-0.261355,-0.107688,0.1732,-0.04704,-0.131653,-0.201961,0.4166,0.020199,-0.213094,-0.148431,0.1614,0.001358,0.035692,-0.047089,0.9985,-0.000536,-0.036395,0.048313,0.9989,-0.318035,0.214612,0.103935,0.9253,-0.28404,0.130437,0.230147,0.8415,-0.515936,0.415022,0.275206,0.9388,-0.556994,0.276169,0.433066,0.9382,-0.544348,0.440236,0.28688,0.9022,-0.593909,0.299505,0.436713,0.8772,-0.61277,0.44105,0.245897,0.9362,-0.671975,0.253643,0.421911,0.9114
92,3066,0.407335,0.421273,-6.5e-05,0.49606,-0.38406,-0.145027,0.9962,0.518428,-0.392833,-0.170941,0.9951,0.518936,-0.392564,-0.170117,0.9947,0.519142,-0.393301,-0.17014,0.9947,0.525716,-0.388831,-0.149419,0.9951,0.526572,-0.388632,-0.150209,0.995,0.527476,-0.390028,-0.149407,0.995,0.497121,-0.331742,-0.202348,0.9907,0.529762,-0.331047,-0.130144,0.9933,0.474575,-0.349197,-0.152945,0.9951,0.482358,-0.350442,-0.131959,0.9948,0.346399,-0.20243,-0.20622,0.9974,0.419107,-0.219085,-0.059869,0.9964,0.099086,-0.201873,-0.140307,0.7608,0.172396,-0.255616,-0.092294,0.2572,0.084774,-0.187256,-0.071325,0.4583,0.102294,-0.226722,-0.202482,0.1627,0.00884,-0.132437,-0.088312,0.4211,0.073693,-0.214752,-0.155701,0.1632,0.016368,-0.128423,-0.09017,0.4251,0.049209,-0.261355,-0.107688,0.1612,-0.04704,-0.131653,-0.201961,0.3826,0.020199,-0.213094,-0.148431,0.1508,-0.003541,0.029311,-0.050441,0.9987,0.004388,-0.030059,0.051706,0.9989,-0.321401,0.206802,0.106121,0.9295,-0.274217,0.121639,0.244574,0.7932,-0.518412,0.414097,0.26862,0.9432,-0.541506,0.260905,0.454921,0.9214,-0.546098,0.43949,0.281294,0.9064,-0.57896,0.28356,0.459539,0.8592,-0.61344,0.434282,0.250428,0.9344,-0.653531,0.235595,0.454216,0.8817
93,3100,0.406508,0.421733,-7.4e-05,0.506262,-0.377482,-0.132095,0.9962,0.526265,-0.388257,-0.159727,0.9953,0.526746,-0.387982,-0.158898,0.9949,0.526963,-0.388727,-0.158898,0.995,0.534603,-0.381023,-0.140063,0.9954,0.535453,-0.380804,-0.140841,0.9953,0.536346,-0.382221,-0.140023,0.9953,0.495767,-0.334853,-0.196874,0.9911,0.5335,-0.321096,-0.132943,0.9934,0.481619,-0.346341,-0.141496,0.9947,0.490761,-0.343415,-0.122875,0.9942,0.341099,-0.214406,-0.202122,0.9975,0.426393,-0.203457,-0.065239,0.9951,0.104067,-0.212825,-0.126432,0.7518,0.172396,-0.255616,-0.092294,0.2644,0.084774,-0.187256,-0.071325,0.4165,0.102294,-0.226722,-0.202482,0.1506,0.00884,-0.132437,-0.088312,0.3839,0.073693,-0.214752,-0.155701,0.1529,0.016368,-0.128423,-0.09017,0.3876,0.049209,-0.261355,-0.107688,0.1514,-0.04704,-0.131653,-0.201961,0.3504,0.020199,-0.213094,-0.148431,0.1419,-0.008747,0.022988,-0.053308,0.9988,0.009602,-0.023784,0.054644,0.9987,-0.325965,0.198132,0.107485,0.9334,-0.263691,0.113687,0.255739,0.7414,-0.52159,0.410612,0.264462,0.9463,-0.522332,0.246405,0.473242,0.8902,-0.548635,0.436106,0.277785,0.909,-0.560219,0.268029,0.479292,0.8348,-0.614109,0.424929,0.254498,0.9278,-0.630464,0.218404,0.481,0.8362
94,3133,0.402897,0.423718,1.6e-05,0.514456,-0.371677,-0.124227,0.9963,0.532321,-0.383971,-0.153196,0.9954,0.532761,-0.383686,-0.152368,0.9952,0.53298,-0.384436,-0.152359,0.9951,0.541371,-0.373992,-0.134777,0.9956,0.542216,-0.373752,-0.135547,0.9955,0.543084,-0.375187,-0.134717,0.9955,0.494484,-0.3372,-0.193941,0.9916,0.536311,-0.31231,-0.137337,0.9937,0.487143,-0.343859,-0.134504,0.9946,0.497236,-0.337431,-0.117582,0.9939,0.335753,-0.222308,-0.199817,0.9973,0.431723,-0.190928,-0.073803,0.9929,0.110441,-0.219377,-0.115921,0.7351,0.172396,-0.255616,-0.092294,0.2604,0.084774,-0.187256,-0.071325,0.3806,0.102294,-0.226722,-0.202482,0.1393,0.00884,-0.132437,-0.088312,0.3556,0.073693,-0.214752,-0.155701,0.1457,0.016368,-0.128423,-0.09017,0.3589,0.049209,-0.261355,-0.107688,0.1443,-0.04704,-0.131653,-0.201961,0.3264,0.020199,-0.213094,-0.148431,0.1359,-0.01317,0.017572,-0.054718,0.9988,0.014021,-0.018414,0.056117,0.9984,-0.32685,0.185999,0.110532,0.9292,-0.25172,0.107788,0.262912,0.6848,-0.51954,0.398478,0.271176,0.9451,-0.500922,0.237038,0.486017,0.8557,-0.545864,0.424016,0.285391,0.9068,-0.538696,0.25785,0.493602,0.8132,-0.608708,0.407047,0.267298,0.8926,-0.605885,0.208066,0.499635,0.7744
95,3166,0.399213,0.425664,-5.1e-05,0.521063,-0.367268,-0.114783,0.9958,0.537143,-0.38077,-0.145122,0.9953,0.537531,-0.380479,-0.144294,0.995,0.537754,-0.381231,-0.144275,0.995,0.54682,-0.368671,-0.128326,0.9954,0.547667,-0.368417,-0.129066,0.9954,0.548503,-0.369856,-0.128278,0.9954,0.493388,-0.340315,-0.189852,0.9918,0.538466,-0.305307,-0.140616,0.9935,0.491632,-0.341913,-0.125926,0.9943,0.502612,-0.332796,-0.111002,0.9932,0.331931,-0.231194,-0.193189,0.9972,0.435857,-0.181043,-0.080973,0.9915,0.123926,-0.227688,-0.102322,0.7049,0.172396,-0.255616,-0.092294,0.2635,0.084774,-0.187256,-0.071325,0.3512,0.102294,-0.226722,-0.202482,0.1313,0.00884,-0.132437,-0.088312,0.3349,0.073693,-0.214752,-0.155701,0.1424,0.016368,-0.128423,-0.09017,0.3376,0.049209,-0.261355,-0.107688,0.1416,-0.04704,-0.131653,-0.201961,0.3094,0.020199,-0.213094,-0.148431,0.1348,-0.017025,0.012134,-0.05358,0.9989,0.017836,-0.013004,0.055017,0.9984,-0.325178,0.172151,0.116986,0.8976,-0.239105,0.103357,0.268268,0.622,-0.514532,0.381846,0.285055,0.9248,-0.473393,0.23014,0.498234,0.7859,-0.540223,0.407385,0.300007,0.8825,-0.51004,0.250126,0.507724,0.7636,-0.600343,0.387153,0.285691,0.8327,-0.5742,0.200952,0.518302,0.7033
96,3200,0.400465,0.426181,-0.000163,0.526564,-0.36368,-0.106657,0.9961,0.541127,-0.378188,-0.138105,0.9956,0.541485,-0.377903,-0.13727,0.9953,0.541708,-0.37866,-0.137237,0.9954,0.551278,-0.364467,-0.122617,0.9958,0.552123,-0.364201,-0.123331,0.9958,0.55294,-0.365644,-0.122557,0.9957,0.492354,-0.344455,-0.186611,0.9925,0.540113,-0.299641,-0.143166,0.994,0.495459,-0.340224,-0.118627,0.9945,0.507075,-0.328775,-0.105333,0.9935,0.330582,-0.243186,-0.188081,0.9974,0.437336,-0.172172,-0.086723,0.9918,0.140461,-0.238307,-0.091735,0.6565,0.172396,-0.255616,-0.092294,0.2509,0.084774,-0.187256,-0.071325,0.3306,0.102294,-0.226722,-0.202482,0.1222,0.00884,-0.132437,-0.088312,0.3242,0.073693,-0.214752,-0.155701,0.1371,0.016368,-0.128423,-0.09017,0.326,0.049209,-0.261355,-0.107688,0.1361,-0.04704,-0.131653,-0.201961,0.2988,0.020199,-0.213094,-0.148431,0.1294,-0.020289,0.005938,-0.051785,0.999,0.021058,-0.006825,0.053252,0.9985,-0.323715,0.159854,0.127734,0.8901,-0.230289,0.10099,0.275441,0.5813,-0.510265,0.364125,0.29557,0.9228,-0.455961,0.224039,0.507649,0.7733,-0.535341,0.389684,0.310699,0.8854,-0.491665,0.243063,0.518637,0.7648,-0.595064,0.369867,0.298971,0.8081,-0.554601,0.197991,0.531325,0.6614
97,3233,0.401193,0.425498,-0.000219,0.531648,-0.359739,-0.10022,0.9963,0.54447,-0.375814,-0.1325,0.9959,0.544844,-0.375538,-0.131658,0.9956,0.54502,-0.3763,-0.131612,0.9957,0.554992,-0.360313,-0.117972,0.9961,0.555847,-0.360041,-0.118668,0.9961,0.556661,-0.361477,-0.117904,0.996,0.490408,-0.34795,-0.184011,0.993,0.539559,-0.29358,-0.145859,0.9945,0.498746,-0.33811,-0.112801,0.9948,0.510888,-0.323951,-0.100699,0.9938,0.329383,-0.255186,-0.183722,0.9975,0.435442,-0.162503,-0.09322,0.9922,0.15661,-0.249231,-0.082487,0.6128,0.172396,-0.255616,-0.092294,0.2606,0.084774,-0.187256,-0.071325,0.3283,0.102294,-0.226722,-0.202482,0.1248,0.00884,-0.132437,-0.088312,0.3351,0.073693,-0.214752,-0.155701,0.1477,0.016368,-0.128423,-0.09017,0.3352,0.049209,-0.261355,-0.107688,0.1458,-0.04704,-0.131653,-0.201961,0.3065,0.020199,-0.213094,-0.148431,0.1384,-0.023281,-0.00103,-0.049156,0.9991,0.024008,0.000136,0.050667,0.9987,-0.322401,0.14642,0.140263,0.8919,-0.221279,0.099878,0.283043,0.5601,-0.509571,0.34279,0.307822,0.9265,-0.438878,0.218409,0.517531,0.7764,-0.534025,0.368239,0.323167,0.8925,-0.473442,0.236476,0.530119,0.7748,-0.59019,0.350222,0.315256,0.8031,-0.535034,0.196876,0.545116,0.6398
98,3266,0.401692,0.424364,-8.7e-05,0.532927,-0.35084,-0.105861,0.996,0.544171,-0.36898,-0.138692,0.9955,0.544632,-0.36874,-0.137818,0.9953,0.544696,-0.369506,-0.137732,0.9951,0.554347,-0.351793,-0.12542,0.9959,0.555228,-0.351486,-0.12613,0.996,0.556069,-0.352921,-0.12528,0.9959,0.486455,-0.346841,-0.189811,0.9929,0.534047,-0.284306,-0.156849,0.9945,0.498727,-0.331013,-0.117699,0.9943,0.510558,-0.314635,-0.106939,0.9931,0.327879,-0.262714,-0.183893,0.9976,0.42768,-0.151509,-0.10711,0.992,0.171157,-0.255648,-0.075583,0.5638,0.172396,-0.255616,-0.092294,0.2775,0.084774,-0.187256,-0.071325,0.3103,0.102294,-0.226722,-0.202482,0.1322,0.00884,-0.132437,-0.088312,0.3258,0.073693,-0.214752,-0.155701,0.1623,0.016368,-0.128423,-0.09017,0.3238,0.049209,-0.261355,-0.107688,0.1578,-0.04704,-0.131653,-0.201961,0.2938,0.020199,-0.213094,-0.148431,0.1493,-0.025652,-0.007474,-0.045911,0.9992,0.026338,0.006586,0.047467,0.9987,-0.321544,0.134172,0.149384,0.8917,-0.214291,0.099864,0.288594,0.5594,-0.510596,0.323153,0.324668,0.9301,-0.424974,0.21564,0.528343,0.7887,-0.534283,0.348292,0.340974,0.9003,-0.458176,0.232972,0.543048,0.7909,-0.586411,0.332313,0.336682,0.7811,-0.517326,0.197224,0.55954,0.6158
99,3300,0.40332,0.424235,-0.000128,0.533016,-0.339006,-0.116503,0.9958,0.542608,-0.359536,-0.149632,0.9952,0.543167,-0.359331,-0.148727,0.9951,0.543117,-0.360105,-0.148594,0.9947,0.552131,-0.340599,-0.137793,0.9957,0.553034,-0.340251,-0.138532,0.996,0.553908,-0.341681,-0.137574,0.9958,0.481641,-0.343218,-0.199657,0.993,0.526359,-0.272672,-0.172019,0.9947,0.497784,-0.321033,-0.127348,0.9939,0.50893,-0.30244,-0.118058,0.9925,0.326378,-0.268976,-0.186949,0.9976,0.418182,-0.138832,-0.125112,0.9921,0.185942,-0.260919,-0.070715,0.515,0.172396,-0.255616,-0.092294,0.3047,0.084774,-0.187256,-0.071325,0.29,0.102294,-0.226722,-0.202482,0.1407,0.00884,-0.132437,-0.088312,0.3114,0.073693,-0.214752,-0.155701,0.175,0.016368,-0.128423,-0.09017,0.3084,0.049209,-0.261355,-0.107688,0.1683,-0.04704,-0.131653,-0.201961,0.2778,0.020199,-0.213094,-0.148431,0.1588,-0.027699,-0.014718,-0.041956,0.9993,0.028339,0.013835,0.043546,0.9988,-0.320384,0.121082,0.16056,0.8857,-0.20677,0.101589,0.293698,0.5632,-0.511415,0.300982,0.345977,0.9319,-0.410716,0.21679,0.539372,0.8013,-0.534194,0.325692,0.36348,0.9068,-0.442477,0.233622,0.556319,0.8057,-0.580879,0.313521,0.36192,0.7551,-0.499365,0.200675,0.573707,0.5956
100,3333,0.409985,0.424233,-5.5e-05,0.53208,-0.326532,-0.131104,0.9932,0.540313,-0.347718,-0.163375,0.9913,0.540898,-0.347535,-0.162462,0.9916,0.540807,-0.34832,-0.162275,0.991,0.548824,-0.327961,-0.153268,0.9928,0.549727,-0.327571,-0.154039,0.9938,0.550585,-0.329013,-0.153025,0.9935,0.477594,-0.336376,-0.208785,0.9884,0.51754,-0.262355,-0.187705,0.991,0.496724,-0.310953,-0.139928,0.99,0.506652,-0.291444,-0.132511,0.9873,0.324706,-0.272641,-0.189789,0.9968,0.406262,-0.13191,-0.141892,0.9903,0.185942,-0.260919,-0.070715,0.4906,0.172396,-0.255616,-0.092294,0.3041,0.084774,-0.187256,-0.071325,0.2762,0.102294,-0.226722,-0.202482,0.1371,0.00884,-0.132437,-0.088312,0.2973,0.073693,-0.214752,-0.155701,0.1721,0.016368,-0.128423,-0.09017,0.2945,0.049209,-0.261355,-0.107688,0.1653,-0.04704,-0.131653,-0.201961,0.2653,0.020199,-0.213094,-0.148431,0.1557,-0.027283,-0.01898,-0.036823,0.9991,0.027892,0.018078,0.038431,0.9988,-0.317739,0.111911,0.170897,0.8466,-0.203148,0.103183,0.29355,0.5569,-0.509089,0.282371,0.367603,0.9111,-0.402798,0.220639,0.544175,0.8041,-0.531248,0.306423,0.386405,0.8932,-0.43368,0.237677,0.5632,0.809,-0.574113,0.299891,0.382342,0.7278,-0.488504,0.207605,0.578928,0.5878
101,3366,0.41665,0.424232,1.8e-05,0.531144,-0.314058,-0.145706,0.9907,0.538018,-0.3359,-0.177118,0.9873,0.538629,-0.33574,-0.176196,0.9881,0.538496,-0.336535,-0.175955,0.9872,0.545518,-0.315323,-0.168743,0.9899,0.546419,-0.314891,-0.169545,0.9916,0.547263,-0.316344,-0.168475,0.9912,0.473546,-0.329534,-0.217912,0.9838,0.508722,-0.252037,-0.203391,0.9873,0.495664,-0.300873,-0.152508,0.9862,0.504375,-0.280448,-0.146964,0.982,0.323033,-0.276306,-0.192629,0.996,0.394342,-0.124989,-0.158672,0.9885,0.185942,-0.260919,-0.070715,0.4661,0.172396,-0.255616,-0.092294,0.3036,0.084774,-0.187256,-0.071325,0.2625,0.102294,-0.226722,-0.202482,0.1335,0.00884,-0.132437,-0.088312,0.2833,0.073693,-0.214752,-0.155701,0.1692,0.016368,-0.128423,-0.09017,0.2805,0.049209,-0.261355,-0.107688,0.1624,-0.04704,-0.131653,-0.201961,0.2527,0.020199,-0.213094,-0.148431,0.1526,-0.026866,-0.023241,-0.03169,0.999,0.027445,0.02232,0.033316,0.9987,-0.315095,0.102739,0.181234,0.8075,-0.199527,0.104776,0.293402,0.5506,-0.506764,0.26376,0.38923,0.8904,-0.394881,0.224487,0.548978,0.8068,-0.528302,0.287155,0.409331,0.8797,-0.424884,0.241732,0.570081,0.8123,-0.567347,0.286261,0.402763,0.7006,-0.477642,0.214536,0.584149,0.58
102,3400,0.427692,0.41732,-9.2e-05,0.528934,-0.294464,-0.171876,0.9915,0.534228,-0.318218,-0.201131,0.9883,0.534837,-0.318069,-0.200187,0.989,0.534716,-0.318887,-0.199925,0.9882,0.53989,-0.296897,-0.195582,0.9907,0.540781,-0.296421,-0.196385,0.9923,0.541612,-0.297865,-0.195258,0.992,0.468811,-0.319118,-0.233057,0.9849,0.494982,-0.238951,-0.229238,0.9882,0.494167,-0.284423,-0.175128,0.9873,0.500529,-0.263231,-0.172833,0.9835,0.321924,-0.279795,-0.199863,0.9962,0.376646,-0.116998,-0.183136,0.9893,0.185942,-0.260919,-0.070715,0.4317,0.172396,-0.255616,-0.092294,0.3543,0.084774,-0.187256,-0.071325,0.2395,0.102294,-0.226722,-0.202482,0.1631,0.00884,-0.132437,-0.088312,0.2587,0.073693,-0.214752,-0.155701,0.1945,0.016368,-0.128423,-0.09017,0.256,0.049209,-0.261355,-0.107688,0.1852,-0.04704,-0.131653,-0.201961,0.2312,0.020199,-0.213094,-0.148431,0.1666,-0.024203,-0.02727,-0.025103,0.999,0.024783,0.026328,0.026753,0.9988,-0.312162,0.094357,0.19325,0.7396,-0.196287,0.108543,0.29356,0.5679,-0.505086,0.248428,0.415483,0.8574,-0.386616,0.231907,0.556493,0.8195,-0.526238,0.27117,0.437298,0.8543,-0.415868,0.249717,0.57943,0.8202,-0.561904,0.273659,0.42553,0.6687,-0.466667,0.226793,0.590394,0.5933
103,3433,0.431843,0.416335,-3.7e-05,0.522495,-0.273162,-0.201985,0.992,0.526702,-0.298639,-0.229334,0.9887,0.527295,-0.298486,-0.228358,0.9892,0.527217,-0.299327,-0.228091,0.9885,0.53031,-0.276827,-0.226418,0.9914,0.531163,-0.276295,-0.227223,0.9928,0.531981,-0.277737,-0.226055,0.9926,0.461968,-0.306377,-0.252954,0.9851,0.478041,-0.224841,-0.259134,0.9889,0.489261,-0.266136,-0.201849,0.9879,0.492774,-0.244525,-0.202606,0.9847,0.321222,-0.281004,-0.211708,0.9963,0.355031,-0.110547,-0.210755,0.9901,0.185942,-0.260919,-0.070715,0.3944,0.172396,-0.255616,-0.092294,0.3991,0.084774,-0.187256,-0.071325,0.2175,0.102294,-0.226722,-0.202482,0.1985,0.00884,-0.132437,-0.088312,0.2349,0.073693,-0.214752,-0.155701,0.2219,0.016368,-0.128423,-0.09017,0.2325,0.049209,-0.261355,-0.107688,0.2101,-0.04704,-0.131653,-0.201961,0.2101,0.020199,-0.213094,-0.148431,0.1819,-0.019377,-0.030428,-0.018981,0.999,0.019972,0.029428,0.020671,0.9989,-0.307798,0.088226,0.203393,0.6729,-0.195537,0.111923,0.293928,0.5705,-0.498558,0.234035,0.439366,0.8041,-0.382658,0.23688,0.565024,0.8276,-0.51911,0.255919,0.463097,0.8127,-0.411067,0.254966,0.589279,0.8205,-0.553285,0.26425,0.445378,0.6313,-0.457968,0.236829,0.596103,0.6005
104,3466,0.429909,0.419352,-2.8e-05,0.508935,-0.258829,-0.237176,0.9925,0.513675,-0.285772,-0.262442,0.9892,0.514257,-0.285624,-0.261431,0.9896,0.514235,-0.286471,-0.261158,0.989,0.514911,-0.264428,-0.26093,0.992,0.515718,-0.263866,-0.261749,0.9933,0.516525,-0.265306,-0.260576,0.9932,0.454253,-0.295953,-0.276032,0.9856,0.459279,-0.213904,-0.286875,0.9898,0.478665,-0.252398,-0.233151,0.9886,0.478968,-0.231878,-0.235334,0.9859,0.322759,-0.277845,-0.22565,0.9966,0.333408,-0.110436,-0.234596,0.991,0.185942,-0.260919,-0.070715,0.3689,0.172396,-0.255616,-0.092294,0.4397,0.084774,-0.187256,-0.071325,0.1985,0.102294,-0.226722,-0.202482,0.2359,0.00884,-0.132437,-0.088312,0.2135,0.073693,-0.214752,-0.155701,0.2444,0.016368,-0.128423,-0.09017,0.2115,0.049209,-0.261355,-0.107688,0.2318,-0.04704,-0.131653,-0.201961,0.1914,0.020199,-0.213094,-0.148431,0.1953,-0.012917,-0.029102,-0.014189,0.9991,0.013528,0.028031,0.015904,0.999,-0.303072,0.087161,0.2121,0.6185,-0.195991,0.112685,0.295822,0.5701,-0.487819,0.22421,0.460623,0.7603,-0.382436,0.23032,0.576813,0.8261,-0.507385,0.245414,0.486144,0.7744,-0.410414,0.248296,0.601957,0.8025,-0.541775,0.259088,0.462333,0.6257,-0.455728,0.237983,0.602602,0.6159
105,3500,0.431447,0.418762,-7.1e-05,0.495322,-0.239172,-0.266137,0.9933,0.501472,-0.266548,-0.28953,0.9902,0.502043,-0.266398,-0.288468,0.9906,0.502072,-0.267262,-0.288183,0.99,0.500412,-0.246706,-0.29006,0.9928,0.501177,-0.246108,-0.290888,0.994,0.501971,-0.247559,-0.289705,0.9938,0.448205,-0.280895,-0.29488,0.987,0.442958,-0.204731,-0.313666,0.9908,0.468054,-0.234707,-0.258742,0.9896,0.465216,-0.216162,-0.263332,0.9872,0.32591,-0.273419,-0.236996,0.9969,0.313982,-0.112136,-0.25753,0.9918,0.185942,-0.260919,-0.070715,0.3491,0.172396,-0.255616,-0.092294,0.4868,0.084774,-0.187256,-0.071325,0.1972,0.102294,-0.226722,-0.202482,0.2942,0.00884,-0.132437,-0.088312,0.2066,0.073693,-0.214752,-0.155701,0.2915,0.016368,-0.128423,-0.09017,0.2056,0.049209,-0.261355,-0.107688,0.2806,-0.04704,-0.131653,-0.201961,0.1868,0.020199,-0.213094,-0.148431,0.239,-0.006029,-0.027461,-0.009209,0.9991,0.006696,0.026341,0.010928,0.9991,-0.295775,0.087396,0.219846,0.577,-0.197116,0.115475,0.29713,0.5779,-0.476224,0.213763,0.477524,0.719,-0.382339,0.233587,0.586972,0.8266,-0.495181,0.233832,0.504356,0.738,-0.409922,0.251794,0.612551,0.792,-0.530262,0.252112,0.47807,0.6187,-0.453458,0.247092,0.607227,0.6363
106,3533,0.440807,0.419442,2.5e-05,0.467084,-0.222287,-0.299307,0.9939,0.475175,-0.248537,-0.322262,0.9911,0.475716,-0.248365,-0.321169,0.9914,0.475817,-0.249279,-0.320837,0.9909,0.471445,-0.231146,-0.323316,0.9935,0.47212,-0.230507,-0.324162,0.9945,0.472878,-0.231995,-0.323001,0.9944,0.433124,-0.2629,-0.320508,0.9881,0.415945,-0.196956,-0.340429,0.9917,0.444798,-0.218567,-0.288682,0.9906,0.438465,-0.202834,-0.293717,0.9884,0.326898,-0.258259,-0.251425,0.9971,0.288593,-0.11413,-0.278836,0.9926,0.185942,-0.260919,-0.070715,0.3537,0.116799,-0.218213,-0.157462,0.5116,0.084774,-0.187256,-0.071325,0.1848,0.102294,-0.226722,-0.202482,0.3084,0.00884,-0.132437,-0.088312,0.1915,0.073693,-0.214752,-0.155701,0.3031,0.016368,-0.128423,-0.09017,0.1906,0.049209,-0.261355,-0.107688,0.2919,-0.04704,-0.131653,-0.201961,0.1734,0.020199,-0.213094,-0.148431,0.2467,0.00088,-0.022731,-0.005161,0.9992,-0.000165,0.021548,0.006885,0.9991,-0.289552,0.088875,0.225994,0.5765,-0.198169,0.117778,0.294836,0.5981,-0.465986,0.200912,0.490849,0.7241,-0.381879,0.237467,0.583276,0.8341,-0.484447,0.219124,0.518958,0.7432,-0.409028,0.256014,0.609543,0.7954,-0.521613,0.241643,0.491735,0.6291,-0.452194,0.256435,0.602993,0.6548
107,3566,0.445764,0.428301,-6.3e-05,0.438563,-0.217694,-0.318195,0.9929,0.446299,-0.242478,-0.341793,0.9906,0.446827,-0.242294,-0.340711,0.9909,0.446999,-0.243248,-0.340339,0.9897,0.443259,-0.227575,-0.342519,0.9924,0.443864,-0.226933,-0.343373,0.9935,0.444593,-0.228488,-0.34223,0.9933,0.411679,-0.249816,-0.341501,0.987,0.396595,-0.196646,-0.357485,0.9907,0.420185,-0.212355,-0.306947,0.9886,0.414595,-0.199584,-0.3116,0.9866,0.317339,-0.246552,-0.265577,0.9973,0.27488,-0.118361,-0.292976,0.9933,0.185942,-0.260919,-0.070715,0.3426,0.116799,-0.218213,-0.157462,0.4656,0.084774,-0.187256,-0.071325,0.1769,0.102294,-0.226722,-0.202482,0.2801,0.00884,-0.132437,-0.088312,0.1873,0.073693,-0.214752,-0.155701,0.2781,0.016368,-0.128423,-0.09017,0.1858,0.049209,-0.261355,-0.107688,0.2676,-0.04704,-0.131653,-0.201961,0.1675,0.020199,-0.213094,-0.148431,0.2268,0.004317,-0.017775,-0.004235,0.9992,-0.003497,0.016556,0.005925,0.9992,-0.285096,0.089158,0.230766,0.5665,-0.198653,0.111023,0.293616,0.5651,-0.45874,0.19561,0.501635,0.7356,-0.380544,0.22358,0.581835,0.794,-0.476747,0.213871,0.530679,0.7498,-0.407205,0.242359,0.608576,0.7567,-0.514809,0.238549,0.503161,0.6396,-0.450376,0.247295,0.601832,0.6146
108,3600,0.446695,0.432634,-2.3e-05,0.421345,-0.217164,-0.332271,0.9931,0.428432,-0.239603,-0.35605,0.9908,0.428949,-0.239442,-0.354926,0.991,0.429115,-0.240397,-0.354542,0.9899,0.426156,-0.225696,-0.356574,0.9925,0.426756,-0.225059,-0.357408,0.9936,0.42738,-0.226625,-0.356297,0.9935,0.395224,-0.245659,-0.353171,0.9872,0.383221,-0.196311,-0.368264,0.9909,0.403659,-0.212503,-0.319685,0.9887,0.399008,-0.200243,-0.324256,0.9868,0.303352,-0.243168,-0.270775,0.9973,0.267026,-0.121281,-0.298644,0.9934,0.185942,-0.260919,-0.070715,0.3393,0.116799,-0.218213,-0.157462,0.461,0.084774,-0.187256,-0.071325,0.1757,0.102294,-0.226722,-0.202482,0.277,0.00884,-0.132437,-0.088312,0.1885,0.073693,-0.214752,-0.155701,0.2773,0.016368,-0.128423,-0.09017,0.1872,0.049209,-0.261355,-0.107688,0.2665,-0.04704,-0.131653,-0.201961,0.1682,0.020199,-0.213094,-0.148431,0.226,0.003853,-0.016176,-0.004994,0.9992,-0.003078,0.014928,0.0067,0.9991,-0.281281,0.0843,0.230974,0.5623,-0.196369,0.107004,0.293236,0.5555,-0.451626,0.187965,0.505029,0.727,-0.376315,0.215936,0.583861,0.7806,-0.469195,0.205652,0.534459,0.7414,-0.402867,0.234596,0.611175,0.7447,-0.508014,0.229996,0.507651,0.6297,-0.446134,0.240227,0.605098,0.6034
109,3633,0.447626,0.436967,1.6e-05,0.404126,-0.216634,-0.346347,0.9932,0.410565,-0.236727,-0.370306,0.9909,0.41107,-0.23659,-0.369141,0.9912,0.411231,-0.237545,-0.368746,0.99,0.409053,-0.223818,-0.37063,0.9927,0.409648,-0.223185,-0.371444,0.9937,0.410166,-0.224762,-0.370364,0.9936,0.37877,-0.241503,-0.364841,0.9874,0.369847,-0.195977,-0.379043,0.991,0.387132,-0.212652,-0.332423,0.9889,0.38342,-0.200902,-0.336912,0.987,0.289366,-0.239784,-0.275973,0.9973,0.259171,-0.1242,-0.304311,0.9934,0.185942,-0.260919,-0.070715,0.3359,0.116799,-0.218213,-0.157462,0.4564,0.084774,-0.187256,-0.071325,0.1746,0.102294,-0.226722,-0.202482,0.274,0.00884,-0.132437,-0.088312,0.1898,0.073693,-0.214752,-0.155701,0.2764,0.016368,-0.128423,-0.09017,0.1886,0.049209,-0.261355,-0.107688,0.2654,-0.04704,-0.131653,-0.201961,0.1688,0.020199,-0.213094,-0.148431,0.2252,0.003389,-0.014576,-0.005753,0.9991,-0.002658,0.013299,0.007475,0.9991,-0.277466,0.079443,0.231182,0.5581,-0.194085,0.102984,0.292857,0.5459,-0.444512,0.180321,0.508423,0.7184,-0.372086,0.208291,0.585887,0.7671,-0.461644,0.197433,0.538239,0.7331,-0.398528,0.226833,0.613773,0.7327,-0.501219,0.221443,0.512141,0.6198,-0.441893,0.233159,0.608364,0.5921
110,3666,0.448556,0.441299,5.6e-05,0.386908,-0.216104,-0.360423,0.9933,0.392698,-0.233851,-0.384562,0.9911,0.393192,-0.233738,-0.383356,0.9913,0.393346,-0.234693,-0.382949,0.9902,0.39195,-0.22194,-0.384685,0.9928,0.392539,-0.221311,-0.385479,0.9939,0.392953,-0.222898,-0.384432,0.9937,0.362315,-0.237347,-0.376512,0.9876,0.356473,-0.195642,-0.389822,0.9912,0.370606,-0.2128,-0.345161,0.989,0.367832,-0.201561,-0.349568,0.9873,0.275379,-0.2364,-0.28117,0.9974,0.251316,-0.127119,-0.309978,0.9935,0.185942,-0.260919,-0.070715,0.3326,0.116799,-0.218213,-0.157462,0.4519,0.084774,-0.187256,-0.071325,0.1735,0.102294,-0.226722,-0.202482,0.271,0.00884,-0.132437,-0.088312,0.1911,0.073693,-0.214752,-0.155701,0.2756,0.016368,-0.128423,-0.09017,0.1899,0.049209,-0.261355,-0.107688,0.2642,-0.04704,-0.131653,-0.201961,0.1695,0.020199,-0.213094,-0.148431,0.2244,0.002925,-0.012976,-0.006512,0.9991,-0.002239,0.011671,0.00825,0.9991,-0.273652,0.074586,0.231391,0.5539,-0.191801,0.098965,0.292477,0.5363,-0.437398,0.172676,0.511816,0.7099,-0.367856,0.200647,0.587913,0.7537,-0.454092,0.189214,0.542019,0.7248,-0.39419,0.219071,0.616371,0.7207,-0.494424,0.21289,0.516632,0.6099,-0.437651,0.22609,0.61163,0.5808
111,3700,0.449487,0.445632,9.6e-05,0.369689,-0.215574,-0.374499,0.9934,0.374831,-0.230976,-0.398819,0.9913,0.375313,-0.230887,-0.397571,0.9915,0.375462,-0.231841,-0.397152,0.9904,0.374847,-0.220061,-0.398741,0.9929,0.375431,-0.219437,-0.399514,0.994,0.375739,-0.221035,-0.398499,0.9938,0.345861,-0.23319,-0.388182,0.9879,0.343099,-0.195307,-0.400602,0.9914,0.35408,-0.212949,-0.357899,0.9892,0.352244,-0.20222,-0.362224,0.9875,0.261392,-0.233016,-0.286368,0.9974,0.243462,-0.130039,-0.315646,0.9936,0.185942,-0.260919,-0.070715,0.3293,0.116799,-0.218213,-0.157462,0.4473,0.084774,-0.187256,-0.071325,0.1724,0.102294,-0.226722,-0.202482,0.268,0.00884,-0.132437,-0.088312,0.1924,0.073693,-0.214752,-0.155701,0.2747,0.016368,-0.128423,-0.09017,0.1913,0.049209,-0.261355,-0.107688,0.2631,-0.04704,-0.131653,-0.201961,0.1701,0.020199,-0.213094,-0.148431,0.2236,0.002461,-0.011376,-0.007271,0.9991,-0.00182,0.010042,0.009025,0.999,-0.269837,0.069729,0.231599,0.5497,-0.189517,0.094946,0.292097,0.5267,-0.430284,0.165032,0.51521,0.7013,-0.363627,0.193003,0.589939,0.7402,-0.446541,0.180995,0.545799,0.7165,-0.389851,0.211308,0.61897,0.7087,-0.487629,0.204337,0.521122,0.6,-0.433409,0.219022,0.614895,0.5696
112,3733,0.450418,0.449965,0.000135,0.352471,-0.215044,-0.388575,0.9935,0.356964,-0.2281,-0.413075,0.9915,0.357435,-0.228035,-0.411786,0.9917,0.357578,-0.228989,-0.411356,0.9905,0.357745,-0.218183,-0.412797,0.9931,0.358323,-0.217563,-0.41355,0.9941,0.358525,-0.219172,-0.412566,0.9939,0.329406,-0.229034,-0.399852,0.9881,0.329725,-0.194972,-0.411381,0.9916,0.337554,-0.213098,-0.370637,0.9894,0.336656,-0.202879,-0.37488,0.9877,0.247406,-0.229632,-0.291566,0.9974,0.235607,-0.132958,-0.321313,0.9937,0.185942,-0.260919,-0.070715,0.3259,0.116799,-0.218213,-0.157462,0.4427,0.084774,-0.187256,-0.071325,0.1712,0.102294,-0.226722,-0.202482,0.265,0.00884,-0.132437,-0.088312,0.1936,0.073693,-0.214752,-0.155701,0.2739,0.016368,-0.128423,-0.09017,0.1927,0.049209,-0.261355,-0.107688,0.262,-0.04704,-0.131653,-0.201961,0.1707,0.020199,-0.213094,-0.148431,0.2228,0.001996,-0.009776,-0.00803,0.9991,-0.001401,0.008414,0.0098,0.999,-0.266022,0.064871,0.231807,0.5455,-0.187233,0.090927,0.291718,0.5171,-0.42317,0.157387,0.518604,0.6927,-0.359398,0.185358,0.591965,0.7267,-0.43899,0.172776,0.549579,0.7081,-0.385513,0.203545,0.621568,0.6967,-0.480834,0.195784,0.525612,0.59,-0.429168,0.211954,0.618161,0.5583
113,3766,0.457326,0.444806,0.0001,0.330048,-0.208571,-0.403721,0.9939,0.333532,-0.2202,-0.428286,0.9921,0.333992,-0.220175,-0.426931,0.9922,0.334097,-0.221133,-0.426517,0.9912,0.334682,-0.211292,-0.427864,0.9935,0.335265,-0.210685,-0.428576,0.9943,0.335357,-0.212287,-0.427637,0.9943,0.307925,-0.221102,-0.412596,0.9888,0.309469,-0.190892,-0.423595,0.992,0.316403,-0.207465,-0.384278,0.9902,0.315875,-0.198196,-0.388557,0.9887,0.231603,-0.222714,-0.298424,0.9976,0.22132,-0.134457,-0.328348,0.9942,0.185942,-0.260919,-0.070715,0.3371,0.116799,-0.218213,-0.157462,0.4232,0.084774,-0.187256,-0.071325,0.185,0.102294,-0.226722,-0.202482,0.2515,0.00884,-0.132437,-0.088312,0.218,0.073693,-0.214752,-0.155701,0.2672,0.016368,-0.128423,-0.09017,0.2172,0.049209,-0.261355,-0.107688,0.2568,-0.04704,-0.131653,-0.201961,0.1933,0.020199,-0.213094,-0.148431,0.2232,0.002577,-0.007908,-0.00884,0.9991,-0.002058,0.006535,0.010629,0.999,-0.256191,0.061993,0.23216,0.5259,-0.187233,0.090927,0.291718,0.4896,-0.406293,0.146908,0.522959,0.6629,-0.355133,0.177643,0.594723,0.6958,-0.420871,0.160785,0.554491,0.6818,-0.380724,0.195533,0.625148,0.6709,-0.465064,0.184425,0.531612,0.5658,-0.42379,0.205037,0.622368,0.5322
114,3800,0.457363,0.441749,4.2e-05,0.307347,-0.202478,-0.401847,0.9943,0.309347,-0.213002,-0.427999,0.9926,0.309828,-0.213014,-0.426681,0.9927,0.309883,-0.213974,-0.426228,0.9917,0.311912,-0.204789,-0.427436,0.9938,0.312499,-0.204187,-0.428157,0.9946,0.312499,-0.205789,-0.427211,0.9945,0.284655,-0.214313,-0.418435,0.9896,0.291846,-0.186913,-0.428829,0.9924,0.294679,-0.202196,-0.384462,0.9909,0.295858,-0.193754,-0.388585,0.9896,0.214542,-0.216333,-0.303657,0.9978,0.2103,-0.13572,-0.334451,0.9947,0.185942,-0.260919,-0.070715,0.3549,0.116799,-0.218213,-0.157462,0.4289,0.084774,-0.187256,-0.071325,0.1944,0.102294,-0.226722,-0.202482,0.2352,0.00884,-0.132437,-0.088312,0.2357,0.073693,-0.214752,-0.155701,0.2538,0.016368,-0.128423,-0.09017,0.2352,0.049209,-0.261355,-0.107688,0.2441,-0.04704,-0.131653,-0.201961,0.2088,0.020199,-0.213094,-0.148431,0.215,0.002796,-0.006403,-0.009202,0.9992,-0.002349,0.005014,0.010988,0.9991,-0.256191,0.061993,0.23216,0.486,-0.187233,0.090927,0.291718,0.4572,-0.393158,0.138032,0.530655,0.632,-0.350258,0.169452,0.595914,0.6622,-0.406424,0.150473,0.563105,0.6601,-0.37542,0.186494,0.627026,0.6468,-0.452127,0.174579,0.540355,0.5339,-0.42379,0.205037,0.622368,0.4975
115,3833,0.458543,0.441436,7.3e-05,0.286812,-0.196687,-0.403468,0.9947,0.287519,-0.205849,-0.430192,0.9931,0.28801,-0.205897,-0.428861,0.9932,0.288031,-0.206857,-0.428403,0.9921,0.291742,-0.198342,-0.429501,0.9941,0.29233,-0.197747,-0.430217,0.9948,0.292251,-0.199355,-0.429252,0.9948,0.26283,-0.206374,-0.425294,0.9903,0.276778,-0.181871,-0.435675,0.9929,0.27449,-0.19689,-0.386395,0.9915,0.277713,-0.189263,-0.390341,0.9904,0.197524,-0.207421,-0.310241,0.9979,0.200818,-0.136211,-0.340336,0.9951,0.185942,-0.260919,-0.070715,0.3532,0.116799,-0.218213,-0.157462,0.4243,0.084774,-0.187256,-0.071325,0.1928,0.102294,-0.226722,-0.202482,0.221,0.00884,-0.132437,-0.088312,0.2426,0.073693,-0.214752,-0.155701,0.2449,0.016368,-0.128423,-0.09017,0.2423,0.049209,-0.261355,-0.107688,0.2355,-0.04704,-0.131653,-0.201961,0.2142,0.020199,-0.213094,-0.148431,0.2095,0.002944,-0.005118,-0.009505,0.9992,-0.002564,0.003687,0.011285,0.9992,-0.256191,0.061993,0.23216,0.4521,-0.187233,0.090927,0.291718,0.4272,-0.382359,0.130358,0.536675,0.6056,-0.346309,0.161107,0.596698,0.6258,-0.394402,0.141597,0.569905,0.6394,-0.371053,0.177489,0.62833,0.616,-0.441406,0.166577,0.547279,0.5023,-0.42379,0.205037,0.622368,0.4604
116,3866,0.458543,0.441436,7.3e-05,0.286812,-0.196687,-0.403468,0.9947,0.287519,-0.205849,-0.430192,0.9931,0.28801,-0.205897,-0.428861,0.9932,0.288031,-0.206857,-0.428403,0.9921,0.291742,-0.198342,-0.429501,0.9941,0.29233,-0.197747,-0.430217,0.9948,0.292251,-0.199355,-0.429252,0.9948,0.26283,-0.206374,-0.425294,0.9903,0.276778,-0.181871,-0.435675,0.9929,0.27449,-0.19689,-0.386395,0.9915,0.277713,-0.189263,-0.390341,0.9904,0.197524,-0.207421,-0.310241,0.9979,0.200818,-0.136211,-0.340336,0.9951,0.185942,-0.260919,-0.070715,0.3532,0.116799,-0.218213,-0.157462,0.4243,0.084774,-0.187256,-0.071325,0.1928,0.102294,-0.226722,-0.202482,0.221,0.00884,-0.132437,-0.088312,0.2426,0.073693,-0.214752,-0.155701,0.2449,0.016368,-0.128423,-0.09017,0.2423,0.049209,-0.261355,-0.107688,0.2355,-0.04704,-0.131653,-0.201961,0.2142,0.020199,-0.213094,-0.148431,0.2095,0.002944,-0.005118,-0.009505,0.9992,-0.002564,0.003687,0.011285,0.9992,-0.256191,0.061993,0.23216,0.4521,-0.187233,0.090927,0.291718,0.4272,-0.382359,0.130358,0.536675,0.6056,-0.346309,0.161107,0.596698,0.6258,-0.394402,0.141597,0.569905,0.6394,-0.371053,0.177489,0.62833,0.616,-0.441406,0.166577,0.547279,0.5023,-0.42379,0.205037,0.622368,0.4604
117,3900,0.458543,0.441436,7.3e-05,0.286812,-0.196687,-0.403468,0.9947,0.287519,-0.205849,-0.430192,0.9931,0.28801,-0.205897,-0.428861,0.9932,0.288031,-0.206857,-0.428403,0.9921,0.291742,-0.198342,-0.429501,0.9941,0.29233,-0.197747,-0.430217,0.9948,0.292251,-0.199355,-0.429252,0.9948,0.26283,-0.206374,-0.425294,0.9903,0.276778,-0.181871,-0.435675,0.9929,0.27449,-0.19689,-0.386395,0.9915,0.277713,-0.189263,-0.390341,0.9904,0.197524,-0.207421,-0.310241,0.9979,0.200818,-0.136211,-0.340336,0.9951,0.185942,-0.260919,-0.070715,0.3532,0.116799,-0.218213,-0.157462,0.4243,0.084774,-0.187256,-0.071325,0.1928,0.102294,-0.226722,-0.202482,0.221,0.00884,-0.132437,-0.088312,0.2426,0.073693,-0.214752,-0.155701,0.2449,0.016368,-0.128423,-0.09017,0.2423,0.049209,-0.261355,-0.107688,0.2355,-0.04704,-0.131653,-0.201961,0.2142,0.020199,-0.213094,-0.148431,0.2095,0.002944,-0.005118,-0.009505,0.9992,-0.002564,0.003687,0.011285,0.9992,-0.256191,0.061993,0.23216,0.4521,-0.187233,0.090927,0.291718,0.4272,-0.382359,0.130358,0.536675,0.6056,-0.346309,0.161107,0.596698,0.6258,-0.394402,0.141597,0.569905,0.6394,-0.371053,0.177489,0.62833,0.616,-0.441406,0.166577,0.547279,0.5023,-0.42379,0.205037,0.622368,0.4604
118,3933,0.458543,0.441436,7.3e-05,0.286812,-0.196687,-0.403468,0.9947,0.287519,-0.205849,-0.430192,0.9931,0.28801,-0.205897,-0.428861,0.9932,0.288031,-0.206857,-0.428403,0.9921,0.291742,-0.198342,-0.429501,0.9941,0.29233,-0.197747,-0.430217,0.9948,0.292251,-0.199355,-0.429252,0.9948,0.26283,-0.206374,-0.425294,0.9903,0.276778,-0.181871,-0.435675,0.9929,0.27449,-0.19689,-0.386395,0.9915,0.277713,-0.189263,-0.390341,0.9904,0.197524,-0.207421,-0.310241,0.9979,0.200818,-0.136211,-0.340336,0.9951,0.185942,-0.260919,-0.070715,0.3532,0.116799,-0.218213,-0.157462,0.4243,0.084774,-0.187256,-0.071325,0.1928,0.102294,-0.226722,-0.202482,0.221,0.00884,-0.132437,-0.088312,0.2426,0.073693,-0.214752,-0.155701,0.2449,0.016368,-0.128423,-0.09017,0.2423,0.049209,-0.261355,-0.107688,0.2355,-0.04704,-0.131653,-0.201961,0.2142,0.020199,-0.213094,-0.148431,0.2095,0.002944,-0.005118,-0.009505,0.9992,-0.002564,0.003687,0.011285,0.9992,-0.256191,0.061993,0.23216,0.4521,-0.187233,0.090927,0.291718,0.4272,-0.382359,0.130358,0.536675,0.6056,-0.346309,0.161107,0.596698,0.6258,-0.394402,0.141597,0.569905,0.6394,-0.371053,0.177489,0.62833,0.616,-0.441406,0.166577,0.547279,0.5023,-0.42379,0.205037,0.622368,0.4604
119,3966,0.458543,0.441436,7.3e-05,0.286812,-0.196687,-0.403468,0.9947,0.287519,-0.205849,-0.430192,0.9931,0.28801,-0.205897,-0.428861,0.9932,0.288031,-0.206857,-0.428403,0.9921,0.291742,-0.198342,-0.429501,0.9941,0.29233,-0.197747,-0.430217,0.9948,0.292251,-0.199355,-0.429252,0.9948,0.26283,-0.206374,-0.425294,0.9903,0.276778,-0.181871,-0.435675,0.9929,0.27449,-0.19689,-0.386395,0.9915,0.277713,-0.189263,-0.390341,0.9904,0.197524,-0.207421,-0.310241,0.9979,0.200818,-0.136211,-0.340336,0.9951,0.185942,-0.260919,-0.070715,0.3532,0.116799,-0.218213,-0.157462,0.4243,0.084774,-0.187256,-0.071325,0.1928,0.102294,-0.226722,-0.202482,0.221,0.00884,-0.132437,-0.088312,0.2426,0.073693,-0.214752,-0.155701,0.2449,0.016368,-0.128423,-0.09017,0.2423,0.049209,-0.261355,-0.107688,0.2355,-0.04704,-0.131653,-0.201961,0.2142,0.020199,-0.213094,-0.148431,0.2095,0.002944,-0.005118,-0.009505,0.9992,-0.002564,0.003687,0.011285,0.9992,-0.256191,0.061993,0.23216,0.4521,-0.187233,0.090927,0.291718,0.4272,-0.382359,0.130358,0.536675,0.6056,-0.346309,0.161107,0.596698,0.6258,-0.394402,0.141597,0.569905,0.6394,-0.371053,0.177489,0.62833,0.616,-0.441406,0.166577,0.547279,0.5023,-0.42379,0.205037,0.622368,0.4604
120,4000,0.458543,0.441436,7.3e-05,0.286812,-0.196687,-0.403468,0.9947,0.287519,-0.205849,-0.430192,0.9931,0.28801,-0.205897,-0.428861,0.9932,0.288031,-0.206857,-0.428403,0.9921,0.291742,-0.198342,-0.429501,0.9941,0.29233,-0.197747,-0.430217,0.9948,0.292251,-0.199355,-0.429252,0.9948,0.26283,-0.206374,-0.425294,0.9903,0.276778,-0.181871,-0.435675,0.9929,0.27449,-0.19689,-0.386395,0.9915,0.277713,-0.189263,-0.390341,0.9904,0.197524,-0.207421,-0.310241,0.9979,0.200818,-0.136211,-0.340336,0.9951,0.185942,-0.260919,-0.070715,0.3532,0.116799,-0.218213,-0.157462,0.4243,0.084774,-0.187256,-0.071325,0.1928,0.102294,-0.226722,-0.202482,0.221,0.00884,-0.132437,-0.088312,0.2426,0.073693,-0.214752,-0.155701,0.2449,0.016368,-0.128423,-0.09017,0.2423,0.049209,-0.261355,-0.107688,0.2355,-0.04704,-0.131653,-0.201961,0.2142,0.020199,-0.213094,-0.148431,0.2095,0.002944,-0.005118,-0.009505,0.9992,-0.002564,0.003687,0.011285,0.9992,-0.256191,0.061993,0.23216,0.4521,-0.187233,0.090927,0.291718,0.4272,-0.382359,0.130358,0.536675,0.6056,-0.346309,0.161107,0.596698,0.6258,-0.394402,0.141597,0.569905,0.6394,-0.371053,0.177489,0.62833,0.616,-0.441406,0.166577,0.547279,0.5023,-0.42379,0.205037,0.622368,0.4604
121,4033,0.458543,0.441436,7.3e-05,0.286812,-0.196687,-0.403468,0.9947,0.287519,-0.205849,-0.430192,0.9931,0.28801,-0.205897,-0.428861,0.9932,0.288031,-0.206857,-0.428403,0.9921,0.291742,-0.198342,-0.429501,0.9941,0.29233,-0.197747,-0.430217,0.9948,0.292251,-0.199355,-0.429252,0.9948,0.26283,-0.206374,-0.425294,0.9903,0.276778,-0.181871,-0.435675,0.9929,0.27449,-0.19689,-0.386395,0.9915,0.277713,-0.189263,-0.390341,0.9904,0.197524,-0.207421,-0.310241,0.9979,0.200818,-0.136211,-0.340336,0.9951,0.185942,-0.260919,-0.070715,0.3532,0.116799,-0.218213,-0.157462,0.4243,0.084774,-0.187256,-0.071325,0.1928,0.102294,-0.226722,-0.202482,0.221,0.00884,-0.132437,-0.088312,0.2426,0.073693,-0.214752,-0.155701,0.2449,0.016368,-0.128423,-0.09017,0.2423,0.049209,-0.261355,-0.107688,0.2355,-0.04704,-0.131653,-0.201961,0.2142,0.020199,-0.213094,-0.148431,0.2095,0.002944,-0.005118,-0.009505,0.9992,-0.002564,0.003687,0.011285,0.9992,-0.256191,0.061993,0.23216,0.4521,-0.187233,0.090927,0.291718,0.4272,-0.382359,0.130358,0.536675,0.6056,-0.346309,0.161107,0.596698,0.6258,-0.394402,0.141597,0.569905,0.6394,-0.371053,0.177489,0.62833,0.616,-0.441406,0.166577,0.547279,0.5023,-0.42379,0.205037,0.622368,0.4604
122,4066,0.458543,0.441436,7.3e-05,0.286812,-0.196687,-0.403468,0.9947,0.287519,-0.205849,-0.430192,0.9931,0.28801,-0.205897,-0.428861,0.9932,0.288031,-0.206857,-0.428403,0.9921,0.291742,-0.198342,-0.429501,0.9941,0.29233,-0.197747,-0.430217,0.9948,0.292251,-0.199355,-0.429252,0.9948,0.26283,-0.206374,-0.425294,0.9903,0.276778,-0.181871,-0.435675,0.9929,0.27449,-0.19689,-0.386395,0.9915,0.277713,-0.189263,-0.390341,0.9904,0.197524,-0.207421,-0.310241,0.9979,0.200818,-0.136211,-0.340336,0.9951,0.185942,-0.260919,-0.070715,0.3532,0.116799,-0.218213,-0.157462,0.4243,0.084774,-0.187256,-0.071325,0.1928,0.102294,-0.226722,-0.202482,0.221,0.00884,-0.132437,-0.088312,0.2426,0.073693,-0.214752,-0.155701,0.2449,0.016368,-0.128423,-0.09017,0.2423,0.049209,-0.261355,-0.107688,0.2355,-0.04704,-0.131653,-0.201961,0.2142,0.020199,-0.213094,-0.148431,0.2095,0.002944,-0.005118,-0.009505,0.9992,-0.002564,0.003687,0.011285,0.9992,-0.256191,0.061993,0.23216,0.4521,-0.187233,0.090927,0.291718,0.4272,-0.382359,0.130358,0.536675,0.6056,-0.346309,0.161107,0.596698,0.6258,-0.394402,0.141597,0.569905,0.6394,-0.371053,0.177489,0.62833,0.616,-0.441406,0.166577,0.547279,0.5023,-0.42379,0.205037,0.622368,0.4604
123,4100,0.458543,0.441436,7.3e-05,0.286812,-0.196687,-0.403468,0.9947,0.287519,-0.205849,-0.430192,0.9931,0.28801,-0.205897,-0.428861,0.9932,0.288031,-0.206857,-0.428403,0.9921,0.291742,-0.198342,-0.429501,0.9941,0.29233,-0.197747,-0.430217,0.9948,0.292251,-0.199355,-0.429252,0.9948,0.26283,-0.206374,-0.425294,0.9903,0.276778,-0.181871,-0.435675,0.9929,0.27449,-0.19689,-0.386395,0.9915,0.277713,-0.189263,-0.390341,0.9904,0.197524,-0.207421,-0.310241,0.9979,0.200818,-0.136211,-0.340336,0.9951,0.185942,-0.260919,-0.070715,0.3532,0.116799,-0.218213,-0.157462,0.4243,0.084774,-0.187256,-0.071325,0.1928,0.102294,-0.226722,-0.202482,0.221,0.00884,-0.132437,-0.088312,0.2426,0.073693,-0.214752,-0.155701,0.2449,0.016368,-0.128423,-0.09017,0.2423,0.049209,-0.261355,-0.107688,0.2355,-0.04704,-0.131653,-0.201961,0.2142,0.020199,-0.213094,-0.148431,0.2095,0.002944,-0.005118,-0.009505,0.9992,-0.002564,0.003687,0.011285,0.9992,-0.256191,0.061993,0.23216,0.4521,-0.187233,0.090927,0.291718,0.4272,-0.382359,0.130358,0.536675,0.6056,-0.346309,0.161107,0.596698,0.6258,-0.394402,0.141597,0.569905,0.6394,-0.371053,0.177489,0.62833,0.616,-0.441406,0.166577,0.547279,0.5023,-0.42379,0.205037,0.622368,0.4604
124,4133,0.458543,0.441436,7.3e-05,0.286812,-0.196687,-0.403468,0.9947,0.287519,-0.205849,-0.430192,0.9931,0.28801,-0.205897,-0.428861,0.9932,0.288031,-0.206857,-0.428403,0.9921,0.291742,-0.198342,-0.429501,0.9941,0.29233,-0.197747,-0.430217,0.9948,0.292251,-0.199355,-0.429252,0.9948,0.26283,-0.206374,-0.425294,0.9903,0.276778,-0.181871,-0.435675,0.9929,0.27449,-0.19689,-0.386395,0.9915,0.277713,-0.189263,-0.390341,0.9904,0.197524,-0.207421,-0.310241,0.9979,0.200818,-0.136211,-0.340336,0.9951,0.185942,-0.260919,-0.070715,0.3532,0.116799,-0.218213,-0.157462,0.4243,0.084774,-0.187256,-0.071325,0.1928,0.102294,-0.226722,-0.202482,0.221,0.00884,-0.132437,-0.088312,0.2426,0.073693,-0.214752,-0.155701,0.2449,0.016368,-0.128423,-0.09017,0.2423,0.049209,-0.261355,-0.107688,0.2355,-0.04704,-0.131653,-0.201961,0.2142,0.020199,-0.213094,-0.148431,0.2095,0.002944,-0.005118,-0.009505,0.9992,-0.002564,0.003687,0.011285,0.9992,-0.256191,0.061993,0.23216,0.4521,-0.187233,0.090927,0.291718,0.4272,-0.382359,0.130358,0.536675,0.6056,-0.346309,0.161107,0.596698,0.6258,-0.394402,0.141597,0.569905,0.6394,-0.371053,0.177489,0.62833,0.616,-0.441406,0.166577,0.547279,0.5023,-0.42379,0.205037,0.622368,0.4604
125,4166,0.458543,0.441436,7.3e-05,0.286812,-0.196687,-0.403468,0.9947,0.287519,-0.205849,-0.430192,0.9931,0.28801,-0.205897,-0.428861,0.9932,0.288031,-0.206857,-0.428403,0.9921,0.291742,-0.198342,-0.429501,0.9941,0.29233,-0.197747,-0.430217,0.9948,0.292251,-0.199355,-0.429252,0.9948,0.26283,-0.206374,-0.425294,0.9903,0.276778,-0.181871,-0.435675,0.9929,0.27449,-0.19689,-0.386395,0.9915,0.277713,-0.189263,-0.390341,0.9904,0.197524,-0.207421,-0.310241,0.9979,0.200818,-0.136211,-0.340336,0.9951,0.185942,-0.260919,-0.070715,0.3532,0.116799,-0.218213,-0.157462,0.4243,0.084774,-0.187256,-0.071325,0.1928,0.102294,-0.226722,-0.202482,0.221,0.00884,-0.132437,-0.088312,0.2426,0.073693,-0.214752,-0.155701,0.2449,0.016368,-0.128423,-0.09017,0.2423,0.049209,-0.261355,-0.107688,0.2355,-0.04704,-0.131653,-0.201961,0.2142,0.020199,-0.213094,-0.148431,0.2095,0.002944,-0.005118,-0.009505,0.9992,-0.002564,0.003687,0.011285,0.9992,-0.256191,0.061993,0.23216,0.4521,-0.187233,0.090927,0.291718,0.4272,-0.382359,0.130358,0.536675,0.6056,-0.346309,0.161107,0.596698,0.6258,-0.394402,0.141597,0.569905,0.6394,-0.371053,0.177489,0.62833,0.616,-0.441406,0.166577,0.547279,0.5023,-0.42379,0.205037,0.622368,0.4604
126,4200,0.458543,0.441436,7.3e-05,0.286812,-0.196687,-0.403468,0.9947,0.287519,-0.205849,-0.430192,0.9931,0.28801,-0.205897,-0.428861,0.9932,0.288031,-0.206857,-0.428403,0.9921,0.291742,-0.198342,-0.429501,0.9941,0.29233,-0.197747,-0.430217,0.9948,0.292251,-0.199355,-0.429252,0.9948,0.26283,-0.206374,-0.425294,0.9903,0.276778,-0.181871,-0.435675,0.9929,0.27449,-0.19689,-0.386395,0.9915,0.277713,-0.189263,-0.390341,0.9904,0.197524,-0.207421,-0.310241,0.9979,0.200818,-0.136211,-0.340336,0.9951,0.185942,-0.260919,-0.070715,0.3532,0.116799,-0.218213,-0.157462,0.4243,0.084774,-0.187256,-0.071325,0.1928,0.102294,-0.226722,-0.202482,0.221,0.00884,-0.132437,-0.088312,0.2426,0.073693,-0.214752,-0.155701,0.2449,0.016368,-0.128423,-0.09017,0.2423,0.049209,-0.261355,-0.107688,0.2355,-0.04704,-0.131653,-0.201961,0.2142,0.020199,-0.213094,-0.148431,0.2095,0.002944,-0.005118,-0.009505,0.9992,-0.002564,0.003687,0.011285,0.9992,-0.256191,0.061993,0.23216,0.4521,-0.187233,0.090927,0.291718,0.4272,-0.382359,0.130358,0.536675,0.6056,-0.346309,0.161107,0.596698,0.6258,-0.394402,0.141597,0.569905,0.6394,-0.371053,0.177489,0.62833,0.616,-0.441406,0.166577,0.547279,0.5023,-0.42379,0.205037,0.622368,0.4604
127,4233,0.458543,0.441436,7.3e-05,0.286812,-0.196687,-0.403468,0.9947,0.287519,-0.205849,-0.430192,0.9931,0.28801,-0.205897,-0.428861,0.9932,0.288031,-0.206857,-0.428403,0.9921,0.291742,-0.198342,-0.429501,0.9941,0.29233,-0.197747,-0.430217,0.9948,0.292251,-0.199355,-0.429252,0.9948,0.26283,-0.206374,-0.425294,0.9903,0.276778,-0.181871,-0.435675,0.9929,0.27449,-0.19689,-0.386395,0.9915,0.277713,-0.189263,-0.390341,0.9904,0.197524,-0.207421,-0.310241,0.9979,0.200818,-0.136211,-0.340336,0.9951,0.185942,-0.260919,-0.070715,0.3532,0.116799,-0.218213,-0.157462,0.4243,0.084774,-0.187256,-0.071325,0.1928,0.102294,-0.226722,-0.202482,0.221,0.00884,-0.132437,-0.088312,0.2426,0.073693,-0.214752,-0.155701,0.2449,0.016368,-0.128423,-0.09017,0.2423,0.049209,-0.261355,-0.107688,0.2355,-0.04704,-0.131653,-0.201961,0.2142,0.020199,-0.213094,-0.148431,0.2095,0.002944,-0.005118,-0.009505,0.9992,-0.002564,0.003687,0.011285,0.9992,-0.256191,0.061993,0.23216,0.4521,-0.187233,0.090927,0.291718,0.4272,-0.382359,0.130358,0.536675,0.6056,-0.346309,0.161107,0.596698,0.6258,-0.394402,0.141597,0.569905,0.6394,-0.371053,0.177489,0.62833,0.616,-0.441406,0.166577,0.547279,0.5023,-0.42379,0.205037,0.622368,0.4604
128,4266,0.458543,0.441436,7.3e-05,0.286812,-0.196687,-0.403468,0.9947,0.287519,-0.205849,-0.430192,0.9931,0.28801,-0.205897,-0.428861,0.9932,0.288031,-0.206857,-0.428403,0.9921,0.291742,-0.198342,-0.429501,0.9941,0.29233,-0.197747,-0.430217,0.9948,0.292251,-0.199355,-0.429252,0.9948,0.26283,-0.206374,-0.425294,0.9903,0.276778,-0.181871,-0.435675,0.9929,0.27449,-0.19689,-0.386395,0.9915,0.277713,-0.189263,-0.390341,0.9904,0.197524,-0.207421,-0.310241,0.9979,0.200818,-0.136211,-0.340336,0.9951,0.185942,-0.260919,-0.070715,0.3532,0.116799,-0.218213,-0.157462,0.4243,0.084774,-0.187256,-0.071325,0.1928,0.102294,-0.226722,-0.202482,0.221,0.00884,-0.132437,-0.088312,0.2426,0.073693,-0.214752,-0.155701,0.2449,0.016368,-0.128423,-0.09017,0.2423,0.049209,-0.261355,-0.107688,0.2355,-0.04704,-0.131653,-0.201961,0.2142,0.020199,-0.213094,-0.148431,0.2095,0.002944,-0.005118,-0.009505,0.9992,-0.002564,0.003687,0.011285,0.9992,-0.256191,0.061993,0.23216,0.4521,-0.187233,0.090927,0.291718,0.4272,-0.382359,0.130358,0.536675,0.6056,-0.346309,0.161107,0.596698,0.6258,-0.394402,0.141597,0.569905,0.6394,-0.371053,0.177489,0.62833,0.616,-0.441406,0.166577,0.547279,0.5023,-0.42379,0.205037,0.622368,0.4604
129,4300,0.458543,0.441436,7.3e-05,0.286812,-0.196687,-0.403468,0.9947,0.287519,-0.205849,-0.430192,0.9931,0.28801,-0.205897,-0.428861,0.9932,0.288031,-0.206857,-0.428403,0.9921,0.291742,-0.198342,-0.429501,0.9941,0.29233,-0.197747,-0.430217,0.9948,0.292251,-0.199355,-0.429252,0.9948,0.26283,-0.206374,-0.425294,0.9903,0.276778,-0.181871,-0.435675,0.9929,0.27449,-0.19689,-0.386395,0.9915,0.277713,-0.189263,-0.390341,0.9904,0.197524,-0.207421,-0.310241,0.9979,0.200818,-0.136211,-0.340336,0.9951,0.185942,-0.260919,-0.070715,0.3532,0.116799,-0.218213,-0.157462,0.4243,0.084774,-0.187256,-0.071325,0.1928,0.102294,-0.226722,-0.202482,0.221,0.00884,-0.132437,-0.088312,0.2426,0.073693,-0.214752,-0.155701,0.2449,0.016368,-0.128423,-0.09017,0.2423,0.049209,-0.261355,-0.107688,0.2355,-0.04704,-0.131653,-0.201961,0.2142,0.020199,-0.213094,-0.148431,0.2095,0.002944,-0.005118,-0.009505,0.9992,-0.002564,0.003687,0.011285,0.9992,-0.256191,0.061993,0.23216,0.4521,-0.187233,0.090927,0.291718,0.4272,-0.382359,0.130358,0.536675,0.6056,-0.346309,0.161107,0.596698,0.6258,-0.394402,0.141597,0.569905,0.6394,-0.371053,0.177489,0.62833,0.616,-0.441406,0.166577,0.547279,0.5023,-0.42379,0.205037,0.622368,0.4604
130,4333,0.458543,0.441436,7.3e-05,0.286812,-0.196687,-0.403468,0.9947,0.287519,-0.205849,-0.430192,0.9931,0.28801,-0.205897,-0.428861,0.9932,0.288031,-0.206857,-0.428403,0.9921,0.291742,-0.198342,-0.429501,0.9941,0.29233,-0.197747,-0.430217,0.9948,0.292251,-0.199355,-0.429252,0.9948,0.26283,-0.206374,-0.425294,0.9903,0.276778,-0.181871,-0.435675,0.9929,0.27449,-0.19689,-0.386395,0.9915,0.277713,-0.189263,-0.390341,0.9904,0.197524,-0.207421,-0.310241,0.9979,0.200818,-0.136211,-0.340336,0.9951,0.185942,-0.260919,-0.070715,0.3532,0.116799,-0.218213,-0.157462,0.4243,0.084774,-0.187256,-0.071325,0.1928,0.102294,-0.226722,-0.202482,0.221,0.00884,-0.132437,-0.088312,0.2426,0.073693,-0.214752,-0.155701,0.2449,0.016368,-0.128423,-0.09017,0.2423,0.049209,-0.261355,-0.107688,0.2355,-0.04704,-0.131653,-0.201961,0.2142,0.020199,-0.213094,-0.148431,0.2095,0.002944,-0.005118,-0.009505,0.9992,-0.002564,0.003687,0.011285,0.9992,-0.256191,0.061993,0.23216,0.4521,-0.187233,0.090927,0.291718,0.4272,-0.382359,0.130358,0.536675,0.6056,-0.346309,0.161107,0.596698,0.6258,-0.394402,0.141597,0.569905,0.6394,-0.371053,0.177489,0.62833,0.616,-0.441406,0.166577,0.547279,0.5023,-0.42379,0.205037,0.622368,0.4604
131,4366,0.458543,0.441436,7.3e-05,0.286812,-0.196687,-0.403468,0.9947,0.287519,-0.205849,-0.430192,0.9931,0.28801,-0.205897,-0.428861,0.9932,0.288031,-0.206857,-0.428403,0.9921,0.291742,-0.198342,-0.429501,0.9941,0.29233,-0.197747,-0.430217,0.9948,0.292251,-0.199355,-0.429252,0.9948,0.26283,-0.206374,-0.425294,0.9903,0.276778,-0.181871,-0.435675,0.9929,0.27449,-0.19689,-0.386395,0.9915,0.277713,-0.189263,-0.390341,0.9904,0.197524,-0.207421,-0.310241,0.9979,0.200818,-0.136211,-0.340336,0.9951,0.185942,-0.260919,-0.070715,0.3532,0.116799,-0.218213,-0.157462,0.4243,0.084774,-0.187256,-0.071325,0.1928,0.102294,-0.226722,-0.202482,0.221,0.00884,-0.132437,-0.088312,0.2426,0.073693,-0.214752,-0.155701,0.2449,0.016368,-0.128423,-0.09017,0.2423,0.049209,-0.261355,-0.107688,0.2355,-0.04704,-0.131653,-0.201961,0.2142,0.020199,-0.213094,-0.148431,0.2095,0.002944,-0.005118,-0.009505,0.9992,-0.002564,0.003687,0.011285,0.9992,-0.256191,0.061993,0.23216,0.4521,-0.187233,0.090927,0.291718,0.4272,-0.382359,0.130358,0.536675,0.6056,-0.346309,0.161107,0.596698,0.6258,-0.394402,0.141597,0.569905,0.6394,-0.371053,0.177489,0.62833,0.616,-0.441406,0.166577,0.547279,0.5023,-0.42379,0.205037,0.622368,0.4604
132,4400,0.458543,0.441436,7.3e-05,0.286812,-0.196687,-0.403468,0.9947,0.287519,-0.205849,-0.430192,0.9931,0.28801,-0.205897,-0.428861,0.9932,0.288031,-0.206857,-0.428403,0.9921,0.291742,-0.198342,-0.429501,0.9941,0.29233,-0.197747,-0.430217,0.9948,0.292251,-0.199355,-0.429252,0.9948,0.26283,-0.206374,-0.425294,0.9903,0.276778,-0.181871,-0.435675,0.9929,0.27449,-0.19689,-0.386395,0.9915,0.277713,-0.189263,-0.390341,0.9904,0.197524,-0.207421,-0.310241,0.9979,0.200818,-0.136211,-0.340336,0.9951,0.185942,-0.260919,-0.070715,0.3532,0.116799,-0.218213,-0.157462,0.4243,0.084774,-0.187256,-0.071325,0.1928,0.102294,-0.226722,-0.202482,0.221,0.00884,-0.132437,-0.088312,0.2426,0.073693,-0.214752,-0.155701,0.2449,0.016368,-0.128423,-0.09017,0.2423,0.049209,-0.261355,-0.107688,0.2355,-0.04704,-0.131653,-0.201961,0.2142,0.020199,-0.213094,-0.148431,0.2095,0.002944,-0.005118,-0.009505,0.9992,-0.002564,0.003687,0.011285,0.9992,-0.256191,0.061993,0.23216,0.4521,-0.187233,0.090927,0.291718,0.4272,-0.382359,0.130358,0.536675,0.6056,-0.346309,0.161107,0.596698,0.6258,-0.394402,0.141597,0.569905,0.6394,-0.371053,0.177489,0.62833,0.616,-0.441406,0.166577,0.547279,0.5023,-0.42379,0.205037,0.622368,0.4604
133,4433,0.458543,0.441436,7.3e-05,0.286812,-0.196687,-0.403468,0.9947,0.287519,-0.205849,-0.430192,0.9931,0.28801,-0.205897,-0.428861,0.9932,0.288031,-0.206857,-0.428403,0.9921,0.291742,-0.198342,-0.429501,0.9941,0.29233,-0.197747,-0.430217,0.9948,0.292251,-0.199355,-0.429252,0.9948,0.26283,-0.206374,-0.425294,0.9903,0.276778,-0.181871,-0.435675,0.9929,0.27449,-0.19689,-0.386395,0.9915,0.277713,-0.189263,-0.390341,0.9904,0.197524,-0.207421,-0.310241,0.9979,0.200818,-0.136211,-0.340336,0.9951,0.185942,-0.260919,-0.070715,0.3532,0.116799,-0.218213,-0.157462,0.4243,0.084774,-0.187256,-0.071325,0.1928,0.102294,-0.226722,-0.202482,0.221,0.00884,-0.132437,-0.088312,0.2426,0.073693,-0.214752,-0.155701,0.2449,0.016368,-0.128423,-0.09017,0.2423,0.049209,-0.261355,-0.107688,0.2355,-0.04704,-0.131653,-0.201961,0.2142,0.020199,-0.213094,-0.148431,0.2095,0.002944,-0.005118,-0.009505,0.9992,-0.002564,0.003687,0.011285,0.9992,-0.256191,0.061993,0.23216,0.4521,-0.187233,0.090927,0.291718,0.4272,-0.382359,0.130358,0.536675,0.6056,-0.346309,0.161107,0.596698,0.6258,-0.394402,0.141597,0.569905,0.6394,-0.371053,0.177489,0.62833,0.616,-0.441406,0.166577,0.547279,0.5023,-0.42379,0.205037,0.622368,0.4604
134,4466,0.432022,0.49343,0.000178,0.196013,-0.160092,-0.422674,0.9932,0.191287,-0.165404,-0.448754,0.9931,0.191823,-0.165538,-0.447525,0.993,0.191805,-0.166416,-0.446688,0.9923,0.195591,-0.156938,-0.446671,0.9941,0.19621,-0.156518,-0.447188,0.9945,0.195664,-0.157961,-0.446569,0.9947,0.170675,-0.163084,-0.448394,0.9909,0.181683,-0.132602,-0.460876,0.9932,0.186489,-0.16152,-0.405281,0.9919,0.188854,-0.151567,-0.411838,0.9909,0.131707,-0.175542,-0.323109,0.998,0.126194,-0.10092,-0.360615,0.9955,0.185942,-0.260919,-0.070715,0.3334,0.116799,-0.218213,-0.157462,0.4074,0.084774,-0.187256,-0.071325,0.1832,0.102294,-0.226722,-0.202482,0.2095,0.00884,-0.132437,-0.088312,0.2274,0.073693,-0.214752,-0.155701,0.2324,0.016368,-0.128423,-0.09017,0.2266,0.049209,-0.261355,-0.107688,0.2242,-0.04704,-0.131653,-0.201961,0.1999,0.020199,-0.213094,-0.148431,0.2009,0.017051,-0.012645,-0.000926,0.9993,-0.016847,0.01109,0.002627,0.9992,-0.256191,0.061993,0.23216,0.4945,-0.187233,0.090927,0.291718,0.4533,-0.255216,0.114867,0.485175,0.5908,-0.224178,0.137751,0.540459,0.6003,-0.255875,0.127323,0.513231,0.6215,-0.248417,0.157026,0.574068,0.5731,-0.307217,0.158601,0.505402,0.523,-0.42379,0.205037,0.622368,0.4674
135,4500,0.430668,0.488513,0.000273,0.186554,-0.153742,-0.438086,0.9936,0.180627,-0.158366,-0.463161,0.9938,0.181165,-0.158503,-0.46188,0.9936,0.181141,-0.159376,-0.4611,0.993,0.18438,-0.148843,-0.461867,0.9946,0.185046,-0.148415,-0.462354,0.995,0.184413,-0.149822,-0.461715,0.9952,0.15714,-0.155572,-0.457702,0.9918,0.167199,-0.119369,-0.47213,0.9938,0.176262,-0.155531,-0.418932,0.9927,0.177728,-0.144083,-0.426277,0.9918,0.12223,-0.170073,-0.329546,0.9982,0.112123,-0.086331,-0.367534,0.9959,0.185942,-0.260919,-0.070715,0.3669,0.116799,-0.218213,-0.157462,0.4362,0.084774,-0.187256,-0.071325,0.2102,0.102294,-0.226722,-0.202482,0.2485,0.00884,-0.132437,-0.088312,0.2464,0.073693,-0.214752,-0.155701,0.2756,0.016368,-0.128423,-0.09017,0.2465,0.049209,-0.261355,-0.107688,0.2691,-0.04704,-0.131653,-0.201961,0.2179,0.020199,-0.213094,-0.148431,0.246,0.019189,-0.015322,0.000363,0.9994,-0.019011,0.01369,0.001336,0.9993,-0.165955,0.051218,0.2342,0.5072,-0.187233,0.090927,0.291718,0.444,-0.227824,0.111451,0.489191,0.5895,-0.194681,0.135849,0.54348,0.5852,-0.225969,0.123503,0.517839,0.6159,-0.219259,0.154857,0.576984,0.5362,-0.277316,0.15569,0.510442,0.5301,-0.42379,0.205037,0.622368,0.4693
136,4533,0.42843,0.492752,0.000269,0.18065,-0.148691,-0.447605,0.994,0.174921,-0.152637,-0.470504,0.9943,0.175439,-0.152776,-0.469187,0.9941,0.175376,-0.15365,-0.46835,0.9936,0.178412,-0.141223,-0.470083,0.995,0.179102,-0.140792,-0.470539,0.9954,0.17842,-0.142167,-0.469875,0.9956,0.14817,-0.149772,-0.460955,0.9924,0.157125,-0.10859,-0.477077,0.9943,0.168893,-0.151031,-0.427423,0.9934,0.169986,-0.13731,-0.435273,0.9924,0.113338,-0.167718,-0.331118,0.9983,0.098133,-0.074482,-0.370857,0.9961,0.185942,-0.260919,-0.070715,0.3382,0.116799,-0.218213,-0.157462,0.4412,0.084774,-0.187256,-0.071325,0.1939,0.102294,-0.226722,-0.202482,0.2688,0.00884,-0.132437,-0.088312,0.227,0.073693,-0.214752,-0.155701,0.295,0.016368,-0.128423,-0.09017,0.2278,0.049209,-0.261355,-0.107688,0.2917,-0.04704,-0.131653,-0.201961,0.2023,0.020199,-0.213094,-0.148431,0.2684,0.022051,-0.018989,0.001588,0.9994,-0.021918,0.017357,0.000113,0.9994,-0.14584,0.048931,0.221541,0.5444,-0.187233,0.090927,0.291718,0.4836,-0.188528,0.109744,0.46847,0.6156,-0.178215,0.137851,0.525156,0.5611,-0.183689,0.12173,0.495691,0.6296,-0.202444,0.155689,0.560494,0.5063,-0.232691,0.153493,0.489681,0.5649,-0.42379,0.205037,0.622368,0.4734
137,4566,0.428239,0.493359,0.000251,0.174676,-0.14101,-0.463003,0.9946,0.168973,-0.145055,-0.484334,0.9948,0.169502,-0.145204,-0.482984,0.9947,0.169428,-0.146079,-0.482122,0.9942,0.171612,-0.132495,-0.484286,0.9955,0.172346,-0.132078,-0.484712,0.9958,0.171621,-0.133418,-0.484028,0.996,0.139491,-0.142574,-0.46863,0.9932,0.145626,-0.097235,-0.484927,0.9949,0.161456,-0.143692,-0.441129,0.994,0.162634,-0.128532,-0.448987,0.9931,0.105754,-0.163742,-0.332868,0.9985,0.084644,-0.062098,-0.374579,0.9961,0.185942,-0.260919,-0.070715,0.3166,0.116799,-0.218213,-0.157462,0.4363,0.084774,-0.187256,-0.071325,0.1858,0.102294,-0.226722,-0.202482,0.2809,0.00884,-0.132437,-0.088312,0.2185,0.073693,-0.214752,-0.155701,0.3103,0.016368,-0.128423,-0.09017,0.2214,0.049209,-0.261355,-0.107688,0.3096,-0.04704,-0.131653,-0.201961,0.1998,0.020199,-0.213094,-0.148431,0.2892,0.02492,-0.022464,0.002746,0.9995,-0.024832,0.020832,-0.001034,0.9995,-0.124583,0.048817,0.210585,0.586,-0.146959,0.143836,0.226864,0.5179,-0.144792,0.111257,0.450707,0.6503,-0.16617,0.140039,0.51241,0.5335,-0.137526,0.123267,0.477035,0.6508,-0.202444,0.155689,0.560494,0.4752,-0.182592,0.153678,0.471029,0.6043,-0.42379,0.205037,0.622368,0.4726
138,4600,0.425363,0.496414,0.000224,0.169775,-0.133631,-0.47944,0.995,0.163514,-0.137988,-0.499583,0.9953,0.164035,-0.138145,-0.498193,0.9952,0.163926,-0.139025,-0.497334,0.9947,0.165367,-0.124465,-0.500184,0.996,0.166132,-0.124053,-0.50059,0.9962,0.165351,-0.125361,-0.499889,0.9964,0.132709,-0.136027,-0.477783,0.9938,0.135029,-0.086427,-0.495476,0.9954,0.15629,-0.136628,-0.455784,0.9946,0.156646,-0.120099,-0.464078,0.9937,0.101453,-0.160022,-0.336749,0.9986,0.072703,-0.049079,-0.381726,0.9963,0.185942,-0.260919,-0.070715,0.3126,0.116799,-0.218213,-0.157462,0.4514,0.084774,-0.187256,-0.071325,0.1769,0.102294,-0.226722,-0.202482,0.2997,0.00884,-0.132437,-0.088312,0.2063,0.073693,-0.214752,-0.155701,0.3279,0.016368,-0.128423,-0.09017,0.2106,0.049209,-0.261355,-0.107688,0.331,-0.04704,-0.131653,-0.201961,0.1921,0.020199,-0.213094,-0.148431,0.3103,0.027653,-0.026252,0.003857,0.9995,-0.027612,0.024605,-0.002126,0.9995,-0.103286,0.047714,0.206613,0.6151,-0.138605,0.15262,0.221299,0.5428,-0.105467,0.104433,0.443031,0.6612,-0.153864,0.142009,0.510039,0.5079,-0.09756,0.115659,0.469055,0.641,-0.202444,0.155689,0.560494,0.4398,-0.137613,0.144327,0.464214,0.6168,-0.42379,0.205037,0.622368,0.4603
139,4633,0.426859,0.500936,0.000308,0.162833,-0.122482,-0.497831,0.9955,0.154636,-0.128064,-0.51649,0.9958,0.155146,-0.128254,-0.515056,0.9957,0.154989,-0.129126,-0.514245,0.9953,0.155078,-0.113338,-0.517902,0.9964,0.155925,-0.112964,-0.518218,0.9966,0.155042,-0.114229,-0.517482,0.9968,0.124418,-0.128986,-0.487724,0.9945,0.120473,-0.073435,-0.507034,0.9959,0.151095,-0.126662,-0.47203,0.9951,0.149407,-0.108297,-0.48098,0.9943,0.101291,-0.156927,-0.340868,0.9987,0.058866,-0.035013,-0.388436,0.9964,0.185942,-0.260919,-0.070715,0.3447,0.116799,-0.218213,-0.157462,0.4695,0.084774,-0.187256,-0.071325,0.2266,0.102294,-0.226722,-0.202482,0.3188,0.00884,-0.132437,-0.088312,0.2567,0.073693,-0.214752,-0.155701,0.3556,0.016368,-0.128423,-0.09017,0.2634,0.049209,-0.261355,-0.107688,0.3596,-0.04704,-0.131653,-0.201961,0.2468,0.020199,-0.213094,-0.148431,0.3401,0.031557,-0.029887,0.004483,0.9996,-0.031555,0.028213,-0.002694,0.9995,-0.08183,0.046465,0.200785,0.6504,-0.129065,0.163241,0.216158,0.5749,-0.067119,0.095098,0.433723,0.6863,-0.13622,0.150875,0.506576,0.5343,-0.058897,0.105526,0.459518,0.6581,-0.202444,0.155689,0.560494,0.4439,-0.094888,0.13237,0.455131,0.6412,-0.42379,0.205037,0.622368,0.4812
140,4666,0.429173,0.503832,0.000295,0.148138,-0.107694,-0.518309,0.996,0.138531,-0.114983,-0.535986,0.9962,0.139032,-0.115179,-0.534506,0.9961,0.138837,-0.116058,-0.533764,0.9957,0.137252,-0.099124,-0.537633,0.9967,0.138158,-0.098765,-0.537885,0.9969,0.137183,-0.099991,-0.537121,0.9971,0.112295,-0.120172,-0.500064,0.995,0.100542,-0.058557,-0.518607,0.9963,0.139476,-0.11323,-0.490107,0.9956,0.135385,-0.093059,-0.498934,0.9949,0.100151,-0.153504,-0.34576,0.9988,0.043016,-0.020144,-0.395038,0.9967,0.185942,-0.260919,-0.070715,0.3811,0.116799,-0.218213,-0.157462,0.4928,0.084774,-0.187256,-0.071325,0.2803,0.102294,-0.226722,-0.202482,0.361,0.00884,-0.132437,-0.088312,0.3092,0.073693,-0.214752,-0.155701,0.399,0.016368,-0.128423,-0.09017,0.3164,0.049209,-0.261355,-0.107688,0.4029,-0.04704,-0.131653,-0.201961,0.3012,0.020199,-0.213094,-0.148431,0.3834,0.03568,-0.033303,0.004774,0.9996,-0.035733,0.031597,-0.002922,0.9996,-0.058806,0.04589,0.197141,0.6809,-0.120453,0.175344,0.213723,0.6082,-0.028217,0.084798,0.431731,0.7012,-0.118205,0.163164,0.506661,0.5556,-0.020242,0.094494,0.45755,0.6647,-0.202444,0.155689,0.560494,0.4445,-0.051718,0.11978,0.45382,0.6596,-0.267542,0.265352,0.606897,0.5061
141,4700,0.432839,0.505871,0.000267,0.130149,-0.090165,-0.533445,0.9964,0.119309,-0.098836,-0.550394,0.9966,0.119807,-0.099042,-0.548881,0.9965,0.119579,-0.099917,-0.548204,0.9962,0.116534,-0.082026,-0.552178,0.9971,0.117485,-0.081696,-0.552393,0.9972,0.11643,-0.082871,-0.551599,0.9974,0.097284,-0.109688,-0.509648,0.9955,0.078905,-0.043056,-0.528756,0.9966,0.124362,-0.09783,-0.50372,0.996,0.118366,-0.076245,-0.512445,0.9954,0.097848,-0.149685,-0.35001,0.999,0.026149,-0.007991,-0.398925,0.997,0.185942,-0.260919,-0.070715,0.4367,0.116799,-0.218213,-0.157462,0.4792,0.084774,-0.187256,-0.071325,0.3484,0.102294,-0.226722,-0.202482,0.362,0.00884,-0.132437,-0.088312,0.3721,0.073693,-0.214752,-0.155701,0.4018,0.016368,-0.128423,-0.09017,0.3789,0.049209,-0.261355,-0.107688,0.4057,-0.04704,-0.131653,-0.201961,0.3641,0.020199,-0.213094,-0.148431,0.389,0.040033,-0.036565,0.004543,0.9997,-0.040149,0.034835,-0.002633,0.9996,-0.035517,0.044821,0.185915,0.7109,-0.115792,0.189538,0.200242,0.6444,0.007779,0.072661,0.416544,0.7199,-0.097959,0.178003,0.489672,0.5825,0.015152,0.081559,0.442512,0.6768,-0.202444,0.155689,0.560494,0.4643,-0.008535,0.105024,0.4386,0.6804,-0.236347,0.277574,0.586639,0.5373
142,4733,0.446424,0.514961,0.000188,0.103737,-0.072149,-0.542128,0.9967,0.092372,-0.08247,-0.559017,0.9969,0.092861,-0.082666,-0.557506,0.9968,0.092593,-0.083558,-0.556873,0.9966,0.087616,-0.06512,-0.559013,0.9974,0.088582,-0.064832,-0.559219,0.9975,0.087453,-0.065963,-0.558432,0.9976,0.07807,-0.099834,-0.517704,0.996,0.050737,-0.03001,-0.529225,0.997,0.102093,-0.082154,-0.512684,0.9964,0.093522,-0.059769,-0.518723,0.9959,0.092536,-0.145553,-0.353632,0.9991,0.003387,0.001697,-0.397874,0.9973,0.185942,-0.260919,-0.070715,0.4841,0.116799,-0.218213,-0.157462,0.458,0.084774,-0.187256,-0.071325,0.4059,0.102294,-0.226722,-0.202482,0.3617,0.00884,-0.132437,-0.088312,0.4197,0.073693,-0.214752,-0.155701,0.3999,0.016368,-0.128423,-0.09017,0.4254,0.049209,-0.261355,-0.107688,0.4046,-0.04704,-0.131653,-0.201961,0.409,0.020199,-0.213094,-0.148431,0.3903,0.044654,-0.039544,0.003701,0.9997,-0.044851,0.037792,-0.001778,0.9997,-0.011493,0.038501,0.176087,0.7198,-0.111673,0.201202,0.182965,0.6765,0.038042,0.060445,0.404646,0.7086,-0.07457,0.198332,0.462703,0.62,0.044869,0.069196,0.43073,0.6731,-0.122559,0.213495,0.483669,0.5057,0.026004,0.092705,0.426391,0.6773,-0.202156,0.296394,0.552735,0.5784
143,4766,0.447847,0.519643,0.00016,0.07355,-0.051733,-0.543066,0.9971,0.061219,-0.062972,-0.561074,0.9972,0.061716,-0.063156,-0.559591,0.9972,0.061393,-0.064083,-0.559005,0.9969,0.055243,-0.046937,-0.558778,0.9976,0.056232,-0.04671,-0.558996,0.9978,0.055038,-0.047802,-0.558208,0.9979,0.055647,-0.085555,-0.525099,0.9964,0.022138,-0.018875,-0.526077,0.9973,0.076183,-0.063419,-0.515841,0.9968,0.065905,-0.042423,-0.518687,0.9963,0.085169,-0.13588,-0.357959,0.9991,-0.018637,0.004916,-0.396539,0.9976,0.159589,-0.210019,-0.121339,0.5296,0.116799,-0.218213,-0.157462,0.4411,0.084774,-0.187256,-0.071325,0.4587,0.102294,-0.226722,-0.202482,0.3468,0.00884,-0.132437,-0.088312,0.4643,0.073693,-0.214752,-0.155701,0.3818,0.016368,-0.128423,-0.09017,0.4682,0.049209,-0.261355,-0.107688,0.3868,-0.04704,-0.131653,-0.201961,0.4465,0.020199,-0.213094,-0.148431,0.3753,0.04914,-0.041789,0.001887,0.9997,-0.049428,0.040019,6e-06,0.9997,0.012008,0.031192,0.172507,0.7365,-0.106077,0.211939,0.165357,0.7079,0.067022,0.043024,0.398177,0.7055,-0.04856,0.222568,0.432789,0.6574,0.074244,0.051278,0.42365,0.6848,-0.096802,0.233892,0.458673,0.5512,0.060038,0.078045,0.416451,0.6859,-0.166286,0.320661,0.513216,0.6194
144,4800,0.446943,0.531259,0.00014,0.04561,-0.030594,-0.542227,0.9973,0.0326,-0.042717,-0.561237,0.9975,0.033099,-0.042884,-0.559804,0.9974,0.032729,-0.043847,-0.559257,0.9972,0.025156,-0.027808,-0.557153,0.9978,0.026152,-0.027621,-0.55743,0.998,0.024879,-0.028666,-0.556629,0.9981,0.034353,-0.071162,-0.530907,0.9967,-0.006118,-0.008238,-0.522084,0.9975,0.051888,-0.044407,-0.516906,0.9971,0.039679,-0.024678,-0.517157,0.9966,0.078062,-0.126426,-0.362443,0.9992,-0.042564,0.005691,-0.394502,0.9978,0.155324,-0.202556,-0.129773,0.5748,0.116799,-0.218213,-0.157462,0.4246,0.099977,-0.141991,-0.07607,0.5085,0.102294,-0.226722,-0.202482,0.334,0.04807,-0.091684,-0.085553,0.5072,0.073693,-0.214752,-0.155701,0.3656,0.044299,-0.090921,-0.089802,0.5102,0.049209,-0.261355,-0.107688,0.3711,-0.04704,-0.131653,-0.201961,0.4871,0.020199,-0.213094,-0.148431,0.3635,0.053614,-0.043616,-0.000419,0.9997,-0.053999,0.041827,0.002263,0.9997,0.036253,0.024125,0.168813,0.7554,-0.101995,0.224321,0.150985,0.7344,0.101697,0.028381,0.390429,0.726,-0.022915,0.245135,0.409547,0.6891,0.110259,0.035974,0.415013,0.7052,-0.070328,0.253295,0.438572,0.5887,0.101852,0.065149,0.404444,0.7085,-0.128044,0.343508,0.480572,0.654
145,4833,0.444799,0.535511,0.00016,0.02231,-0.0163,-0.541905,0.9976,0.008434,-0.028736,-0.561405,0.9978,0.008931,-0.028909,-0.560028,0.9977,0.008545,-0.029867,-0.559523,0.9975,-0.000134,-0.014489,-0.556168,0.998,0.000851,-0.014332,-0.556523,0.9982,-0.000505,-0.015354,-0.555676,0.9982,0.016,-0.0608,-0.534848,0.997,-0.030003,-0.000833,-0.51905,0.9978,0.031799,-0.031461,-0.517755,0.9974,0.018013,-0.012156,-0.516307,0.997,0.07139,-0.119259,-0.3663,0.9993,-0.060729,0.003792,-0.391818,0.9979,0.151273,-0.195744,-0.138501,0.6163,0.116799,-0.218213,-0.157462,0.4089,0.102071,-0.136475,-0.077821,0.557,0.102294,-0.226722,-0.202482,0.3308,0.053867,-0.08714,-0.086027,0.555,0.073693,-0.214752,-0.155701,0.3642,0.048923,-0.086502,-0.090472,0.5576,0.049209,-0.261355,-0.107688,0.3699,0.005409,-0.102901,-0.172257,0.5361,0.020199,-0.213094,-0.148431,0.3654,0.05733,-0.042975,-0.003426,0.9998,-0.057794,0.041166,0.005224,0.9997,0.05347,0.04392,0.16029,0.7775,-0.101113,0.229835,0.144092,0.7431,0.13447,0.056912,0.372806,0.7528,-0.000977,0.241856,0.396793,0.6921,0.144987,0.064485,0.396628,0.732,-0.046562,0.249572,0.42707,0.6013,0.142249,0.097125,0.382169,0.7361,-0.092616,0.338333,0.464812,0.6549
146,4866,0.442223,0.552708,0.000212,-0.00274,-0.006942,-0.542493,0.9978,-0.017584,-0.021202,-0.562052,0.998,-0.017101,-0.021371,-0.560718,0.9979,-0.017468,-0.022284,-0.560254,0.9977,-0.027302,-0.006829,-0.555857,0.9982,-0.026355,-0.006727,-0.556285,0.9983,-0.027756,-0.007739,-0.555405,0.9984,-0.003846,-0.059345,-0.536887,0.9973,-0.054903,0.00112,-0.514597,0.998,0.010449,-0.024388,-0.519001,0.9976,-0.004781,-0.004818,-0.516075,0.9972,0.064489,-0.122299,-0.36959,0.9994,-0.080754,0.002403,-0.386517,0.9979,0.147287,-0.195862,-0.15116,0.6535,0.116799,-0.218213,-0.157462,0.386,0.10181,-0.135818,-0.088337,0.6006,0.102294,-0.226722,-0.202482,0.3331,0.057454,-0.0873,-0.096131,0.598,0.073693,-0.214752,-0.155701,0.368,0.050212,-0.085975,-0.101085,0.6003,0.049209,-0.261355,-0.107688,0.3756,0.009943,-0.103414,-0.176676,0.5802,0.020199,-0.213094,-0.148431,0.3753,0.060894,-0.042541,-0.006757,0.9998,-0.061435,0.040704,0.008488,0.9997,0.069848,0.053151,0.140177,0.796,-0.105987,0.234408,0.137443,0.7516,0.17046,0.070059,0.342636,0.7762,0.013414,0.23931,0.385077,0.6857,0.183473,0.077468,0.365829,0.7553,-0.027808,0.246596,0.416131,0.6091,0.189552,0.111779,0.344418,0.7606,-0.06313,0.334899,0.449645,0.6489
147,4900,0.442247,0.555848,0.000219,-0.027606,0.001649,-0.543261,0.998,-0.042911,-0.014045,-0.563624,0.9982,-0.042437,-0.014219,-0.562386,0.9981,-0.042793,-0.015087,-0.561984,0.9979,-0.053742,0.000178,-0.555842,0.9984,-0.052846,0.000234,-0.55625,0.9985,-0.054321,-0.000761,-0.555371,0.9985,-0.023343,-0.057483,-0.54013,0.9976,-0.079432,0.002507,-0.511671,0.9982,-0.011255,-0.01757,-0.520927,0.9979,-0.027902,0.001895,-0.516432,0.9975,0.05779,-0.125001,-0.373395,0.9994,-0.101418,0.001901,-0.382832,0.9981,0.144142,-0.196994,-0.164994,0.6865,0.116799,-0.218213,-0.157462,0.3645,0.100622,-0.135676,-0.098659,0.635,0.102294,-0.226722,-0.202482,0.3352,0.059668,-0.08798,-0.105369,0.6273,0.073693,-0.214752,-0.155701,0.3703,0.050381,-0.085825,-0.110686,0.6295,0.049209,-0.261355,-0.107688,0.3797,0.013742,-0.104366,-0.180562,0.6079,0.020199,-0.213094,-0.148431,0.3791,0.064293,-0.042215,-0.010106,0.9998,-0.064903,0.04037,0.011764,0.9997,0.0931,0.062066,0.129575,0.8113,-0.109005,0.238778,0.142024,0.7461,0.213372,0.079782,0.324192,0.7967,0.021389,0.236982,0.389451,0.6791,0.22851,0.086607,0.347189,0.7754,-0.015166,0.243786,0.419715,0.6144,0.24485,0.12185,0.312834,0.7804,-0.042131,0.332454,0.450944,0.6323
148,4933,0.446907,0.564592,0.000212,-0.056923,0.009018,-0.541123,0.9982,-0.07315,-0.008594,-0.562349,0.9983,-0.07268,-0.008761,-0.561185,0.9983,-0.07305,-0.00958,-0.560809,0.9981,-0.084478,0.00538,-0.552577,0.9985,-0.083657,0.005389,-0.553065,0.9986,-0.085191,0.004461,-0.552176,0.9987,-0.048669,-0.058539,-0.542136,0.9978,-0.106763,0.000477,-0.504585,0.9984,-0.037648,-0.012618,-0.520547,0.9981,-0.054761,0.006443,-0.513266,0.9977,0.047789,-0.131256,-0.376534,0.9995,-0.123438,0.001624,-0.377886,0.9982,0.140868,-0.201175,-0.176574,0.7174,0.116799,-0.218213,-0.157462,0.344,0.098569,-0.136475,-0.104402,0.6671,0.102294,-0.226722,-0.202482,0.3245,0.060872,-0.089097,-0.109888,0.6518,0.073693,-0.214752,-0.155701,0.354,0.049423,-0.086162,-0.115565,0.6539,0.049209,-0.261355,-0.107688,0.3652,0.016722,-0.106152,-0.180007,0.6289,0.020199,-0.213094,-0.148431,0.366,0.066838,-0.043852,-0.012998,0.9998,-0.067531,0.042122,0.014579,0.9998,0.122451,0.054627,0.120151,0.8285,-0.102164,0.244309,0.143308,0.7634,0.268386,0.06299,0.307715,0.8163,0.043306,0.243896,0.39001,0.7067,0.286233,0.068663,0.329843,0.7938,0.010754,0.25021,0.41968,0.6426,0.312945,0.100239,0.288897,0.8006,-0.007808,0.341185,0.445715,0.659
149,4966,0.451435,0.576235,9.9e-05,-0.084761,0.013949,-0.53417,0.9983,-0.102407,-0.004922,-0.555897,0.9984,-0.101933,-0.005093,-0.554803,0.9984,-0.102346,-0.005847,-0.554427,0.9982,-0.113282,0.00951,-0.544885,0.9986,-0.11254,0.009477,-0.545457,0.9986,-0.114146,0.008634,-0.544573,0.9987,-0.077202,-0.06158,-0.538208,0.998,-0.133098,-0.000447,-0.494276,0.9985,-0.064276,-0.010756,-0.515037,0.9982,-0.080578,0.008966,-0.505688,0.9979,0.031207,-0.143051,-0.373746,0.9995,-0.14574,0.002762,-0.372893,0.9984,0.133028,-0.212984,-0.186906,0.7441,0.116799,-0.218213,-0.157462,0.3876,0.093425,-0.141067,-0.109714,0.6873,0.102294,-0.226722,-0.202482,0.3653,0.059716,-0.093008,-0.11323,0.6535,0.073693,-0.214752,-0.155701,0.3736,0.046431,-0.088859,-0.117845,0.6572,0.049209,-0.261355,-0.107688,0.3862,0.017071,-0.111008,-0.178453,0.6271,0.020199,-0.213094,-0.148431,0.3861,0.068372,-0.047054,-0.015463,0.9998,-0.069147,0.045507,0.016999,0.9997,0.156991,0.045646,0.111709,0.8416,-0.090762,0.247926,0.142551,0.7651,0.328351,0.043142,0.294439,0.8326,0.065284,0.250764,0.387683,0.7231,0.348002,0.047819,0.315977,0.8025,0.036453,0.256816,0.417056,0.6567,0.385079,0.076413,0.270145,0.8158,0.026499,0.349668,0.439002,0.6747
150,5000,0.469527,0.570996,0.000105,-0.116251,0.023622,-0.515304,0.9984,-0.135978,0.005372,-0.538567,0.9986,-0.135498,0.005132,-0.537561,0.9985,-0.135955,0.004474,-0.537171,0.9983,-0.146074,0.019536,-0.525731,0.9987,-0.145439,0.019483,-0.526391,0.9987,-0.147101,0.018745,-0.525523,0.9988,-0.112835,-0.059399,-0.526662,0.9982,-0.165783,0.001387,-0.47506,0.9986,-0.095716,-0.004875,-0.498708,0.9984,-0.110874,0.014736,-0.486619,0.9981,0.007316,-0.151539,-0.36494,0.9996,-0.176042,0.006576,-0.360207,0.9986,0.121668,-0.219592,-0.197104,0.7667,0.116799,-0.218213,-0.157462,0.4414,0.083884,-0.143426,-0.125315,0.6951,0.102294,-0.226722,-0.202482,0.4182,0.053868,-0.096483,-0.12793,0.6493,0.073693,-0.214752,-0.155701,0.4128,0.037552,-0.089852,-0.13208,0.6544,0.049209,-0.261355,-0.107688,0.4256,0.012836,-0.114388,-0.18645,0.6158,0.020199,-0.213094,-0.148431,0.4237,0.06937,-0.050906,-0.017662,0.9998,-0.0702,0.049521,0.019164,0.9998,0.191538,0.038749,0.103909,0.857,-0.074712,0.251657,0.149039,0.7806,0.387627,0.028735,0.278709,0.8491,0.087904,0.261448,0.394049,0.7466,0.408898,0.032723,0.299415,0.8173,0.062646,0.267408,0.422193,0.6793,0.456054,0.06062,0.245747,0.8335,0.06097,0.362159,0.438241,0.7014
151,5033,0.467182,0.570546,4e-05,-0.142281,0.035865,-0.501411,0.9986,-0.163007,0.018318,-0.525779,0.9987,-0.162568,0.018029,-0.52485,0.9986,-0.16305,0.017447,-0.524425,0.9985,-0.17292,0.032043,-0.511317,0.9988,-0.172399,0.031978,-0.512088,0.9989,-0.174074,0.031352,-0.511167,0.9989,-0.143451,-0.052659,-0.51762,0.9984,-0.195745,0.007176,-0.459717,0.9988,-0.123078,0.004717,-0.486463,0.9985,-0.137702,0.024028,-0.472026,0.9983,-0.018311,-0.156891,-0.359138,0.9996,-0.208089,0.011811,-0.350016,0.9987,0.110445,-0.22423,-0.215068,0.7899,0.116799,-0.218213,-0.157462,0.4943,0.074472,-0.141967,-0.15672,0.7239,0.102294,-0.226722,-0.202482,0.4685,0.048079,-0.094312,-0.159484,0.6802,0.073693,-0.214752,-0.155701,0.456,0.027992,-0.085821,-0.162938,0.6845,0.049209,-0.261355,-0.107688,0.4681,0.008048,-0.11354,-0.208622,0.6455,0.020199,-0.213094,-0.148431,0.4655,0.070016,-0.054151,-0.019842,0.9998,-0.070896,0.052906,0.021273,0.9998,0.221674,0.033466,0.086117,0.8712,-0.059886,0.256597,0.151721,0.797,0.443634,0.018891,0.241246,0.8641,0.114098,0.274367,0.395915,0.7684,0.466821,0.022339,0.260283,0.8329,0.092347,0.280236,0.423978,0.6991,0.516206,0.048584,0.196555,0.8499,0.096674,0.376506,0.436797,0.7271
152,5066,0.465397,0.570166,0.00016,-0.164854,0.049217,-0.490913,0.9987,-0.186325,0.032374,-0.516067,0.9988,-0.185948,0.032054,-0.515209,0.9988,-0.186443,0.031557,-0.51476,0.9986,-0.196154,0.045843,-0.500017,0.9989,-0.195769,0.045752,-0.500867,0.999,-0.197443,0.045259,-0.499885,0.999,-0.170769,-0.043439,-0.511036,0.9985,-0.223105,0.016287,-0.446968,0.9989,-0.147399,0.016045,-0.477464,0.9987,-0.161772,0.035111,-0.460779,0.9984,-0.042557,-0.159466,-0.355087,0.9997,-0.237101,0.019219,-0.340283,0.9988,0.099459,-0.226335,-0.227978,0.8105,-0.043143,-0.068803,-0.173421,0.5281,0.062649,-0.136122,-0.171907,0.748,0.102294,-0.226722,-0.202482,0.4853,0.039105,-0.088887,-0.173871,0.7023,0.073693,-0.214752,-0.155701,0.4613,0.015893,-0.079801,-0.177074,0.7063,0.049209,-0.261355,-0.107688,0.4741,0.001045,-0.109308,-0.217202,0.6653,0.020199,-0.213094,-0.148431,0.4737,0.070435,-0.056866,-0.022701,0.9998,-0.071365,0.055744,0.024016,0.9998,0.248815,0.03129,0.067613,0.884,-0.047804,0.264696,0.151461,0.8128,0.494515,0.018065,0.202563,0.8776,0.140467,0.286336,0.393016,0.7876,0.519753,0.02153,0.219795,0.8479,0.122704,0.291971,0.420599,0.7189,0.569022,0.050557,0.148474,0.8647,0.132565,0.390372,0.429823,0.7493
153,5100,0.463412,0.572673,0.000156,-0.187227,0.06274,-0.476277,0.9988,-0.209568,0.046749,-0.501967,0.9989,-0.209259,0.046403,-0.501188,0.9989,-0.209768,0.046003,-0.500712,0.9988,-0.219167,0.059966,-0.484182,0.999,-0.218915,0.059848,-0.48508,0.999,-0.220585,0.059507,-0.484057,0.9991,-0.198366,-0.032719,-0.500455,0.9986,-0.250279,0.02716,-0.429339,0.999,-0.171701,0.027983,-0.464598,0.9988,-0.185732,0.046808,-0.445451,0.9986,-0.067453,-0.159354,-0.350189,0.9997,-0.264329,0.028364,-0.32597,0.9989,0.087067,-0.224093,-0.234593,0.8285,-0.064784,-0.047761,-0.17066,0.5538,0.050303,-0.126814,-0.179275,0.7665,0.102294,-0.226722,-0.202482,0.493,0.029623,-0.080659,-0.180639,0.7172,0.073693,-0.214752,-0.155701,0.4588,0.003661,-0.071571,-0.183717,0.7205,0.049209,-0.261355,-0.107688,0.4718,-0.006478,-0.102278,-0.219436,0.6762,0.020199,-0.213094,-0.148431,0.4733,0.070621,-0.059261,-0.026053,0.9998,-0.071603,0.058275,0.027263,0.9997,0.27014,0.033753,0.048303,0.8952,-0.037897,0.272344,0.140709,0.8235,0.531225,0.026431,0.168443,0.8896,0.165036,0.296997,0.379126,0.8006,0.558285,0.030031,0.184281,0.8587,0.151614,0.302906,0.407031,0.7327,0.607612,0.064554,0.107506,0.8774,0.167579,0.401061,0.411314,0.7657
154,5133,0.465953,0.573468,0.000202,-0.209329,0.075376,-0.464021,0.9989,-0.232804,0.059737,-0.490042,0.9989,-0.232561,0.059391,-0.489324,0.9989,-0.233081,0.059086,-0.488836,0.9988,-0.242515,0.072586,-0.470585,0.999,-0.242374,0.072434,-0.471506,0.9989,-0.24405,0.072244,-0.470447,0.999,-0.224116,-0.022821,-0.491608,0.9987,-0.276818,0.036571,-0.413765,0.9989,-0.194628,0.039491,-0.454016,0.9989,-0.208749,0.057911,-0.432657,0.9986,-0.089949,-0.155262,-0.346872,0.9997,-0.288161,0.03557,-0.311548,0.999,0.073758,-0.216179,-0.240128,0.8419,-0.082328,-0.032603,-0.164084,0.5181,0.034244,-0.113269,-0.179941,0.7745,0.102294,-0.226722,-0.202482,0.454,0.015718,-0.068635,-0.179727,0.723,0.073693,-0.214752,-0.155701,0.4231,-0.011822,-0.059936,-0.182471,0.7257,0.049209,-0.261355,-0.107688,0.4351,-0.017404,-0.091598,-0.216396,0.675,0.020199,-0.213094,-0.148431,0.4383,0.070518,-0.061197,-0.029446,0.9998,-0.071553,0.060307,0.030562,0.9996,0.286973,0.043263,0.027799,0.9053,-0.030755,0.278549,0.13264,0.8266,0.560806,0.044108,0.130759,0.9005,0.185066,0.299869,0.36916,0.8038,0.589648,0.047792,0.144965,0.8711,0.17591,0.305722,0.397113,0.7377,0.638208,0.08814,0.064125,0.8893,0.19713,0.405946,0.396664,0.7744
155,5166,0.466317,0.572739,0.0001,-0.234505,0.089053,-0.443306,0.9989,-0.25824,0.076041,-0.469752,0.999,-0.258046,0.075676,-0.469136,0.999,-0.258592,0.075477,-0.468639,0.9989,-0.268104,0.086887,-0.449064,0.999,-0.268054,0.08668,-0.45001,0.999,-0.269732,0.086646,-0.448956,0.999,-0.248788,-0.0044,-0.478338,0.9988,-0.302781,0.047642,-0.395579,0.999,-0.219573,0.053166,-0.436729,0.999,-0.234009,0.069395,-0.413764,0.9986,-0.109301,-0.139168,-0.344394,0.9997,-0.309001,0.037642,-0.294048,0.999,0.062691,-0.191218,-0.24436,0.8499,-0.082328,-0.032603,-0.164084,0.4699,0.015383,-0.08914,-0.180363,0.7878,0.102294,-0.226722,-0.202482,0.415,-0.002461,-0.047696,-0.179008,0.7387,0.073693,-0.214752,-0.155701,0.3882,-0.032171,-0.040299,-0.181506,0.742,0.049209,-0.261355,-0.107688,0.3993,-0.031785,-0.072166,-0.213691,0.6907,0.020199,-0.213094,-0.148431,0.4031,0.070355,-0.061488,-0.033195,0.9998,-0.071438,0.060713,0.034251,0.9995,0.30133,0.059598,0.01337,0.9137,-0.025245,0.287433,0.120086,0.8246,0.583361,0.071483,0.109323,0.9099,0.202473,0.302577,0.353537,0.8042,0.61369,0.074902,0.122437,0.8799,0.197346,0.308351,0.381761,0.739,0.665825,0.121104,0.038302,0.8996,0.227137,0.409355,0.376345,0.782
156,5200,0.464949,0.575398,0.000136,-0.262762,0.101652,-0.423189,0.999,-0.286035,0.090274,-0.450316,0.9991,-0.285902,0.089905,-0.449769,0.999,-0.28646,0.089797,-0.449283,0.999,-0.296175,0.099056,-0.428467,0.999,-0.296212,0.098805,-0.429442,0.9989,-0.29789,0.098906,-0.428375,0.999,-0.272577,0.012249,-0.466122,0.9988,-0.327946,0.0568,-0.378629,0.9989,-0.246457,0.066475,-0.419886,0.999,-0.26123,0.080356,-0.395306,0.9987,-0.126024,-0.121252,-0.342408,0.9998,-0.33362,0.03674,-0.277597,0.999,0.051605,-0.163959,-0.248379,0.8491,-0.082328,-0.032603,-0.164084,0.426,-0.005535,-0.062602,-0.182965,0.7965,0.102294,-0.226722,-0.202482,0.3858,-0.022102,-0.024774,-0.182976,0.751,0.073693,-0.214752,-0.155701,0.3661,-0.054267,-0.018658,-0.186301,0.7553,0.049209,-0.261355,-0.107688,0.3771,-0.048489,-0.050217,-0.213727,0.7046,0.020199,-0.213094,-0.148431,0.3829,0.070503,-0.06093,-0.037389,0.9998,-0.07164,0.060278,0.038392,0.9995,0.315506,0.080279,-0.001101,0.9216,-0.019638,0.294681,0.110157,0.8185,0.602602,0.103393,0.09312,0.9186,0.218128,0.305174,0.339389,0.808,0.634759,0.106495,0.103415,0.8902,0.216767,0.310679,0.368401,0.7456,0.69264,0.15502,0.025259,0.9089,0.255166,0.410363,0.360355,0.7886
157,5233,0.461353,0.578932,9.7e-05,-0.283745,0.112719,-0.409003,0.999,-0.306347,0.103127,-0.436804,0.9991,-0.306276,0.102752,-0.436311,0.999,-0.306834,0.102724,-0.435825,0.999,-0.316837,0.10993,-0.414202,0.9988,-0.31694,0.109656,-0.415211,0.9987,-0.318616,0.109877,-0.414121,0.9988,-0.289954,0.028589,-0.458024,0.9988,-0.34689,0.065481,-0.3676,0.9986,-0.266695,0.07859,-0.40822,0.9991,-0.281845,0.090211,-0.382544,0.9987,-0.139484,-0.102965,-0.344416,0.9998,-0.354972,0.036232,-0.2667,0.999,0.041336,-0.13525,-0.263144,0.8477,-0.082328,-0.032603,-0.164084,0.3894,-0.024353,-0.035186,-0.206395,0.8087,0.102294,-0.226722,-0.202482,0.3727,-0.039635,-0.000634,-0.208209,0.7677,0.073693,-0.214752,-0.155701,0.3586,-0.073242,0.005288,-0.212407,0.7724,0.049209,-0.261355,-0.107688,0.3698,-0.063564,-0.026415,-0.232401,0.7236,0.020199,-0.213094,-0.148431,0.3767,0.070675,-0.060407,-0.041348,0.9998,-0.071862,0.059858,0.042312,0.9995,0.328863,0.095768,-0.013233,0.929,-0.008403,0.300804,0.103752,0.819,0.618287,0.130985,0.080134,0.9265,0.234044,0.305134,0.343243,0.8113,0.652181,0.134218,0.088452,0.8997,0.235654,0.310056,0.372315,0.7499,0.716318,0.184639,0.018105,0.9174,0.282483,0.407156,0.364175,0.7898
158,5266,0.460054,0.58053,0.000143,-0.299802,0.121073,-0.398243,0.9989,-0.321976,0.113061,-0.426663,0.999,-0.321961,0.112687,-0.426199,0.999,-0.322504,0.112726,-0.425701,0.999,-0.332621,0.118332,-0.403537,0.9985,-0.332772,0.118051,-0.40458,0.9983,-0.334435,0.118362,-0.403478,0.9984,-0.304027,0.041689,-0.452055,0.9987,-0.361765,0.072409,-0.359585,0.9981,-0.282575,0.087763,-0.399373,0.9991,-0.297802,0.097729,-0.372932,0.9986,-0.152961,-0.086614,-0.349108,0.9998,-0.372053,0.036348,-0.258209,0.999,0.029976,-0.106333,-0.283026,0.8515,-0.082328,-0.032603,-0.164084,0.3585,-0.043276,-0.006098,-0.239854,0.8234,0.102294,-0.226722,-0.202482,0.377,-0.05738,0.025629,-0.244066,0.7862,0.073693,-0.214752,-0.155701,0.3692,-0.091797,0.031502,-0.249468,0.791,0.049209,-0.261355,-0.107688,0.38,-0.078935,-0.000421,-0.260746,0.7446,0.020199,-0.213094,-0.148431,0.3866,0.070733,-0.059831,-0.045505,0.9999,-0.071967,0.059385,0.046452,0.9995,0.340308,0.109864,-0.02631,0.9358,0.001258,0.304429,0.106038,0.816,0.631697,0.155774,0.066525,0.9337,0.2477,0.30244,0.355372,0.8129,0.666902,0.159309,0.074526,0.9089,0.252143,0.307073,0.383712,0.7525,0.735698,0.21154,0.007457,0.9253,0.304985,0.402475,0.377028,0.7883
159,5300,0.459749,0.581655,0.00012,-0.321425,0.128087,-0.385298,0.999,-0.343249,0.120923,-0.413944,0.999,-0.343282,0.12055,-0.41351,0.999,-0.343806,0.120638,-0.413009,0.999,-0.353888,0.12511,-0.390206,0.9984,-0.354103,0.124824,-0.391292,0.9981,-0.355746,0.125202,-0.390167,0.9983,-0.321253,0.051599,-0.443233,0.9986,-0.379141,0.078122,-0.348594,0.998,-0.30265,0.095746,-0.388171,0.9992,-0.31784,0.104297,-0.360909,0.9986,-0.166388,-0.071851,-0.352458,0.9998,-0.388456,0.03655,-0.245834,0.999,0.017255,-0.080869,-0.296811,0.8536,-0.082328,-0.032603,-0.164084,0.3285,-0.063909,0.020581,-0.263478,0.8351,0.102294,-0.226722,-0.202482,0.38,-0.077674,0.049937,-0.270269,0.8004,0.073693,-0.214752,-0.155701,0.3776,-0.113135,0.055853,-0.276246,0.8053,0.049209,-0.261355,-0.107688,0.3888,-0.096343,0.024007,-0.28071,0.7602,0.020199,-0.213094,-0.148431,0.396,0.070781,-0.058799,-0.049443,0.9999,-0.072056,0.058461,0.050371,0.9995,0.350365,0.124026,-0.043172,0.9418,0.007819,0.306847,0.105448,0.8055,0.644051,0.175817,0.045226,0.9401,0.259613,0.299277,0.359059,0.8129,0.680173,0.17933,0.053122,0.9167,0.266886,0.303614,0.386737,0.754,0.753296,0.232331,-0.013127,0.932,0.324418,0.396773,0.379494,0.7889
160,5333,0.459562,0.583191,0.000127,-0.340041,0.13263,-0.377656,0.9989,-0.361457,0.125736,-0.405648,0.999,-0.361534,0.125387,-0.405208,0.999,-0.362045,0.125534,-0.404652,0.999,-0.371775,0.12894,-0.381532,0.9982,-0.372035,0.128652,-0.382633,0.9979,-0.373656,0.12913,-0.381523,0.9981,-0.335333,0.059762,-0.43636,0.9984,-0.392147,0.08186,-0.341208,0.9976,-0.319709,0.102239,-0.381231,0.9991,-0.334444,0.109329,-0.35371,0.9985,-0.176371,-0.060927,-0.356195,0.9998,-0.400479,0.036997,-0.237379,0.9989,0.00754,-0.058653,-0.307705,0.8475,-0.082328,-0.032603,-0.164084,0.307,-0.082663,0.042924,-0.279639,0.8427,0.102294,-0.226722,-0.202482,0.3963,-0.09704,0.070184,-0.288401,0.8118,0.073693,-0.214752,-0.155701,0.3983,-0.133329,0.075487,-0.294758,0.8173,0.049209,-0.261355,-0.107688,0.4107,-0.112673,0.044636,-0.294405,0.7733,0.020199,-0.213094,-0.148431,0.418,0.070821,-0.057691,-0.052849,0.9999,-0.072131,0.057434,0.053766,0.9995,0.357781,0.136362,-0.055672,0.9471,0.012892,0.306493,0.110719,0.7838,0.652297,0.188839,0.03123,0.9459,0.264777,0.290425,0.371675,0.7849,0.688895,0.19225,0.039311,0.9233,0.274226,0.294437,0.398805,0.7279,0.76735,0.245836,-0.029384,0.938,0.337023,0.383611,0.395126,0.7611
161,5366,0.459676,0.584112,9.4e-05,-0.355055,0.134046,-0.379028,0.9987,-0.376291,0.127068,-0.406524,0.9988,-0.376405,0.126738,-0.406066,0.9988,-0.376921,0.126954,-0.405476,0.9989,-0.386546,0.129687,-0.382237,0.9977,-0.386815,0.12939,-0.383336,0.997,-0.38842,0.12998,-0.382232,0.9974,-0.347057,0.063787,-0.43637,0.9977,-0.403233,0.083388,-0.341518,0.9956,-0.333552,0.10556,-0.382292,0.9989,-0.348035,0.111827,-0.354755,0.9977,-0.184127,-0.052598,-0.361445,0.9998,-0.411855,0.037412,-0.233583,0.9986,-0.000177,-0.039402,-0.316273,0.8316,-0.082328,-0.032603,-0.164084,0.2825,-0.099428,0.061226,-0.293363,0.8401,0.102294,-0.226722,-0.202482,0.3895,-0.114286,0.086611,-0.30384,0.8121,0.073693,-0.214752,-0.155701,0.396,-0.150776,0.090808,-0.310718,0.819,0.049209,-0.261355,-0.107688,0.4083,-0.127283,0.061533,-0.3061,0.774,0.020199,-0.213094,-0.148431,0.4152,0.070859,-0.056753,-0.055937,0.9999,-0.0722,0.056562,0.056854,0.9995,0.361415,0.145741,-0.066309,0.9517,0.017546,0.305151,0.124211,0.754,0.655426,0.199972,0.020379,0.9509,0.268355,0.277976,0.396125,0.7528,0.692457,0.202516,0.028081,0.9282,0.279781,0.281718,0.422197,0.6954,0.776696,0.256089,-0.035299,0.9434,0.347849,0.366848,0.42448,0.7368
162,5400,0.46005,0.583559,8.7e-05,-0.373968,0.133949,-0.377815,0.9986,-0.395048,0.126528,-0.404754,0.9988,-0.395186,0.126209,-0.404266,0.9987,-0.395689,0.126472,-0.403656,0.9989,-0.405052,0.128477,-0.38025,0.9976,-0.405329,0.128194,-0.381369,0.9969,-0.406906,0.128846,-0.380275,0.9973,-0.362193,0.065465,-0.434109,0.9975,-0.417024,0.082143,-0.339857,0.9953,-0.350911,0.107415,-0.380876,0.9988,-0.364946,0.11275,-0.353413,0.9976,-0.194035,-0.045008,-0.365514,0.9998,-0.423165,0.037736,-0.228611,0.9985,-0.009093,-0.022133,-0.326125,0.8241,-0.082328,-0.032603,-0.164084,0.2633,-0.11618,0.079189,-0.310175,0.8443,0.102294,-0.226722,-0.202482,0.3985,-0.131714,0.103654,-0.322628,0.8202,0.073693,-0.214752,-0.155701,0.4094,-0.168544,0.107134,-0.329584,0.8274,0.049209,-0.261355,-0.107688,0.4214,-0.142089,0.078666,-0.320872,0.7816,0.020199,-0.213094,-0.148431,0.4254,0.070657,-0.055384,-0.059276,0.9999,-0.072019,0.055251,0.060178,0.9995,0.361479,0.153529,-0.07819,0.9561,0.023409,0.303319,0.140941,0.7189,0.658279,0.203392,-0.003192,0.9556,0.272718,0.266589,0.420486,0.7199,0.695813,0.205202,0.004006,0.934,0.285818,0.270296,0.445373,0.6694,0.781042,0.264527,-0.056164,0.9485,0.357841,0.353683,0.452746,0.7148
163,5433,0.456793,0.585098,9.3e-05,-0.391705,0.133999,-0.378835,0.998,-0.412536,0.126027,-0.405199,0.9985,-0.412691,0.12571,-0.404698,0.9984,-0.413182,0.126007,-0.404082,0.9987,-0.422426,0.127468,-0.380433,0.9969,-0.422708,0.127193,-0.38159,0.996,-0.424276,0.127888,-0.380491,0.9965,-0.375344,0.066212,-0.433572,0.9967,-0.429449,0.080669,-0.339545,0.9941,-0.366747,0.108994,-0.381649,0.9986,-0.380573,0.113548,-0.354189,0.9968,-0.201903,-0.037476,-0.369022,0.9998,-0.432717,0.038067,-0.224623,0.9982,-0.016099,-0.008267,-0.333486,0.81,-0.082328,-0.032603,-0.164084,0.2451,-0.129564,0.092792,-0.321225,0.8414,0.102294,-0.226722,-0.202482,0.3975,-0.145448,0.116618,-0.334801,0.8193,0.073693,-0.214752,-0.155701,0.4091,-0.182639,0.119865,-0.341731,0.8269,0.049209,-0.261355,-0.107688,0.421,-0.154022,0.09199,-0.33041,0.7781,0.020199,-0.213094,-0.148431,0.4244,0.070332,-0.053536,-0.062182,0.9999,-0.071715,0.053453,0.063061,0.9993,0.361468,0.159044,-0.086682,0.9599,0.031944,0.296975,0.161795,0.6684,0.660937,0.198881,-0.020215,0.9597,0.278012,0.25444,0.449288,0.6735,0.698782,0.20031,-0.013558,0.9371,0.292478,0.258486,0.473005,0.6312,0.784774,0.265415,-0.072748,0.9527,0.3667,0.340815,0.484586,0.6835
164,5466,0.455121,0.584184,6.7e-05,-0.413203,0.13356,-0.380145,0.9974,-0.433814,0.124452,-0.405809,0.9982,-0.433984,0.124139,-0.405292,0.9982,-0.434448,0.12445,-0.404671,0.9984,-0.443449,0.125437,-0.380892,0.9962,-0.443744,0.125176,-0.382092,0.9952,-0.445302,0.125891,-0.380989,0.9958,-0.390316,0.065422,-0.433022,0.9961,-0.443504,0.077855,-0.339348,0.9927,-0.385416,0.110136,-0.382592,0.9984,-0.39894,0.113949,-0.355257,0.9962,-0.210475,-0.02891,-0.372064,0.9998,-0.441143,0.038404,-0.220721,0.9976,-0.023145,0.004191,-0.340419,0.789,-0.082328,-0.032603,-0.164084,0.2267,-0.142637,0.105144,-0.330504,0.8335,0.102294,-0.226722,-0.202482,0.3893,-0.15913,0.128743,-0.344886,0.8133,0.073693,-0.214752,-0.155701,0.4026,-0.196495,0.131597,-0.351716,0.8211,0.049209,-0.261355,-0.107688,0.415,-0.16577,0.104198,-0.338353,0.7689,0.020199,-0.213094,-0.148431,0.4176,0.069418,-0.050828,-0.064987,0.9999,-0.070798,0.050796,0.065837,0.999,0.359182,0.163785,-0.098551,0.9636,0.040497,0.286638,0.182457,0.6213,0.663589,0.191741,-0.04136,0.9635,0.281041,0.240218,0.478265,0.6233,0.702015,0.192812,-0.0354,0.9393,0.296561,0.244804,0.501216,0.5899,0.786685,0.263332,-0.096569,0.9566,0.370164,0.325749,0.517147,0.6467
165,5500,0.452139,0.579503,6.8e-05,-0.430263,0.134491,-0.374554,0.9966,-0.450381,0.123654,-0.399697,0.9977,-0.450565,0.12335,-0.399173,0.9977,-0.450998,0.123671,-0.398565,0.998,-0.459977,0.123881,-0.37462,0.9952,-0.460279,0.123645,-0.375879,0.9942,-0.461822,0.124368,-0.374758,0.995,-0.402392,0.065747,-0.427115,0.9949,-0.455331,0.075973,-0.333696,0.9914,-0.400568,0.112744,-0.377326,0.998,-0.414035,0.115654,-0.350048,0.9952,-0.217333,-0.019522,-0.371266,0.9998,-0.449311,0.038642,-0.214041,0.997,-0.028785,0.014383,-0.343252,0.7691,-0.082328,-0.032603,-0.164084,0.2088,-0.152862,0.116506,-0.335364,0.8202,0.102294,-0.226722,-0.202482,0.3829,-0.169785,0.139989,-0.351313,0.8028,0.073693,-0.214752,-0.155701,0.3992,-0.207654,0.142846,-0.357981,0.8108,0.049209,-0.261355,-0.107688,0.4113,-0.175148,0.115581,-0.342539,0.7544,0.020199,-0.213094,-0.148431,0.4106,0.068588,-0.047845,-0.067392,0.9999,-0.06996,0.047863,0.068209,0.9989,0.357149,0.167456,-0.112105,0.9669,0.048449,0.279966,0.196632,0.5777,0.666237,0.18632,-0.065394,0.9668,0.284049,0.231517,0.497271,0.5788,0.705325,0.187139,-0.059944,0.942,0.300205,0.23634,0.520028,0.5529,0.788073,0.261249,-0.121957,0.9599,0.373443,0.316212,0.538852,0.6095
166,5533,0.447135,0.576829,0.000101,-0.446559,0.137052,-0.3642,0.9963,-0.466279,0.124122,-0.388801,0.9974,-0.466475,0.123838,-0.388272,0.9975,-0.466872,0.124161,-0.38768,0.9978,-0.475718,0.123538,-0.363442,0.9947,-0.476043,0.123334,-0.364738,0.9938,-0.477576,0.124066,-0.363607,0.9947,-0.414071,0.06705,-0.416729,0.9945,-0.466457,0.074412,-0.322827,0.9912,-0.414994,0.11681,-0.36751,0.9979,-0.428306,0.118863,-0.340076,0.9949,-0.224448,-0.010465,-0.366931,0.9998,-0.456627,0.039738,-0.203138,0.9966,-0.034333,0.024505,-0.342363,0.751,-0.082328,-0.032603,-0.164084,0.1918,-0.161125,0.127658,-0.33525,0.8088,0.102294,-0.226722,-0.202482,0.3671,-0.178426,0.150638,-0.352636,0.795,0.073693,-0.214752,-0.155701,0.3873,-0.216809,0.153561,-0.359754,0.8038,0.049209,-0.261355,-0.107688,0.3998,-0.182813,0.126687,-0.342475,0.7432,0.020199,-0.213094,-0.148431,0.398,0.06733,-0.045456,-0.069418,0.9999,-0.068681,0.045511,0.070209,0.9989,0.355921,0.169398,-0.131394,0.9699,0.056166,0.274148,0.200064,0.5648,0.669435,0.182197,-0.093998,0.9699,0.289301,0.225091,0.502204,0.5492,0.709144,0.18282,-0.088757,0.946,0.306231,0.230034,0.525201,0.5297,0.789685,0.259145,-0.151505,0.9632,0.37943,0.309283,0.544726,0.5823
167,5566,0.445384,0.575408,0.000122,-0.463461,0.142695,-0.354096,0.9965,-0.483045,0.128076,-0.378446,0.9975,-0.483248,0.127819,-0.377911,0.9977,-0.483616,0.12814,-0.377342,0.9979,-0.492145,0.126775,-0.352657,0.9949,-0.492503,0.12659,-0.353973,0.994,-0.494024,0.127343,-0.352848,0.9949,-0.426602,0.070211,-0.407538,0.9948,-0.477705,0.074584,-0.31232,0.9917,-0.429915,0.123022,-0.358149,0.998,-0.44284,0.124307,-0.330318,0.9951,-0.232014,-0.001039,-0.362644,0.9998,-0.463253,0.041278,-0.192696,0.9962,-0.040046,0.035148,-0.341524,0.736,-0.082328,-0.032603,-0.164084,0.1766,-0.16902,0.139849,-0.335197,0.8012,0.102294,-0.226722,-0.202482,0.3525,-0.186641,0.162251,-0.353971,0.7922,0.073693,-0.214752,-0.155701,0.3779,-0.225453,0.165022,-0.361531,0.8013,0.049209,-0.261355,-0.107688,0.391,-0.190191,0.138724,-0.342448,0.7372,0.020199,-0.213094,-0.148431,0.3896,0.065576,-0.043191,-0.071358,0.9999,-0.066906,0.043286,0.07212,0.9988,0.354974,0.170249,-0.14947,0.9725,0.06684,0.269067,0.202265,0.5489,0.673203,0.178558,-0.11742,0.9725,0.296386,0.218707,0.50588,0.515,0.713519,0.179026,-0.112349,0.949,0.306231,0.230034,0.525201,0.4998,0.791467,0.256715,-0.175163,0.9657,0.387185,0.301231,0.549342,0.5504
168,5600,0.440555,0.573476,0.000108,-0.474219,0.146986,-0.352137,0.9965,-0.49356,0.131261,-0.375745,0.9975,-0.493777,0.131017,-0.375212,0.9977,-0.494124,0.131341,-0.374657,0.9979,-0.502623,0.129552,-0.350088,0.9949,-0.503,0.129375,-0.351418,0.9941,-0.504516,0.13015,-0.350281,0.995,-0.43474,0.073258,-0.403292,0.9948,-0.485272,0.075898,-0.309329,0.992,-0.439504,0.127911,-0.355904,0.9979,-0.452356,0.128814,-0.328403,0.9951,-0.237747,0.007034,-0.361036,0.9997,-0.468918,0.043725,-0.187931,0.9961,-0.0447,0.044758,-0.342377,0.7208,-0.082328,-0.032603,-0.164084,0.1689,-0.175134,0.14905,-0.338957,0.7968,0.102294,-0.226722,-0.202482,0.3634,-0.192347,0.170893,-0.359046,0.7912,0.073693,-0.214752,-0.155701,0.3889,-0.23098,0.173584,-0.367403,0.8009,0.049209,-0.261355,-0.107688,0.4023,-0.195838,0.147958,-0.346098,0.7343,0.020199,-0.213094,-0.148431,0.4002,0.064241,-0.041502,-0.072829,0.9999,-0.06556,0.041628,0.073568,0.9988,0.35569,0.170044,-0.160224,0.9749,0.076315,0.265045,0.205202,0.5395,0.677092,0.17516,-0.131402,0.9749,0.296386,0.218707,0.50588,0.4891,0.717881,0.175576,-0.126762,0.9515,0.306231,0.230034,0.525201,0.4777,0.793566,0.254661,-0.189515,0.9681,0.394467,0.295568,0.555805,0.529
169,5633,0.439041,0.566981,0.000166,-0.484869,0.151317,-0.350303,0.996,-0.503434,0.135021,-0.37338,0.9973,-0.503666,0.134786,-0.372848,0.9974,-0.503997,0.135119,-0.372304,0.9977,-0.512471,0.132622,-0.347847,0.9945,-0.51286,0.132437,-0.349185,0.9936,-0.514367,0.133239,-0.348045,0.9947,-0.441334,0.078002,-0.400151,0.9942,-0.49155,0.077681,-0.306893,0.9914,-0.448851,0.133168,-0.353986,0.9977,-0.461615,0.133332,-0.326749,0.9948,-0.242148,0.016035,-0.35972,0.9997,-0.473399,0.046353,-0.184265,0.9953,-0.048606,0.053875,-0.342786,0.6992,-0.082328,-0.032603,-0.164084,0.154,-0.179757,0.159973,-0.340565,0.7869,0.102294,-0.226722,-0.202482,0.3391,-0.196467,0.181644,-0.362176,0.7878,0.073693,-0.214752,-0.155701,0.3685,-0.235331,0.183658,-0.371354,0.7977,0.049209,-0.261355,-0.107688,0.382,-0.200244,0.158539,-0.347838,0.7284,0.020199,-0.213094,-0.148431,0.3815,0.063074,-0.039551,-0.074096,0.9999,-0.064391,0.03971,0.07482,0.9985,0.35766,0.17001,-0.161558,0.9769,0.083949,0.259139,0.212008,0.504,0.682855,0.172703,-0.137053,0.9769,0.296386,0.218707,0.50588,0.4582,0.723986,0.173076,-0.13313,0.9525,0.306231,0.230034,0.525201,0.4499,0.79808,0.253192,-0.196537,0.97,0.400535,0.288218,0.564937,0.5052
170,5666,0.438364,0.563864,0.000159,-0.495557,0.156171,-0.349664,0.9958,-0.513121,0.139237,-0.372244,0.9971,-0.513367,0.139013,-0.371714,0.9973,-0.513688,0.139359,-0.371174,0.9976,-0.522251,0.136231,-0.34677,0.9944,-0.52266,0.136028,-0.348107,0.9935,-0.524153,0.136864,-0.346964,0.9946,-0.447332,0.082987,-0.398337,0.9939,-0.497636,0.080268,-0.305423,0.9912,-0.458217,0.139021,-0.353313,0.9975,-0.471029,0.138577,-0.326199,0.9946,-0.246094,0.025031,-0.35935,0.9997,-0.477372,0.05074,-0.181191,0.9954,-0.052122,0.062271,-0.342944,0.68,-0.082328,-0.032603,-0.164084,0.141,-0.183266,0.170073,-0.339677,0.7791,0.102294,-0.226722,-0.202482,0.3184,-0.199446,0.191624,-0.362374,0.7844,0.073693,-0.214752,-0.155701,0.3499,-0.238607,0.192989,-0.371892,0.7942,0.049209,-0.261355,-0.107688,0.3636,-0.203613,0.168381,-0.347131,0.7223,0.020199,-0.213094,-0.148431,0.3653,0.06202,-0.037466,-0.075275,0.9999,-0.063336,0.037655,0.075988,0.9985,0.359561,0.170049,-0.15528,0.9786,0.083949,0.259139,0.212008,0.4693,0.6888,0.170654,-0.133165,0.9788,0.296386,0.218707,0.50588,0.4398,0.73028,0.170873,-0.12992,0.9535,0.306231,0.230034,0.525201,0.4317,0.803057,0.252808,-0.193611,0.972,0.400535,0.288218,0.564937,0.4988
171,5700,0.436226,0.561888,0.000183,-0.505244,0.163327,-0.34918,0.9958,-0.521941,0.145561,-0.371294,0.9971,-0.522198,0.145348,-0.370763,0.9973,-0.52251,0.145706,-0.370227,0.9976,-0.531201,0.142088,-0.34581,0.9944,-0.531633,0.141868,-0.347143,0.9935,-0.533105,0.142744,-0.346,0.9946,-0.452799,0.089389,-0.396767,0.9939,-0.503328,0.084954,-0.304058,0.9911,-0.466726,0.146939,-0.352859,0.9975,-0.47962,0.146061,-0.325756,0.9946,-0.249652,0.03451,-0.35941,0.9997,-0.480996,0.057546,-0.178279,0.9954,-0.055427,0.07041,-0.343277,0.6656,-0.082328,-0.032603,-0.164084,0.1293,-0.185789,0.180303,-0.339296,0.7753,0.102294,-0.226722,-0.202482,0.3015,-0.201404,0.201744,-0.363601,0.7842,0.073693,-0.214752,-0.155701,0.3357,-0.240851,0.202844,-0.373573,0.794,0.049209,-0.261355,-0.107688,0.3498,-0.206026,0.178592,-0.347045,0.7201,0.020199,-0.213094,-0.148431,0.3535,0.061019,-0.035508,-0.076392,0.9999,-0.062335,0.035728,0.077095,0.9985,0.361981,0.17032,-0.150858,0.9802,0.083949,0.259139,0.212008,0.4415,0.695035,0.168886,-0.131147,0.9806,0.296386,0.218707,0.50588,0.4328,0.736834,0.16899,-0.128454,0.9555,0.306231,0.230034,0.525201,0.4214,0.809506,0.252558,-0.192175,0.9739,0.400535,0.288218,0.564937,0.4977
172,5733,0.435237,0.559248,0.000233,-0.512345,0.168743,-0.351171,0.996,-0.52833,0.150217,-0.372666,0.9973,-0.528591,0.150014,-0.372108,0.9975,-0.528898,0.150378,-0.371581,0.9978,-0.537649,0.146639,-0.347114,0.9947,-0.5381,0.146411,-0.348439,0.9939,-0.539549,0.147319,-0.347307,0.995,-0.456791,0.094097,-0.39654,0.9943,-0.507498,0.089445,-0.30374,0.9916,-0.472985,0.153017,-0.35454,0.9976,-0.485878,0.152117,-0.327358,0.995,-0.252407,0.041056,-0.359968,0.9997,-0.480643,0.06687,-0.17609,0.9956,-0.057987,0.076582,-0.344274,0.6694,-0.082328,-0.032603,-0.164084,0.1233,-0.187657,0.188645,-0.341015,0.7817,0.102294,-0.226722,-0.202482,0.3064,-0.202849,0.210378,-0.366692,0.7902,0.073693,-0.214752,-0.155701,0.3415,-0.242352,0.21159,-0.376937,0.7999,0.049209,-0.261355,-0.107688,0.3569,-0.207748,0.187178,-0.348824,0.7253,0.020199,-0.213094,-0.148431,0.3624,0.059803,-0.034557,-0.077222,0.9999,-0.061115,0.034812,0.077919,0.9985,0.36349,0.170145,-0.148559,0.9818,0.083949,0.259139,0.212008,0.4341,0.697542,0.166923,-0.129236,0.9823,0.296386,0.218707,0.50588,0.4522,0.739421,0.166909,-0.126728,0.9582,0.306231,0.230034,0.525201,0.4324,0.813335,0.250738,-0.190059,0.9758,0.420549,0.258094,0.58403,0.5134
173,5766,0.434758,0.555094,0.00024,-0.51908,0.176027,-0.351497,0.9963,-0.534391,0.15666,-0.37251,0.9975,-0.534649,0.156477,-0.371907,0.9976,-0.53495,0.156848,-0.371399,0.9979,-0.543668,0.152838,-0.346767,0.995,-0.544145,0.152608,-0.348065,0.9943,-0.545566,0.153562,-0.346951,0.9952,-0.460619,0.100458,-0.395518,0.9947,-0.511248,0.09497,-0.301967,0.9922,-0.478938,0.160953,-0.35485,0.9977,-0.4917,0.159779,-0.327386,0.9952,-0.255367,0.048247,-0.360348,0.9997,-0.478964,0.076628,-0.172735,0.9957,-0.06046,0.083282,-0.345274,0.6787,-0.082328,-0.032603,-0.164084,0.1157,-0.189403,0.197908,-0.342856,0.7924,0.102294,-0.226722,-0.202482,0.2994,-0.204121,0.219987,-0.369797,0.8006,0.073693,-0.214752,-0.155701,0.3385,-0.243527,0.221228,-0.380305,0.8098,0.049209,-0.261355,-0.107688,0.3548,-0.209307,0.196658,-0.350703,0.7363,0.020199,-0.213094,-0.148431,0.3621,0.058218,-0.033856,-0.077992,0.9999,-0.059519,0.034147,0.078687,0.9986,0.364462,0.168908,-0.146924,0.9828,0.083949,0.259139,0.212008,0.4396,0.696774,0.165081,-0.125015,0.9837,0.296386,0.218707,0.50588,0.4803,0.738606,0.16504,-0.122357,0.9606,0.306231,0.230034,0.525201,0.4519,0.812631,0.249025,-0.184834,0.9771,0.432544,0.245588,0.580837,0.5299
174,5800,0.434264,0.554093,0.000248,-0.52449,0.183799,-0.351148,0.9959,-0.539415,0.163732,-0.371951,0.9971,-0.539671,0.16355,-0.37131,0.9974,-0.53997,0.163956,-0.370837,0.9976,-0.548584,0.159376,-0.346218,0.9944,-0.549078,0.159113,-0.347488,0.9939,-0.550481,0.160132,-0.346382,0.9948,-0.46331,0.107907,-0.394419,0.9942,-0.514187,0.100479,-0.300507,0.9918,-0.483771,0.169474,-0.354499,0.9971,-0.496448,0.167726,-0.327047,0.9949,-0.257111,0.055644,-0.360629,0.9997,-0.477769,0.083419,-0.170081,0.9958,-0.061652,0.09012,-0.34507,0.687,-0.082328,-0.032603,-0.164084,0.107,-0.190939,0.207534,-0.339375,0.8003,0.102294,-0.226722,-0.202482,0.2818,-0.205061,0.229914,-0.366472,0.8075,0.073693,-0.214752,-0.155701,0.3243,-0.244396,0.230251,-0.376916,0.816,0.049209,-0.261355,-0.107688,0.3407,-0.210667,0.206055,-0.34739,0.7422,0.020199,-0.213094,-0.148431,0.3489,0.056796,-0.032783,-0.078656,0.9997,-0.058097,0.03312,0.079345,0.9983,0.360689,0.167226,-0.131232,0.981,0.083949,0.259139,0.212008,0.4568,0.6848,0.15826,-0.088237,0.9798,0.350904,0.179244,0.476094,0.5166,0.726698,0.157523,-0.084954,0.9487,0.306231,0.230034,0.525201,0.4837,0.804682,0.240579,-0.141692,0.9686,0.449642,0.235712,0.565675,0.5571
175,5833,0.431168,0.54943,0.000212,-0.527807,0.193879,-0.350598,0.9956,-0.542343,0.173152,-0.371245,0.9967,-0.542606,0.172976,-0.370575,0.997,-0.542892,0.173413,-0.370134,0.9972,-0.551662,0.16859,-0.345563,0.9938,-0.552188,0.1683,-0.346806,0.9935,-0.553565,0.169387,-0.345704,0.9944,-0.464867,0.116484,-0.393251,0.9935,-0.516186,0.108691,-0.299034,0.991,-0.486697,0.179629,-0.35392,0.9966,-0.49951,0.177771,-0.326489,0.9943,-0.258616,0.062988,-0.360834,0.9997,-0.476825,0.091793,-0.167927,0.996,-0.06275,0.096406,-0.343794,0.6898,-0.082328,-0.032603,-0.164084,0.1044,-0.190366,0.216101,-0.331974,0.7952,0.102294,-0.226722,-0.202482,0.2763,-0.203451,0.23859,-0.35845,0.8033,0.073693,-0.214752,-0.155701,0.3226,-0.24263,0.238578,-0.368798,0.8112,0.049209,-0.261355,-0.107688,0.34,-0.209903,0.214644,-0.340333,0.7347,0.020199,-0.213094,-0.148431,0.3503,0.055465,-0.031859,-0.079243,0.9996,-0.056769,0.032235,0.079932,0.9979,0.35514,0.166768,-0.123091,0.9816,0.083949,0.259139,0.212008,0.4685,0.674079,0.15251,-0.070973,0.9809,0.36434,0.169186,0.473718,0.5481,0.716176,0.151106,-0.067303,0.95,0.371306,0.182923,0.51133,0.5128,0.797382,0.233681,-0.120289,0.9694,0.465617,0.225572,0.558366,0.5758
176,5866,0.429454,0.549821,0.000199,-0.530686,0.201568,-0.350818,0.9955,-0.544896,0.180208,-0.371289,0.9964,-0.545165,0.180037,-0.370591,0.9969,-0.545441,0.180501,-0.370181,0.9969,-0.554337,0.175714,-0.345871,0.9934,-0.554891,0.175408,-0.347096,0.9934,-0.556247,0.176548,-0.345983,0.9943,-0.46626,0.122852,-0.392288,0.9933,-0.51795,0.115766,-0.298386,0.9909,-0.48914,0.187354,-0.353892,0.9962,-0.50214,0.185707,-0.326692,0.9942,-0.260344,0.068359,-0.361059,0.9996,-0.475516,0.101189,-0.166705,0.9963,-0.063686,0.100168,-0.341286,0.7039,-0.082328,-0.032603,-0.164084,0.1124,-0.189253,0.223286,-0.320914,0.7986,0.102294,-0.226722,-0.202482,0.2962,-0.201685,0.245988,-0.346459,0.8033,0.073693,-0.214752,-0.155701,0.3411,-0.240693,0.245978,-0.356477,0.8103,0.049209,-0.261355,-0.107688,0.3599,-0.208658,0.222005,-0.329718,0.733,0.020199,-0.213094,-0.148431,0.3709,0.053643,-0.031811,-0.079752,0.9993,-0.054959,0.032241,0.080443,0.9975,0.346728,0.165482,-0.118022,0.9822,0.083949,0.259139,0.212008,0.4982,0.657435,0.143239,-0.052147,0.9802,0.380665,0.159165,0.463835,0.5882,0.699682,0.140902,-0.047495,0.9461,0.388949,0.172423,0.500664,0.5518,0.784385,0.220574,-0.094749,0.9672,0.484066,0.217317,0.541369,0.6087
177,5900,0.422677,0.543341,0.000169,-0.530451,0.209775,-0.353241,0.9956,-0.544125,0.188521,-0.373778,0.9965,-0.5444,0.188354,-0.373071,0.9969,-0.544669,0.18884,-0.372658,0.997,-0.554138,0.183773,-0.348706,0.9937,-0.554709,0.183457,-0.34991,0.9936,-0.55604,0.184648,-0.348795,0.9945,-0.464663,0.130936,-0.394474,0.9935,-0.518067,0.12315,-0.30178,0.9909,-0.488657,0.195621,-0.356201,0.9963,-0.502253,0.193778,-0.329422,0.9943,-0.259057,0.074799,-0.36349,0.9996,-0.474453,0.108831,-0.169751,0.9965,-0.063277,0.104959,-0.340099,0.7059,-0.082328,-0.032603,-0.164084,0.1142,-0.185322,0.231421,-0.31373,0.7954,0.102294,-0.226722,-0.202482,0.2944,-0.196172,0.254695,-0.339256,0.8004,0.073693,-0.214752,-0.155701,0.3413,-0.235032,0.254543,-0.349137,0.807,0.049209,-0.261355,-0.107688,0.3596,-0.204799,0.23033,-0.322881,0.7281,0.020199,-0.213094,-0.148431,0.3701,0.052283,-0.031733,-0.080228,0.9994,-0.05361,0.032211,0.080925,0.9976,0.339236,0.164361,-0.114403,0.9833,0.083949,0.259139,0.212008,0.5,0.644972,0.134956,-0.039843,0.9819,0.388317,0.144273,0.474026,0.609,0.687789,0.131925,-0.034637,0.95,0.397801,0.156671,0.509696,0.5677,0.772688,0.210023,-0.079351,0.9696,0.49378,0.200157,0.549166,0.6154
178,5933,0.422482,0.543271,0.000166,-0.530368,0.217556,-0.355542,0.9956,-0.543608,0.196302,-0.376039,0.9965,-0.543885,0.196146,-0.375321,0.9969,-0.544148,0.196654,-0.374907,0.997,-0.554081,0.191436,-0.351273,0.9937,-0.55467,0.191118,-0.352464,0.9936,-0.555974,0.192358,-0.351346,0.9945,-0.463436,0.138519,-0.396335,0.9935,-0.518163,0.130439,-0.304663,0.9907,-0.488315,0.203515,-0.358333,0.9962,-0.502383,0.201579,-0.331934,0.9941,-0.258038,0.080773,-0.365647,0.9996,-0.472687,0.117402,-0.172217,0.9965,-0.062664,0.110174,-0.338817,0.7089,-0.082328,-0.032603,-0.164084,0.1092,-0.181991,0.240756,-0.307132,0.7922,0.102294,-0.226722,-0.202482,0.2826,-0.191964,0.264834,-0.332163,0.7968,0.073693,-0.214752,-0.155701,0.331,-0.230747,0.264401,-0.341629,0.8029,0.049209,-0.261355,-0.107688,0.3487,-0.20158,0.239738,-0.316385,0.7222,0.020199,-0.213094,-0.148431,0.36,0.051013,-0.031655,-0.080706,0.9994,-0.052348,0.03218,0.081409,0.9976,0.333607,0.162354,-0.110857,0.9841,0.083949,0.259139,0.212008,0.4866,0.635762,0.123516,-0.030999,0.9833,0.393994,0.127701,0.485349,0.6223,0.679393,0.119729,-0.02531,0.9533,0.404686,0.139141,0.519773,0.5779,0.762695,0.195728,-0.068122,0.9714,0.500389,0.180676,0.557767,0.6165
179,5966,0.418541,0.539813,0.00018,-0.529753,0.2255,-0.358582,0.9957,-0.542723,0.204057,-0.378813,0.9965,-0.543005,0.203912,-0.378079,0.9969,-0.54326,0.204442,-0.377672,0.997,-0.553525,0.19925,-0.354386,0.9937,-0.554137,0.198922,-0.35555,0.9937,-0.555409,0.200216,-0.354437,0.9946,-0.462162,0.145549,-0.398171,0.9935,-0.51766,0.138054,-0.307391,0.9907,-0.487483,0.211374,-0.361017,0.996,-0.501838,0.209613,-0.334942,0.9939,-0.257194,0.085878,-0.367613,0.9996,-0.470146,0.125699,-0.174223,0.9966,-0.061744,0.114822,-0.337383,0.7201,-0.082328,-0.032603,-0.164084,0.1089,-0.177513,0.249281,-0.300411,0.7959,0.102294,-0.226722,-0.202482,0.2824,-0.186223,0.274175,-0.324964,0.7991,0.073693,-0.214752,-0.155701,0.3337,-0.225303,0.273563,-0.334159,0.8051,0.049209,-0.261355,-0.107688,0.3518,-0.19738,0.248411,-0.309781,0.7245,0.020199,-0.213094,-0.148431,0.3644,0.049933,-0.031621,-0.081159,0.9994,-0.051276,0.032188,0.081874,0.9975,0.33339,0.159917,-0.102539,0.9846,0.083949,0.259139,0.212008,0.4969,0.630325,0.111454,-0.012406,0.9845,0.400044,0.111721,0.491235,0.6458,0.674394,0.106725,-0.005866,0.9561,0.411705,0.12197,0.524856,0.5992,0.757318,0.179709,-0.043656,0.9728,0.508208,0.162118,0.562762,0.6316
180,6000,0.419662,0.540352,0.000162,-0.533472,0.234013,-0.355799,0.996,-0.546445,0.212388,-0.375809,0.9968,-0.546723,0.212258,-0.375044,0.9972,-0.546979,0.212804,-0.374646,0.9973,-0.557254,0.207589,-0.35133,0.9942,-0.557891,0.20726,-0.352471,0.9942,-0.559129,0.208589,-0.351377,0.995,-0.465121,0.152763,-0.395684,0.994,-0.52026,0.145554,-0.304382,0.9915,-0.49059,0.219596,-0.358553,0.9963,-0.504856,0.217911,-0.3323,0.9944,-0.259089,0.092216,-0.367531,0.9996,-0.468144,0.13326,-0.17104,0.9968,-0.060995,0.121379,-0.333147,0.7352,-0.082328,-0.032603,-0.164084,0.1062,-0.173625,0.260345,-0.288589,0.807,0.102294,-0.226722,-0.202482,0.2842,-0.181695,0.286238,-0.312942,0.8095,0.073693,-0.214752,-0.155701,0.3382,-0.221084,0.285554,-0.321417,0.8154,0.049209,-0.261355,-0.107688,0.3565,-0.193767,0.25935,-0.298314,0.7377,0.020199,-0.213094,-0.148431,0.3697,0.048928,-0.031556,-0.081787,0.9995,-0.050273,0.032158,0.082521,0.9977,0.337748,0.157629,-0.096863,0.9852,0.083949,0.259139,0.212008,0.4887,0.632257,0.09853,-0.000834,0.9855,0.405755,0.09498,0.498102,0.6453,0.675671,0.092777,0.006038,0.9587,0.418255,0.104057,0.531188,0.6026,0.76017,0.162487,-0.030351,0.9744,0.515248,0.142327,0.569012,0.63
181,6033,0.417474,0.538782,0.00018,-0.538665,0.241843,-0.350687,0.9964,-0.551247,0.219865,-0.370401,0.9971,-0.551517,0.219748,-0.369587,0.9974,-0.551773,0.2203,-0.3692,0.9975,-0.561941,0.214961,-0.345648,0.9948,-0.562604,0.214639,-0.346777,0.9948,-0.563822,0.215991,-0.345682,0.9955,-0.468736,0.159618,-0.390673,0.9946,-0.523079,0.15216,-0.298223,0.9923,-0.49513,0.22744,-0.353831,0.9967,-0.509144,0.22567,-0.327242,0.9949,-0.260793,0.100777,-0.365898,0.9997,-0.46661,0.139483,-0.165528,0.9969,-0.059713,0.128609,-0.329285,0.7549,-0.082328,-0.032603,-0.164084,0.1065,-0.169223,0.270473,-0.279313,0.8206,0.102294,-0.226722,-0.202482,0.2834,-0.176762,0.296935,-0.303445,0.8215,0.073693,-0.214752,-0.155701,0.3409,-0.216619,0.29637,-0.311041,0.827,0.049209,-0.261355,-0.107688,0.3587,-0.189671,0.269528,-0.289037,0.7515,0.020199,-0.213094,-0.148431,0.3698,0.048016,-0.031029,-0.08246,0.9995,-0.049357,0.031655,0.083218,0.9979,0.341863,0.155657,-0.096021,0.9862,0.135637,0.223671,0.223888,0.5026,0.634831,0.085118,-0.001762,0.9866,0.411036,0.076712,0.502862,0.654,0.677424,0.078109,0.00549,0.9616,0.424258,0.084346,0.535761,0.6129,0.76271,0.145524,-0.028072,0.9761,0.521093,0.120249,0.573486,0.6342
182,6066,0.417486,0.538308,0.00019,-0.544652,0.249203,-0.346525,0.9967,-0.556872,0.226543,-0.366077,0.9974,-0.557135,0.226458,-0.36523,0.9977,-0.557383,0.227009,-0.36485,0.9978,-0.56749,0.221779,-0.341152,0.9953,-0.56818,0.221481,-0.342273,0.9953,-0.569372,0.22285,-0.341177,0.9959,-0.47261,0.165921,-0.38638,0.9951,-0.526254,0.157985,-0.293388,0.9931,-0.500185,0.23427,-0.349969,0.997,-0.514013,0.232394,-0.32314,0.9953,-0.263473,0.107896,-0.364204,0.9997,-0.464709,0.14703,-0.160342,0.9971,-0.058515,0.135468,-0.325311,0.7676,-0.082328,-0.032603,-0.164084,0.1077,-0.165202,0.28008,-0.270772,0.8291,0.102294,-0.226722,-0.202482,0.2939,-0.172435,0.307396,-0.294765,0.829,0.073693,-0.214752,-0.155701,0.3524,-0.212674,0.306869,-0.30153,0.8344,0.049209,-0.261355,-0.107688,0.3707,-0.185897,0.279418,-0.280314,0.7602,0.020199,-0.213094,-0.148431,0.3819,0.046647,-0.030476,-0.083278,0.9996,-0.047975,0.031125,0.084054,0.9981,0.345142,0.155664,-0.097536,0.9872,0.146689,0.215904,0.226402,0.5134,0.634709,0.071759,-0.003734,0.9878,0.41691,0.05614,0.507528,0.6739,0.676199,0.063026,0.004131,0.9648,0.430785,0.062003,0.540255,0.6339,0.763779,0.126817,-0.025866,0.978,0.527658,0.095935,0.57742,0.648
183,6100,0.415724,0.53724,0.000186,-0.549537,0.257877,-0.34406,0.9971,-0.561465,0.234493,-0.363165,0.9976,-0.56172,0.234425,-0.362251,0.9979,-0.561962,0.234978,-0.361894,0.998,-0.572002,0.23051,-0.337463,0.9958,-0.572713,0.230237,-0.338562,0.9957,-0.573884,0.231616,-0.337484,0.9963,-0.476685,0.171134,-0.382566,0.9956,-0.528977,0.165838,-0.289495,0.9938,-0.504349,0.241547,-0.347487,0.9973,-0.518266,0.240642,-0.319709,0.9958,-0.266334,0.113552,-0.362751,0.9997,-0.46254,0.154379,-0.155904,0.9974,-0.0571,0.140751,-0.321788,0.7791,-0.082328,-0.032603,-0.164084,0.1072,-0.15868,0.288603,-0.263887,0.8305,0.102294,-0.226722,-0.202482,0.2938,-0.165536,0.317133,-0.287764,0.8304,0.073693,-0.214752,-0.155701,0.356,-0.2059,0.31661,-0.293993,0.8357,0.049209,-0.261355,-0.107688,0.3746,-0.17963,0.2884,-0.273174,0.7605,0.020199,-0.213094,-0.148431,0.3864,0.045277,-0.03007,-0.084104,0.9996,-0.046586,0.030741,0.084894,0.9983,0.347944,0.155639,-0.10077,0.9879,0.158137,0.208114,0.22846,0.526,0.632744,0.054077,-0.006189,0.9887,0.422538,0.034841,0.509201,0.6878,0.673134,0.04333,0.002324,0.9674,0.437127,0.038766,0.541545,0.6472,0.763149,0.105073,-0.023839,0.9795,0.53376,0.071426,0.579918,0.6557
184,6133,0.40935,0.536225,0.000168,-0.553131,0.264821,-0.343719,0.9974,-0.564911,0.240989,-0.362243,0.9979,-0.56516,0.24093,-0.361268,0.9981,-0.565398,0.241483,-0.360934,0.9982,-0.575376,0.237616,-0.335817,0.9962,-0.576104,0.237357,-0.336899,0.9961,-0.577257,0.238743,-0.335827,0.9967,-0.479945,0.175119,-0.380115,0.996,-0.531105,0.172491,-0.286652,0.9944,-0.507464,0.247438,-0.34684,0.9975,-0.521438,0.247422,-0.31827,0.9962,-0.268631,0.117751,-0.361899,0.9997,-0.461432,0.159783,-0.152667,0.9976,-0.054987,0.145521,-0.318845,0.7908,-0.082328,-0.032603,-0.164084,0.1077,-0.150344,0.296078,-0.257913,0.8338,0.102294,-0.226722,-0.202482,0.2921,-0.15628,0.32553,-0.281439,0.8332,0.073693,-0.214752,-0.155701,0.3581,-0.196596,0.3249,-0.287389,0.8383,0.049209,-0.261355,-0.107688,0.3769,-0.171497,0.296275,-0.266949,0.7625,0.020199,-0.213094,-0.148431,0.3897,0.044314,-0.0295,-0.084822,0.9996,-0.045607,0.030193,0.085621,0.9984,0.350265,0.153333,-0.099839,0.9884,0.168534,0.199773,0.230396,0.535,0.631078,0.033163,-0.00396,0.9895,0.42754,0.014486,0.510539,0.6984,0.67054,0.020366,0.005059,0.9695,0.442882,0.016615,0.542489,0.6579,0.762659,0.079886,-0.015585,0.9807,0.539279,0.048026,0.581938,0.6628
185,6166,0.406841,0.534453,0.000174,-0.556913,0.270527,-0.343287,0.9976,-0.568257,0.24657,-0.361455,0.9981,-0.568499,0.246519,-0.360433,0.9983,-0.568734,0.247071,-0.360117,0.9984,-0.578727,0.243339,-0.334593,0.9966,-0.579476,0.243091,-0.335664,0.9965,-0.580618,0.244476,-0.334595,0.997,-0.482651,0.178491,-0.378262,0.9964,-0.53303,0.177766,-0.284172,0.9949,-0.510681,0.25248,-0.346224,0.9978,-0.524669,0.252982,-0.317196,0.9966,-0.269535,0.123127,-0.361255,0.9997,-0.462402,0.16012,-0.150243,0.9978,-0.051667,0.15246,-0.316306,0.8034,-0.082328,-0.032603,-0.164084,0.1227,-0.140553,0.303352,-0.249552,0.832,0.102294,-0.226722,-0.202482,0.301,-0.145079,0.333187,-0.271978,0.83,0.073693,-0.214752,-0.155701,0.3686,-0.185059,0.332111,-0.277712,0.8352,0.049209,-0.261355,-0.107688,0.3875,-0.161843,0.303699,-0.258454,0.7585,0.020199,-0.213094,-0.148431,0.4,0.043928,-0.027785,-0.085537,0.9997,-0.045208,0.028506,0.086343,0.9986,0.352306,0.150251,-0.097204,0.989,0.178366,0.189758,0.232689,0.5453,0.629076,0.010814,-0.000496,0.9902,0.43278,-0.007974,0.51128,0.715,0.667622,-0.004238,0.008949,0.9715,0.448885,-0.007678,0.542681,0.6739,0.762135,0.052837,-0.006547,0.982,0.545055,0.02213,0.582889,0.6774
186,6200,0.406902,0.534192,0.000168,-0.560603,0.273872,-0.344482,0.9978,-0.571633,0.249894,-0.362466,0.9983,-0.571858,0.249854,-0.361411,0.9985,-0.572091,0.250397,-0.361117,0.9985,-0.582054,0.246701,-0.335587,0.9969,-0.582823,0.246469,-0.336669,0.9969,-0.583949,0.247851,-0.335585,0.9973,-0.484947,0.180792,-0.378722,0.9968,-0.534783,0.18135,-0.28454,0.9954,-0.513743,0.255802,-0.347293,0.998,-0.527651,0.25661,-0.318277,0.9969,-0.270432,0.126238,-0.361833,0.9998,-0.463021,0.161271,-0.149933,0.998,-0.048891,0.158218,-0.314318,0.8095,-0.082328,-0.032603,-0.164084,0.1257,-0.131625,0.309316,-0.243436,0.8317,0.102294,-0.226722,-0.202482,0.309,-0.135024,0.339743,-0.265208,0.8298,0.073693,-0.214752,-0.155701,0.378,-0.174519,0.338269,-0.270821,0.835,0.049209,-0.261355,-0.107688,0.3976,-0.152955,0.309955,-0.252108,0.7578,0.020199,-0.213094,-0.148431,0.4116,0.043602,-0.026403,-0.086154,0.9997,-0.044871,0.027144,0.086963,0.9987,0.353563,0.14569,-0.095254,0.9896,0.187018,0.179706,0.235142,0.5486,0.62542,-0.011476,0.005186,0.9908,0.437526,-0.028163,0.512898,0.7247,0.662977,-0.028631,0.0153,0.9731,0.454323,-0.029413,0.543835,0.6824,0.759456,0.024994,0.004205,0.9827,0.550087,-0.000183,0.584608,0.6819
187,6233,0.407835,0.532184,0.000163,-0.567834,0.271874,-0.340469,0.998,-0.577641,0.247768,-0.358549,0.9984,-0.577857,0.247731,-0.357476,0.9986,-0.578087,0.24827,-0.357196,0.9986,-0.588083,0.243524,-0.332068,0.9972,-0.588868,0.243289,-0.333157,0.9971,-0.589974,0.244668,-0.33206,0.9976,-0.487878,0.181899,-0.376316,0.9971,-0.537646,0.17882,-0.28279,0.9959,-0.519943,0.256071,-0.343868,0.9982,-0.533788,0.25565,-0.315285,0.9972,-0.271892,0.128907,-0.361659,0.9998,-0.463712,0.161843,-0.148783,0.9982,-0.046712,0.163519,-0.310758,0.8178,-0.082328,-0.032603,-0.164084,0.1291,-0.125154,0.3149,-0.233411,0.8387,0.102294,-0.226722,-0.202482,0.3254,-0.127651,0.345972,-0.254731,0.8362,0.073693,-0.214752,-0.155701,0.3944,-0.166714,0.344272,-0.260214,0.8415,0.049209,-0.261355,-0.107688,0.4147,-0.146312,0.315731,-0.242169,0.7671,0.020199,-0.213094,-0.148431,0.4297,0.043475,-0.024692,-0.086777,0.9997,-0.044731,0.025454,0.087586,0.9988,0.35449,0.139882,-0.088794,0.99,0.193486,0.170697,0.238107,0.5358,0.617539,-0.033821,0.020866,0.9908,0.440917,-0.044982,0.51416,0.7287,0.653539,-0.053111,0.03205,0.9733,0.458326,-0.047532,0.544671,0.6866,0.753394,-0.005082,0.026115,0.9825,0.553445,-0.019909,0.585642,0.6874
188,6266,0.407926,0.53317,0.000169,-0.577105,0.268184,-0.3348,0.9982,-0.585608,0.243715,-0.352861,0.9986,-0.585817,0.243683,-0.35177,0.9987,-0.586043,0.244219,-0.351516,0.9988,-0.595944,0.238405,-0.326737,0.9974,-0.596747,0.238166,-0.327835,0.9974,-0.59783,0.239543,-0.32672,0.9978,-0.492098,0.182213,-0.372457,0.9973,-0.541462,0.174624,-0.279123,0.9963,-0.528088,0.255174,-0.338959,0.9983,-0.541703,0.253284,-0.310737,0.9974,-0.274438,0.131535,-0.360874,0.9998,-0.46442,0.162444,-0.146249,0.9983,-0.044545,0.168919,-0.306589,0.8213,-0.082328,-0.032603,-0.164084,0.1286,-0.118596,0.321683,-0.222299,0.8411,0.102294,-0.226722,-0.202482,0.3325,-0.120445,0.35383,-0.243089,0.8378,0.073693,-0.214752,-0.155701,0.4021,-0.159242,0.352075,-0.248313,0.8435,0.049209,-0.261355,-0.107688,0.4235,-0.139556,0.322861,-0.231048,0.77,0.020199,-0.213094,-0.148431,0.4401,0.043351,-0.022804,-0.087494,0.9997,-0.044593,0.023585,0.088303,0.9989,0.355804,0.133181,-0.082478,0.9902,0.199614,0.159712,0.241456,0.5279,0.605168,-0.057288,0.038173,0.9904,0.443469,-0.06669,0.514059,0.7358,0.638894,-0.079175,0.050696,0.9736,0.461603,-0.070982,0.543933,0.6934,0.742771,-0.041226,0.051009,0.9822,0.556345,-0.047094,0.584163,0.6948
189,6300,0.403923,0.533257,0.000206,-0.583141,0.263576,-0.340026,0.9984,-0.59044,0.238697,-0.357881,0.9987,-0.590648,0.23867,-0.356774,0.9988,-0.590883,0.239204,-0.356555,0.9989,-0.600854,0.233039,-0.331973,0.9977,-0.601661,0.232783,-0.333084,0.9976,-0.602729,0.234165,-0.331927,0.998,-0.492515,0.179616,-0.376573,0.9976,-0.541904,0.170385,-0.282904,0.9966,-0.533779,0.252312,-0.343802,0.9985,-0.547199,0.249915,-0.315807,0.9977,-0.273833,0.131948,-0.363502,0.9998,-0.462815,0.162402,-0.148569,0.9984,-0.039765,0.172557,-0.306389,0.828,-0.082328,-0.032603,-0.164084,0.1254,-0.110556,0.326389,-0.219425,0.8424,0.102294,-0.226722,-0.202482,0.3251,-0.111906,0.359477,-0.239809,0.8377,0.073693,-0.214752,-0.155701,0.3948,-0.150561,0.357195,-0.245264,0.8434,0.049209,-0.261355,-0.107688,0.4162,-0.131707,0.327812,-0.227689,0.7695,0.020199,-0.213094,-0.148431,0.4351,0.043363,-0.021425,-0.088013,0.9997,-0.044614,0.022218,0.088826,0.9989,0.358066,0.122227,-0.071023,0.9905,0.202781,0.148986,0.246933,0.5287,0.594626,-0.078634,0.058443,0.9905,0.43903,-0.084621,0.518839,0.7398,0.626389,-0.10206,0.07165,0.9739,0.457673,-0.090098,0.547943,0.6948,0.731812,-0.069811,0.075225,0.9823,0.551273,-0.068485,0.588085,0.6987
190,6333,0.402755,0.533589,0.000255,-0.588022,0.252461,-0.346215,0.9985,-0.594737,0.226955,-0.363781,0.9988,-0.594934,0.226935,-0.362662,0.999,-0.595174,0.227463,-0.362465,0.999,-0.604894,0.220472,-0.338522,0.9979,-0.60571,0.220192,-0.339651,0.9979,-0.606764,0.221573,-0.338455,0.9982,-0.490531,0.173747,-0.381032,0.9978,-0.541336,0.160927,-0.288953,0.997,-0.538244,0.244726,-0.349379,0.9986,-0.551689,0.24131,-0.322163,0.9979,-0.271195,0.131794,-0.366553,0.9998,-0.461199,0.161165,-0.153068,0.9986,-0.033548,0.17596,-0.307334,0.8359,-0.082328,-0.032603,-0.164084,0.1225,-0.101929,0.32988,-0.221904,0.8486,0.102294,-0.226722,-0.202482,0.3198,-0.102892,0.362812,-0.242635,0.8427,0.073693,-0.214752,-0.155701,0.3884,-0.141304,0.359793,-0.247986,0.8482,0.049209,-0.261355,-0.107688,0.4095,-0.123232,0.331461,-0.229237,0.7755,0.020199,-0.213094,-0.148431,0.4305,0.043713,-0.020085,-0.088182,0.9998,-0.044996,0.020888,0.089012,0.999,0.360824,0.107678,-0.058106,0.9909,0.203853,0.138052,0.25352,0.5227,0.580674,-0.102903,0.080371,0.9901,0.428756,-0.099559,0.527,0.7282,0.609912,-0.127738,0.094641,0.9729,0.447854,-0.106203,0.555525,0.6841,0.717146,-0.103643,0.103682,0.9808,0.539987,-0.086816,0.597166,0.6861
191,6366,0.39925,0.532205,0.000247,-0.591497,0.244043,-0.358017,0.9986,-0.595373,0.217992,-0.374874,0.9989,-0.595599,0.217967,-0.373767,0.9991,-0.595846,0.218503,-0.37357,0.9991,-0.606152,0.211195,-0.350277,0.9981,-0.60696,0.210896,-0.351439,0.9981,-0.608025,0.212277,-0.350204,0.9984,-0.485989,0.168427,-0.388779,0.998,-0.539387,0.154061,-0.298905,0.9972,-0.541052,0.238644,-0.359871,0.9987,-0.554984,0.234828,-0.333587,0.9981,-0.265092,0.131421,-0.372446,0.9998,-0.460082,0.158608,-0.159779,0.9986,-0.024937,0.178828,-0.31338,0.8476,-0.082328,-0.032603,-0.164084,0.1138,-0.093356,0.332511,-0.233447,0.859,0.102294,-0.226722,-0.202482,0.3007,-0.094035,0.364754,-0.255114,0.8516,0.073693,-0.214752,-0.155701,0.3674,-0.132774,0.360765,-0.260565,0.857,0.049209,-0.261355,-0.107688,0.3873,-0.115093,0.334129,-0.239548,0.787,0.020199,-0.213094,-0.148431,0.4096,0.044769,-0.018963,-0.088005,0.9998,-0.046111,0.019771,0.088864,0.999,0.363903,0.092861,-0.042179,0.9908,0.203618,0.129219,0.260182,0.5099,0.570155,-0.124478,0.099319,0.9896,0.412621,-0.110798,0.536537,0.7043,0.597482,-0.150277,0.113992,0.9722,0.431802,-0.118001,0.564741,0.6699,0.706163,-0.131636,0.126125,0.9802,0.522711,-0.099453,0.608522,0.6668
192,6400,0.399876,0.531024,0.000279,-0.594502,0.234412,-0.368438,0.9988,-0.595844,0.207813,-0.384876,0.999,-0.596102,0.207795,-0.383771,0.9991,-0.596355,0.208322,-0.383586,0.9992,-0.607268,0.20042,-0.360913,0.9983,-0.608075,0.200104,-0.362106,0.9982,-0.609148,0.201477,-0.360849,0.9985,-0.481078,0.16263,-0.396064,0.9982,-0.536641,0.145763,-0.308332,0.9975,-0.543386,0.231874,-0.369233,0.9988,-0.557737,0.227347,-0.343795,0.9983,-0.259065,0.130873,-0.377967,0.9998,-0.458119,0.156192,-0.166928,0.9987,-0.016505,0.181525,-0.318947,0.858,-0.082328,-0.032603,-0.164084,0.1094,-0.084866,0.334485,-0.244498,0.868,0.102294,-0.226722,-0.202482,0.2876,-0.085393,0.365795,-0.26737,0.8596,0.073693,-0.214752,-0.155701,0.3515,-0.124578,0.360645,-0.273233,0.8648,0.049209,-0.261355,-0.107688,0.3707,-0.107104,0.336031,-0.249627,0.7969,0.020199,-0.213094,-0.148431,0.3949,0.046537,-0.01767,-0.087333,0.9998,-0.04792,0.018478,0.088219,0.9991,0.366506,0.078035,-0.023145,0.9913,0.203618,0.129219,0.260182,0.4895,0.554873,-0.147212,0.123324,0.9894,0.379892,-0.111256,0.554386,0.6586,0.579796,-0.173875,0.138659,0.9718,0.398618,-0.118625,0.582684,0.6359,0.687748,-0.16003,0.155207,0.9794,0.485157,-0.10031,0.631357,0.6255
193,6433,0.398348,0.528877,0.000223,-0.596962,0.222762,-0.379168,0.9989,-0.594572,0.196215,-0.395296,0.9991,-0.59486,0.196207,-0.394191,0.9992,-0.595116,0.196731,-0.394002,0.9992,-0.606901,0.187919,-0.372528,0.9984,-0.607695,0.187591,-0.373769,0.9984,-0.608773,0.188943,-0.372483,0.9987,-0.474414,0.156905,-0.40282,0.9984,-0.532905,0.13634,-0.319843,0.9978,-0.545212,0.223669,-0.378386,0.999,-0.559877,0.217962,-0.354569,0.9984,-0.251631,0.130738,-0.382964,0.9999,-0.456286,0.151964,-0.175245,0.9988,-0.008659,0.18537,-0.324216,0.8707,-0.082328,-0.032603,-0.164084,0.1061,-0.075588,0.336288,-0.256886,0.8786,0.102294,-0.226722,-0.202482,0.273,-0.075243,0.366599,-0.281178,0.8695,0.073693,-0.214752,-0.155701,0.3342,-0.114305,0.360195,-0.287621,0.8743,0.049209,-0.261355,-0.107688,0.3525,-0.098099,0.337768,-0.26108,0.81,0.020199,-0.213094,-0.148431,0.3782,0.048903,-0.015516,-0.086339,0.9998,-0.050288,0.016331,0.087237,0.9992,0.36862,0.064762,-0.003116,0.992,0.203618,0.129219,0.260182,0.4797,0.541379,-0.169512,0.146594,0.99,0.345215,-0.107977,0.569751,0.629,0.564077,-0.197096,0.162505,0.973,0.363021,-0.115414,0.598432,0.6164,0.671431,-0.186827,0.182763,0.9801,0.446252,-0.097505,0.651405,0.5949
194,6466,0.394319,0.527443,0.000143,-0.596982,0.212565,-0.388297,0.999,-0.590489,0.185862,-0.404402,0.9992,-0.590806,0.185864,-0.403311,0.9993,-0.591062,0.186388,-0.403117,0.9993,-0.603824,0.176419,-0.382694,0.9986,-0.604604,0.176072,-0.383963,0.9986,-0.605685,0.177404,-0.382658,0.9988,-0.465597,0.152145,-0.408937,0.9986,-0.527683,0.126941,-0.330178,0.998,-0.544685,0.216804,-0.386191,0.9991,-0.560331,0.20969,-0.363818,0.9986,-0.242468,0.131554,-0.387729,0.9999,-0.453873,0.146321,-0.183506,0.9989,0.000223,0.188776,-0.328153,0.881,-0.082328,-0.032603,-0.164084,0.1006,-0.066032,0.337822,-0.265154,0.8873,0.102294,-0.226722,-0.202482,0.2551,-0.064571,0.367278,-0.290426,0.8776,0.073693,-0.214752,-0.155701,0.3146,-0.103596,0.359709,-0.297314,0.8819,0.049209,-0.261355,-0.107688,0.3314,-0.08877,0.339255,-0.268796,0.8202,0.020199,-0.213094,-0.148431,0.3575,0.051866,-0.012112,-0.085164,0.9998,-0.053236,0.012951,0.08607,0.9993,0.370234,0.052801,0.019611,0.9925,0.203618,0.129219,0.260182,0.4596,0.528226,-0.190311,0.173253,0.9906,0.311365,-0.103247,0.584376,0.6008,0.548664,-0.218729,0.189874,0.9746,0.327288,-0.110348,0.613859,0.6039,0.653639,-0.210084,0.211066,0.9805,0.408206,-0.092647,0.669639,0.5604
195,6500,0.392406,0.52706,0.000147,-0.596706,0.20457,-0.395351,0.9991,-0.586753,0.177473,-0.411576,0.9993,-0.587094,0.177485,-0.4105,0.9994,-0.587354,0.177999,-0.410294,0.9994,-0.600982,0.167134,-0.390655,0.9987,-0.601749,0.166776,-0.391945,0.9987,-0.602827,0.168094,-0.39062,0.9989,-0.458003,0.1482,-0.414378,0.9987,-0.523299,0.119168,-0.338767,0.9982,-0.543813,0.211449,-0.39237,0.9992,-0.560566,0.20323,-0.371037,0.9987,-0.233995,0.133332,-0.391754,0.9999,-0.453032,0.141523,-0.190986,0.999,0.007493,0.193341,-0.331377,0.8907,-0.082328,-0.032603,-0.164084,0.0999,-0.05578,0.339966,-0.270997,0.8951,0.102294,-0.226722,-0.202482,0.2519,-0.052384,0.36817,-0.296834,0.8849,0.073693,-0.214752,-0.155701,0.3095,-0.090759,0.359582,-0.304016,0.8889,0.049209,-0.261355,-0.107688,0.3258,-0.078302,0.341283,-0.274328,0.8297,0.020199,-0.213094,-0.148431,0.3538,0.055229,-0.008542,-0.083942,0.9999,-0.056581,0.009403,0.084859,0.9993,0.371748,0.042045,0.03837,0.9927,0.203618,0.129219,0.260182,0.4437,0.512752,-0.210811,0.189324,0.9909,0.286714,-0.101205,0.594922,0.5721,0.530812,-0.240397,0.20608,0.9755,0.300601,-0.108421,0.625202,0.5893,0.6345,-0.235523,0.228493,0.9807,0.381201,-0.091014,0.683229,0.5357
196,6533,0.38856,0.526865,0.000169,-0.593836,0.198751,-0.406736,0.9992,-0.581298,0.171328,-0.422609,0.9994,-0.58166,0.171348,-0.421553,0.9994,-0.581923,0.171853,-0.421349,0.9994,-0.596369,0.160548,-0.402248,0.9988,-0.597127,0.160183,-0.403558,0.9988,-0.598197,0.161494,-0.402227,0.999,-0.449661,0.144481,-0.421826,0.9988,-0.518031,0.113511,-0.348401,0.9984,-0.540533,0.207333,-0.402189,0.9992,-0.558337,0.198191,-0.381598,0.9989,-0.224432,0.134823,-0.396636,0.9999,-0.452306,0.137878,-0.198105,0.9991,0.016394,0.197388,-0.336045,0.8992,-0.082328,-0.032603,-0.164084,0.0969,-0.046038,0.342367,-0.279716,0.9024,0.102294,-0.226722,-0.202482,0.2488,-0.042096,0.369192,-0.307312,0.8914,0.073693,-0.214752,-0.155701,0.3052,-0.080392,0.359554,-0.314581,0.8954,0.049209,-0.261355,-0.107688,0.3219,-0.068708,0.343473,-0.282617,0.8389,0.020199,-0.213094,-0.148431,0.3509,0.058823,-0.00556,-0.082762,0.9999,-0.060137,0.006424,0.083686,0.9994,0.374624,0.032255,0.051542,0.9932,0.203618,0.129219,0.260182,0.4243,0.496631,-0.228936,0.201292,0.991,0.256302,-0.098973,0.604166,0.5419,0.511915,-0.259686,0.21839,0.9762,0.267069,-0.106219,0.635314,0.5695,0.616632,-0.260854,0.243264,0.9813,0.348071,-0.090139,0.695713,0.5164
197,6566,0.389206,0.526102,0.000174,-0.591451,0.194105,-0.415814,0.9993,-0.576971,0.165992,-0.431425,0.9994,-0.577349,0.166022,-0.43039,0.9995,-0.577616,0.166525,-0.430186,0.9995,-0.592679,0.154799,-0.411496,0.999,-0.593431,0.154434,-0.412814,0.999,-0.594495,0.155731,-0.411487,0.9991,-0.443199,0.141333,-0.428135,0.9989,-0.513963,0.108671,-0.356356,0.9985,-0.537834,0.204415,-0.410154,0.9993,-0.556433,0.194594,-0.390132,0.999,-0.216959,0.137258,-0.400584,0.9999,-0.453212,0.13477,-0.204536,0.9992,0.023138,0.204007,-0.339728,0.9061,-0.082328,-0.032603,-0.164084,0.0962,-0.038101,0.345625,-0.285875,0.9064,0.102294,-0.226722,-0.202482,0.2496,-0.033574,0.370685,-0.314478,0.8939,0.073693,-0.214752,-0.155701,0.3046,-0.071556,0.359833,-0.321783,0.8981,0.049209,-0.261355,-0.107688,0.3218,-0.060601,0.346262,-0.288527,0.843,0.020199,-0.213094,-0.148431,0.3519,0.062144,-0.002871,-0.081593,0.9999,-0.06343,0.003728,0.082534,0.9995,0.377258,0.023091,0.062481,0.9932,0.203618,0.129219,0.260182,0.4074,0.477671,-0.247211,0.210672,0.9908,0.231389,-0.100704,0.611472,0.5168,0.490058,-0.279369,0.227966,0.976,0.238976,-0.108343,0.643403,0.5546,0.595893,-0.286989,0.254409,0.9817,0.320238,-0.094693,0.705484,0.5075
198,6600,0.385808,0.526688,0.000125,-0.585257,0.190735,-0.427556,0.9993,-0.569505,0.161747,-0.442803,0.9995,-0.569891,0.161788,-0.441799,0.9995,-0.570162,0.162276,-0.441595,0.9996,-0.585828,0.150692,-0.423029,0.9991,-0.586585,0.150331,-0.424369,0.9991,-0.587638,0.151618,-0.423055,0.9992,-0.435266,0.136178,-0.435715,0.9991,-0.508558,0.105148,-0.364396,0.9987,-0.531802,0.201905,-0.420408,0.9994,-0.551217,0.191968,-0.400547,0.9991,-0.208962,0.136949,-0.405782,0.9999,-0.452874,0.132259,-0.210622,0.9993,0.028796,0.209096,-0.346286,0.9127,-0.082328,-0.032603,-0.164084,0.0929,-0.027723,0.349086,-0.295819,0.91,0.102294,-0.226722,-0.202482,0.2428,-0.022231,0.37305,-0.326457,0.8959,0.073693,-0.214752,-0.155701,0.2974,-0.059946,0.361734,-0.334045,0.8998,0.049209,-0.261355,-0.107688,0.315,-0.050132,0.349556,-0.298167,0.845,0.020199,-0.213094,-0.148431,0.3457,0.065066,-0.000717,-0.08043,0.9999,-0.066298,0.001568,0.081371,0.9995,0.379343,0.013606,0.06992,0.9936,0.203618,0.129219,0.260182,0.3996,0.461584,-0.264359,0.221794,0.9907,0.231389,-0.100704,0.611472,0.4823,0.471558,-0.297496,0.240082,0.9756,0.207363,-0.103686,0.652238,0.5252,0.575445,-0.30894,0.268717,0.9814,0.320238,-0.094693,0.705484,0.4772
199,6633,0.387468,0.527024,0.000158,-0.58128,0.188474,-0.439685,0.9994,-0.564747,0.158915,-0.453483,0.9995,-0.565141,0.158962,-0.452477,0.9996,-0.565411,0.159442,-0.45228,0.9996,-0.581397,0.147814,-0.433859,0.9992,-0.582157,0.147457,-0.435201,0.9992,-0.583205,0.148738,-0.433877,0.9993,-0.43029,0.13275,-0.441927,0.9991,-0.504891,0.103778,-0.370821,0.9988,-0.527864,0.200134,-0.43093,0.9994,-0.547769,0.190031,-0.411215,0.9992,-0.20382,0.136062,-0.409822,0.9999,-0.45278,0.130405,-0.214665,0.9993,0.033976,0.21196,-0.351685,0.9184,-0.082328,-0.032603,-0.164084,0.0879,-0.019997,0.351686,-0.30438,0.9148,0.102294,-0.226722,-0.202482,0.2417,-0.014189,0.374861,-0.335914,0.8997,0.073693,-0.214752,-0.155701,0.2976,-0.051812,0.363383,-0.343183,0.9039,0.049209,-0.261355,-0.107688,0.3146,-0.042267,0.352019,-0.30628,0.8502,0.020199,-0.213094,-0.148431,0.3441,0.067089,0.000338,-0.080215,0.9999,-0.068303,0.000504,0.081175,0.9996,0.380798,0.005583,0.064408,0.9932,0.203618,0.129219,0.260182,0.3968,0.444495,-0.276102,0.218672,0.9902,0.22494,-0.1179,0.610372,0.5074,0.452297,-0.310207,0.237481,0.9762,0.205806,-0.115806,0.650614,0.5465,0.556793,-0.328034,0.267135,0.9816,0.317172,-0.118373,0.701369,0.5024
200,6666,0.386236,0.527885,0.000193,-0.577008,0.188015,-0.45017,0.9995,-0.559754,0.157253,-0.462965,0.9996,-0.560164,0.157305,-0.461952,0.9996,-0.560437,0.157773,-0.461767,0.9996,-0.576589,0.147219,-0.443111,0.9992,-0.577361,0.146862,-0.444432,0.9992,-0.578409,0.148143,-0.443102,0.9994,-0.426034,0.129736,-0.447689,0.9992,-0.501351,0.104007,-0.375928,0.9989,-0.524187,0.198919,-0.440164,0.9995,-0.544342,0.189836,-0.42005,0.9992,-0.199248,0.133254,-0.413243,0.9999,-0.452627,0.128788,-0.217481,0.9993,0.039829,0.211459,-0.356256,0.9189,-0.082328,-0.032603,-0.164084,0.0809,-0.011092,0.352916,-0.311947,0.9146,0.102294,-0.226722,-0.202482,0.2275,-0.005305,0.37612,-0.344059,0.8994,0.073693,-0.214752,-0.155701,0.2847,-0.0426,0.364665,-0.351544,0.9037,0.049209,-0.261355,-0.107688,0.3008,-0.033183,0.35359,-0.31374,0.8506,0.020199,-0.213094,-0.148431,0.3295,0.068778,0.000398,-0.080251,0.9999,-0.069991,0.000419,0.081252,0.9996,0.382087,-0.004998,0.052487,0.9912,0.203618,0.129219,0.260182,0.3871,0.429221,-0.289676,0.211902,0.9888,0.228409,-0.131447,0.605754,0.5304,0.435059,-0.324597,0.231474,0.9759,0.212244,-0.132224,0.644756,0.5644,0.537867,-0.349532,0.260564,0.9799,0.322054,-0.135481,0.6937,0.52
201,6700,0.390713,0.53092,7.3e-05,-0.575837,0.187549,-0.457512,0.9995,-0.557653,0.155792,-0.469674,0.9996,-0.558102,0.155847,-0.468659,0.9997,-0.55837,0.15631,-0.46848,0.9997,-0.574022,0.14674,-0.449743,0.9993,-0.574817,0.146382,-0.451053,0.9993,-0.575886,0.147662,-0.449725,0.9994,-0.425384,0.126994,-0.451711,0.9993,-0.498689,0.104612,-0.377747,0.999,-0.524108,0.19776,-0.446707,0.9995,-0.54366,0.1897,-0.426398,0.9993,-0.200001,0.130512,-0.414449,0.9999,-0.452594,0.127429,-0.217212,0.9993,0.039786,0.208184,-0.359876,0.9256,-0.082328,-0.032603,-0.164084,0.0806,-0.004182,0.351986,-0.318603,0.9205,0.102294,-0.226722,-0.202482,0.2281,0.001715,0.376381,-0.350942,0.9042,0.073693,-0.214752,-0.155701,0.2878,-0.035656,0.365498,-0.357797,0.9081,0.049209,-0.261355,-0.107688,0.3025,-0.026151,0.353698,-0.31999,0.8569,0.020199,-0.213094,-0.148431,0.3287,0.069131,0.000132,-0.080902,0.9999,-0.070357,0.000673,0.081957,0.9996,0.381245,-0.0168,0.037446,0.9909,0.203618,0.129219,0.260182,0.3897,0.411367,-0.306412,0.197882,0.9891,0.234108,-0.151729,0.595411,0.568,0.414967,-0.342533,0.217955,0.9776,0.220845,-0.155884,0.632547,0.597,0.51411,-0.37638,0.246231,0.9806,0.329072,-0.160186,0.679103,0.555
202,6733,0.392725,0.532809,-9e-06,-0.574873,0.187135,-0.464043,0.9996,-0.556267,0.154663,-0.475315,0.9997,-0.556742,0.154718,-0.474295,0.9997,-0.557008,0.155179,-0.474121,0.9997,-0.572064,0.146478,-0.455224,0.9994,-0.572873,0.146127,-0.456549,0.9994,-0.573964,0.147396,-0.455191,0.9995,-0.42624,0.123916,-0.454988,0.9994,-0.496934,0.105703,-0.379447,0.9991,-0.523985,0.196391,-0.452568,0.9996,-0.542945,0.189595,-0.431971,0.9994,-0.200852,0.125834,-0.416193,0.9999,-0.453346,0.12672,-0.217089,0.9993,0.039578,0.202955,-0.366079,0.9314,-0.082328,-0.032603,-0.164084,0.0782,0.001236,0.350215,-0.328579,0.9264,0.102294,-0.226722,-0.202482,0.2381,0.007194,0.376167,-0.361014,0.9089,0.073693,-0.214752,-0.155701,0.2964,-0.030008,0.366131,-0.367033,0.9124,0.049209,-0.261355,-0.107688,0.3101,-0.020323,0.353272,-0.329333,0.8628,0.020199,-0.213094,-0.148431,0.3359,0.068883,-0.000958,-0.081428,0.9999,-0.070117,0.001766,0.082519,0.9997,0.380533,-0.029097,0.028975,0.9895,0.203618,0.129219,0.260182,0.3952,0.395755,-0.321249,0.18867,0.9864,0.239038,-0.167519,0.588333,0.5936,0.397663,-0.358055,0.21028,0.9764,0.22823,-0.173871,0.624226,0.617,0.493316,-0.398179,0.240683,0.9787,0.335338,-0.178878,0.669694,0.5811
203,6766,0.391181,0.53298,2.9e-05,-0.57154,0.185978,-0.472257,0.9996,-0.552974,0.153067,-0.482837,0.9997,-0.553454,0.153112,-0.481807,0.9997,-0.553724,0.15358,-0.481652,0.9997,-0.568586,0.145857,-0.462763,0.9994,-0.569396,0.145505,-0.464101,0.9994,-0.5705,0.146762,-0.46271,0.9995,-0.425323,0.120705,-0.459716,0.9994,-0.494511,0.106474,-0.383847,0.9992,-0.521574,0.194375,-0.459881,0.9996,-0.540203,0.188893,-0.439245,0.9994,-0.198754,0.121176,-0.418386,0.9999,-0.45371,0.124662,-0.219002,0.9994,0.043285,0.19795,-0.371066,0.935,-0.082328,-0.032603,-0.164084,0.0732,0.007131,0.346426,-0.335742,0.9307,0.102294,-0.226722,-0.202482,0.2361,0.012591,0.373534,-0.368237,0.9121,0.073693,-0.214752,-0.155701,0.2951,-0.024088,0.363718,-0.373818,0.9153,0.049209,-0.261355,-0.107688,0.3078,-0.01403,0.350511,-0.336266,0.8667,0.020199,-0.213094,-0.148431,0.3336,0.068655,-0.001978,-0.081889,0.9999,-0.069897,0.00279,0.083011,0.9997,0.37993,-0.042332,0.022938,0.9882,0.203618,0.129219,0.260182,0.3958,0.381107,-0.334856,0.189495,0.9841,0.24195,-0.183169,0.582553,0.6154,0.381607,-0.371776,0.212611,0.9746,0.233179,-0.191218,0.617554,0.632,0.474873,-0.415127,0.244692,0.9766,0.338962,-0.19654,0.661951,0.6008
204,6800,0.390744,0.533804,0.000115,-0.566699,0.184117,-0.478724,0.9996,-0.548771,0.151015,-0.488932,0.9997,-0.549261,0.151048,-0.487887,0.9998,-0.549545,0.151515,-0.487739,0.9998,-0.564224,0.144928,-0.468827,0.9995,-0.565037,0.144577,-0.470163,0.9995,-0.566146,0.145819,-0.468745,0.9996,-0.424123,0.116885,-0.463766,0.9995,-0.491973,0.10704,-0.387518,0.9993,-0.517854,0.191439,-0.465671,0.9997,-0.53612,0.187434,-0.444915,0.9995,-0.196941,0.115913,-0.42024,0.9999,-0.453685,0.122988,-0.220736,0.9994,0.045698,0.193264,-0.375398,0.9403,-0.082328,-0.032603,-0.164084,0.0747,0.012439,0.343024,-0.342401,0.936,0.102294,-0.226722,-0.202482,0.2458,0.017599,0.371143,-0.375103,0.9174,0.073693,-0.214752,-0.155701,0.3044,-0.018217,0.361805,-0.379606,0.9202,0.049209,-0.261355,-0.107688,0.3162,-0.008062,0.348137,-0.342462,0.8739,0.020199,-0.213094,-0.148431,0.3404,0.067876,-0.003319,-0.082256,0.9999,-0.069124,0.004128,0.083405,0.9997,0.379399,-0.053324,0.015822,0.9879,0.203618,0.129219,0.260182,0.404,0.363975,-0.347216,0.18895,0.9834,0.245084,-0.199086,0.574515,0.6365,0.362671,-0.384482,0.213069,0.9748,0.238286,-0.208667,0.608535,0.6465,0.452957,-0.433548,0.246595,0.9759,0.342685,-0.215347,0.651324,0.621
205,6833,0.390442,0.535308,-7e-06,-0.562621,0.179868,-0.484261,0.9997,-0.545283,0.146914,-0.49404,0.9998,-0.545785,0.146933,-0.492978,0.9998,-0.546079,0.147406,-0.492826,0.9998,-0.560504,0.141955,-0.473986,0.9995,-0.561316,0.141615,-0.475321,0.9995,-0.562436,0.142824,-0.473869,0.9996,-0.423094,0.112089,-0.467023,0.9995,-0.48956,0.106475,-0.390647,0.9994,-0.514715,0.186521,-0.470514,0.9997,-0.532541,0.183886,-0.449728,0.9995,-0.195752,0.109748,-0.421815,0.9999,-0.453606,0.121459,-0.22219,0.9995,0.047153,0.187583,-0.379257,0.9448,-0.082328,-0.032603,-0.164084,0.0765,0.016947,0.33873,-0.348251,0.9401,0.102294,-0.226722,-0.202482,0.2619,0.022431,0.367821,-0.380858,0.9206,0.073693,-0.214752,-0.155701,0.3226,-0.012215,0.359387,-0.384784,0.9229,0.049209,-0.261355,-0.107688,0.3334,-0.002694,0.345045,-0.348023,0.8781,0.020199,-0.213094,-0.148431,0.3567,0.066801,-0.004642,-0.082636,0.9999,-0.06806,0.005457,0.083808,0.9997,0.37875,-0.063019,0.007821,0.9875,0.203618,0.129219,0.260182,0.4025,0.345746,-0.359715,0.184261,0.9829,0.246524,-0.217232,0.564948,0.656,0.342456,-0.397429,0.208593,0.9753,0.241253,-0.22837,0.597796,0.6622,0.428471,-0.452358,0.244508,0.9751,0.344168,-0.237281,0.640151,0.636
206,6866,0.390182,0.536375,-3.4e-05,-0.559413,0.175022,-0.487747,0.9997,-0.542517,0.142495,-0.497153,0.9998,-0.543027,0.142501,-0.496064,0.9998,-0.543328,0.142974,-0.495894,0.9998,-0.557581,0.138489,-0.477185,0.9996,-0.558392,0.138158,-0.4785,0.9996,-0.559521,0.139332,-0.477016,0.9997,-0.422661,0.107326,-0.468245,0.9996,-0.487588,0.105461,-0.391861,0.9994,-0.512155,0.181082,-0.473213,0.9997,-0.529684,0.179634,-0.452372,0.9996,-0.195615,0.105023,-0.421719,0.9999,-0.453629,0.118503,-0.221438,0.9995,0.047201,0.18261,-0.380418,0.9485,-0.082328,-0.032603,-0.164084,0.0792,0.020708,0.335364,-0.349592,0.9433,0.102294,-0.226722,-0.202482,0.2752,0.026736,0.365173,-0.381917,0.9228,0.073693,-0.214752,-0.155701,0.3383,-0.006404,0.357324,-0.385814,0.9247,0.049209,-0.261355,-0.107688,0.3485,0.002044,0.342557,-0.349456,0.8816,0.020199,-0.213094,-0.148431,0.3705,0.065854,-0.005798,-0.083013,0.9999,-0.067122,0.006618,0.084206,0.9998,0.378091,-0.070476,-0.000702,0.9857,0.203618,0.129219,0.260182,0.3925,0.328392,-0.369925,0.176507,0.9811,0.244858,-0.233768,0.556493,0.6648,0.323121,-0.408016,0.200855,0.9751,0.240464,-0.246191,0.588337,0.6717,0.404603,-0.466982,0.238279,0.9735,0.341295,-0.256636,0.630418,0.6453
207,6900,0.390467,0.537103,-2.5e-05,-0.556774,0.170928,-0.490081,0.9997,-0.54025,0.138311,-0.499516,0.9998,-0.540766,0.13831,-0.498405,0.9998,-0.541069,0.138767,-0.498219,0.9998,-0.55517,0.135267,-0.479235,0.9996,-0.555979,0.134936,-0.480525,0.9996,-0.557116,0.136086,-0.479006,0.9997,-0.422794,0.101421,-0.469352,0.9996,-0.486679,0.103642,-0.392148,0.9995,-0.510027,0.176225,-0.475326,0.9997,-0.527333,0.175979,-0.453931,0.9996,-0.196502,0.099552,-0.42224,0.9999,-0.454581,0.115999,-0.220742,0.9995,0.045522,0.178873,-0.381986,0.9525,-0.082328,-0.032603,-0.164084,0.0835,0.024635,0.332439,-0.350778,0.9468,0.102294,-0.226722,-0.202482,0.2849,0.031425,0.362641,-0.382861,0.9263,0.073693,-0.214752,-0.155701,0.3447,-0.000215,0.355683,-0.386686,0.9279,0.049209,-0.261355,-0.107688,0.3547,0.007072,0.34042,-0.350715,0.8858,0.020199,-0.213094,-0.148431,0.3755,0.064596,-0.007312,-0.083283,0.9999,-0.065865,0.008112,0.084491,0.9998,0.376774,-0.082717,-0.009313,0.9858,0.203618,0.129219,0.260182,0.4105,0.308076,-0.381903,0.170173,0.9802,0.243116,-0.250739,0.547436,0.6791,0.300742,-0.420037,0.194592,0.9749,0.23964,-0.264467,0.57845,0.6825,0.378076,-0.482409,0.232866,0.9729,0.338472,-0.27757,0.620349,0.662
208,6933,0.389505,0.538096,-1.9e-05,-0.553733,0.167679,-0.49201,0.9998,-0.537994,0.135028,-0.501617,0.9998,-0.538514,0.135022,-0.500495,0.9998,-0.538817,0.135463,-0.500299,0.9998,-0.552808,0.132606,-0.481132,0.9997,-0.553612,0.13227,-0.482416,0.9997,-0.554761,0.133392,-0.480869,0.9997,-0.422754,0.096906,-0.4711,0.9997,-0.485908,0.101464,-0.393274,0.9995,-0.50751,0.172364,-0.477151,0.9998,-0.524663,0.172862,-0.455409,0.9997,-0.196998,0.095753,-0.423235,0.9999,-0.455609,0.113053,-0.221918,0.9996,0.044202,0.175964,-0.382937,0.9563,-0.082328,-0.032603,-0.164084,0.1045,0.029055,0.329434,-0.350629,0.9507,0.102294,-0.226722,-0.202482,0.3268,0.037612,0.359042,-0.382181,0.9306,0.073693,-0.214752,-0.155701,0.3796,0.007797,0.352911,-0.386789,0.932,0.049209,-0.261355,-0.107688,0.3896,0.012675,0.337868,-0.350982,0.8915,0.020199,-0.213094,-0.148431,0.4101,0.063788,-0.008469,-0.083128,0.9999,-0.065037,0.009254,0.084302,0.9998,0.376641,-0.09121,-0.014812,0.987,0.203618,0.129219,0.260182,0.4321,0.291799,-0.393899,0.166575,0.9811,0.221564,-0.250247,0.547569,0.6773,0.282586,-0.432302,0.191674,0.9755,0.217877,-0.263861,0.578753,0.6806,0.357272,-0.496764,0.235216,0.9742,0.313507,-0.27816,0.625559,0.6628
209,6966,0.388742,0.538297,-5e-05,-0.550586,0.16305,-0.492508,0.9998,-0.535854,0.131071,-0.501713,0.9998,-0.536376,0.131066,-0.50058,0.9999,-0.53668,0.131496,-0.500373,0.9999,-0.550518,0.129186,-0.481572,0.9997,-0.551322,0.128842,-0.482853,0.9997,-0.552482,0.129932,-0.481263,0.9997,-0.423157,0.093049,-0.470106,0.9997,-0.485245,0.099507,-0.393736,0.9996,-0.505147,0.167658,-0.477223,0.9998,-0.522047,0.168787,-0.45585,0.9997,-0.199351,0.092469,-0.422328,0.9999,-0.458164,0.110596,-0.221837,0.9996,0.040357,0.173503,-0.381548,0.9593,-0.082328,-0.032603,-0.164084,0.1264,0.03291,0.324918,-0.34999,0.954,0.102294,-0.226722,-0.202482,0.37,0.043018,0.353972,-0.380745,0.934,0.073693,-0.214752,-0.155701,0.4174,0.015005,0.349024,-0.386141,0.9352,0.049209,-0.261355,-0.107688,0.4268,0.017704,0.33405,-0.350735,0.8957,0.020199,-0.213094,-0.148431,0.4461,0.062738,-0.009532,-0.082994,1.0,-0.063966,0.010304,0.084134,0.9998,0.375273,-0.10188,-0.020338,0.9876,0.203618,0.129219,0.260182,0.4445,0.273374,-0.402671,0.16106,0.9805,0.205806,-0.258199,0.54243,0.6851,0.262167,-0.441567,0.186062,0.975,0.203195,-0.272281,0.572997,0.6885,0.332482,-0.507104,0.23341,0.9741,0.297215,-0.28944,0.622824,0.6746
210,7000,0.388272,0.539256,2.2e-05,-0.54971,0.159363,-0.488792,0.9998,-0.535658,0.127674,-0.498087,0.9999,-0.536183,0.127667,-0.496945,0.9999,-0.536488,0.128089,-0.496728,0.9999,-0.550206,0.125989,-0.477677,0.9997,-0.551008,0.125637,-0.478951,0.9997,-0.552183,0.126699,-0.477318,0.9998,-0.424519,0.089946,-0.468099,0.9997,-0.485752,0.096981,-0.390787,0.9996,-0.504736,0.163965,-0.47421,0.9998,-0.521354,0.165523,-0.452519,0.9997,-0.201754,0.089625,-0.421336,1.0,-0.461079,0.108628,-0.220003,0.9997,0.037361,0.171568,-0.377884,0.9624,-0.082328,-0.032603,-0.164084,0.1339,0.036624,0.319184,-0.341742,0.9577,0.102294,-0.226722,-0.202482,0.4061,0.048303,0.347679,-0.371248,0.9385,0.073693,-0.214752,-0.155701,0.4491,0.02213,0.343854,-0.377767,0.9395,0.049209,-0.261355,-0.107688,0.458,0.022723,0.328923,-0.343399,0.902,0.020199,-0.213094,-0.148431,0.4765,0.061817,-0.010448,-0.082957,1.0,-0.063028,0.011209,0.084064,0.9998,0.373056,-0.113993,-0.024678,0.9884,0.203618,0.129219,0.260182,0.4623,0.254756,-0.410527,0.157291,0.9811,0.195284,-0.265499,0.537759,0.7024,0.241795,-0.449075,0.182186,0.976,0.193765,-0.279764,0.567677,0.7031,0.307468,-0.515987,0.232653,0.975,0.286097,-0.299529,0.621429,0.6923
211,7033,0.391784,0.539622,9.7e-05,-0.552259,0.158935,-0.481481,0.9998,-0.538184,0.126608,-0.491109,0.9999,-0.538708,0.126595,-0.489956,0.9999,-0.539027,0.126999,-0.489742,0.9999,-0.552579,0.124932,-0.46997,0.9998,-0.553387,0.124564,-0.47121,0.9998,-0.55457,0.12562,-0.469571,0.9998,-0.427456,0.088511,-0.463685,0.9998,-0.487778,0.095504,-0.383027,0.9997,-0.50749,0.163693,-0.467957,0.9998,-0.523804,0.165291,-0.445298,0.9998,-0.205458,0.088037,-0.418968,1.0,-0.463287,0.108475,-0.214227,0.9997,0.03416,0.170216,-0.373654,0.9648,-0.082328,-0.032603,-0.164084,0.1332,0.039254,0.315028,-0.32997,0.96,0.102294,-0.226722,-0.202482,0.412,0.05188,0.343384,-0.357975,0.9413,0.073693,-0.214752,-0.155701,0.4582,0.026928,0.340433,-0.365038,0.9419,0.049209,-0.261355,-0.107688,0.4673,0.026231,0.325164,-0.332285,0.9054,0.020199,-0.213094,-0.148431,0.4854,0.060735,-0.011037,-0.08314,1.0,-0.061924,0.011778,0.084244,0.9999,0.366453,-0.121931,-0.031151,0.9888,0.203618,0.129219,0.260182,0.4843,0.234889,-0.41611,0.148189,0.9818,0.199101,-0.285563,0.523757,0.7277,0.220386,-0.453526,0.17245,0.9772,0.198518,-0.300745,0.552319,0.7259,0.279207,-0.521363,0.223371,0.9758,0.287553,-0.323394,0.6048,0.7165
212,7066,0.388828,0.540632,8.2e-05,-0.557149,0.157089,-0.475225,0.9998,-0.54172,0.124082,-0.484843,0.9999,-0.542244,0.124066,-0.483666,0.9999,-0.542579,0.124458,-0.483456,0.9999,-0.555981,0.121802,-0.463385,0.9998,-0.556794,0.121422,-0.4646,0.9998,-0.557984,0.122473,-0.462946,0.9998,-0.430096,0.087164,-0.458912,0.9998,-0.48967,0.092542,-0.376403,0.9997,-0.512386,0.163178,-0.462389,0.9998,-0.528461,0.16417,-0.439225,0.9998,-0.20895,0.087987,-0.416164,1.0,-0.465146,0.107963,-0.208951,0.9997,0.031035,0.168974,-0.37009,0.9675,-0.082328,-0.032603,-0.164084,0.1246,0.042388,0.309984,-0.321878,0.9625,0.102294,-0.226722,-0.202482,0.3989,0.05639,0.337824,-0.34915,0.9441,0.073693,-0.214752,-0.155701,0.4518,0.033951,0.335948,-0.356454,0.9443,0.049209,-0.261355,-0.107688,0.4611,0.03094,0.320545,-0.324603,0.9087,0.020199,-0.213094,-0.148431,0.4792,0.059555,-0.011214,-0.08345,1.0,-0.060723,0.011922,0.084568,0.9999,0.357652,-0.128668,-0.038802,0.9892,0.205933,0.001706,0.253486,0.5006,0.215411,-0.420693,0.138801,0.9825,0.206387,-0.30745,0.509459,0.7507,0.199428,-0.457351,0.162627,0.9783,0.206748,-0.323532,0.536939,0.7461,0.251258,-0.527493,0.21394,0.9764,0.292669,-0.348946,0.587642,0.7373
213,7100,0.380647,0.542708,6.9e-05,-0.560441,0.154713,-0.470492,0.9999,-0.542834,0.121505,-0.480024,0.9999,-0.543364,0.121489,-0.478826,0.9999,-0.543727,0.121867,-0.478621,0.9999,-0.557094,0.118535,-0.458457,0.9998,-0.557922,0.118144,-0.459655,0.9998,-0.559115,0.119192,-0.45799,0.9998,-0.430581,0.08662,-0.454675,0.9998,-0.490016,0.089868,-0.371484,0.9997,-0.516426,0.162507,-0.457995,0.9999,-0.532362,0.162621,-0.43464,0.9998,-0.21111,0.089619,-0.412906,1.0,-0.465625,0.106738,-0.204674,0.9997,0.029693,0.167814,-0.366641,0.9695,-0.082328,-0.032603,-0.164084,0.1183,0.048807,0.303502,-0.314752,0.9647,0.102294,-0.226722,-0.202482,0.3927,0.06488,0.330256,-0.341189,0.9467,0.073693,-0.214752,-0.155701,0.4508,0.04534,0.329433,-0.348894,0.9466,0.049209,-0.261355,-0.107688,0.46,0.039164,0.314348,-0.317794,0.9125,0.020199,-0.213094,-0.148431,0.4782,0.058492,-0.010969,-0.083731,1.0,-0.059642,0.011634,0.084862,0.9999,0.351003,-0.134321,-0.044483,0.9887,0.205933,0.001706,0.253486,0.495,0.202313,-0.424249,0.13044,0.9821,0.210852,-0.325757,0.493467,0.7658,0.185262,-0.460407,0.153673,0.9784,0.211977,-0.342386,0.519882,0.7588,0.232919,-0.532582,0.204877,0.9759,0.295927,-0.370407,0.568383,0.7516
214,7133,0.384974,0.541569,0.000115,-0.564174,0.154934,-0.462923,0.9999,-0.546197,0.121264,-0.472575,0.9999,-0.546735,0.12124,-0.471368,0.9999,-0.547107,0.121607,-0.471166,0.9999,-0.560384,0.11791,-0.45052,0.9998,-0.56122,0.117504,-0.451697,0.9998,-0.562417,0.11855,-0.450028,0.9998,-0.433428,0.087311,-0.449744,0.9998,-0.49212,0.088987,-0.364438,0.9997,-0.520197,0.163564,-0.451565,0.9999,-0.53588,0.163199,-0.427573,0.9998,-0.214416,0.091862,-0.410073,1.0,-0.466109,0.107879,-0.199485,0.9998,0.027608,0.167116,-0.361937,0.9717,-0.082328,-0.032603,-0.164084,0.1202,0.053365,0.298231,-0.305295,0.9671,0.102294,-0.226722,-0.202482,0.4164,0.070676,0.324114,-0.330867,0.9495,0.073693,-0.214752,-0.155701,0.4714,0.052923,0.324449,-0.339292,0.9492,0.049209,-0.261355,-0.107688,0.4802,0.044879,0.309333,-0.308896,0.9162,0.020199,-0.213094,-0.148431,0.4974,0.057517,-0.010775,-0.084099,1.0,-0.058651,0.01141,0.085249,0.9999,0.345947,-0.144159,-0.048445,0.9895,0.205771,-0.027873,0.251842,0.5053,0.188068,-0.424704,0.123937,0.9827,0.205746,-0.338788,0.481397,0.7792,0.169797,-0.459082,0.146536,0.9793,0.206619,-0.355699,0.506741,0.7693,0.214399,-0.534267,0.198662,0.9769,0.286482,-0.386574,0.555364,0.7662
215,7166,0.383327,0.542136,0.000138,-0.568977,0.153594,-0.455554,0.9999,-0.550173,0.119818,-0.464989,0.9999,-0.550715,0.11979,-0.463764,0.9999,-0.551086,0.120147,-0.463576,0.9999,-0.564205,0.115781,-0.442919,0.9998,-0.565048,0.115365,-0.444081,0.9998,-0.566251,0.116395,-0.442412,0.9999,-0.436063,0.087909,-0.443869,0.9998,-0.494034,0.086796,-0.357857,0.9998,-0.524766,0.163591,-0.445057,0.9999,-0.540183,0.162188,-0.420898,0.9998,-0.217928,0.09395,-0.406468,1.0,-0.466154,0.108036,-0.1943,0.9998,0.025693,0.166545,-0.357516,0.9732,-0.082328,-0.032603,-0.164084,0.1213,0.057306,0.292837,-0.298994,0.968,0.102294,-0.226722,-0.202482,0.4318,0.076015,0.317316,-0.324062,0.95,0.073693,-0.214752,-0.155701,0.4888,0.060256,0.318447,-0.332677,0.9493,0.049209,-0.261355,-0.107688,0.4976,0.050187,0.304019,-0.302869,0.9161,-0.21893,0.013474,0.034539,0.5135,0.056144,-0.010601,-0.084643,1.0,-0.057255,0.011209,0.085813,0.9999,0.338913,-0.151699,-0.055411,0.9903,0.2073,-0.043844,0.251011,0.5303,0.168413,-0.424413,0.114883,0.9836,0.202499,-0.352738,0.470709,0.7945,0.148298,-0.457282,0.137202,0.9801,0.20246,-0.370319,0.495248,0.781,0.189967,-0.535688,0.191611,0.978,0.279115,-0.406166,0.54437,0.78
216,7200,0.384042,0.541799,5e-05,-0.575393,0.154089,-0.443502,0.9999,-0.557375,0.120484,-0.453104,0.9999,-0.557922,0.120442,-0.451885,0.9999,-0.558288,0.12079,-0.451686,0.9999,-0.570716,0.11596,-0.430691,0.9998,-0.571572,0.115546,-0.431839,0.9999,-0.572791,0.11654,-0.43018,0.9999,-0.44294,0.089253,-0.435752,0.9999,-0.498213,0.085908,-0.347683,0.9998,-0.530706,0.164347,-0.434523,0.9999,-0.545371,0.162181,-0.409728,0.9999,-0.225233,0.095623,-0.402023,1.0,-0.467135,0.10815,-0.187275,0.9998,0.019554,0.166126,-0.354104,0.9751,-0.082328,-0.032603,-0.164084,0.1277,0.057001,0.288822,-0.294864,0.9701,0.102294,-0.226722,-0.202482,0.4605,0.07736,0.312599,-0.319565,0.9526,-0.192253,-7.2e-05,0.031181,0.516,0.063553,0.314333,-0.328449,0.9515,-0.205342,-0.01712,0.055587,0.5245,0.051518,0.300096,-0.298878,0.9195,-0.245773,0.037421,0.053122,0.5393,0.054694,-0.010345,-0.085209,1.0,-0.055769,0.010933,0.086401,0.9999,0.33064,-0.157155,-0.062159,0.9909,0.208537,-0.058727,0.249562,0.5418,0.151731,-0.422557,0.100099,0.9845,0.203495,-0.365771,0.451306,0.8116,0.130587,-0.454291,0.121167,0.9812,0.203678,-0.383864,0.473998,0.7974,0.169475,-0.535964,0.175615,0.9791,0.277658,-0.422541,0.521102,0.798
217,7233,0.384294,0.541763,4.2e-05,-0.579988,0.15507,-0.434758,0.9999,-0.562453,0.121322,-0.444814,0.9999,-0.563004,0.121271,-0.443599,0.9999,-0.563367,0.121604,-0.443395,0.9999,-0.575395,0.116399,-0.422035,0.9999,-0.576258,0.115984,-0.423163,0.9999,-0.577486,0.116951,-0.421528,0.9999,-0.448154,0.090442,-0.430067,0.9999,-0.501473,0.08518,-0.340277,0.9998,-0.534973,0.165397,-0.426939,0.9999,-0.549199,0.162602,-0.401432,0.9999,-0.230661,0.097048,-0.398057,1.0,-0.467774,0.10829,-0.181732,0.9998,0.014355,0.166452,-0.348381,0.973,-0.082328,-0.032603,-0.164084,0.1255,0.056556,0.285582,-0.28677,0.9666,0.102294,-0.226722,-0.202482,0.4609,0.077816,0.308928,-0.311475,0.9473,-0.222848,0.024634,0.0503,0.5172,0.065475,0.311147,-0.321188,0.9455,-0.233759,0.010639,0.071668,0.5264,0.052283,0.296973,-0.29126,0.9123,-0.271178,0.060819,0.069138,0.5418,0.053396,-0.010135,-0.085713,1.0,-0.054437,0.010703,0.086925,0.9999,0.324729,-0.161285,-0.071243,0.9915,0.2095,-0.073019,0.248168,0.5449,0.136163,-0.419766,0.088956,0.9852,0.204304,-0.37787,0.438098,0.8247,0.113669,-0.450447,0.109666,0.9821,0.204729,-0.396219,0.45984,0.8077,0.150862,-0.534978,0.16422,0.98,0.275637,-0.437765,0.505256,0.8112
218,7266,0.381808,0.542187,0.000104,-0.583462,0.155769,-0.427669,0.9999,-0.566028,0.121893,-0.438396,0.9999,-0.566577,0.121839,-0.437185,0.9999,-0.566936,0.122156,-0.436968,0.9999,-0.57882,0.116428,-0.415526,0.9999,-0.57969,0.116005,-0.416621,0.9999,-0.580915,0.116964,-0.415015,0.9999,-0.451579,0.09186,-0.426254,0.9999,-0.503827,0.084161,-0.335494,0.9998,-0.538103,0.166221,-0.420941,0.9999,-0.552196,0.162879,-0.395097,0.9999,-0.234271,0.099272,-0.394405,1.0,-0.46841,0.108269,-0.177825,0.9998,0.008658,0.169725,-0.336531,0.9616,-0.082328,-0.032603,-0.164084,0.1275,0.047862,0.28312,-0.266625,0.9501,0.102294,-0.226722,-0.202482,0.4741,0.068645,0.306305,-0.290766,0.9289,-0.249927,0.04668,0.06438,0.5284,0.056363,0.308242,-0.3015,0.9274,-0.25873,0.035347,0.082673,0.5387,0.044239,0.294696,-0.272379,0.8911,-0.293276,0.081534,0.080441,0.5542,0.052554,-0.009957,-0.08626,1.0,-0.053571,0.010509,0.087491,0.9999,0.320512,-0.164271,-0.080184,0.9921,0.209512,-0.082912,0.249604,0.555,0.124077,-0.414983,0.079946,0.9857,0.205512,-0.379461,0.437107,0.8354,0.100426,-0.444715,0.100684,0.9823,0.206432,-0.397496,0.458489,0.8135,0.13801,-0.529651,0.156099,0.9806,0.275808,-0.438973,0.503351,0.8223
219,7300,0.379364,0.543349,0.000117,-0.586569,0.155969,-0.421798,0.9999,-0.568938,0.122265,-0.432981,0.9999,-0.569489,0.122209,-0.431765,0.9999,-0.569846,0.122511,-0.431546,0.9999,-0.581621,0.116149,-0.410128,0.9999,-0.582496,0.115716,-0.411194,0.9999,-0.583718,0.116673,-0.409615,0.9999,-0.454214,0.09335,-0.42288,0.9999,-0.505943,0.083013,-0.331575,0.9998,-0.541018,0.16681,-0.415851,0.9999,-0.554935,0.162661,-0.389837,0.9999,-0.237091,0.101211,-0.390882,1.0,-0.467785,0.107747,-0.174726,0.9998,0.003688,0.172601,-0.328635,0.9619,-0.082328,-0.032603,-0.164084,0.1247,0.045683,0.280535,-0.254996,0.9503,0.102294,-0.226722,-0.202482,0.4722,0.068102,0.302975,-0.278856,0.9283,-0.276239,0.067957,0.079651,0.5302,0.057462,0.305048,-0.289855,0.9263,-0.2832,0.05966,0.095112,0.541,0.043375,0.292048,-0.26116,0.8903,-0.314541,0.101613,0.0927,0.5567,0.051762,-0.00977,-0.086791,1.0,-0.05276,0.010305,0.088044,0.9999,0.316602,-0.166725,-0.086656,0.9925,0.209553,-0.095331,0.251006,0.5617,0.111943,-0.411127,0.073481,0.9859,0.206998,-0.388973,0.436099,0.8467,0.087165,-0.440202,0.09417,0.9825,0.208289,-0.407113,0.457155,0.8219,0.123571,-0.52544,0.149494,0.9806,0.275896,-0.450353,0.50085,0.8318
220,7333,0.3775,0.544981,0.00022,-0.589637,0.155821,-0.4168,0.9999,-0.571972,0.12213,-0.428384,0.9999,-0.572512,0.122077,-0.427162,1.0,-0.572865,0.122363,-0.426947,1.0,-0.584601,0.115523,-0.405433,0.9999,-0.585477,0.115076,-0.406479,0.9999,-0.586692,0.116037,-0.40492,0.9999,-0.456479,0.094412,-0.420171,0.9999,-0.507921,0.081685,-0.328311,0.9999,-0.543742,0.16709,-0.411673,0.9999,-0.55753,0.162261,-0.385443,0.9999,-0.239674,0.102919,-0.387803,1.0,-0.467453,0.107092,-0.17226,0.9998,-0.0001,0.174794,-0.322598,0.9593,-0.082328,-0.032603,-0.164084,0.1214,0.042537,0.278315,-0.245843,0.9463,0.102294,-0.226722,-0.202482,0.4733,0.065635,0.300151,-0.269189,0.9222,-0.301987,0.088412,0.095164,0.531,0.05569,0.302294,-0.28064,0.9198,-0.307023,0.08306,0.1077,0.5422,0.041043,0.289681,-0.25231,0.8809,-0.335242,0.120743,0.105209,0.5584,0.051069,-0.0096,-0.087435,1.0,-0.052051,0.010122,0.0887,0.9999,0.313592,-0.170605,-0.091875,0.9927,0.209176,-0.107172,0.253412,0.5642,0.102523,-0.407839,0.068743,0.9857,0.208257,-0.396753,0.436898,0.8545,0.077035,-0.436574,0.089401,0.9824,0.209956,-0.415017,0.457586,0.8267,0.114104,-0.522196,0.144741,0.9808,0.275956,-0.459862,0.500033,0.8407
221,7366,0.376332,0.547341,0.0001,-0.592057,0.154887,-0.41334,0.9999,-0.574139,0.12161,-0.424891,1.0,-0.574682,0.121551,-0.423662,1.0,-0.575034,0.121834,-0.42345,1.0,-0.586624,0.114597,-0.402025,0.9999,-0.587502,0.114153,-0.40307,0.9999,-0.588714,0.115101,-0.401519,0.9999,-0.458009,0.095266,-0.41733,0.9999,-0.508863,0.080738,-0.325678,0.9999,-0.546089,0.166811,-0.408591,0.9999,-0.559512,0.161373,-0.382374,0.9999,-0.24141,0.104293,-0.385722,1.0,-0.465903,0.10587,-0.170173,0.9998,0.000477,0.175116,-0.321429,0.9612,-0.082328,-0.032603,-0.164084,0.1155,0.048059,0.273525,-0.247434,0.9489,0.102294,-0.226722,-0.202482,0.4673,0.072688,0.293848,-0.270959,0.9244,-0.321799,0.102905,0.111975,0.5321,0.064577,0.296645,-0.283849,0.9215,-0.325553,0.100048,0.122523,0.5431,0.047477,0.284958,-0.2541,0.8842,-0.35101,0.134181,0.118661,0.5592,0.050508,-0.009259,-0.087943,1.0,-0.051476,0.009776,0.08922,0.9999,0.310541,-0.174539,-0.094615,0.9928,0.208978,-0.117417,0.25418,0.5533,0.095471,-0.409314,0.065583,0.9854,0.204574,-0.404149,0.429797,0.8607,0.06933,-0.43769,0.086079,0.982,0.205795,-0.422553,0.449686,0.8305,0.104062,-0.524509,0.141853,0.9801,0.268062,-0.47046,0.492512,0.8443
222,7400,0.377203,0.549993,1.9e-05,-0.597613,0.152743,-0.409491,0.9999,-0.578859,0.119681,-0.420555,1.0,-0.579431,0.119607,-0.419319,1.0,-0.579787,0.119906,-0.419101,1.0,-0.590801,0.112477,-0.397814,0.9999,-0.591682,0.112057,-0.398876,0.9999,-0.592921,0.112975,-0.397314,0.9999,-0.461194,0.095433,-0.412904,0.9999,-0.510373,0.079669,-0.321295,0.9999,-0.551478,0.165653,-0.404927,0.9999,-0.564199,0.159814,-0.378766,0.9999,-0.244916,0.10564,-0.383592,1.0,-0.464373,0.104904,-0.166494,0.9998,0.000619,0.173135,-0.321526,0.9641,-0.082328,-0.032603,-0.164084,0.1142,0.054968,0.265589,-0.251409,0.9525,0.102294,-0.226722,-0.202482,0.4782,0.081876,0.283767,-0.275174,0.9284,-0.343945,0.118657,0.133193,0.5466,0.076149,0.287984,-0.289568,0.9254,-0.346166,0.118405,0.141628,0.5575,0.055649,0.277402,-0.258167,0.8899,-0.368481,0.148513,0.135543,0.5724,0.049416,-0.008941,-0.088506,1.0,-0.050375,0.009452,0.089798,1.0,0.304292,-0.179085,-0.096914,0.9931,0.210237,-0.129675,0.253177,0.5568,0.087363,-0.416711,0.062688,0.9857,0.198062,-0.416034,0.418813,0.8674,0.060597,-0.445213,0.082944,0.9822,0.198181,-0.434894,0.437998,0.8369,0.090554,-0.533385,0.139378,0.9802,0.256451,-0.487658,0.482979,0.849
223,7433,0.376878,0.550383,1.9e-05,-0.601168,0.151953,-0.406875,0.9999,-0.582002,0.119066,-0.417647,1.0,-0.582593,0.118971,-0.416405,1.0,-0.582948,0.119287,-0.416184,1.0,-0.593575,0.111693,-0.394987,0.9999,-0.594457,0.111289,-0.39606,0.9999,-0.595713,0.112176,-0.394491,0.9999,-0.463322,0.09612,-0.410437,0.9999,-0.511335,0.079301,-0.318219,0.9999,-0.555001,0.165388,-0.402329,0.9999,-0.56747,0.159245,-0.376277,0.9999,-0.247202,0.106959,-0.38444,1.0,-0.463172,0.104359,-0.164716,0.9998,0.000746,0.171593,-0.327714,0.9658,-0.082328,-0.032603,-0.164084,0.1106,0.061386,0.257195,-0.264185,0.9545,0.102294,-0.226722,-0.202482,0.4793,0.08947,0.272794,-0.288966,0.929,-0.362185,0.131552,0.149996,0.5488,0.085773,0.277833,-0.304135,0.9257,-0.362958,0.133265,0.156456,0.5595,0.063129,0.269162,-0.270559,0.8901,-0.382594,0.160058,0.148397,0.5748,0.048528,-0.008741,-0.089008,1.0,-0.049477,0.009246,0.090309,1.0,0.299525,-0.182083,-0.097818,0.9935,0.209349,-0.13934,0.253746,0.5656,0.078847,-0.4222,0.064764,0.9854,0.19392,-0.423799,0.411982,0.8743,0.051383,-0.45045,0.085131,0.981,0.193484,-0.442912,0.429669,0.8399,0.079497,-0.538629,0.143864,0.9797,0.249701,-0.497947,0.476132,0.8555
224,7466,0.377172,0.550728,3.8e-05,-0.603875,0.151465,-0.405444,0.9999,-0.584666,0.119546,-0.415402,1.0,-0.585274,0.119427,-0.414161,1.0,-0.585625,0.119764,-0.41394,1.0,-0.595758,0.112069,-0.392945,0.9999,-0.59664,0.111688,-0.394036,0.9999,-0.59791,0.112548,-0.392438,0.9999,-0.466232,0.097563,-0.408538,0.9999,-0.512131,0.080254,-0.315894,0.9999,-0.557695,0.165157,-0.400775,0.9999,-0.570049,0.158758,-0.375185,0.9999,-0.250484,0.108526,-0.386549,1.0,-0.459854,0.103017,-0.164017,0.9998,1.5e-05,0.169215,-0.336666,0.9688,-0.082328,-0.032603,-0.164084,0.1045,0.070191,0.248755,-0.276307,0.9582,0.102294,-0.226722,-0.202482,0.4521,0.101116,0.262815,-0.30028,0.9341,-0.358277,0.126993,0.164453,0.5248,0.098934,0.268869,-0.316334,0.9308,-0.358394,0.130165,0.169622,0.5353,0.07304,0.261005,-0.282087,0.8969,-0.376819,0.154558,0.158659,0.5494,0.047246,-0.008468,-0.089422,1.0,-0.048193,0.008964,0.090734,1.0,0.29446,-0.187781,-0.09167,0.9932,0.210604,-0.14913,0.253607,0.5628,0.072792,-0.429565,0.066424,0.9852,0.188715,-0.433595,0.40108,0.8786,0.045025,-0.457947,0.086385,0.9801,0.187539,-0.453303,0.417666,0.8443,0.071618,-0.544205,0.144956,0.9798,0.242603,-0.511852,0.464411,0.8608
225,7500,0.377309,0.552202,2.4e-05,-0.607057,0.149269,-0.40094,1.0,-0.587446,0.11825,-0.410474,1.0,-0.588075,0.118116,-0.409226,1.0,-0.588423,0.118472,-0.409016,1.0,-0.598123,0.110248,-0.38834,0.9999,-0.599002,0.10989,-0.389452,0.9999,-0.600289,0.110721,-0.387842,0.9999,-0.468711,0.098713,-0.404153,0.9999,-0.512966,0.079559,-0.312266,0.9999,-0.560914,0.163864,-0.396441,1.0,-0.572906,0.156773,-0.371257,0.9999,-0.253443,0.110126,-0.384248,1.0,-0.458178,0.101153,-0.160787,0.9998,-0.000584,0.167306,-0.339209,0.9694,-0.082328,-0.032603,-0.164084,0.1045,0.077407,0.240797,-0.283115,0.9587,0.102294,-0.226722,-0.202482,0.4687,0.110098,0.252345,-0.30644,0.9328,-0.372522,0.123968,0.178654,0.5427,0.11019,0.258578,-0.323753,0.929,-0.371071,0.128117,0.182202,0.5535,0.081533,0.252862,-0.288884,0.8958,-0.387909,0.150766,0.169614,0.5669,0.046196,-0.007948,-0.089843,1.0,-0.047141,0.008427,0.091164,1.0,0.290232,-0.189812,-0.087417,0.9932,0.210157,-0.15789,0.253936,0.5556,0.067898,-0.434788,0.065001,0.9853,0.184939,-0.442515,0.392953,0.8848,0.039855,-0.463594,0.084268,0.9803,0.183431,-0.462628,0.40871,0.8506,0.06368,-0.5514,0.143049,0.9801,0.237471,-0.523322,0.454924,0.8675
226,7533,0.378234,0.554204,-0.000161,-0.610714,0.145911,-0.397399,1.0,-0.590937,0.115874,-0.406898,1.0,-0.591591,0.115716,-0.405649,1.0,-0.591939,0.116107,-0.405449,1.0,-0.600952,0.107581,-0.384779,0.9999,-0.601828,0.107256,-0.385878,0.9999,-0.603147,0.108053,-0.384281,0.9999,-0.471795,0.099344,-0.400573,0.9999,-0.51393,0.07889,-0.309565,0.9999,-0.564592,0.161449,-0.393125,1.0,-0.575912,0.153972,-0.368381,0.9999,-0.256981,0.111468,-0.382485,1.0,-0.4568,0.099033,-0.158438,0.9998,-0.002249,0.164161,-0.342646,0.9719,-0.082328,-0.032603,-0.164084,0.1043,0.083481,0.231894,-0.290634,0.9617,0.102294,-0.226722,-0.202482,0.4751,0.117908,0.241448,-0.313186,0.9363,-0.382165,0.120064,0.194186,0.5538,0.119856,0.247919,-0.331322,0.9325,-0.379528,0.124719,0.196464,0.5651,0.088858,0.244026,-0.296182,0.9008,-0.395156,0.146185,0.181858,0.5766,0.044941,-0.007422,-0.090197,1.0,-0.045888,0.007884,0.091526,1.0,0.285008,-0.191373,-0.08296,0.993,0.210037,-0.166302,0.253919,0.5497,0.064274,-0.442161,0.060914,0.9856,0.182185,-0.452276,0.381654,0.8905,0.036071,-0.471946,0.078754,0.9806,0.180379,-0.47304,0.396291,0.858,0.057505,-0.559844,0.135973,0.9808,0.234491,-0.535175,0.441644,0.8749
227,7566,0.378297,0.558427,-0.000129,-0.613904,0.142823,-0.394827,1.0,-0.593961,0.113339,-0.403803,1.0,-0.594639,0.113165,-0.402537,1.0,-0.594985,0.113587,-0.402359,1.0,-0.603469,0.10501,-0.381834,0.9999,-0.604341,0.104717,-0.382954,0.9999,-0.605689,0.105484,-0.381345,1.0,-0.474471,0.099104,-0.397626,1.0,-0.51498,0.078235,-0.307372,0.9999,-0.567827,0.159048,-0.390389,1.0,-0.578621,0.151438,-0.366115,0.9999,-0.260232,0.112083,-0.380928,1.0,-0.45642,0.097268,-0.156395,0.9998,-0.004142,0.159036,-0.345843,0.9734,-0.082328,-0.032603,-0.164084,0.1024,0.088544,0.219493,-0.297159,0.9631,0.102294,-0.226722,-0.202482,0.4781,0.124222,0.226515,-0.319426,0.9365,-0.39777,0.121402,0.208985,0.5594,0.127924,0.233142,-0.3381,0.9323,-0.393384,0.126872,0.209838,0.5707,0.09505,0.231702,-0.302571,0.9012,-0.407595,0.146651,0.193515,0.5811,0.043558,-0.007094,-0.09055,1.0,-0.044507,0.007528,0.091888,1.0,0.279442,-0.192782,-0.079828,0.9934,0.21036,-0.175343,0.253897,0.5649,0.059047,-0.448603,0.057352,0.9861,0.181381,-0.462627,0.37122,0.8971,0.030574,-0.479022,0.073951,0.9811,0.179353,-0.48387,0.384569,0.8644,0.047617,-0.567536,0.130226,0.9814,0.232348,-0.547002,0.431935,0.8809
228,7600,0.372868,0.56031,-0.000112,-0.616596,0.142832,-0.39323,1.0,-0.596786,0.112791,-0.401518,1.0,-0.597479,0.112607,-0.400222,1.0,-0.597828,0.11304,-0.400083,1.0,-0.605975,0.105127,-0.379435,0.9999,-0.606843,0.104866,-0.380574,1.0,-0.608218,0.105608,-0.378964,1.0,-0.477284,0.098662,-0.395144,1.0,-0.516988,0.078873,-0.305122,0.9999,-0.570526,0.158322,-0.388628,1.0,-0.580953,0.151519,-0.364197,0.9999,-0.263678,0.111459,-0.37961,1.0,-0.45671,0.096836,-0.154333,0.9998,-0.006218,0.152884,-0.349052,0.975,-0.082328,-0.032603,-0.164084,0.0965,0.092681,0.206623,-0.301862,0.9643,0.102294,-0.226722,-0.202482,0.4686,0.129561,0.211609,-0.32395,0.9373,-0.411077,0.123545,0.223073,0.5571,0.134554,0.218544,-0.342955,0.9329,-0.40531,0.129661,0.222642,0.5689,0.100175,0.219013,-0.307231,0.9021,-0.418082,0.14777,0.204635,0.5785,0.042095,-0.007131,-0.090864,1.0,-0.043047,0.007522,0.09221,1.0,0.274324,-0.194595,-0.080777,0.9935,0.211465,-0.183979,0.252032,0.5692,0.05492,-0.45447,0.051143,0.9866,0.18437,-0.473479,0.361104,0.9018,0.026025,-0.485417,0.066904,0.9818,0.182461,-0.495379,0.373783,0.8699,0.039391,-0.573871,0.122567,0.982,0.235755,-0.559476,0.421457,0.8859
229,7633,0.372059,0.560872,-0.000204,-0.616096,0.14254,-0.396657,1.0,-0.597285,0.112474,-0.403824,1.0,-0.598001,0.112282,-0.402519,1.0,-0.598357,0.112723,-0.402394,1.0,-0.60544,0.105322,-0.381926,1.0,-0.606325,0.105084,-0.38306,1.0,-0.607722,0.1058,-0.38142,1.0,-0.479139,0.098354,-0.394708,1.0,-0.51642,0.079783,-0.305574,0.9999,-0.570969,0.157217,-0.39109,1.0,-0.580216,0.151053,-0.366967,1.0,-0.266603,0.111084,-0.37912,1.0,-0.453304,0.095103,-0.154938,0.9998,-0.007976,0.146651,-0.352925,0.9765,-0.082328,-0.032603,-0.164084,0.098,0.101817,0.190565,-0.306878,0.9665,0.102294,-0.226722,-0.202482,0.4724,0.137944,0.192265,-0.328969,0.9408,-0.393715,0.108987,0.225072,0.5626,0.144292,0.198822,-0.3481,0.9365,-0.387079,0.115294,0.223452,0.5742,0.107558,0.201744,-0.313066,0.9069,-0.400532,0.133161,0.204051,0.5822,0.040774,-0.006923,-0.091033,1.0,-0.041728,0.007286,0.092395,1.0,0.271724,-0.197196,-0.077882,0.9935,0.191565,-0.173694,0.236623,0.5551,0.054828,-0.46078,0.045166,0.9872,0.186308,-0.490673,0.353882,0.9021,0.02563,-0.493291,0.059828,0.982,0.184587,-0.505094,0.362628,0.8709,0.039683,-0.581003,0.11332,0.983,0.239276,-0.571299,0.409273,0.8905
230,7666,0.375864,0.559866,-0.000252,-0.616942,0.142283,-0.395921,1.0,-0.600076,0.112779,-0.402136,1.0,-0.600802,0.112571,-0.400842,1.0,-0.601163,0.113016,-0.400719,1.0,-0.606566,0.106093,-0.380491,1.0,-0.607466,0.10588,-0.381637,1.0,-0.608884,0.106549,-0.379984,1.0,-0.484638,0.098636,-0.391909,1.0,-0.516542,0.08163,-0.303726,0.9999,-0.572659,0.156222,-0.390187,1.0,-0.580161,0.15062,-0.366402,1.0,-0.273381,0.111574,-0.378508,1.0,-0.449398,0.093573,-0.155279,0.9998,-0.012888,0.140346,-0.357396,0.9784,-0.082328,-0.032603,-0.164084,0.0982,0.106393,0.172314,-0.315197,0.9691,0.102294,-0.226722,-0.202482,0.4667,0.145024,0.172445,-0.335612,0.9446,-0.37295,0.094143,0.22535,0.5576,0.152689,0.17914,-0.355317,0.9404,-0.365998,0.100504,0.222731,0.569,0.113619,0.183844,-0.320848,0.9121,-0.380292,0.117795,0.201952,0.5767,0.038286,-0.006751,-0.090863,1.0,-0.03923,0.00709,0.092248,1.0,0.266819,-0.201087,-0.075289,0.9936,0.193887,-0.178615,0.231672,0.5549,0.05319,-0.467284,0.038411,0.9872,0.188149,-0.498374,0.339252,0.898,0.024657,-0.500097,0.051224,0.9812,0.186444,-0.512775,0.347038,0.8702,0.039626,-0.587251,0.101563,0.9834,0.24225,-0.580538,0.392424,0.8923
231,7700,0.373051,0.562749,-0.000237,-0.617769,0.135077,-0.390025,1.0,-0.602254,0.108169,-0.395355,1.0,-0.602986,0.10796,-0.394056,1.0,-0.603352,0.108404,-0.393934,1.0,-0.607468,0.100699,-0.374632,1.0,-0.608378,0.100506,-0.375772,1.0,-0.609813,0.101115,-0.374111,1.0,-0.488892,0.098456,-0.384091,1.0,-0.516164,0.078976,-0.299622,1.0,-0.57436,0.15025,-0.384093,1.0,-0.58021,0.143527,-0.36153,1.0,-0.2798,0.113695,-0.372731,1.0,-0.443315,0.088819,-0.151895,0.9998,-0.017799,0.135122,-0.355691,0.98,-0.082328,-0.032603,-0.164084,0.1009,0.10972,0.154593,-0.315737,0.9711,0.102294,-0.226722,-0.202482,0.4624,0.150774,0.15297,-0.333057,0.9474,-0.350118,0.077913,0.224965,0.5527,0.159769,0.15852,-0.35335,0.9432,-0.342615,0.084462,0.221344,0.5641,0.118547,0.165617,-0.320949,0.9162,-0.358293,0.101735,0.199426,0.571,0.035304,-0.005611,-0.090536,1.0,-0.036235,0.005933,0.091941,1.0,0.261159,-0.199798,-0.073374,0.9939,0.198012,-0.184432,0.22539,0.5678,0.04964,-0.471741,0.020519,0.9881,0.190194,-0.507792,0.312949,0.9025,0.021659,-0.504946,0.03019,0.9823,0.188373,-0.52274,0.31939,0.879,0.03526,-0.593006,0.075017,0.9846,0.246021,-0.593032,0.360303,0.8997
232,7733,0.37056,0.565261,-0.000239,-0.617739,0.130239,-0.387779,1.0,-0.603948,0.10495,-0.392115,1.0,-0.604682,0.104741,-0.390818,1.0,-0.605052,0.105184,-0.390717,1.0,-0.607777,0.096943,-0.372176,1.0,-0.608697,0.096763,-0.373287,1.0,-0.610135,0.097344,-0.371626,1.0,-0.492871,0.097629,-0.380052,1.0,-0.514934,0.076872,-0.297753,1.0,-0.575361,0.145708,-0.38159,1.0,-0.579113,0.138686,-0.359706,1.0,-0.286393,0.115044,-0.372379,1.0,-0.43684,0.086539,-0.150812,0.9998,-0.024237,0.131025,-0.360453,0.9811,-0.082328,-0.032603,-0.164084,0.1035,0.113104,0.142005,-0.326263,0.9721,0.102294,-0.226722,-0.202482,0.461,0.156874,0.138517,-0.3427,0.9488,-0.31474,0.070278,0.209395,0.5496,0.167855,0.14384,-0.362373,0.9447,-0.305731,0.076949,0.203743,0.5595,0.12401,0.152565,-0.330399,0.9174,-0.324121,0.093601,0.182283,0.5657,0.032859,-0.004672,-0.090478,1.0,-0.033783,0.004986,0.091919,1.0,0.257214,-0.196642,-0.071844,0.9936,0.200808,-0.188858,0.221016,0.5681,0.049588,-0.475307,0.010543,0.9882,0.194588,-0.5154,0.299627,0.8955,0.022274,-0.509509,0.018732,0.9819,0.192797,-0.530507,0.305528,0.8769,0.034749,-0.597752,0.061164,0.9849,0.252614,-0.601666,0.344668,0.8987
233,7766,0.370234,0.567109,-9e-06,-0.614742,0.1224,-0.375807,1.0,-0.60198,0.100011,-0.38059,1.0,-0.602701,0.099833,-0.379283,1.0,-0.603068,0.100258,-0.379207,1.0,-0.604616,0.090581,-0.362115,1.0,-0.605552,0.090392,-0.36317,1.0,-0.606964,0.090963,-0.361514,1.0,-0.495397,0.097144,-0.371264,1.0,-0.512363,0.071849,-0.294334,1.0,-0.574175,0.139468,-0.37043,1.0,-0.576389,0.130622,-0.350241,1.0,-0.292486,0.11992,-0.365544,1.0,-0.429637,0.082753,-0.149054,0.9998,-0.030556,0.130873,-0.352701,0.9803,-0.082328,-0.032603,-0.164084,0.1243,0.115478,0.130626,-0.315789,0.9699,0.102294,-0.226722,-0.202482,0.4707,0.161536,0.124672,-0.330286,0.9462,-0.289044,0.061825,0.199184,0.5521,0.173849,0.128376,-0.349178,0.9415,-0.279531,0.069327,0.192079,0.5614,0.12811,0.139831,-0.319849,0.9127,-0.300147,0.085526,0.170737,0.5643,0.029428,-0.003726,-0.089987,1.0,-0.030311,0.004028,0.091456,1.0,0.253602,-0.192834,-0.073619,0.994,0.206061,-0.192957,0.217197,0.5903,0.049375,-0.473951,0.003588,0.9889,0.198807,-0.521164,0.291517,0.8928,0.022579,-0.50886,0.011054,0.9823,0.196639,-0.537089,0.297754,0.8749,0.032615,-0.598373,0.052248,0.9856,0.257742,-0.612054,0.335615,0.8936
234,7800,0.369017,0.571314,-5.2e-05,-0.612376,0.116502,-0.368595,1.0,-0.600303,0.096302,-0.373509,1.0,-0.601013,0.096145,-0.372186,1.0,-0.601378,0.096557,-0.372124,1.0,-0.60203,0.085842,-0.355428,1.0,-0.60298,0.08565,-0.356457,1.0,-0.604372,0.08621,-0.354787,1.0,-0.497558,0.09749,-0.365029,1.0,-0.510084,0.067794,-0.293164,1.0,-0.573159,0.134678,-0.363537,1.0,-0.574209,0.124382,-0.343728,1.0,-0.297054,0.124087,-0.360403,1.0,-0.423934,0.07866,-0.149936,0.9998,-0.036208,0.130648,-0.347079,0.9808,-0.082328,-0.032603,-0.164084,0.1261,0.11721,0.119084,-0.308578,0.9699,0.102294,-0.226722,-0.202482,0.4529,0.165313,0.110898,-0.322824,0.9459,-0.270053,0.052874,0.194374,0.5335,0.178769,0.113327,-0.341083,0.9409,-0.260048,0.06083,0.18614,0.5429,0.131417,0.127065,-0.31259,0.9121,-0.282387,0.076956,0.164535,0.5463,0.026527,-0.00264,-0.089483,1.0,-0.027374,0.002936,0.090971,1.0,0.250799,-0.189461,-0.074844,0.9937,0.210084,-0.196803,0.2127,0.5954,0.050261,-0.472866,-0.001431,0.9891,0.204344,-0.52598,0.285534,0.8915,0.024061,-0.508778,0.005485,0.9819,0.202049,-0.542916,0.291588,0.8766,0.031598,-0.599278,0.044057,0.9858,0.265494,-0.620533,0.326887,0.8931
235,7833,0.371747,0.572814,-1.5e-05,-0.613207,0.111096,-0.343354,1.0,-0.602311,0.092478,-0.349586,1.0,-0.603005,0.092334,-0.348273,1.0,-0.603364,0.092731,-0.348235,1.0,-0.603227,0.08102,-0.3322,1.0,-0.604182,0.080827,-0.333206,1.0,-0.605552,0.081371,-0.331528,1.0,-0.502009,0.097684,-0.34793,1.0,-0.511511,0.06343,-0.278757,1.0,-0.574594,0.130418,-0.34081,1.0,-0.574824,0.118823,-0.32161,1.0,-0.305942,0.128398,-0.350572,1.0,-0.420233,0.075641,-0.139081,0.9999,-0.047422,0.130453,-0.337842,0.9819,-0.082328,-0.032603,-0.164084,0.1382,0.11228,0.109754,-0.300419,0.9706,0.102294,-0.226722,-0.202482,0.4605,0.16209,0.100102,-0.314572,0.9466,-0.253991,0.044799,0.188062,0.5333,0.176417,0.102283,-0.332077,0.9415,-0.243893,0.053407,0.178486,0.5426,0.128352,0.116765,-0.304278,0.9122,-0.267751,0.069329,0.157321,0.5419,0.023593,-0.001753,-0.089064,1.0,-0.024404,0.002039,0.090568,1.0,0.248555,-0.18683,-0.079744,0.9943,0.216109,-0.200737,0.2071,0.6257,0.049514,-0.471843,-0.006949,0.9898,0.208347,-0.530361,0.275189,0.8903,0.02313,-0.508376,-0.000115,0.9827,0.206364,-0.547759,0.280787,0.8751,0.028052,-0.600216,0.038436,0.9866,0.269016,-0.629175,0.317257,0.8921
236,7866,0.367743,0.57546,-0.000171,-0.609435,0.103491,-0.328422,1.0,-0.600411,0.087434,-0.334886,1.0,-0.601098,0.087297,-0.333562,1.0,-0.601464,0.087681,-0.333542,1.0,-0.599909,0.075324,-0.318699,1.0,-0.600878,0.075139,-0.319702,1.0,-0.602228,0.075642,-0.318019,1.0,-0.505311,0.09748,-0.335354,1.0,-0.509048,0.059859,-0.270468,1.0,-0.572173,0.123853,-0.326509,1.0,-0.57099,0.111335,-0.308784,1.0,-0.31232,0.13281,-0.341959,1.0,-0.413274,0.072356,-0.132316,0.9999,-0.054879,0.13133,-0.331096,0.9828,-0.082328,-0.032603,-0.164084,0.1729,0.108915,0.102603,-0.295297,0.9713,0.102294,-0.226722,-0.202482,0.4816,0.160898,0.091712,-0.30934,0.9467,-0.229189,0.03366,0.177233,0.5457,0.176626,0.093188,-0.326501,0.9414,-0.219426,0.04245,0.166805,0.5538,0.126947,0.108484,-0.29915,0.9119,-0.245641,0.058987,0.145757,0.5482,0.020627,-0.000623,-0.088676,1.0,-0.021406,0.000898,0.090189,1.0,0.246667,-0.181021,-0.083287,0.9946,0.222634,-0.204019,0.200774,0.6451,0.048461,-0.467963,-0.01702,0.9904,0.21016,-0.534357,0.254874,0.8918,0.021915,-0.505023,-0.011534,0.9835,0.207487,-0.551766,0.259051,0.8797,0.02357,-0.597167,0.025991,0.9875,0.268788,-0.635879,0.294387,0.8966
237,7900,0.369945,0.576099,-0.000174,-0.592742,0.078812,-0.299069,1.0,-0.589141,0.066763,-0.303918,1.0,-0.589795,0.066613,-0.302577,1.0,-0.59021,0.066994,-0.302569,1.0,-0.586832,0.054635,-0.294192,1.0,-0.587772,0.054428,-0.295178,1.0,-0.589077,0.054908,-0.293521,1.0,-0.507834,0.090051,-0.301882,1.0,-0.505253,0.051884,-0.263886,1.0,-0.560217,0.103302,-0.296086,1.0,-0.557019,0.090702,-0.286518,1.0,-0.324917,0.13493,-0.303365,1.0,-0.401182,0.0721,-0.141212,0.9999,-0.067399,0.135356,-0.294196,0.909,-0.082328,-0.032603,-0.164084,0.2504,0.099947,0.098779,-0.267996,0.8925,0.121929,-0.131391,-0.204482,0.5279,0.159298,0.086011,-0.278776,0.8691,-0.1893,0.030035,0.144922,0.5825,0.176403,0.085441,-0.296531,0.8636,-0.17929,0.034821,0.135445,0.5896,0.124666,0.102549,-0.272935,0.8354,-0.209116,0.053388,0.116599,0.5801,0.015877,-0.000889,-0.07857,1.0,-0.016599,0.001209,0.080087,1.0,0.243663,-0.175159,-0.086421,0.9932,0.231436,-0.203959,0.183428,0.6714,0.045693,-0.461194,-0.023895,0.9857,0.207883,-0.535675,0.22654,0.8816,0.019227,-0.498239,-0.019184,0.9752,0.204421,-0.552503,0.231184,0.8633,0.019193,-0.587849,0.018049,0.9845,0.259327,-0.637882,0.263016,0.8889
238,7933,0.370388,0.577811,-0.000121,-0.58425,0.066144,-0.27771,1.0,-0.585234,0.055688,-0.282784,1.0,-0.585862,0.055532,-0.28143,1.0,-0.586318,0.055913,-0.281466,1.0,-0.580365,0.043652,-0.274429,1.0,-0.581281,0.043436,-0.275397,1.0,-0.582518,0.043906,-0.273732,1.0,-0.511317,0.085033,-0.284256,1.0,-0.502463,0.045923,-0.252506,1.0,-0.55482,0.092138,-0.27614,1.0,-0.548254,0.079529,-0.268221,1.0,-0.334095,0.13813,-0.286658,1.0,-0.3933,0.07142,-0.135041,0.9999,-0.075992,0.139511,-0.278199,0.91,-0.082328,-0.032603,-0.164084,0.2536,0.094627,0.095857,-0.255326,0.8838,0.120583,-0.120518,-0.194167,0.5269,0.158493,0.081662,-0.265015,0.8557,-0.157886,0.027052,0.130126,0.5744,0.17776,0.079849,-0.282788,0.8484,-0.147903,0.029905,0.120481,0.5814,0.123827,0.098092,-0.260733,0.8143,-0.181046,0.049383,0.102339,0.5677,0.012297,-0.000295,-0.072081,1.0,-0.012982,0.000617,0.073584,1.0,0.246502,-0.169374,-0.088872,0.9932,0.237282,-0.203823,0.172788,0.6789,0.047346,-0.456669,-0.031278,0.9859,0.206193,-0.53718,0.203296,0.8689,0.020529,-0.49368,-0.027535,0.9747,0.201903,-0.553382,0.206853,0.8507,0.017131,-0.580914,0.009748,0.9847,0.252432,-0.641483,0.238025,0.8813
239,7966,0.373267,0.580197,4.9e-05,-0.582368,0.058191,-0.248161,1.0,-0.586532,0.048766,-0.254099,1.0,-0.587148,0.048607,-0.252762,1.0,-0.587616,0.048983,-0.252847,1.0,-0.579904,0.036253,-0.24634,1.0,-0.580796,0.036034,-0.247283,1.0,-0.581973,0.036481,-0.245622,1.0,-0.517457,0.081454,-0.262524,1.0,-0.503541,0.039847,-0.233172,1.0,-0.55484,0.085057,-0.249114,1.0,-0.545886,0.071788,-0.24183,1.0,-0.343991,0.142591,-0.272553,1.0,-0.386759,0.069693,-0.120161,0.9999,-0.08569,0.144578,-0.267416,0.9129,-0.082328,-0.032603,-0.164084,0.2601,0.089125,0.094837,-0.247805,0.879,0.116608,-0.108805,-0.182476,0.5289,0.157093,0.078327,-0.256947,0.8455,-0.132746,0.025994,0.119824,0.5682,0.178336,0.07598,-0.274191,0.8366,-0.123093,0.02911,0.110131,0.5748,0.122718,0.094969,-0.253082,0.7972,-0.159188,0.048014,0.092094,0.5554,0.009515,0.00131,-0.067414,1.0,-0.010175,-0.001008,0.068878,1.0,0.249632,-0.160906,-0.089895,0.9931,0.242075,-0.203768,0.165446,0.6815,0.049811,-0.45325,-0.042327,0.9861,0.204235,-0.538488,0.177014,0.858,0.022668,-0.489973,-0.040143,0.9744,0.199294,-0.554344,0.17924,0.8436,0.016814,-0.577919,-0.003954,0.9851,0.24774,-0.646046,0.20941,0.877
240,8000,0.372906,0.584808,-0.000144,-0.585241,0.052704,-0.233096,1.0,-0.589793,0.043955,-0.239368,1.0,-0.590407,0.043796,-0.238037,1.0,-0.590876,0.044168,-0.238139,1.0,-0.582167,0.03108,-0.23183,1.0,-0.583043,0.03086,-0.23277,1.0,-0.584191,0.03129,-0.23111,1.0,-0.52198,0.078758,-0.250466,1.0,-0.50455,0.035275,-0.221396,1.0,-0.558027,0.080065,-0.234979,1.0,-0.54786,0.06628,-0.227947,1.0,-0.350886,0.147873,-0.262467,1.0,-0.382493,0.064281,-0.10875,0.9999,-0.092657,0.149746,-0.263811,0.9207,-0.082328,-0.032603,-0.164084,0.2513,0.087579,0.093867,-0.248249,0.8888,0.111652,-0.100448,-0.170025,0.5213,0.157944,0.075508,-0.257983,0.8561,-0.110553,0.022092,0.110814,0.56,0.181306,0.07267,-0.274009,0.8475,-0.101087,0.025572,0.100945,0.5654,0.124097,0.092156,-0.252678,0.8083,-0.13982,0.043934,0.083821,0.5446,0.008335,0.004556,-0.067596,1.0,-0.008991,-0.004293,0.069024,1.0,0.25859,-0.151173,-0.088109,0.9933,0.244499,-0.204147,0.166363,0.6692,0.061339,-0.45117,-0.056435,0.987,0.202152,-0.539395,0.160749,0.8607,0.033878,-0.488938,-0.056625,0.9759,0.196314,-0.556586,0.161499,0.849,0.027779,-0.580017,-0.022625,0.9861,0.242929,-0.652574,0.189996,0.8837
241,8033,0.373412,0.586191,-0.000113,-0.588232,0.046942,-0.221705,1.0,-0.593017,0.038569,-0.228255,1.0,-0.593634,0.03841,-0.226949,1.0,-0.594093,0.038766,-0.227062,1.0,-0.584734,0.025337,-0.221055,1.0,-0.585599,0.025118,-0.222007,1.0,-0.58673,0.025518,-0.220323,1.0,-0.526476,0.076003,-0.241822,1.0,-0.505906,0.03099,-0.213481,1.0,-0.561243,0.075306,-0.224456,1.0,-0.550282,0.061081,-0.217688,1.0,-0.358159,0.151694,-0.256265,1.0,-0.381548,0.060362,-0.100743,0.9999,-0.100824,0.153596,-0.262241,0.9268,-0.082328,-0.032603,-0.164084,0.2462,0.085173,0.093371,-0.252645,0.8948,0.106957,-0.091368,-0.158015,0.5152,0.1575,0.073356,-0.264068,0.862,-0.09191,0.020568,0.104086,0.551,0.182858,0.071064,-0.278878,0.8533,-0.082638,0.024789,0.09342,0.5556,0.124522,0.090203,-0.256323,0.8126,-0.123426,0.042147,0.076862,0.5326,0.00752,0.00708,-0.069678,1.0,-0.008175,-0.00685,0.071066,1.0,0.267207,-0.143505,-0.085371,0.9937,0.246417,-0.203916,0.170306,0.6563,0.074453,-0.454995,-0.067379,0.9877,0.200443,-0.542191,0.163221,0.8434,0.046711,-0.494587,-0.068087,0.9769,0.19409,-0.559748,0.162731,0.8375,0.040498,-0.591431,-0.034792,0.9868,0.239569,-0.659795,0.194515,0.8743
242,8066,0.375274,0.588366,-8.9e-05,-0.595273,0.042232,-0.21094,1.0,-0.599683,0.033976,-0.217981,1.0,-0.600313,0.033813,-0.216708,1.0,-0.600753,0.034152,-0.216834,1.0,-0.590921,0.0204,-0.210397,1.0,-0.591775,0.020179,-0.211363,1.0,-0.5929,0.020547,-0.209651,1.0,-0.532439,0.073129,-0.234767,1.0,-0.508812,0.026607,-0.204418,1.0,-0.567787,0.07132,-0.214972,1.0,-0.556312,0.056676,-0.207519,1.0,-0.365835,0.155014,-0.252263,1.0,-0.383372,0.05702,-0.091529,0.9999,-0.10964,0.157206,-0.26398,0.933,-0.082328,-0.032603,-0.164084,0.236,0.082854,0.093806,-0.259299,0.902,0.101838,-0.081184,-0.144684,0.5031,0.156692,0.072432,-0.272963,0.87,-0.073414,0.020019,0.098281,0.5369,0.184157,0.071857,-0.286449,0.8615,-0.064363,0.025101,0.086854,0.5404,0.124721,0.089687,-0.262124,0.8204,-0.10711,0.041201,0.070652,0.5161,0.00745,0.009571,-0.073586,1.0,-0.008106,-0.009384,0.074943,1.0,0.278528,-0.136016,-0.081839,0.9939,0.247086,-0.202957,0.176719,0.6324,0.091968,-0.460835,-0.076953,0.9884,0.199214,-0.544825,0.170611,0.8232,0.063812,-0.502471,-0.077165,0.9779,0.191985,-0.563188,0.168792,0.8233,0.057726,-0.606237,-0.043644,0.9875,0.236729,-0.667025,0.204171,0.8638
243,8100,0.374342,0.589516,-0.000109,-0.600162,0.033984,-0.204489,1.0,-0.604023,0.026561,-0.211566,1.0,-0.604659,0.026405,-0.210314,1.0,-0.605088,0.026729,-0.21045,1.0,-0.595152,0.012901,-0.204194,1.0,-0.596002,0.012675,-0.205172,1.0,-0.597124,0.01301,-0.203441,1.0,-0.536798,0.069231,-0.229431,1.0,-0.510873,0.022218,-0.197716,1.0,-0.572099,0.064319,-0.208999,1.0,-0.56057,0.049604,-0.20159,1.0,-0.372094,0.156258,-0.250233,1.0,-0.384866,0.054683,-0.085288,0.9999,-0.116217,0.160294,-0.265281,0.9354,-0.082328,-0.032603,-0.164084,0.2346,0.080642,0.095882,-0.264012,0.9012,0.098547,-0.07127,-0.135462,0.5026,0.156584,0.073321,-0.279245,0.8679,-0.057346,0.020865,0.091193,0.5339,0.185585,0.073866,-0.291686,0.8588,-0.048684,0.02639,0.078819,0.5363,0.125293,0.090817,-0.266298,0.8149,-0.092817,0.041735,0.063362,0.5099,0.007663,0.011429,-0.076883,1.0,-0.008321,-0.011282,0.078215,1.0,0.289404,-0.128974,-0.078913,0.9942,0.246989,-0.200531,0.183025,0.6044,0.112842,-0.465154,-0.072394,0.9889,0.199292,-0.546097,0.185811,0.7873,0.084885,-0.508309,-0.072151,0.9783,0.191576,-0.564153,0.183676,0.7901,0.07945,-0.617025,-0.035374,0.9878,0.23528,-0.670094,0.222813,0.8323
244,8133,0.372848,0.590687,-0.000139,-0.601563,0.02407,-0.199673,1.0,-0.606436,0.018082,-0.206606,1.0,-0.607083,0.017929,-0.205365,1.0,-0.607502,0.01824,-0.205512,1.0,-0.597077,0.004422,-0.19965,1.0,-0.597925,0.00418,-0.200638,1.0,-0.599048,0.00449,-0.198893,1.0,-0.540336,0.064494,-0.224683,1.0,-0.512614,0.017477,-0.194878,1.0,-0.574082,0.05536,-0.204344,1.0,-0.562008,0.040686,-0.197164,1.0,-0.377439,0.155737,-0.248911,1.0,-0.385788,0.052718,-0.084019,0.9999,-0.121461,0.16412,-0.26613,0.9335,-0.082328,-0.032603,-0.164084,0.2412,0.079614,0.100108,-0.268026,0.8945,0.097647,-0.060662,-0.128586,0.516,0.159023,0.076275,-0.284119,0.8595,-0.03849,0.022337,0.081214,0.544,0.189221,0.077195,-0.296377,0.8496,-0.030361,0.028094,0.068042,0.5449,0.127901,0.093579,-0.270031,0.8031,-0.076133,0.042817,0.053734,0.5154,0.008019,0.013039,-0.079926,1.0,-0.00868,-0.012933,0.08124,1.0,0.301033,-0.121337,-0.076082,0.9945,0.246117,-0.198084,0.189767,0.578,0.13513,-0.468642,-0.063695,0.9893,0.199847,-0.545581,0.201237,0.7552,0.107596,-0.512835,-0.063041,0.9785,0.191997,-0.56251,0.198903,0.7577,0.103702,-0.624944,-0.022816,0.9879,0.234526,-0.668553,0.241312,0.803
245,8166,0.370751,0.591559,-0.000129,-0.597232,0.00674,-0.193805,1.0,-0.603971,0.00311,-0.199605,1.0,-0.604617,0.002951,-0.198379,1.0,-0.605031,0.003259,-0.198522,1.0,-0.594115,-0.010568,-0.195424,1.0,-0.594952,-0.01083,-0.19644,1.0,-0.596076,-0.010552,-0.194663,1.0,-0.542746,0.057247,-0.214603,1.0,-0.513253,0.01016,-0.195517,0.9999,-0.571561,0.040492,-0.197556,1.0,-0.558912,0.025804,-0.193591,1.0,-0.382325,0.150996,-0.23997,1.0,-0.385077,0.051373,-0.090611,0.9999,-0.125454,0.166867,-0.258448,0.9176,-0.082328,-0.032603,-0.164084,0.2777,0.074001,0.104875,-0.2635,0.8599,0.097664,-0.050166,-0.128123,0.5443,0.161969,0.078584,-0.280141,0.8225,-0.021686,0.025059,0.065617,0.5669,0.192852,0.079379,-0.292304,0.8114,-0.014127,0.030331,0.05257,0.5669,0.13051,0.09548,-0.266593,0.7655,-0.061103,0.044709,0.040142,0.5347,0.008193,0.013374,-0.081431,1.0,-0.008853,-0.013262,0.082728,1.0,0.310401,-0.112281,-0.073943,0.9947,0.246848,-0.19493,0.19373,0.5678,0.154542,-0.470918,-0.054232,0.9896,0.202306,-0.5439,0.212867,0.7247,0.127693,-0.515939,-0.052988,0.9777,0.19428,-0.559833,0.210706,0.7259,0.126813,-0.631319,-0.010115,0.9878,0.235478,-0.665928,0.25602,0.7721
246,8200,0.369328,0.591338,-0.000193,-0.587509,-0.011814,-0.189484,1.0,-0.597179,-0.012134,-0.19432,1.0,-0.597818,-0.012319,-0.193099,1.0,-0.598247,-0.012018,-0.193237,1.0,-0.586997,-0.025222,-0.192395,1.0,-0.587827,-0.025525,-0.193446,1.0,-0.588947,-0.025279,-0.191626,1.0,-0.544811,0.049476,-0.203878,1.0,-0.512908,0.004226,-0.202237,0.9999,-0.564264,0.023738,-0.192135,1.0,-0.551201,0.009776,-0.191559,1.0,-0.386978,0.142134,-0.225204,1.0,-0.382406,0.050474,-0.106742,0.9999,-0.129162,0.168101,-0.243629,0.8925,-0.082328,-0.032603,-0.164084,0.3392,0.06957,0.109007,-0.251826,0.8299,0.102407,-0.03787,-0.136599,0.5847,0.166478,0.081188,-0.268763,0.7919,0.001742,0.029895,0.038235,0.6027,0.197946,0.081471,-0.281749,0.7786,0.009442,0.033666,0.026102,0.602,0.133999,0.097184,-0.257341,0.7326,-0.040016,0.047673,0.016872,0.5699,0.008117,0.012185,-0.079951,1.0,-0.00876,-0.012023,0.081253,1.0,0.319326,-0.103816,-0.071346,0.995,0.248368,-0.190975,0.194632,0.5697,0.169313,-0.470509,-0.040179,0.9897,0.204029,-0.539262,0.223709,0.6991,0.142984,-0.51636,-0.038163,0.9767,0.196182,-0.551574,0.221791,0.6978,0.145555,-0.635553,0.008091,0.9877,0.236038,-0.656773,0.270536,0.7477
247,8233,0.371384,0.59308,-0.000166,-0.580714,-0.027794,-0.186214,1.0,-0.592206,-0.025243,-0.190028,1.0,-0.592842,-0.025452,-0.188812,1.0,-0.593278,-0.02516,-0.188945,1.0,-0.581871,-0.037566,-0.189945,1.0,-0.582698,-0.037903,-0.191025,1.0,-0.583819,-0.037696,-0.189177,1.0,-0.547349,0.041862,-0.193916,1.0,-0.513006,-0.000668,-0.207642,0.9999,-0.558924,0.008663,-0.187661,1.0,-0.545627,-0.004354,-0.189826,1.0,-0.391755,0.133004,-0.214086,1.0,-0.380331,0.049706,-0.117623,0.9999,-0.133114,0.169097,-0.232459,0.89,-0.082328,-0.032603,-0.164084,0.3867,0.068163,0.112667,-0.242922,0.821,0.10466,-0.025119,-0.143496,0.6182,0.170117,0.085179,-0.260658,0.7821,0.022032,0.034756,0.012487,0.6319,0.20198,0.085075,-0.274007,0.767,0.029402,0.037145,0.000831,0.6303,0.13696,0.099829,-0.250157,0.7195,-0.021751,0.050806,-0.005406,0.5969,0.008015,0.01075,-0.078792,1.0,-0.008637,-0.010537,0.080099,1.0,0.327741,-0.091724,-0.069777,0.9954,0.250393,-0.185581,0.194875,0.5589,0.181848,-0.467627,-0.029488,0.9899,0.206318,-0.534257,0.233032,0.6719,0.155659,-0.514675,-0.026915,0.9765,0.198109,-0.545435,0.231093,0.6724,0.159496,-0.639097,0.023343,0.9878,0.236544,-0.650856,0.282975,0.721
248,8266,0.372364,0.593367,-0.000159,-0.575998,-0.040394,-0.183082,1.0,-0.588789,-0.035195,-0.185592,1.0,-0.589426,-0.035418,-0.184384,1.0,-0.589864,-0.035132,-0.184519,1.0,-0.578395,-0.046923,-0.187994,1.0,-0.579222,-0.047288,-0.189091,1.0,-0.580344,-0.047108,-0.187226,1.0,-0.550199,0.036045,-0.184504,1.0,-0.513421,-0.004293,-0.211501,0.9999,-0.555189,-0.003533,-0.182894,0.9999,-0.541677,-0.015827,-0.188346,0.9999,-0.396703,0.126165,-0.203751,1.0,-0.378826,0.048299,-0.125182,0.9999,-0.137835,0.169785,-0.222224,0.8687,-0.082328,-0.032603,-0.164084,0.4199,0.062013,0.117609,-0.233635,0.7914,0.10628,-0.012956,-0.146578,0.6435,0.172944,0.089514,-0.252298,0.7532,0.039397,0.039867,-0.00655,0.6526,0.204946,0.089059,-0.265713,0.7363,0.046401,0.041223,-0.017668,0.6498,0.139326,0.102902,-0.242572,0.6888,-0.006015,0.054349,-0.021965,0.6147,0.007859,0.009603,-0.077847,1.0,-0.008456,-0.009352,0.079155,1.0,0.335778,-0.077669,-0.068704,0.9955,0.251906,-0.179943,0.195108,0.5403,0.196086,-0.463245,-0.022338,0.9898,0.210736,-0.529571,0.2393,0.643,0.170161,-0.511685,-0.019494,0.9752,0.202268,-0.540179,0.237243,0.6438,0.173923,-0.640272,0.033181,0.9874,0.239372,-0.645619,0.290847,0.6916
249,8300,0.386997,0.594609,-0.000155,-0.579741,-0.047394,-0.175649,1.0,-0.593733,-0.040095,-0.178173,1.0,-0.594385,-0.040349,-0.177002,1.0,-0.5948,-0.04008,-0.177153,1.0,-0.583514,-0.051296,-0.181111,1.0,-0.584351,-0.051687,-0.182195,1.0,-0.585479,-0.051529,-0.180335,1.0,-0.556925,0.031642,-0.176958,1.0,-0.519831,-0.007281,-0.205594,0.9999,-0.558509,-0.013518,-0.175301,0.9999,-0.545203,-0.024798,-0.181208,0.9999,-0.403398,0.121287,-0.196446,1.0,-0.382267,0.046125,-0.118709,0.9999,-0.144836,0.170407,-0.214267,0.878,-0.082328,-0.032603,-0.164084,0.425,0.059062,0.120777,-0.227392,0.8015,0.103938,-0.001394,-0.147054,0.6578,0.17045,0.09469,-0.24652,0.7633,0.051534,0.045185,-0.021372,0.6631,0.20249,0.095153,-0.259841,0.7458,0.057815,0.046559,-0.033641,0.6592,0.136788,0.106862,-0.237072,0.6977,0.004199,0.058282,-0.035802,0.6219,0.007831,0.009429,-0.078986,1.0,-0.008403,-0.009178,0.080285,1.0,0.343266,-0.063721,-0.066207,0.9958,0.252826,-0.174531,0.198821,0.519,0.207166,-0.456239,-0.016941,0.9903,0.214334,-0.524933,0.245999,0.6162,0.181096,-0.505844,-0.013723,0.976,0.205651,-0.534433,0.243456,0.6235,0.183503,-0.638859,0.040231,0.9879,0.240903,-0.640179,0.299666,0.6646
250,8333,0.38831,0.595891,-0.000202,-0.590592,-0.034401,-0.166179,1.0,-0.604953,-0.02892,-0.170646,1.0,-0.605606,-0.0292,-0.169524,1.0,-0.605998,-0.028954,-0.169691,1.0,-0.595298,-0.040343,-0.17075,1.0,-0.596139,-0.040707,-0.171817,1.0,-0.59726,-0.04056,-0.170008,1.0,-0.564992,0.030903,-0.173589,1.0,-0.529958,-0.008355,-0.191384,0.9999,-0.567444,-0.005634,-0.167999,0.9999,-0.554861,-0.017246,-0.170243,0.9999,-0.408235,0.119317,-0.20134,1.0,-0.389163,0.037913,-0.103414,0.9999,-0.149809,0.17042,-0.220016,0.8897,-0.082328,-0.032603,-0.164084,0.3989,0.058417,0.122745,-0.22935,0.8196,0.098973,0.006594,-0.136625,0.642,0.166427,0.0992,-0.248249,0.7839,0.057649,0.04935,-0.019868,0.6466,0.198056,0.101104,-0.260256,0.7676,0.063757,0.050364,-0.033915,0.6429,0.133157,0.11046,-0.236912,0.722,0.00976,0.060808,-0.036358,0.6063,0.008597,0.012705,-0.082102,1.0,-0.009157,-0.012494,0.083394,1.0,0.349973,-0.049097,-0.057891,0.9961,0.253657,-0.171298,0.206152,0.5095,0.219768,-0.443838,-0.014075,0.991,0.219447,-0.521818,0.250784,0.6241,0.194162,-0.49402,-0.012133,0.9778,0.210814,-0.530214,0.248332,0.6374,0.196178,-0.629598,0.044028,0.9886,0.246258,-0.636243,0.306772,0.6735
251,8366,0.387649,0.596983,-0.00018,-0.598382,-0.020972,-0.167943,1.0,-0.612922,-0.017388,-0.174553,1.0,-0.613572,-0.017668,-0.173483,1.0,-0.613947,-0.017446,-0.173648,1.0,-0.603873,-0.028438,-0.170652,1.0,-0.604724,-0.028782,-0.171724,1.0,-0.605842,-0.02864,-0.16998,1.0,-0.57038,0.030566,-0.183297,1.0,-0.537237,-0.007241,-0.181498,0.9999,-0.573598,0.003499,-0.171632,0.9999,-0.561767,-0.007709,-0.168647,0.9999,-0.409883,0.117433,-0.214598,1.0,-0.395163,0.030539,-0.094962,0.9999,-0.151608,0.17028,-0.231854,0.8989,-0.082328,-0.032603,-0.164084,0.3779,0.058982,0.12477,-0.237062,0.8339,0.094057,0.01061,-0.127277,0.6287,0.163203,0.103692,-0.25558,0.7994,0.061971,0.049886,-0.018497,0.6335,0.194226,0.106422,-0.267001,0.784,0.06809,0.051264,-0.033781,0.6301,0.130205,0.114005,-0.242407,0.7394,0.014047,0.060224,-0.036516,0.5957,0.010064,0.01579,-0.085363,1.0,-0.010624,-0.015614,0.086634,1.0,0.3548,-0.035572,-0.049598,0.9961,0.247602,-0.168298,0.203969,0.4866,0.233568,-0.432328,-0.005834,0.9912,0.22519,-0.517496,0.26313,0.6118,0.209065,-0.483264,-0.004113,0.9786,0.216561,-0.523348,0.259475,0.6295,0.211241,-0.61968,0.05542,0.9886,0.252997,-0.627126,0.320633,0.6595
252,8400,0.389717,0.597295,-0.000164,-0.607315,-0.008921,-0.173172,1.0,-0.621586,-0.007317,-0.181825,1.0,-0.622234,-0.007599,-0.180807,1.0,-0.622593,-0.007396,-0.180973,1.0,-0.61336,-0.018004,-0.174173,1.0,-0.614227,-0.018334,-0.17525,1.0,-0.615352,-0.018202,-0.173551,1.0,-0.574885,0.029922,-0.196762,1.0,-0.544516,-0.006172,-0.173166,0.9999,-0.580293,0.011866,-0.178674,0.9999,-0.569552,0.00109,-0.17068,0.9999,-0.410494,0.114436,-0.230732,1.0,-0.402091,0.022404,-0.089031,0.9999,-0.152959,0.169719,-0.246044,0.9075,-0.082328,-0.032603,-0.164084,0.3609,0.059279,0.126826,-0.248249,0.8478,0.088546,0.012703,-0.117788,0.6206,0.158995,0.108265,-0.267182,0.8149,0.065726,0.048254,-0.017389,0.6245,0.189223,0.111782,-0.278128,0.8005,0.071985,0.050238,-0.033916,0.621,0.126418,0.117665,-0.251641,0.7574,0.01803,0.057647,-0.036848,0.5881,0.012535,0.01878,-0.089252,1.0,-0.013101,-0.01864,0.090502,1.0,0.358963,-0.022709,-0.042223,0.9962,0.24775,-0.169115,0.204847,0.4677,0.247981,-0.421457,0.00406,0.9916,0.230104,-0.514118,0.281991,0.6009,0.224713,-0.47305,0.00602,0.9797,0.22157,-0.514588,0.276627,0.6237,0.227208,-0.608994,0.06863,0.9889,0.258375,-0.615039,0.341771,0.6506
253,8433,0.391612,0.59731,-0.000161,-0.615058,0.000869,-0.176857,1.0,-0.628904,0.000675,-0.187082,1.0,-0.629544,0.000387,-0.186093,1.0,-0.629901,0.000575,-0.186275,1.0,-0.621373,-0.009882,-0.176834,1.0,-0.622255,-0.010212,-0.177912,1.0,-0.623388,-0.010082,-0.176244,1.0,-0.57812,0.029217,-0.207839,1.0,-0.550379,-0.005761,-0.168944,0.9999,-0.586076,0.018618,-0.183841,1.0,-0.57632,0.007973,-0.17231,1.0,-0.410138,0.110633,-0.245169,1.0,-0.407833,0.01578,-0.084772,0.9999,-0.152507,0.167517,-0.25834,0.9148,-0.082328,-0.032603,-0.164084,0.3512,0.060291,0.128231,-0.256966,0.8594,0.08422,0.01461,-0.110108,0.6167,0.155716,0.111951,-0.27634,0.8279,0.069276,0.046558,-0.017141,0.6181,0.185543,0.116149,-0.286768,0.8141,0.075783,0.049026,-0.034565,0.6142,0.12324,0.120668,-0.258778,0.7721,0.021977,0.055388,-0.037635,0.582,0.015191,0.021054,-0.092759,1.0,-0.015768,-0.020948,0.093999,1.0,0.362041,-0.009672,-0.036989,0.9964,0.247404,-0.169539,0.205453,0.4576,0.262912,-0.408641,0.013461,0.9919,0.235061,-0.509568,0.300465,0.5968,0.241204,-0.46059,0.015972,0.9806,0.227326,-0.506432,0.293312,0.6201,0.245466,-0.594588,0.080438,0.989,0.265299,-0.602662,0.360833,0.6473
254,8466,0.388651,0.597406,-0.000184,-0.620101,0.007431,-0.181964,1.0,-0.633678,0.006019,-0.193272,1.0,-0.634314,0.005729,-0.192301,1.0,-0.63467,0.005903,-0.192492,1.0,-0.626567,-0.004348,-0.18108,1.0,-0.62746,-0.004673,-0.182159,1.0,-0.628596,-0.004551,-0.180521,1.0,-0.580536,0.028132,-0.218011,1.0,-0.554227,-0.005619,-0.167624,1.0,-0.589904,0.02308,-0.189878,1.0,-0.580765,0.012592,-0.175829,1.0,-0.409048,0.107084,-0.257242,1.0,-0.411741,0.010543,-0.081724,0.9999,-0.151372,0.165193,-0.270209,0.9214,-0.082328,-0.032603,-0.164084,0.3436,0.061834,0.129249,-0.268032,0.8702,0.082204,0.01527,-0.103951,0.6191,0.153379,0.114749,-0.288292,0.8399,0.074303,0.044021,-0.017054,0.619,0.182624,0.119466,-0.298174,0.8269,0.080985,0.046926,-0.035652,0.6153,0.120874,0.123003,-0.268641,0.7858,0.026852,0.052585,-0.038717,0.5839,0.017509,0.022795,-0.095418,1.0,-0.018096,-0.022719,0.096646,1.0,0.364516,0.002477,-0.032726,0.9965,0.246895,-0.169754,0.205828,0.4415,0.279243,-0.392791,0.019302,0.9923,0.240972,-0.504446,0.314657,0.5996,0.259376,-0.444518,0.022006,0.9815,0.234074,-0.49713,0.304988,0.6206,0.267227,-0.576188,0.08756,0.9893,0.274791,-0.590093,0.373776,0.6478
255,8500,0.392821,0.59662,-0.000236,-0.623421,0.007476,-0.174133,1.0,-0.637371,0.00718,-0.186147,1.0,-0.638008,0.006867,-0.185166,1.0,-0.638353,0.007037,-0.185399,1.0,-0.630945,-0.003784,-0.173715,1.0,-0.631862,-0.004116,-0.174743,1.0,-0.633002,-0.004013,-0.173151,1.0,-0.582799,0.026957,-0.214778,1.0,-0.557148,-0.008189,-0.162756,0.9999,-0.592737,0.021981,-0.183097,1.0,-0.58368,0.010587,-0.168832,1.0,-0.409587,0.103746,-0.257217,1.0,-0.411641,0.005613,-0.075845,0.9999,-0.150892,0.162915,-0.272924,0.921,-0.082328,-0.032603,-0.164084,0.3548,0.061369,0.130442,-0.270605,0.8712,0.085624,0.018125,-0.099858,0.6386,0.151393,0.117096,-0.29,0.8404,0.086131,0.044026,-0.01927,0.636,0.180109,0.12227,-0.298354,0.8274,0.092357,0.04745,-0.03868,0.6318,0.11898,0.125006,-0.270094,0.7843,0.036636,0.052055,-0.04124,0.5991,0.018225,0.024194,-0.096809,1.0,-0.018816,-0.024142,0.098052,1.0,0.366581,0.015191,-0.03552,0.9966,0.247143,-0.170186,0.206205,0.4505,0.28915,-0.375614,0.002967,0.9928,0.252499,-0.503793,0.300799,0.6303,0.269957,-0.426713,0.003971,0.9825,0.246011,-0.48716,0.287713,0.6459,0.281408,-0.556203,0.063376,0.99,0.289974,-0.578132,0.349592,0.6771
256,8533,0.394689,0.594958,-0.000124,-0.626956,0.011078,-0.169136,1.0,-0.641121,0.010344,-0.181576,1.0,-0.641757,0.010011,-0.18059,1.0,-0.642095,0.01017,-0.180845,1.0,-0.635049,-0.000842,-0.168732,1.0,-0.635973,-0.001183,-0.169724,1.0,-0.637119,-0.001097,-0.168162,1.0,-0.584979,0.025997,-0.213152,1.0,-0.560648,-0.010242,-0.157903,1.0,-0.595645,0.023494,-0.17869,1.0,-0.586896,0.011683,-0.16398,1.0,-0.410018,0.101075,-0.259422,1.0,-0.413083,0.001175,-0.068856,0.9999,-0.150154,0.16055,-0.277058,0.9271,-0.082328,-0.032603,-0.164084,0.3405,0.062737,0.131176,-0.274151,0.8801,0.088426,0.018487,-0.093681,0.6194,0.149888,0.119084,-0.293398,0.8508,0.095119,0.041696,-0.018182,0.6171,0.178234,0.124943,-0.300988,0.8384,0.101203,0.046086,-0.038299,0.6127,0.117529,0.126755,-0.27286,0.7958,0.044961,0.049757,-0.040936,0.5813,0.018857,0.025366,-0.098098,1.0,-0.01945,-0.025337,0.099355,1.0,0.369192,0.026282,-0.037893,0.9968,0.247355,-0.17055,0.206542,0.4578,0.298527,-0.359898,-0.006424,0.9934,0.267347,-0.500055,0.2951,0.6572,0.280414,-0.410229,-0.006333,0.9838,0.260123,-0.477888,0.279973,0.6678,0.297923,-0.538203,0.050575,0.9908,0.307017,-0.566626,0.338818,0.7023
257,8566,0.397115,0.594831,-0.000168,-0.631092,0.016725,-0.165194,1.0,-0.645212,0.015132,-0.178034,1.0,-0.645843,0.014776,-0.177052,1.0,-0.64618,0.014924,-0.177319,1.0,-0.639402,0.00377,-0.164093,1.0,-0.640328,0.003423,-0.165066,1.0,-0.641491,0.003491,-0.163532,1.0,-0.586851,0.025638,-0.211869,1.0,-0.564255,-0.011643,-0.151787,1.0,-0.598824,0.026939,-0.175447,1.0,-0.590544,0.014849,-0.159671,1.0,-0.409749,0.098901,-0.261939,1.0,-0.415956,-0.004025,-0.061,0.9999,-0.148335,0.157108,-0.281866,0.9336,-0.082328,-0.032603,-0.164084,0.3319,0.0652,0.131373,-0.278316,0.8905,0.085191,0.014006,-0.082211,0.6042,0.149336,0.120831,-0.29736,0.8627,0.09723,0.034288,-0.010884,0.6001,0.177008,0.127311,-0.304898,0.8512,0.102873,0.039341,-0.031033,0.5959,0.116829,0.128212,-0.276535,0.8104,0.046759,0.042985,-0.034995,0.5661,0.019832,0.026455,-0.099286,1.0,-0.020432,-0.026449,0.100553,1.0,0.373992,0.034224,-0.039863,0.9971,0.247254,-0.170759,0.206757,0.4594,0.316889,-0.34253,-0.01726,0.994,0.27937,-0.494461,0.289188,0.6814,0.30096,-0.391494,-0.018579,0.9852,0.271119,-0.466205,0.271845,0.69,0.329117,-0.517171,0.033982,0.9916,0.321353,-0.551232,0.326743,0.7264
258,8600,0.399359,0.595613,-0.000282,-0.634149,0.022441,-0.167415,1.0,-0.648243,0.019833,-0.180528,1.0,-0.648869,0.019473,-0.179573,1.0,-0.649206,0.019609,-0.179844,1.0,-0.642626,0.008589,-0.164731,1.0,-0.643552,0.008238,-0.165712,1.0,-0.64473,0.008291,-0.164203,1.0,-0.587893,0.025347,-0.216175,1.0,-0.567011,-0.012179,-0.147503,1.0,-0.601215,0.03064,-0.178225,1.0,-0.593254,0.018715,-0.160552,1.0,-0.407768,0.097071,-0.26748,1.0,-0.419521,-0.010473,-0.054556,0.9999,-0.145485,0.152193,-0.289035,0.9387,-0.082328,-0.032603,-0.164084,0.323,0.068081,0.129761,-0.284362,0.899,0.081683,0.010134,-0.072347,0.5961,0.149275,0.121105,-0.303366,0.8713,0.09789,0.028202,-0.004703,0.5904,0.176051,0.128101,-0.310798,0.8605,0.103431,0.033447,-0.02483,0.5859,0.116695,0.127965,-0.282067,0.8205,0.047741,0.037047,-0.029967,0.5575,0.021781,0.02842,-0.10041,1.0,-0.022408,-0.028448,0.101688,1.0,0.377625,0.040305,-0.032406,0.997,0.246668,-0.170937,0.206833,0.4338,0.333917,-0.326793,-0.025933,0.9943,0.290281,-0.488313,0.293189,0.6926,0.320455,-0.374565,-0.026628,0.9861,0.281474,-0.456558,0.272954,0.7007,0.356303,-0.494523,0.024883,0.9921,0.334905,-0.53554,0.322495,0.7424
259,8633,0.400567,0.596436,-0.00027,-0.637039,0.026906,-0.17016,1.0,-0.650955,0.02357,-0.183774,1.0,-0.651574,0.023208,-0.182859,1.0,-0.651906,0.023336,-0.183133,1.0,-0.645469,0.012426,-0.166309,1.0,-0.646393,0.012071,-0.16731,1.0,-0.647592,0.012116,-0.165812,1.0,-0.588556,0.02495,-0.22194,1.0,-0.569406,-0.012965,-0.144795,1.0,-0.603282,0.033719,-0.1817,1.0,-0.595645,0.021921,-0.162321,1.0,-0.405259,0.09536,-0.273795,1.0,-0.422744,-0.018164,-0.050826,0.9999,-0.142165,0.146518,-0.295873,0.9432,-0.082328,-0.032603,-0.164084,0.3172,0.071108,0.126413,-0.290075,0.9065,0.07735,0.005829,-0.062968,0.59,0.149339,0.119362,-0.309232,0.8788,0.097084,0.021592,0.001118,0.5828,0.175253,0.12658,-0.316702,0.8686,0.102361,0.027028,-0.019069,0.5784,0.116808,0.125784,-0.287528,0.8298,0.047592,0.030731,-0.025269,0.5514,0.024061,0.0308,-0.101498,1.0,-0.024723,-0.030867,0.102788,1.0,0.380497,0.046642,-0.023715,0.9971,0.245928,-0.171136,0.206869,0.4184,0.354135,-0.310418,-0.025562,0.9947,0.301614,-0.478798,0.30911,0.7042,0.343441,-0.357147,-0.026697,0.9871,0.292391,-0.447074,0.285249,0.7108,0.385946,-0.471238,0.023077,0.9925,0.349412,-0.52016,0.332892,0.7557
260,8666,0.402874,0.596464,-0.000318,-0.639169,0.030007,-0.17742,1.0,-0.652949,0.026187,-0.190673,1.0,-0.653561,0.025827,-0.189803,1.0,-0.653897,0.025949,-0.190076,1.0,-0.647547,0.015279,-0.172226,1.0,-0.648468,0.014923,-0.173252,1.0,-0.649674,0.014951,-0.171749,1.0,-0.588762,0.024217,-0.22819,1.0,-0.571176,-0.012751,-0.146502,1.0,-0.604806,0.036013,-0.188599,1.0,-0.597491,0.024262,-0.168317,1.0,-0.403136,0.093416,-0.279636,1.0,-0.425458,-0.023821,-0.050979,0.9999,-0.139467,0.140743,-0.30292,0.9473,-0.082328,-0.032603,-0.164084,0.3172,0.073671,0.122692,-0.297923,0.9133,0.072991,0.000906,-0.055688,0.5903,0.149419,0.117031,-0.317243,0.8857,0.09576,0.014545,0.005504,0.5824,0.174589,0.12457,-0.325096,0.8762,0.100734,0.020052,-0.01467,0.5776,0.116919,0.123131,-0.295257,0.8383,0.046761,0.02403,-0.021768,0.5512,0.026083,0.03275,-0.102341,1.0,-0.02677,-0.032842,0.103641,1.0,0.382475,0.051639,-0.017091,0.9971,0.245175,-0.171243,0.206848,0.4004,0.371487,-0.299766,-0.026174,0.995,0.311322,-0.469942,0.321376,0.7111,0.363161,-0.345982,-0.028376,0.9878,0.301489,-0.437788,0.294295,0.7163,0.410115,-0.454558,0.018764,0.9929,0.361976,-0.50495,0.340694,0.7672
261,8700,0.40618,0.596257,-0.000241,-0.641342,0.032437,-0.17827,1.0,-0.654924,0.028362,-0.192601,1.0,-0.655527,0.027999,-0.191774,1.0,-0.655864,0.028115,-0.192029,1.0,-0.649481,0.017127,-0.173028,1.0,-0.650397,0.016771,-0.174057,1.0,-0.651617,0.016788,-0.172577,1.0,-0.58896,0.023596,-0.233457,1.0,-0.572613,-0.013969,-0.147183,1.0,-0.606363,0.03782,-0.190735,1.0,-0.599245,0.025503,-0.16915,1.0,-0.401321,0.091705,-0.284181,1.0,-0.427754,-0.028551,-0.050947,0.9999,-0.137449,0.136038,-0.308441,0.9508,-0.082328,-0.032603,-0.164084,0.3137,0.074978,0.119708,-0.303916,0.9188,0.068752,-0.00277,-0.047904,0.5846,0.148865,0.114951,-0.323591,0.8919,0.094799,0.008988,0.010466,0.5764,0.173468,0.122852,-0.331579,0.883,0.099487,0.014411,-0.009876,0.5722,0.116294,0.12095,-0.301257,0.8459,0.045946,0.018556,-0.017663,0.5474,0.027849,0.034454,-0.103053,1.0,-0.028558,-0.034563,0.104361,1.0,0.386041,0.055729,-0.012942,0.9972,0.244494,-0.17133,0.20682,0.405,0.394224,-0.288563,-0.028763,0.9954,0.319836,-0.459474,0.329958,0.7262,0.388561,-0.333855,-0.031862,0.9886,0.309081,-0.42751,0.300386,0.7322,0.442962,-0.436588,0.010912,0.9934,0.37223,-0.489812,0.34367,0.7823
262,8733,0.413128,0.596091,-0.000203,-0.644271,0.034439,-0.177928,1.0,-0.657296,0.030136,-0.193867,1.0,-0.657887,0.029775,-0.193097,1.0,-0.658215,0.029885,-0.19334,1.0,-0.651794,0.018677,-0.172986,1.0,-0.652704,0.018319,-0.17403,1.0,-0.653947,0.018326,-0.172565,1.0,-0.589117,0.023301,-0.237941,1.0,-0.573789,-0.01586,-0.147843,1.0,-0.608396,0.039421,-0.192187,1.0,-0.601462,0.026562,-0.169044,1.0,-0.399641,0.090186,-0.288463,1.0,-0.429827,-0.03314,-0.051603,0.9999,-0.135629,0.131614,-0.312758,0.9538,-0.082328,-0.032603,-0.164084,0.3212,0.075826,0.116415,-0.308608,0.9242,0.0639,-0.005647,-0.040455,0.5899,0.147589,0.112251,-0.328547,0.8974,0.092737,0.004193,0.015074,0.5785,0.171212,0.12029,-0.336654,0.8889,0.097055,0.009709,-0.005421,0.5745,0.115144,0.118179,-0.306038,0.853,0.044314,0.013936,-0.013727,0.5505,0.029529,0.036052,-0.103684,1.0,-0.030265,-0.03618,0.104998,1.0,0.389217,0.059178,-0.009618,0.9973,0.243811,-0.171398,0.206776,0.4023,0.417243,-0.27661,-0.028654,0.9957,0.327003,-0.447755,0.346341,0.7332,0.414249,-0.320823,-0.032235,0.9894,0.315895,-0.417857,0.314107,0.7401,0.474744,-0.417734,0.004975,0.9938,0.380829,-0.474929,0.356476,0.7915
263,8766,0.414562,0.59643,-0.000147,-0.646606,0.035767,-0.177912,1.0,-0.659301,0.031151,-0.195292,1.0,-0.659887,0.030807,-0.194567,1.0,-0.660213,0.030905,-0.194809,1.0,-0.653719,0.019416,-0.173333,1.0,-0.654627,0.019052,-0.174403,1.0,-0.655886,0.019054,-0.17294,1.0,-0.588722,0.022606,-0.242255,1.0,-0.574295,-0.018109,-0.148849,1.0,-0.610086,0.040379,-0.193598,1.0,-0.603279,0.027016,-0.169155,1.0,-0.397662,0.088056,-0.292303,1.0,-0.43159,-0.037279,-0.052594,0.9999,-0.133744,0.127533,-0.316485,0.956,-0.082328,-0.032603,-0.164084,0.3195,0.076509,0.113651,-0.310569,0.9282,0.059284,-0.007956,-0.033143,0.5808,0.146535,0.10994,-0.33077,0.9013,0.090475,-7.8e-05,0.019712,0.5675,0.169213,0.118109,-0.338848,0.8933,0.094361,0.005702,-0.000954,0.5634,0.11419,0.115809,-0.308214,0.8581,0.042582,0.010026,-0.009695,0.5405,0.031023,0.037393,-0.104225,1.0,-0.031781,-0.037535,0.105545,1.0,0.391723,0.062063,-0.008363,0.9974,0.243165,-0.171431,0.206722,0.4036,0.438535,-0.266687,-0.026084,0.996,0.332627,-0.433842,0.370477,0.7331,0.438053,-0.310072,-0.029358,0.99,0.321922,-0.408246,0.336216,0.7411,0.504234,-0.40251,0.005129,0.994,0.388076,-0.46065,0.380053,0.7939
264,8800,0.419794,0.595944,-0.000118,-0.648935,0.036805,-0.173113,1.0,-0.661252,0.031965,-0.191807,1.0,-0.661829,0.031632,-0.191126,1.0,-0.662153,0.031722,-0.19136,1.0,-0.65571,0.019966,-0.169084,1.0,-0.656612,0.0196,-0.170151,1.0,-0.657886,0.0196,-0.16871,1.0,-0.588599,0.022118,-0.242603,1.0,-0.575037,-0.019896,-0.146616,1.0,-0.611775,0.04115,-0.190036,1.0,-0.60518,0.027379,-0.164651,1.0,-0.396255,0.086441,-0.294085,1.0,-0.433514,-0.041036,-0.051918,0.9999,-0.132848,0.124417,-0.317994,0.958,-0.082328,-0.032603,-0.164084,0.3185,0.076783,0.11101,-0.310153,0.9315,0.055535,-0.009731,-0.027434,0.5737,0.145532,0.107478,-0.330713,0.9043,0.088863,-0.003375,0.023181,0.5581,0.1672,0.115787,-0.338309,0.8966,0.092462,0.00278,0.002417,0.5541,0.113195,0.113381,-0.308039,0.8618,0.041355,0.006972,-0.006694,0.531,0.032188,0.038635,-0.10459,1.0,-0.032961,-0.038802,0.105923,1.0,0.393554,0.064261,-0.007379,0.9976,0.242708,-0.171518,0.20669,0.4066,0.459138,-0.258768,-0.023393,0.9962,0.336507,-0.421531,0.387253,0.7403,0.461125,-0.301546,-0.026358,0.9907,0.326918,-0.400732,0.353049,0.7494,0.531651,-0.388901,0.005271,0.9943,0.393635,-0.449329,0.397006,0.7984
265,8833,0.421268,0.595458,-0.000145,-0.651172,0.03863,-0.166362,1.0,-0.66314,0.033984,-0.186167,1.0,-0.663708,0.033661,-0.185556,1.0,-0.664026,0.033752,-0.185784,1.0,-0.657727,0.021657,-0.163028,1.0,-0.658619,0.021302,-0.164098,1.0,-0.659915,0.021307,-0.162684,1.0,-0.588559,0.022927,-0.240173,1.0,-0.576,-0.020847,-0.143058,1.0,-0.613342,0.042501,-0.184228,1.0,-0.607032,0.028344,-0.158374,1.0,-0.395013,0.08539,-0.29452,1.0,-0.435999,-0.044524,-0.050887,0.9999,-0.132036,0.121729,-0.319314,0.9596,-0.082328,-0.032603,-0.164084,0.3165,0.076972,0.108106,-0.31075,0.9342,0.049799,-0.011804,-0.02161,0.5648,0.144653,0.104419,-0.331913,0.907,0.085062,-0.007024,0.026734,0.5483,0.165299,0.112872,-0.338796,0.8996,0.088188,-0.000338,0.005632,0.545,0.112303,0.110537,-0.30887,0.865,0.038187,0.003721,-0.003588,0.5209,0.033252,0.039859,-0.104618,1.0,-0.034038,-0.040054,0.105985,1.0,0.395183,0.063079,-0.006315,0.9976,0.242248,-0.171595,0.206599,0.4079,0.479355,-0.253024,-0.019742,0.9965,0.340592,-0.407781,0.406142,0.7444,0.48396,-0.295351,-0.022323,0.9913,0.332845,-0.392622,0.373609,0.7563,0.556833,-0.378991,0.00547,0.9944,0.399461,-0.436465,0.416873,0.7988
266,8866,0.425767,0.595088,-4.7e-05,-0.653684,0.039899,-0.159004,1.0,-0.665236,0.035388,-0.179911,1.0,-0.665791,0.035068,-0.17936,1.0,-0.6661,0.035167,-0.179579,1.0,-0.660023,0.022709,-0.156465,1.0,-0.660904,0.022375,-0.157545,1.0,-0.662223,0.022388,-0.156147,1.0,-0.588774,0.023339,-0.236719,1.0,-0.577324,-0.022115,-0.138929,1.0,-0.615115,0.043389,-0.177683,1.0,-0.609179,0.02886,-0.151442,1.0,-0.39411,0.083979,-0.293792,1.0,-0.43895,-0.047709,-0.04946,0.9999,-0.131598,0.118564,-0.319446,0.9604,-0.082328,-0.032603,-0.164084,0.3155,0.076772,0.104017,-0.311209,0.936,0.042954,-0.013938,-0.015447,0.5606,0.143506,0.099846,-0.332909,0.9084,0.080011,-0.01074,0.030666,0.5426,0.162897,0.108552,-0.339209,0.9014,0.082684,-0.003501,0.009087,0.5397,0.111117,0.106532,-0.309586,0.8668,0.033902,0.000517,-3.4e-05,0.5146,0.034107,0.040792,-0.104426,1.0,-0.034902,-0.041021,0.105833,1.0,0.396331,0.059494,-0.009298,0.9976,0.24182,-0.171625,0.20647,0.4178,0.498715,-0.253829,-0.017557,0.9967,0.343982,-0.394107,0.423655,0.7493,0.505815,-0.296453,-0.019285,0.9917,0.338749,-0.384894,0.394608,0.7605,0.579942,-0.372176,0.003245,0.9946,0.405007,-0.423868,0.437508,0.8012
267,8900,0.429482,0.594911,2e-06,-0.655956,0.040328,-0.153336,1.0,-0.667169,0.03557,-0.174961,1.0,-0.667713,0.035242,-0.17445,1.0,-0.668018,0.035348,-0.174663,1.0,-0.66222,0.022845,-0.151258,1.0,-0.663091,0.022534,-0.15234,1.0,-0.66443,0.022551,-0.150953,1.0,-0.589102,0.022108,-0.233481,1.0,-0.579049,-0.023688,-0.134907,1.0,-0.616731,0.043276,-0.172423,1.0,-0.611229,0.028787,-0.145791,1.0,-0.393603,0.082003,-0.291841,1.0,-0.441833,-0.050382,-0.047804,0.9999,-0.131509,0.116013,-0.318617,0.9599,-0.082328,-0.032603,-0.164084,0.3111,0.076148,0.100449,-0.311637,0.9366,0.037496,-0.015757,-0.009568,0.5539,0.142194,0.095674,-0.333878,0.9088,0.076336,-0.013991,0.034371,0.5352,0.160371,0.104552,-0.339607,0.9024,0.078675,-0.00629,0.012321,0.5329,0.109718,0.10296,-0.310315,0.8671,0.030742,-0.002327,0.003449,0.5077,0.034472,0.041098,-0.103884,1.0,-0.035277,-0.041373,0.10534,1.0,0.396988,0.053445,-0.011937,0.9975,0.241518,-0.171573,0.2063,0.4327,0.518267,-0.258355,-0.015379,0.9969,0.348923,-0.382075,0.435704,0.7561,0.528094,-0.301351,-0.016473,0.9921,0.346118,-0.377663,0.410422,0.7687,0.604003,-0.366845,0.000431,0.9948,0.413593,-0.411389,0.451822,0.8079
268,8933,0.437464,0.594158,-0.0,-0.658875,0.043123,-0.146516,1.0,-0.669849,0.037864,-0.169122,1.0,-0.670378,0.037511,-0.16863,1.0,-0.670689,0.037627,-0.168842,1.0,-0.665406,0.02484,-0.144695,1.0,-0.666274,0.024546,-0.14577,1.0,-0.667628,0.024578,-0.144414,1.0,-0.590096,0.02189,-0.230465,1.0,-0.582324,-0.024846,-0.129653,1.0,-0.618848,0.045087,-0.166665,1.0,-0.614037,0.03044,-0.139046,1.0,-0.393201,0.079811,-0.290292,1.0,-0.445689,-0.052433,-0.045243,0.9999,-0.131271,0.11397,-0.317688,0.9598,-0.082328,-0.032603,-0.164084,0.3101,0.07587,0.09759,-0.311764,0.9374,0.031582,-0.018039,-0.00381,0.5444,0.141165,0.092876,-0.334575,0.9095,0.071799,-0.017499,0.038014,0.5242,0.158347,0.101867,-0.339876,0.9035,0.073725,-0.00938,0.015721,0.5223,0.108603,0.100151,-0.310805,0.8676,0.030742,-0.002327,0.003449,0.4961,0.034713,0.040697,-0.103399,1.0,-0.035526,-0.041015,0.1049,1.0,0.397451,0.044649,-0.01407,0.9975,0.241122,-0.171345,0.206096,0.4544,0.537376,-0.265437,-0.010214,0.9971,0.352477,-0.370818,0.445594,0.764,0.549679,-0.308522,-0.010422,0.9926,0.351716,-0.370127,0.424114,0.7749,0.625983,-0.363503,-0.001697,0.995,0.419865,-0.398345,0.463359,0.8154
269,8966,0.4421,0.59372,-1.6e-05,-0.661646,0.04586,-0.14168,1.0,-0.672447,0.039942,-0.164752,1.0,-0.672963,0.03957,-0.164274,1.0,-0.673284,0.039691,-0.164486,1.0,-0.66849,0.026733,-0.140039,1.0,-0.669359,0.026454,-0.141111,1.0,-0.670723,0.026499,-0.139772,1.0,-0.591146,0.021675,-0.228488,1.0,-0.585569,-0.025779,-0.125911,1.0,-0.620868,0.046897,-0.162321,1.0,-0.616727,0.032252,-0.134285,1.0,-0.392873,0.077307,-0.289338,1.0,-0.449466,-0.054104,-0.043215,0.9999,-0.131069,0.112261,-0.317342,0.9586,-0.082328,-0.032603,-0.164084,0.3091,0.075422,0.095497,-0.313127,0.9367,0.026559,-0.01995,0.001246,0.5358,0.140317,0.091102,-0.336552,0.9087,0.068188,-0.020509,0.041108,0.5142,0.15643,0.099907,-0.341454,0.903,0.069759,-0.012045,0.01844,0.5124,0.107653,0.098078,-0.312487,0.8655,0.030742,-0.002327,0.003449,0.4861,0.03485,0.040001,-0.102837,1.0,-0.035671,-0.040363,0.104381,1.0,0.397815,0.036677,-0.015618,0.9975,0.240704,-0.171048,0.205862,0.4739,0.556075,-0.272086,-0.004783,0.9973,0.356407,-0.359963,0.454906,0.7669,0.570817,-0.315174,-0.004414,0.9929,0.357599,-0.362167,0.43687,0.7758,0.64763,-0.361109,-0.003377,0.9952,0.426087,-0.384773,0.474844,0.8205
270,9000,0.444669,0.593078,-4.2e-05,-0.663874,0.048679,-0.138175,1.0,-0.674553,0.041966,-0.161542,1.0,-0.675059,0.041577,-0.16107,1.0,-0.675389,0.0417,-0.161282,1.0,-0.67101,0.028902,-0.136575,1.0,-0.671879,0.028633,-0.137639,0.9999,-0.673252,0.028688,-0.136312,1.0,-0.592147,0.021424,-0.226646,1.0,-0.588861,-0.02574,-0.122251,0.9999,-0.622537,0.048708,-0.159117,1.0,-0.619,0.034516,-0.130659,1.0,-0.392843,0.07518,-0.288362,1.0,-0.45349,-0.055218,-0.040671,0.9999,-0.131128,0.111339,-0.317042,0.9571,-0.082328,-0.032603,-0.164084,0.2999,0.074861,0.09476,-0.314602,0.9352,0.022458,-0.020749,0.005664,0.5177,0.139623,0.090492,-0.338672,0.9068,0.068188,-0.020509,0.041108,0.4965,0.154819,0.099085,-0.34308,0.9015,0.069759,-0.012045,0.01844,0.495,0.106846,0.097302,-0.314219,0.862,0.030742,-0.002327,0.003449,0.469,0.034854,0.038937,-0.102256,1.0,-0.035679,-0.03935,0.10384,0.9999,0.398254,0.028888,-0.017177,0.9973,0.240285,-0.170674,0.205615,0.4851,0.575175,-0.278161,-0.000702,0.9975,0.361985,-0.349457,0.462751,0.7663,0.592252,-0.321152,-3.8e-05,0.9932,0.365142,-0.353852,0.447861,0.7746,0.669338,-0.359501,-0.006356,0.9954,0.434061,-0.370564,0.484263,0.8241
271,9033,0.449333,0.592754,-7.5e-05,-0.665043,0.052521,-0.136134,1.0,-0.675836,0.045067,-0.159404,1.0,-0.676336,0.044657,-0.158933,1.0,-0.676676,0.04478,-0.159142,1.0,-0.672951,0.032476,-0.13391,0.9999,-0.673821,0.032209,-0.134962,0.9999,-0.675205,0.032278,-0.133659,0.9999,-0.592793,0.021321,-0.225247,1.0,-0.591613,-0.023928,-0.119443,0.9999,-0.623265,0.051073,-0.156991,1.0,-0.620603,0.03775,-0.127782,1.0,-0.392788,0.073515,-0.287556,1.0,-0.457013,-0.056096,-0.038474,0.9999,-0.131247,0.110411,-0.317119,0.9563,-0.082328,-0.032603,-0.164084,0.2863,0.074717,0.094055,-0.316187,0.9352,0.022458,-0.020749,0.005664,0.493,0.139411,0.089985,-0.340969,0.906,0.068188,-0.020509,0.041108,0.4729,0.15355,0.09847,-0.344747,0.901,0.069759,-0.012045,0.01844,0.4715,0.106244,0.096659,-0.315971,0.8594,0.030742,-0.002327,0.003449,0.4466,0.034623,0.037665,-0.101747,1.0,-0.035453,-0.038125,0.103369,0.9999,0.39907,0.020314,-0.018143,0.9969,0.240002,-0.170306,0.205414,0.4904,0.591227,-0.283976,0.003381,0.9975,0.368439,-0.340808,0.468784,0.7614,0.610158,-0.326651,0.00419,0.9932,0.373274,-0.346909,0.456804,0.773,0.686707,-0.358088,-0.008563,0.9954,0.442823,-0.358333,0.491331,0.8266
272,9066,0.452585,0.592467,-0.000103,-0.666369,0.055686,-0.134364,1.0,-0.677091,0.047371,-0.157427,1.0,-0.677581,0.046953,-0.15697,1.0,-0.677921,0.047077,-0.157177,1.0,-0.674676,0.035415,-0.131651,0.9999,-0.675544,0.035149,-0.132705,0.9999,-0.676941,0.035231,-0.131415,0.9999,-0.593479,0.021143,-0.222472,1.0,-0.593965,-0.022434,-0.116291,0.9999,-0.624262,0.053039,-0.154946,1.0,-0.622254,0.040271,-0.125387,0.9999,-0.393043,0.072181,-0.285421,1.0,-0.460112,-0.057132,-0.036076,0.9999,-0.131486,0.109364,-0.316974,0.9577,-0.082328,-0.032603,-0.164084,0.2749,0.075062,0.093147,-0.317487,0.9378,0.022458,-0.020749,0.005664,0.4771,0.1395,0.089166,-0.34287,0.9082,0.068188,-0.020509,0.041108,0.4586,0.152718,0.097744,-0.345918,0.9036,0.069759,-0.012045,0.01844,0.4577,0.10582,0.095905,-0.317435,0.8622,0.030742,-0.002327,0.003449,0.4333,0.034233,0.036504,-0.101212,1.0,-0.035066,-0.037006,0.102866,0.9999,0.400665,0.012081,-0.018457,0.9965,0.239865,-0.170012,0.20525,0.4861,0.606424,-0.288589,0.006797,0.9976,0.378191,-0.333232,0.472426,0.7579,0.627055,-0.33088,0.007558,0.9928,0.385155,-0.341356,0.464037,0.7731,0.703279,-0.356203,-0.010966,0.9953,0.45546,-0.348488,0.496571,0.8305
273,9100,0.452912,0.592064,-0.000107,-0.667892,0.058132,-0.133691,1.0,-0.678298,0.049219,-0.156333,1.0,-0.678779,0.048804,-0.155896,1.0,-0.679113,0.048926,-0.156111,1.0,-0.676254,0.037782,-0.130248,0.9999,-0.677121,0.03752,-0.131323,0.9999,-0.678533,0.037614,-0.130037,0.9999,-0.594093,0.020903,-0.220295,1.0,-0.595985,-0.021066,-0.113801,0.9999,-0.625525,0.05459,-0.153714,1.0,-0.624053,0.04227,-0.123793,0.9999,-0.39349,0.071077,-0.283619,1.0,-0.462843,-0.057552,-0.034036,0.9999,-0.131803,0.108188,-0.317082,0.9589,-0.082328,-0.032603,-0.164084,0.2609,0.075538,0.092353,-0.31981,0.9411,0.022458,-0.020749,0.005664,0.4615,0.139709,0.088451,-0.345862,0.912,0.068188,-0.020509,0.041108,0.4454,0.152182,0.097124,-0.34837,0.9078,0.069759,-0.012045,0.01844,0.4449,0.10552,0.095265,-0.319897,0.8675,0.030742,-0.002327,0.003449,0.4215,0.033755,0.035256,-0.10068,1.0,-0.034591,-0.035796,0.102363,0.9999,0.402372,0.004195,-0.018424,0.9959,0.239769,-0.169712,0.205094,0.4779,0.621043,-0.292072,0.01075,0.9975,0.38985,-0.326458,0.474493,0.753,0.643268,-0.334145,0.011379,0.9923,0.399424,-0.336719,0.469967,0.7692,0.719772,-0.353211,-0.012816,0.9952,0.470368,-0.34015,0.499015,0.8339
274,9133,0.452653,0.591647,-0.000143,-0.668733,0.059075,-0.139147,0.9999,-0.678651,0.049628,-0.16117,1.0,-0.679128,0.049241,-0.160739,0.9999,-0.679452,0.049355,-0.160969,0.9999,-0.676835,0.038989,-0.135185,0.9999,-0.677709,0.038729,-0.1363,0.9999,-0.679137,0.038822,-0.134986,0.9999,-0.594151,0.020573,-0.221588,0.9999,-0.597014,-0.019678,-0.115461,0.9998,-0.626303,0.055307,-0.158081,0.9999,-0.625219,0.043621,-0.128222,0.9999,-0.393727,0.069875,-0.283501,1.0,-0.464521,-0.05539,-0.034712,0.9999,-0.131985,0.107351,-0.319081,0.9579,-0.082328,-0.032603,-0.164084,0.2446,0.075833,0.091835,-0.326231,0.942,0.022458,-0.020749,0.005664,0.4376,0.14008,0.087892,-0.352965,0.9131,0.068188,-0.020509,0.041108,0.4248,0.152529,0.096695,-0.35511,0.9093,0.069759,-0.012045,0.01844,0.4251,0.105634,0.094827,-0.326229,0.8691,0.030742,-0.002327,0.003449,0.4047,0.033387,0.03399,-0.100091,1.0,-0.034222,-0.034549,0.101772,0.9998,0.403782,-0.002477,-0.01678,0.9945,0.239557,-0.169356,0.204886,0.4575,0.633219,-0.294386,0.020211,0.997,0.399493,-0.321911,0.476417,0.7299,0.656764,-0.336191,0.021142,0.9903,0.411362,-0.333558,0.474841,0.7502,0.734149,-0.351399,-0.007454,0.9944,0.482921,-0.333868,0.500708,0.8247
275,9166,0.450146,0.591815,3.8e-05,-0.663392,0.056132,-0.152021,0.9998,-0.673628,0.046708,-0.173281,0.9998,-0.674119,0.046355,-0.172852,0.9998,-0.674408,0.046439,-0.173089,0.9998,-0.6716,0.037385,-0.148053,0.9995,-0.672471,0.037111,-0.149178,0.9993,-0.673909,0.037199,-0.147846,0.9995,-0.590836,0.018067,-0.228153,0.9997,-0.592752,-0.018501,-0.125026,0.9993,-0.621623,0.052372,-0.169037,0.9998,-0.620261,0.04218,-0.139971,0.9997,-0.392605,0.06526,-0.285656,1.0,-0.459866,-0.049476,-0.042819,0.9998,-0.131636,0.106658,-0.322191,0.9535,-0.082328,-0.032603,-0.164084,0.2368,0.076329,0.091608,-0.334332,0.9398,0.022458,-0.020749,0.005664,0.4346,0.142068,0.087356,-0.361778,0.9115,0.068188,-0.020509,0.041108,0.4239,0.155457,0.096476,-0.364031,0.908,0.069759,-0.012045,0.01844,0.4247,0.106928,0.094717,-0.334316,0.8674,0.030742,-0.002327,0.003449,0.4066,0.032893,0.031428,-0.098732,1.0,-0.033733,-0.031986,0.1004,0.9997,0.40493,-0.007664,-0.015479,0.9936,0.238873,-0.168517,0.204349,0.4408,0.644468,-0.296309,0.026826,0.9967,0.405842,-0.317401,0.477371,0.7138,0.669249,-0.337656,0.027822,0.9877,0.419937,-0.330075,0.478919,0.7387,0.746576,-0.349789,-0.003592,0.9933,0.49158,-0.326664,0.500482,0.8146
276,9200,0.450923,0.591588,-7e-06,-0.659323,0.051412,-0.162472,0.9998,-0.669508,0.041948,-0.183248,0.9998,-0.670007,0.041648,-0.182843,0.9998,-0.670268,0.041699,-0.183088,0.9998,-0.667372,0.033402,-0.158618,0.9995,-0.66824,0.033114,-0.159768,0.9993,-0.669694,0.033192,-0.158404,0.9994,-0.58741,0.015415,-0.234125,0.9997,-0.588913,-0.018009,-0.133365,0.9992,-0.617961,0.048741,-0.178164,0.9998,-0.616467,0.039558,-0.149784,0.9997,-0.391044,0.06165,-0.287928,1.0,-0.45638,-0.044883,-0.05028,0.9998,-0.130902,0.106042,-0.324968,0.9521,-0.082328,-0.032603,-0.164084,0.226,0.077533,0.091471,-0.340559,0.941,0.022458,-0.020749,0.005664,0.4173,0.143931,0.08686,-0.368558,0.9128,0.068188,-0.020509,0.041108,0.4078,0.158022,0.096367,-0.3709,0.9096,0.069759,-0.012045,0.01844,0.4088,0.108263,0.094709,-0.340612,0.8697,0.030742,-0.002327,0.003449,0.3933,0.032656,0.029121,-0.097112,1.0,-0.033499,-0.02968,0.09876,0.9997,0.405983,-0.014581,-0.01214,0.993,0.238004,-0.167641,0.203704,0.4247,0.656823,-0.29825,0.03725,0.9964,0.409321,-0.309472,0.482436,0.6978,0.683073,-0.33894,0.038287,0.9853,0.42667,-0.323718,0.489204,0.7211,0.760051,-0.348313,0.00351,0.9928,0.49842,-0.315284,0.508362,0.8082
277,9233,0.453239,0.591542,-1.7e-05,-0.656096,0.047432,-0.172954,0.9997,-0.666154,0.037678,-0.193221,0.9998,-0.666658,0.037429,-0.192844,0.9997,-0.666896,0.037449,-0.193101,0.9998,-0.663968,0.029893,-0.168813,0.9994,-0.664835,0.029592,-0.169997,0.9992,-0.666303,0.02966,-0.168603,0.9993,-0.584442,0.012354,-0.240026,0.9997,-0.585819,-0.017559,-0.140258,0.9991,-0.615018,0.045596,-0.187279,0.9998,-0.613443,0.037306,-0.159151,0.9997,-0.389485,0.058233,-0.290159,1.0,-0.453568,-0.040862,-0.056283,0.9998,-0.130203,0.105431,-0.327906,0.9513,-0.082328,-0.032603,-0.164084,0.2127,0.07868,0.091614,-0.346764,0.9422,0.022458,-0.020749,0.005664,0.3986,0.145673,0.086489,-0.37543,0.9144,0.068188,-0.020509,0.041108,0.3913,0.160268,0.096581,-0.377566,0.9114,0.069759,-0.012045,0.01844,0.3925,0.109501,0.094999,-0.346844,0.872,0.030742,-0.002327,0.003449,0.38,0.032531,0.027021,-0.09549,1.0,-0.033376,-0.027581,0.097118,0.9996,0.40707,-0.02052,-0.009324,0.9914,0.237108,-0.166787,0.203045,0.3983,0.668607,-0.299825,0.044784,0.9957,0.412415,-0.30134,0.486746,0.665,0.696145,-0.34008,0.045736,0.9819,0.432968,-0.316558,0.498209,0.6956,0.772652,-0.346457,0.008808,0.9915,0.503934,-0.303059,0.515159,0.791
278,9266,0.45563,0.591863,5.7e-05,-0.653481,0.042412,-0.184712,0.9997,-0.663347,0.03204,-0.204431,0.9997,-0.66385,0.031848,-0.204093,0.9997,-0.664059,0.031822,-0.204367,0.9997,-0.661026,0.025328,-0.180246,0.9993,-0.661891,0.025006,-0.181472,0.9989,-0.66337,0.025065,-0.180061,0.9992,-0.581812,0.007315,-0.246856,0.9996,-0.582615,-0.018026,-0.14768,0.9989,-0.612604,0.041179,-0.197537,0.9997,-0.610902,0.0341,-0.169648,0.9996,-0.388178,0.053895,-0.292665,1.0,-0.450343,-0.037121,-0.062846,0.9997,-0.129728,0.105019,-0.33075,0.9493,-0.082328,-0.032603,-0.164084,0.2074,0.079164,0.092967,-0.35235,0.9417,0.022458,-0.020749,0.005664,0.3901,0.146958,0.087136,-0.381719,0.9142,0.068188,-0.020509,0.041108,0.3826,0.162057,0.09814,-0.383537,0.9115,0.069759,-0.012045,0.01844,0.3842,0.110396,0.096444,-0.352445,0.872,0.030742,-0.002327,0.003449,0.374,0.032426,0.02482,-0.093864,1.0,-0.033271,-0.02538,0.095479,0.9994,0.407492,-0.024724,-0.007984,0.9891,0.236167,-0.16588,0.202362,0.3737,0.676798,-0.300963,0.049424,0.9948,0.412286,-0.294871,0.489991,0.6258,0.705287,-0.340711,0.049603,0.9744,0.434621,-0.310273,0.504267,0.6686,0.781132,-0.344605,0.008486,0.9892,0.502846,-0.293229,0.520404,0.7685
279,9300,0.456289,0.591687,3e-05,-0.651313,0.037047,-0.195894,0.9997,-0.660715,0.026476,-0.215023,0.9997,-0.661216,0.026318,-0.214698,0.9997,-0.661403,0.026267,-0.214966,0.9997,-0.658234,0.020211,-0.191079,0.9993,-0.659095,0.019884,-0.192354,0.999,-0.660588,0.019921,-0.190907,0.9992,-0.578212,0.003629,-0.254551,0.9996,-0.57849,-0.019135,-0.156295,0.999,-0.610406,0.036989,-0.207813,0.9997,-0.608555,0.030473,-0.180302,0.9996,-0.384862,0.050609,-0.296849,1.0,-0.447699,-0.034175,-0.070477,0.9997,-0.127742,0.105003,-0.335152,0.9519,-0.082328,-0.032603,-0.164084,0.2029,0.081488,0.094533,-0.358368,0.9455,0.022458,-0.020749,0.005664,0.3844,0.149092,0.088596,-0.387794,0.9191,0.068188,-0.020509,0.041108,0.3765,0.16444,0.100572,-0.389655,0.9165,0.069759,-0.012045,0.01844,0.3787,0.112134,0.098284,-0.358364,0.8785,0.030742,-0.002327,0.003449,0.3715,0.032463,0.023115,-0.092539,1.0,-0.033307,-0.023678,0.094141,0.9994,0.40824,-0.028488,-0.005291,0.9884,0.235332,-0.165124,0.201779,0.3511,0.684654,-0.301908,0.052316,0.9947,0.411016,-0.289529,0.492401,0.5979,0.714035,-0.34104,0.051072,0.9707,0.434291,-0.30459,0.508447,0.6505,0.789001,-0.341614,0.005103,0.9888,0.500301,-0.283987,0.522195,0.7586
280,9333,0.458127,0.591587,-2e-06,-0.648589,0.0331,-0.208528,0.9997,-0.657674,0.022308,-0.226829,0.9997,-0.658187,0.022173,-0.226506,0.9997,-0.658353,0.0221,-0.226776,0.9997,-0.655182,0.0164,-0.203005,0.9992,-0.656043,0.016071,-0.204325,0.9989,-0.657553,0.016092,-0.202835,0.9991,-0.57461,0.000379,-0.26305,0.9996,-0.575112,-0.020013,-0.165274,0.9988,-0.607691,0.033755,-0.219265,0.9997,-0.605913,0.027725,-0.191956,0.9996,-0.38095,0.048173,-0.302228,1.0,-0.445548,-0.031989,-0.077104,0.9996,-0.125095,0.104726,-0.341456,0.9544,-0.082328,-0.032603,-0.164084,0.1897,0.084656,0.095836,-0.364902,0.9475,0.022458,-0.020749,0.005664,0.3573,0.152126,0.089795,-0.394044,0.9219,0.068188,-0.020509,0.041108,0.3516,0.167653,0.102582,-0.396253,0.9196,0.069759,-0.012045,0.01844,0.3539,0.114896,0.099806,-0.364694,0.8821,0.030742,-0.002327,0.003449,0.3498,0.033032,0.021735,-0.091349,1.0,-0.033873,-0.022295,0.092921,0.9993,0.409006,-0.031333,-0.004323,0.9869,0.234222,-0.16433,0.201142,0.3241,0.690341,-0.302608,0.042541,0.9942,0.410816,-0.285544,0.490658,0.5593,0.720343,-0.34133,0.040062,0.9684,0.430027,-0.296505,0.499057,0.6255,0.795219,-0.339542,-0.008595,0.9873,0.492467,-0.272253,0.508161,0.7278
281,9366,0.458413,0.591638,-6.1e-05,-0.644639,0.029961,-0.22426,0.9997,-0.653327,0.018911,-0.241465,0.9997,-0.653852,0.018788,-0.241128,0.9997,-0.654004,0.018706,-0.24139,0.9997,-0.651112,0.013444,-0.217966,0.9992,-0.651971,0.013117,-0.219372,0.9989,-0.653503,0.013127,-0.217818,0.9991,-0.569961,-0.002381,-0.27302,0.9996,-0.571759,-0.020113,-0.176911,0.9988,-0.603771,0.03108,-0.233375,0.9997,-0.602393,0.025606,-0.206647,0.9996,-0.375171,0.045975,-0.309134,1.0,-0.444707,-0.030335,-0.085564,0.9996,-0.120456,0.103237,-0.349586,0.958,-0.082328,-0.032603,-0.164084,0.1799,0.08961,0.096805,-0.372164,0.9516,0.022458,-0.020749,0.005664,0.3413,0.156171,0.090792,-0.400635,0.9272,0.068188,-0.020509,0.041108,0.3379,0.171587,0.104351,-0.403452,0.9251,0.069759,-0.012045,0.01844,0.3411,0.118712,0.101084,-0.371818,0.8895,0.030742,-0.002327,0.003449,0.3409,0.033928,0.020308,-0.090282,1.0,-0.034768,-0.020852,0.091808,0.9993,0.409935,-0.034139,-0.003535,0.9863,0.232871,-0.163424,0.200449,0.2994,0.695293,-0.303617,0.036036,0.9934,0.407266,-0.281793,0.491828,0.5169,0.725893,-0.342134,0.032711,0.964,0.422552,-0.289433,0.494136,0.5901,0.800691,-0.339872,-0.019955,0.9855,0.481474,-0.262573,0.500667,0.6885
282,9400,0.463679,0.591558,-8.2e-05,-0.641233,0.024918,-0.238785,0.9997,-0.649488,0.013372,-0.254931,0.9997,-0.650021,0.01326,-0.254578,0.9997,-0.650167,0.01318,-0.25483,0.9997,-0.647445,0.008418,-0.231802,0.9991,-0.648302,0.008096,-0.233251,0.9988,-0.649852,0.008094,-0.231654,0.9991,-0.56569,-0.006051,-0.282602,0.9996,-0.568319,-0.020993,-0.188074,0.9987,-0.600396,0.027084,-0.246561,0.9997,-0.599311,0.022344,-0.220399,0.9995,-0.370093,0.044001,-0.31582,1.0,-0.444084,-0.028839,-0.09437,0.9996,-0.116406,0.101948,-0.356628,0.9606,-0.082328,-0.032603,-0.164084,0.1754,0.09385,0.097762,-0.378539,0.9545,0.022458,-0.020749,0.005664,0.3338,0.159717,0.091783,-0.406559,0.9308,0.068188,-0.020509,0.041108,0.3316,0.175045,0.106054,-0.409838,0.9288,0.069759,-0.012045,0.01844,0.3349,0.122105,0.102338,-0.37821,0.8944,0.030742,-0.002327,0.003449,0.3378,0.034783,0.018883,-0.089227,0.9999,-0.035622,-0.019405,0.090708,0.9992,0.410018,-0.036526,-0.001828,0.9802,0.231555,-0.162525,0.199765,0.2764,0.699895,-0.302918,0.033821,0.9907,0.406859,-0.281517,0.491081,0.4869,0.731389,-0.341256,0.029686,0.9523,0.430498,-0.283128,0.489952,0.5654,0.80562,-0.336963,-0.029476,0.9805,0.489332,-0.253328,0.492376,0.6662
283,9433,0.464095,0.591545,-6.4e-05,-0.638876,0.021335,-0.253718,0.9997,-0.646763,0.009301,-0.268835,0.9997,-0.647302,0.009193,-0.268449,0.9997,-0.647446,0.009116,-0.268697,0.9997,-0.644848,0.004828,-0.245812,0.9992,-0.645704,0.00451,-0.247297,0.9989,-0.647267,0.004499,-0.245656,0.9991,-0.562348,-0.009005,-0.292712,0.9996,-0.565694,-0.021571,-0.198795,0.9988,-0.598046,0.024176,-0.26019,0.9997,-0.597151,0.020049,-0.234252,0.9995,-0.366003,0.042468,-0.322919,1.0,-0.443745,-0.027799,-0.102486,0.9996,-0.113137,0.100703,-0.36425,0.9634,-0.082328,-0.032603,-0.164084,0.167,0.097664,0.098166,-0.387135,0.9577,0.022458,-0.020749,0.005664,0.3208,0.162743,0.092366,-0.415134,0.9352,0.068188,-0.020509,0.041108,0.321,0.178115,0.107316,-0.418955,0.9335,0.069759,-0.012045,0.01844,0.3247,0.125188,0.103188,-0.386892,0.9005,0.030742,-0.002327,0.003449,0.3305,0.035491,0.01775,-0.088421,0.9999,-0.036338,-0.018253,0.089867,0.9992,0.410555,-0.038334,0.000697,0.978,0.23049,-0.161798,0.199218,0.2569,0.703853,-0.302154,0.037174,0.9897,0.406476,-0.281258,0.490395,0.4653,0.735965,-0.340279,0.032922,0.9502,0.436656,-0.275331,0.486851,0.5485,0.810902,-0.334904,-0.027149,0.9789,0.495688,-0.241996,0.487258,0.6503
284,9466,0.470883,0.59121,-7.8e-05,-0.637034,0.016796,-0.263134,0.9996,-0.644613,0.004364,-0.277674,0.9997,-0.645157,0.004268,-0.27727,0.9996,-0.645301,0.004187,-0.277515,0.9996,-0.642756,0.000216,-0.254774,0.999,-0.643612,-0.000104,-0.256272,0.9987,-0.645183,-0.00012,-0.254607,0.999,-0.559728,-0.01224,-0.299467,0.9995,-0.563314,-0.023014,-0.206022,0.9986,-0.596189,0.020531,-0.268887,0.9997,-0.595446,0.01692,-0.243133,0.9995,-0.362632,0.041226,-0.328082,1.0,-0.443454,-0.027647,-0.108314,0.9996,-0.111878,0.099952,-0.370314,0.9647,-0.082328,-0.032603,-0.164084,0.1651,0.098659,0.098504,-0.394144,0.959,0.022458,-0.020749,0.005664,0.3183,0.16344,0.092864,-0.422333,0.9366,0.068188,-0.020509,0.041108,0.3187,0.179004,0.108235,-0.426511,0.935,0.069759,-0.012045,0.01844,0.3225,0.126054,0.103856,-0.394265,0.9021,0.030742,-0.002327,0.003449,0.3297,0.036017,0.016802,-0.087735,0.9999,-0.036874,-0.017286,0.089152,0.9992,0.409919,-0.039348,0.00256,0.9701,0.229644,-0.161204,0.19877,0.2374,0.706643,-0.299996,0.038956,0.9874,0.40615,-0.281037,0.489816,0.4468,0.739435,-0.338107,0.034358,0.9427,0.447377,-0.268826,0.482451,0.5362,0.814882,-0.331269,-0.026657,0.9755,0.50787,-0.232307,0.478867,0.6408
285,9500,0.469698,0.591092,-0.000126,-0.6354,0.013258,-0.275435,0.9996,-0.642512,0.000441,-0.28912,0.9997,-0.643059,0.000349,-0.288677,0.9997,-0.643211,0.00027,-0.288907,0.9997,-0.640809,-0.00341,-0.266358,0.9991,-0.641665,-0.003727,-0.267881,0.9988,-0.643244,-0.003748,-0.266178,0.999,-0.556766,-0.014954,-0.307903,0.9995,-0.561141,-0.024111,-0.215241,0.9986,-0.594482,0.01761,-0.280142,0.9997,-0.593943,0.014282,-0.254693,0.9995,-0.358765,0.040006,-0.334182,1.0,-0.44407,-0.027587,-0.115198,0.9996,-0.109469,0.098439,-0.376343,0.9669,-0.082328,-0.032603,-0.164084,0.1562,0.100499,0.098018,-0.399568,0.961,0.022458,-0.020749,0.005664,0.3047,0.164581,0.092595,-0.427616,0.9391,0.068188,-0.020509,0.041108,0.3083,0.180123,0.108214,-0.432205,0.9378,0.069759,-0.012045,0.01844,0.3126,0.127348,0.10388,-0.399942,0.9057,0.030742,-0.002327,0.003449,0.323,0.036501,0.015916,-0.087132,0.9999,-0.037375,-0.016376,0.088524,0.9992,0.410169,-0.03897,0.005087,0.9674,0.228861,-0.160649,0.198361,0.2212,0.709074,-0.297294,0.041239,0.9866,0.405796,-0.280798,0.489201,0.4385,0.742239,-0.335398,0.036564,0.9426,0.45767,-0.261775,0.478584,0.5284,0.819504,-0.327778,-0.023316,0.9749,0.520325,-0.222032,0.471946,0.6367
286,9533,0.478611,0.591138,-0.000141,-0.636086,0.010433,-0.284534,0.9996,-0.64255,-0.002755,-0.297887,0.9997,-0.643101,-0.002838,-0.297414,0.9997,-0.643258,-0.002915,-0.29763,0.9997,-0.640762,-0.006357,-0.275465,0.9991,-0.641625,-0.006676,-0.277035,0.9988,-0.643211,-0.006701,-0.275303,0.999,-0.555841,-0.017226,-0.314548,0.9995,-0.560098,-0.025102,-0.221254,0.9987,-0.595084,0.015283,-0.288748,0.9997,-0.594488,0.012244,-0.263886,0.9995,-0.357871,0.038956,-0.338479,1.0,-0.44498,-0.027557,-0.119245,0.9996,-0.109451,0.097192,-0.380352,0.9675,-0.082328,-0.032603,-0.164084,0.1532,0.099911,0.097605,-0.403557,0.9617,0.022458,-0.020749,0.005664,0.3034,0.163438,0.092365,-0.431423,0.9397,0.068188,-0.020509,0.041108,0.3077,0.17894,0.107954,-0.436509,0.9386,0.069759,-0.012045,0.01844,0.3123,0.126599,0.103805,-0.404254,0.9065,0.030742,-0.002327,0.003449,0.3234,0.036807,0.015212,-0.08673,0.9999,-0.037691,-0.015654,0.088111,0.9993,0.408855,-0.038083,0.007456,0.9607,0.228321,-0.160241,0.198079,0.21,0.709597,-0.294444,0.044209,0.9851,0.405525,-0.280615,0.488734,0.4378,0.743319,-0.332701,0.039447,0.9399,0.470629,-0.255959,0.47575,0.5296,0.820715,-0.324792,-0.019754,0.9733,0.53608,-0.213544,0.466469,0.6414
287,9566,0.486739,0.590058,-8.9e-05,-0.641252,0.008135,-0.283777,0.9996,-0.646856,-0.005259,-0.297434,0.9997,-0.64739,-0.005336,-0.296926,0.9996,-0.647558,-0.005412,-0.297172,0.9996,-0.645051,-0.008673,-0.274554,0.9991,-0.645922,-0.008992,-0.276128,0.9988,-0.647492,-0.009021,-0.274403,0.999,-0.558609,-0.019147,-0.31486,0.9995,-0.562747,-0.026291,-0.219025,0.9986,-0.599867,0.013552,-0.288567,0.9996,-0.599262,0.010698,-0.262977,0.9994,-0.360711,0.038102,-0.338674,1.0,-0.446583,-0.027548,-0.117622,0.9996,-0.112221,0.096169,-0.381314,0.9675,-0.082328,-0.032603,-0.164084,0.1433,0.097072,0.097238,-0.406429,0.9609,0.022458,-0.020749,0.005664,0.2874,0.160702,0.092072,-0.434345,0.9383,0.068188,-0.020509,0.041108,0.2934,0.176393,0.107292,-0.439982,0.9375,0.069759,-0.012045,0.01844,0.2985,0.124167,0.103619,-0.407643,0.9044,0.030742,-0.002327,0.003449,0.311,0.036502,0.014618,-0.086518,0.9999,-0.037377,-0.015046,0.087886,0.9992,0.406499,-0.036589,0.0093,0.9541,0.228326,-0.160082,0.198007,0.2018,0.707393,-0.291695,0.051574,0.982,0.405505,-0.280607,0.488703,0.4297,0.741756,-0.330339,0.047405,0.9342,0.484646,-0.250731,0.473581,0.5231,0.818902,-0.322052,-0.010351,0.9697,0.552585,-0.206381,0.462007,0.6318
288,9600,0.496848,0.589831,-4.9e-05,-0.64874,0.006655,-0.274426,0.9996,-0.653496,-0.007374,-0.288721,0.9996,-0.654024,-0.007447,-0.288187,0.9996,-0.654211,-0.00752,-0.288452,0.9996,-0.651738,-0.010634,-0.264606,0.9989,-0.652619,-0.010956,-0.266132,0.9986,-0.65416,-0.010986,-0.264441,0.9989,-0.563862,-0.02247,-0.308936,0.9994,-0.567948,-0.028931,-0.207621,0.9985,-0.607067,0.01214,-0.280355,0.9996,-0.606496,0.009496,-0.252875,0.9994,-0.367252,0.036778,-0.334645,1.0,-0.44967,-0.027579,-0.107861,0.9996,-0.118694,0.095312,-0.378282,0.966,-0.082328,-0.032603,-0.164084,0.1394,0.091343,0.096993,-0.40342,0.9571,0.022458,-0.020749,0.005664,0.2801,0.155929,0.09181,-0.432181,0.9329,0.068188,-0.020509,0.041108,0.2843,0.171343,0.106643,-0.43696,0.9322,0.069759,-0.012045,0.01844,0.2892,0.119528,0.103458,-0.405054,0.8957,0.030742,-0.002327,0.003449,0.301,0.035542,0.013847,-0.086861,0.9999,-0.036398,-0.014281,0.088241,0.9992,0.405051,-0.033011,0.00593,0.955,0.228911,-0.160131,0.198239,0.2055,0.704799,-0.288746,0.054857,0.982,0.405695,-0.280749,0.489041,0.4345,0.7391,-0.327667,0.052188,0.9359,0.497407,-0.245845,0.470183,0.5282,0.817093,-0.319493,-0.002902,0.9693,0.567924,-0.20021,0.4562,0.6337
289,9633,0.502931,0.589186,-3.4e-05,-0.656179,0.007536,-0.265445,0.9996,-0.660227,-0.007919,-0.280225,0.9996,-0.660748,-0.008007,-0.279667,0.9996,-0.66095,-0.008075,-0.279953,0.9996,-0.658622,-0.011133,-0.255126,0.9989,-0.65951,-0.011467,-0.256609,0.9986,-0.661027,-0.011489,-0.254953,0.9989,-0.569299,-0.025474,-0.302831,0.9994,-0.573835,-0.031172,-0.197416,0.9984,-0.614201,0.012598,-0.272284,0.9996,-0.613801,0.010098,-0.243377,0.9994,-0.373649,0.03551,-0.330478,1.0,-0.454387,-0.02748,-0.099187,0.9996,-0.124781,0.094414,-0.375424,0.9664,-0.082328,-0.032603,-0.164084,0.1394,0.08562,0.096767,-0.401439,0.9573,0.022458,-0.020749,0.005664,0.2842,0.149984,0.091565,-0.431645,0.9337,0.068188,-0.020509,0.041108,0.2884,0.164838,0.106034,-0.435522,0.933,0.069759,-0.012045,0.01844,0.2936,0.113922,0.103302,-0.403424,0.8958,0.030742,-0.002327,0.003449,0.3045,0.034527,0.013047,-0.087507,0.9999,-0.035365,-0.013491,0.088908,0.9992,0.403872,-0.027197,0.002006,0.9565,0.229594,-0.160227,0.198571,0.2075,0.701602,-0.28559,0.054468,0.9826,0.405932,-0.280925,0.489462,0.4427,0.735622,-0.324925,0.053026,0.9391,0.509431,-0.239893,0.46676,0.5393,0.815457,-0.316803,0.000121,0.9701,0.582503,-0.19332,0.450288,0.6406
290,9666,0.505075,0.589102,-2.7e-05,-0.661937,0.008508,-0.258215,0.9996,-0.665526,-0.008334,-0.273408,0.9996,-0.666046,-0.008429,-0.27285,0.9996,-0.666253,-0.008497,-0.273171,0.9996,-0.664083,-0.011372,-0.248301,0.9989,-0.664977,-0.011722,-0.249792,0.9986,-0.666483,-0.011736,-0.248138,0.9989,-0.573571,-0.028164,-0.298193,0.9994,-0.578676,-0.032914,-0.191161,0.9984,-0.619678,0.013078,-0.265906,0.9996,-0.619471,0.010953,-0.236948,0.9994,-0.378674,0.034236,-0.327412,1.0,-0.458812,-0.027334,-0.093645,0.9996,-0.129794,0.093958,-0.372888,0.9651,-0.082328,-0.032603,-0.164084,0.1401,0.080219,0.096781,-0.399703,0.9563,0.022458,-0.020749,0.005664,0.2905,0.144407,0.091374,-0.431066,0.9328,0.068188,-0.020509,0.041108,0.2949,0.15896,0.105494,-0.434216,0.9322,0.069759,-0.012045,0.01844,0.2998,0.1088,0.103231,-0.401994,0.8943,0.030742,-0.002327,0.003449,0.3106,0.033758,0.012369,-0.088072,0.9999,-0.034581,-0.012824,0.089494,0.9992,0.402959,-0.021313,-0.001458,0.958,0.230106,-0.160285,0.198837,0.2061,0.69923,-0.281148,0.053053,0.9832,0.40614,-0.281079,0.489827,0.442,0.733053,-0.320659,0.052286,0.9414,0.519015,-0.234617,0.4688,0.5427,0.814167,-0.31245,0.001298,0.9708,0.593223,-0.18753,0.452364,0.6455
291,9700,0.510824,0.588585,-2.5e-05,-0.66672,0.009119,-0.251671,0.9996,-0.670005,-0.008857,-0.267096,0.9996,-0.670541,-0.008956,-0.266553,0.9995,-0.670731,-0.009021,-0.266877,0.9996,-0.668626,-0.011757,-0.241497,0.9989,-0.669522,-0.01212,-0.242934,0.9986,-0.671022,-0.01214,-0.241285,0.9989,-0.577525,-0.030662,-0.292856,0.9993,-0.582882,-0.034633,-0.183531,0.9984,-0.624345,0.013226,-0.259776,0.9995,-0.624251,0.011417,-0.230081,0.9994,-0.384631,0.033159,-0.323219,1.0,-0.462251,-0.027422,-0.086318,0.9996,-0.135243,0.093588,-0.368719,0.9644,-0.082328,-0.032603,-0.164084,0.1461,0.074559,0.096805,-0.395421,0.956,0.022458,-0.020749,0.005664,0.3045,0.138767,0.09119,-0.427292,0.9323,0.068188,-0.020509,0.041108,0.3053,0.152781,0.104831,-0.429542,0.9316,0.069759,-0.012045,0.01844,0.3094,0.103256,0.103107,-0.397871,0.8932,0.030742,-0.002327,0.003449,0.3179,0.033062,0.01188,-0.088659,0.9999,-0.033876,-0.012351,0.09011,0.9992,0.402416,-0.013163,-0.005305,0.961,0.230624,-0.160397,0.199117,0.2113,0.696967,-0.274575,0.048733,0.9839,0.406311,-0.281206,0.490134,0.4525,0.730443,-0.314437,0.048194,0.9452,0.526749,-0.229897,0.471605,0.557,0.812532,-0.306612,-0.00097,0.972,0.601442,-0.182642,0.455396,0.6592
292,9733,0.511373,0.587838,4e-05,-0.669826,0.002208,-0.234531,0.9996,-0.673662,-0.014445,-0.250478,0.9995,-0.674208,-0.014565,-0.249922,0.9995,-0.674395,-0.014604,-0.250232,0.9995,-0.671692,-0.018526,-0.226178,0.9988,-0.672591,-0.018888,-0.227549,0.9985,-0.674051,-0.018923,-0.225931,0.9989,-0.581201,-0.03269,-0.278997,0.9993,-0.586141,-0.039283,-0.175106,0.9984,-0.628141,0.008543,-0.243643,0.9995,-0.627337,0.005305,-0.215321,0.9993,-0.39105,0.032643,-0.312793,1.0,-0.461653,-0.027501,-0.080375,0.9997,-0.140415,0.09336,-0.358269,0.9578,-0.082328,-0.032603,-0.164084,0.1685,0.068387,0.096844,-0.383115,0.9472,0.022458,-0.020749,0.005664,0.3425,0.134485,0.091039,-0.41466,0.9207,0.068188,-0.020509,0.041108,0.3396,0.148125,0.104153,-0.416431,0.92,0.069759,-0.012045,0.01844,0.343,0.098748,0.102986,-0.386506,0.8795,0.030742,-0.002327,0.003449,0.3475,0.03123,0.011475,-0.08902,0.9999,-0.032037,-0.011958,0.090493,0.9993,0.401629,-0.001677,-0.01128,0.9635,0.23195,-0.160853,0.199588,0.2196,0.694495,-0.265079,0.043408,0.9841,0.406742,-0.281522,0.490923,0.4636,0.727571,-0.305867,0.043456,0.9483,0.536241,-0.226061,0.46594,0.563,0.810143,-0.301376,-0.003746,0.9716,0.61228,-0.181171,0.447212,0.6563
293,9766,0.521867,0.58753,8.9e-05,-0.673364,-0.003404,-0.217607,0.9996,-0.677519,-0.019175,-0.234288,0.9995,-0.678076,-0.019301,-0.233716,0.9995,-0.678254,-0.019328,-0.234022,0.9995,-0.675218,-0.023808,-0.210017,0.9988,-0.676122,-0.024172,-0.211318,0.9985,-0.677546,-0.024216,-0.209733,0.9988,-0.585638,-0.034591,-0.265967,0.9993,-0.589885,-0.043464,-0.162728,0.9985,-0.63211,0.004551,-0.227927,0.9995,-0.630883,0.000624,-0.199371,0.9993,-0.397698,0.032202,-0.303093,1.0,-0.461247,-0.02761,-0.070385,0.9997,-0.145892,0.093911,-0.34843,0.9565,-0.082328,-0.032603,-0.164084,0.1758,0.062562,0.097523,-0.37138,0.9447,0.022458,-0.020749,0.005664,0.3595,0.129418,0.091212,-0.402864,0.918,0.068188,-0.020509,0.041108,0.3537,0.14251,0.103675,-0.404007,0.9173,0.069759,-0.012045,0.01844,0.3567,0.093397,0.103191,-0.37538,0.8756,0.030742,-0.002327,0.003449,0.3593,0.029275,0.011151,-0.08943,0.9999,-0.030075,-0.01164,0.090922,0.9993,0.400519,0.009976,-0.017736,0.9653,0.233393,-0.161385,0.200109,0.2252,0.69061,-0.254931,0.038581,0.9844,0.407227,-0.281879,0.491819,0.471,0.723067,-0.296392,0.039203,0.9519,0.546072,-0.223014,0.45973,0.5728,0.806765,-0.295029,-0.006207,0.972,0.62339,-0.180941,0.439151,0.6574
294,9800,0.522279,0.587518,6.8e-05,-0.676231,-0.008826,-0.201971,0.9996,-0.680619,-0.023743,-0.219466,0.9995,-0.681186,-0.02388,-0.218894,0.9995,-0.681352,-0.023891,-0.219172,0.9995,-0.678047,-0.029393,-0.195654,0.9988,-0.678956,-0.029745,-0.196895,0.9985,-0.680354,-0.029813,-0.195331,0.9989,-0.589917,-0.036189,-0.254656,0.9993,-0.592853,-0.048821,-0.153634,0.9985,-0.635343,0.00064,-0.213583,0.9995,-0.633754,-0.00451,-0.185454,0.9994,-0.40363,0.031852,-0.295212,1.0,-0.460953,-0.028549,-0.063426,0.9997,-0.150613,0.094382,-0.340028,0.9534,-0.082328,-0.032603,-0.164084,0.1999,0.057712,0.098093,-0.361557,0.9424,0.022458,-0.020749,0.005664,0.3923,0.125313,0.091268,-0.392747,0.9148,0.068188,-0.020509,0.041108,0.3823,0.138023,0.103044,-0.393681,0.914,0.069759,-0.012045,0.01844,0.3847,0.089007,0.103236,-0.366108,0.8718,0.030742,-0.002327,0.003449,0.3837,0.027596,0.011038,-0.089775,0.9999,-0.028391,-0.011516,0.091278,0.9994,0.399553,0.019891,-0.024321,0.9682,0.234669,-0.1619,0.200571,0.2479,0.689816,-0.243779,0.031203,0.9853,0.407547,-0.282119,0.492439,0.4936,0.721893,-0.285361,0.032236,0.9555,0.553879,-0.218214,0.456236,0.5891,0.805587,-0.2866,-0.010577,0.9732,0.632736,-0.17834,0.436369,0.6708
295,9833,0.524269,0.587414,7.5e-05,-0.678528,-0.0125,-0.189989,0.9996,-0.683122,-0.026929,-0.208311,0.9995,-0.683703,-0.027074,-0.207749,0.9995,-0.683846,-0.027074,-0.20799,0.9995,-0.680301,-0.033332,-0.184766,0.9988,-0.681209,-0.033671,-0.185944,0.9986,-0.682588,-0.033762,-0.184393,0.9989,-0.593574,-0.037053,-0.246526,0.9993,-0.595192,-0.052982,-0.147291,0.9986,-0.637926,-0.002095,-0.202741,0.9995,-0.636033,-0.008143,-0.174887,0.9994,-0.408383,0.031585,-0.289785,1.0,-0.460894,-0.029589,-0.058665,0.9997,-0.154511,0.094428,-0.333479,0.9501,-0.082328,-0.032603,-0.164084,0.2157,0.053182,0.098248,-0.353516,0.9399,0.022458,-0.020749,0.005664,0.4138,0.121565,0.091096,-0.384296,0.9113,0.068188,-0.020509,0.041108,0.4004,0.133698,0.102156,-0.385461,0.9104,0.069759,-0.012045,0.01844,0.402,0.084757,0.102848,-0.358576,0.8676,0.030742,-0.002327,0.003449,0.3974,0.026264,0.011044,-0.090059,0.9999,-0.027051,-0.011502,0.091568,0.9994,0.398605,0.027448,-0.029305,0.971,0.235708,-0.162344,0.200952,0.2785,0.690718,-0.231508,0.025936,0.9862,0.455688,-0.237662,0.478121,0.5237,0.722681,-0.272738,0.027253,0.9591,0.559354,-0.212927,0.45868,0.6123,0.806482,-0.27604,-0.013732,0.9747,0.640174,-0.174492,0.440127,0.69
296,9866,0.529733,0.587095,0.0001,-0.681638,-0.013607,-0.181958,0.9995,-0.686089,-0.028396,-0.200811,0.9994,-0.686695,-0.028544,-0.200264,0.9994,-0.686794,-0.028535,-0.200486,0.9994,-0.683127,-0.035412,-0.176966,0.9987,-0.684032,-0.035727,-0.178096,0.9985,-0.6854,-0.035865,-0.176555,0.9988,-0.596728,-0.03775,-0.240895,0.9993,-0.597475,-0.056108,-0.14093,0.9986,-0.640943,-0.003162,-0.195457,0.9995,-0.638923,-0.009894,-0.16721,0.9993,-0.412263,0.031456,-0.285753,1.0,-0.461424,-0.031298,-0.053644,0.9997,-0.157727,0.094745,-0.328668,0.9478,-0.082328,-0.032603,-0.164084,0.2152,0.049439,0.098663,-0.347701,0.9375,0.022458,-0.020749,0.005664,0.4162,0.118375,0.091171,-0.378225,0.9081,0.068188,-0.020509,0.041108,0.4009,0.129959,0.101453,-0.379568,0.9069,0.069759,-0.012045,0.01844,0.4022,0.081258,0.102661,-0.353049,0.8636,0.030742,-0.002327,0.003449,0.3965,0.025215,0.011583,-0.090364,0.9999,-0.026003,-0.012022,0.091882,0.9994,0.397741,0.034714,-0.032687,0.973,0.236704,-0.1629,0.201343,0.2789,0.69126,-0.220013,0.021885,0.9864,0.46323,-0.230492,0.475734,0.5352,0.723208,-0.261092,0.023256,0.9619,0.564286,-0.207881,0.460704,0.6267,0.807664,-0.266025,-0.016161,0.9749,0.646237,-0.170526,0.442507,0.6997
297,9900,0.526959,0.587091,0.000108,-0.684345,-0.014543,-0.175356,0.9995,-0.688533,-0.029643,-0.194304,0.9994,-0.689183,-0.029797,-0.193737,0.9994,-0.689216,-0.029778,-0.19399,0.9994,-0.685495,-0.037227,-0.170452,0.9987,-0.686389,-0.037531,-0.171591,0.9985,-0.68775,-0.037694,-0.170075,0.9988,-0.599218,-0.038329,-0.236256,0.9992,-0.599327,-0.058749,-0.13545,0.9986,-0.643533,-0.004068,-0.189227,0.9994,-0.641465,-0.011405,-0.160952,0.9993,-0.415571,0.031218,-0.282757,1.0,-0.461901,-0.032818,-0.049695,0.9997,-0.160513,0.094757,-0.324833,0.9464,-0.082328,-0.032603,-0.164084,0.2181,0.046374,0.098983,-0.342911,0.9361,0.022458,-0.020749,0.005664,0.4204,0.115628,0.091172,-0.373141,0.9058,0.068188,-0.020509,0.041108,0.4026,0.126824,0.100767,-0.374657,0.9044,0.069759,-0.012045,0.01844,0.4031,0.078282,0.102416,-0.348401,0.861,0.030742,-0.002327,0.003449,0.3958,0.024302,0.012086,-0.090625,0.9999,-0.0251,-0.012505,0.092149,0.9994,0.396676,0.040693,-0.035534,0.9752,0.237571,-0.163391,0.201684,0.2922,0.691941,-0.20613,0.019039,0.9865,0.470569,-0.222683,0.47356,0.5526,0.723906,-0.246436,0.020601,0.9644,0.570106,-0.202167,0.464071,0.6419,0.808807,-0.252422,-0.016875,0.9748,0.652625,-0.165132,0.445993,0.711
298,9933,0.529323,0.587094,0.000107,-0.686415,-0.015502,-0.163496,0.9995,-0.690448,-0.030744,-0.183448,0.9994,-0.691109,-0.03091,-0.182861,0.9994,-0.691122,-0.030877,-0.183133,0.9994,-0.687293,-0.039043,-0.159357,0.9987,-0.688187,-0.039347,-0.160475,0.9985,-0.689537,-0.039502,-0.158999,0.9988,-0.601149,-0.038739,-0.229545,0.9992,-0.600611,-0.062237,-0.127792,0.9986,-0.645523,-0.004821,-0.178809,0.9994,-0.643326,-0.01297,-0.150087,0.9993,-0.417864,0.031056,-0.278474,1.0,-0.46211,-0.0349,-0.044332,0.9997,-0.162617,0.095122,-0.320168,0.9444,-0.082328,-0.032603,-0.164084,0.2164,0.042925,0.099232,-0.336017,0.9289,0.022458,-0.020749,0.005664,0.4136,0.113259,0.091191,-0.366016,0.8964,0.068188,-0.020509,0.041108,0.3957,0.124051,0.100194,-0.367155,0.8951,0.069759,-0.012045,0.01844,0.3962,0.075799,0.102231,-0.34168,0.8491,0.030742,-0.002327,0.003449,0.3881,0.023299,0.012518,-0.09077,0.9998,-0.024095,-0.012921,0.092303,0.9994,0.395543,0.046067,-0.037722,0.9739,0.238466,-0.163875,0.202007,0.2942,0.691701,-0.197525,0.016947,0.9852,0.484857,-0.217411,0.462748,0.5552,0.723764,-0.237723,0.01892,0.9658,0.581665,-0.198138,0.451842,0.643,0.80859,-0.244796,-0.017088,0.9726,0.663894,-0.161881,0.430621,0.7009
299,9966,0.529703,0.587079,5.5e-05,-0.684883,-0.02016,-0.153945,0.9995,-0.689788,-0.034164,-0.174242,0.9993,-0.690456,-0.034357,-0.173646,0.9993,-0.690455,-0.034303,-0.173901,0.9993,-0.686288,-0.043322,-0.151028,0.9986,-0.687189,-0.043619,-0.152111,0.9984,-0.688512,-0.04378,-0.150659,0.9987,-0.602834,-0.039093,-0.221789,0.9992,-0.600893,-0.065513,-0.121229,0.9986,-0.644721,-0.008092,-0.169762,0.9994,-0.642087,-0.017279,-0.142028,0.9993,-0.420106,0.0308,-0.271291,1.0,-0.460858,-0.036376,-0.042574,0.9997,-0.164989,0.094511,-0.312575,0.9385,-0.082328,-0.032603,-0.164084,0.241,0.039875,0.098713,-0.327479,0.923,0.022458,-0.020749,0.005664,0.4391,0.111174,0.090678,-0.356926,0.8877,0.068188,-0.020509,0.041108,0.4167,0.121618,0.099153,-0.358229,0.886,0.069759,-0.012045,0.01844,0.4161,0.073619,0.101437,-0.333727,0.839,0.030742,-0.002327,0.003449,0.4047,0.021967,0.012627,-0.089684,0.9998,-0.02277,-0.012996,0.091203,0.9994,0.395212,0.050752,-0.039532,0.9755,0.2392,-0.164171,0.20201,0.3074,0.694411,-0.188692,0.015944,0.9844,0.496542,-0.212105,0.453164,0.5615,0.726769,-0.228479,0.01838,0.9669,0.590753,-0.194346,0.442646,0.6419,0.810327,-0.238292,-0.01696,0.9699,0.672253,-0.158991,0.418721,0.694
300,10000,0.529345,0.586478,-7.6e-05,-0.679635,-0.027443,-0.143849,0.9995,-0.686293,-0.038824,-0.164131,0.9993,-0.686928,-0.039045,-0.163514,0.9993,-0.686977,-0.03897,-0.163768,0.9993,-0.682249,-0.04905,-0.143419,0.9987,-0.683166,-0.049368,-0.144473,0.9985,-0.684471,-0.049499,-0.143052,0.9988,-0.604017,-0.037777,-0.211987,0.9992,-0.599741,-0.068224,-0.119972,0.9987,-0.640773,-0.01323,-0.159541,0.9994,-0.637462,-0.023882,-0.13487,0.9993,-0.421939,0.030587,-0.257192,1.0,-0.458138,-0.036073,-0.048918,0.9997,-0.16712,0.093962,-0.296645,0.9226,-0.082328,-0.032603,-0.164084,0.2914,0.036402,0.098195,-0.31183,0.9124,0.022458,-0.020749,0.005664,0.4799,0.109436,0.090286,-0.340676,0.8737,0.068188,-0.020509,0.041108,0.454,0.119857,0.098278,-0.342554,0.872,0.069759,-0.012045,0.01844,0.4523,0.071844,0.100717,-0.319666,0.8239,0.030742,-0.002327,0.003449,0.4365,0.020536,0.011492,-0.083477,0.9998,-0.021335,-0.011818,0.085007,0.9994,0.39439,0.050053,-0.034792,0.9694,0.238434,-0.163353,0.20041,0.3502,0.698792,-0.180046,0.02474,0.9814,0.511245,-0.20713,0.434977,0.5847,0.732216,-0.218752,0.027142,0.9613,0.60176,-0.190711,0.42272,0.6412,0.811758,-0.232031,-0.009727,0.9659,0.681927,-0.157513,0.393575,0.701
301,10033,0.529537,0.586425,-0.00014,-0.671832,-0.037531,-0.136019,0.9994,-0.680964,-0.045304,-0.155664,0.9992,-0.681547,-0.045546,-0.155028,0.9992,-0.681656,-0.045456,-0.155284,0.9992,-0.67632,-0.056283,-0.138004,0.9986,-0.677249,-0.05663,-0.139036,0.9984,-0.678536,-0.056717,-0.13764,0.9987,-0.605001,-0.036083,-0.2009,0.999,-0.598004,-0.070371,-0.124611,0.9986,-0.634665,-0.020842,-0.150631,0.9994,-0.630571,-0.032574,-0.129786,0.9993,-0.423412,0.030089,-0.237232,0.9999,-0.45466,-0.034856,-0.062277,0.9997,-0.169639,0.092964,-0.274808,0.8799,-0.082328,-0.032603,-0.164084,0.349,0.031006,0.096426,-0.291451,0.8888,0.030748,0.005533,-0.035582,0.5231,0.107987,0.08926,-0.320185,0.8466,0.068188,-0.020509,0.041108,0.495,0.118798,0.096416,-0.323201,0.8455,0.069759,-0.012045,0.01844,0.4923,0.070377,0.098875,-0.301946,0.7973,0.030742,-0.002327,0.003449,0.473,0.019217,0.009565,-0.073772,0.9998,-0.020007,-0.009834,0.075308,0.9994,0.392946,0.045595,-0.026916,0.9533,0.236452,-0.16166,0.197529,0.3797,0.704089,-0.17047,0.037749,0.9735,0.522415,-0.201885,0.417116,0.5988,0.7394,-0.20779,0.040046,0.9471,0.610944,-0.18705,0.406132,0.632,0.814562,-0.224168,0.000229,0.957,0.689732,-0.157032,0.371522,0.7029
302,10066,0.528538,0.586407,4.7e-05,-0.668628,-0.038598,-0.133391,0.9994,-0.677885,-0.047157,-0.153716,0.9991,-0.678437,-0.047426,-0.153074,0.9991,-0.678615,-0.047334,-0.153349,0.9992,-0.673249,-0.058262,-0.135572,0.9984,-0.674192,-0.058636,-0.136599,0.9982,-0.675482,-0.058671,-0.135208,0.9986,-0.605248,-0.035624,-0.200761,0.999,-0.596561,-0.072101,-0.12628,0.9985,-0.631697,-0.022447,-0.14849,0.9993,-0.627579,-0.034238,-0.126957,0.9992,-0.423572,0.029159,-0.236305,0.9999,-0.452094,-0.03384,-0.064295,0.9997,-0.169861,0.092357,-0.272237,0.8876,-0.082328,-0.032603,-0.164084,0.3306,0.031617,0.095717,-0.283517,0.8914,0.030748,0.005533,-0.035582,0.4943,0.108674,0.089014,-0.311337,0.8489,0.068188,-0.020509,0.041108,0.4663,0.119685,0.096125,-0.314044,0.8476,0.069759,-0.012045,0.01844,0.464,0.070563,0.09822,-0.293306,0.7982,0.030742,-0.002327,0.003449,0.4458,0.01811,0.008004,-0.069433,0.9997,-0.018895,-0.008234,0.071008,0.9993,0.393206,0.041415,-0.021426,0.9526,0.235697,-0.160767,0.196215,0.3827,0.709704,-0.164058,0.047776,0.9737,0.531623,-0.196441,0.404162,0.6001,0.745614,-0.199927,0.04988,0.9465,0.619248,-0.182986,0.395438,0.626,0.817674,-0.215551,0.004873,0.9563,0.696754,-0.15268,0.357647,0.7019
303,10100,0.529139,0.586545,3.3e-05,-0.666133,-0.040073,-0.125875,0.9994,-0.675472,-0.048811,-0.147228,0.9991,-0.676003,-0.049101,-0.146589,0.9992,-0.676227,-0.049006,-0.146873,0.9992,-0.670849,-0.060448,-0.12928,0.9984,-0.6718,-0.060838,-0.130294,0.9983,-0.673092,-0.060834,-0.128913,0.9985,-0.605452,-0.034959,-0.198145,0.999,-0.59532,-0.074837,-0.12554,0.9985,-0.629362,-0.023881,-0.142161,0.9993,-0.625231,-0.036311,-0.120826,0.9993,-0.423532,0.028714,-0.23509,0.9999,-0.450091,-0.03399,-0.064019,0.9997,-0.169945,0.0919,-0.269634,0.8924,-0.082328,-0.032603,-0.164084,0.3316,0.032401,0.095053,-0.2773,0.8947,0.030748,0.005533,-0.035582,0.4921,0.109757,0.088728,-0.304352,0.852,0.068188,-0.020509,0.041108,0.462,0.120796,0.095826,-0.307015,0.8506,0.069759,-0.012045,0.01844,0.4594,0.070869,0.097574,-0.286583,0.8014,0.030742,-0.002327,0.003449,0.439,0.017132,0.006668,-0.065813,0.9997,-0.017911,-0.006865,0.067403,0.9992,0.39396,0.036437,-0.018494,0.9541,0.235079,-0.160005,0.195093,0.4059,0.717039,-0.158398,0.050332,0.9748,0.540793,-0.190426,0.390434,0.6161,0.753588,-0.192547,0.051838,0.9478,0.626844,-0.178191,0.383482,0.6244,0.820944,-0.205922,0.001735,0.9573,0.702804,-0.14702,0.342073,0.7096
304,10133,0.533147,0.586539,-7e-06,-0.66419,-0.045632,-0.115445,0.9993,-0.673504,-0.053083,-0.137109,0.999,-0.674028,-0.053386,-0.13646,0.9991,-0.674283,-0.053284,-0.136749,0.9991,-0.668963,-0.065705,-0.120602,0.9982,-0.669918,-0.066106,-0.121599,0.9981,-0.671215,-0.066076,-0.120241,0.9984,-0.606243,-0.034481,-0.189874,0.9989,-0.594639,-0.078758,-0.123699,0.9983,-0.627554,-0.027893,-0.132258,0.9993,-0.623401,-0.041633,-0.112692,0.9992,-0.424349,0.02833,-0.227121,0.9999,-0.448543,-0.035145,-0.063788,0.9996,-0.170928,0.091287,-0.261395,0.8843,-0.082328,-0.032603,-0.164084,0.3519,0.03113,0.093813,-0.268817,0.8886,0.027524,0.010147,-0.032642,0.5097,0.110538,0.087889,-0.295572,0.8442,0.068188,-0.020509,0.041108,0.4765,0.121587,0.094575,-0.298529,0.843,0.069759,-0.012045,0.01844,0.4728,0.070785,0.096258,-0.278546,0.7923,0.030742,-0.002327,0.003449,0.4479,0.016203,0.005534,-0.063147,0.9996,-0.016974,-0.005708,0.064745,0.999,0.394428,0.03235,-0.016439,0.954,0.234718,-0.159438,0.194279,0.4218,0.723295,-0.15282,0.052395,0.9747,0.549642,-0.184677,0.376628,0.6247,0.760601,-0.185247,0.053223,0.9468,0.63446,-0.173606,0.371644,0.6183,0.823608,-0.195446,-0.001262,0.9559,0.708335,-0.141873,0.326209,0.71
305,10166,0.538993,0.586543,3.4e-05,-0.662842,-0.047102,-0.107903,0.9993,-0.672011,-0.05463,-0.129901,0.999,-0.672525,-0.054946,-0.129247,0.9991,-0.672811,-0.054847,-0.129543,0.9991,-0.667639,-0.067803,-0.113572,0.9982,-0.668605,-0.068214,-0.114555,0.9981,-0.669905,-0.06816,-0.113218,0.9984,-0.606866,-0.034125,-0.184061,0.999,-0.594291,-0.081896,-0.118575,0.9983,-0.626221,-0.029373,-0.125235,0.9993,-0.622185,-0.04388,-0.105886,0.9992,-0.425017,0.027582,-0.221492,0.9999,-0.447525,-0.036177,-0.058211,0.9996,-0.171499,0.089709,-0.257028,0.8924,-0.082328,-0.032603,-0.164084,0.3381,0.032059,0.092425,-0.263968,0.896,0.027524,0.010147,-0.032642,0.4913,0.111222,0.086956,-0.290975,0.8536,0.068188,-0.020509,0.041108,0.4583,0.122256,0.093488,-0.293677,0.8522,0.069759,-0.012045,0.01844,0.4548,0.070719,0.095019,-0.273293,0.8028,0.030742,-0.002327,0.003449,0.4297,0.015371,0.0046,-0.061444,0.9996,-0.01613,-0.004759,0.063052,0.999,0.394206,0.029152,-0.016913,0.9516,0.23459,-0.159063,0.193782,0.4367,0.728031,-0.146233,0.049825,0.9729,0.560127,-0.179628,0.358021,0.6277,0.766225,-0.177188,0.050277,0.9443,0.643327,-0.169677,0.354197,0.613,0.825933,-0.183542,-0.007112,0.9532,0.715665,-0.137211,0.303628,0.7085
306,10200,0.539067,0.58609,9e-06,-0.661713,-0.047848,-0.10191,0.9993,-0.670818,-0.055776,-0.124225,0.9989,-0.671323,-0.056103,-0.123571,0.9991,-0.671632,-0.056009,-0.123868,0.9991,-0.666546,-0.069413,-0.107855,0.9982,-0.667523,-0.069835,-0.108826,0.9981,-0.668824,-0.069757,-0.107504,0.9984,-0.607078,-0.03394,-0.179477,0.999,-0.593979,-0.084463,-0.113875,0.9983,-0.62513,-0.030228,-0.119661,0.9993,-0.621158,-0.045362,-0.10024,0.9992,-0.425525,0.026907,-0.217814,0.9999,-0.446704,-0.037269,-0.052483,0.9996,-0.171909,0.08802,-0.254713,0.8995,-0.082328,-0.032603,-0.164084,0.3299,0.033132,0.091112,-0.260925,0.902,0.027524,0.010147,-0.032642,0.4796,0.112248,0.086067,-0.2881,0.861,0.068188,-0.020509,0.041108,0.4461,0.123182,0.092572,-0.29047,0.8595,0.069759,-0.012045,0.01844,0.4426,0.070987,0.093872,-0.269492,0.8109,0.030742,-0.002327,0.003449,0.417,0.01461,0.003776,-0.061029,0.9996,-0.015357,-0.003921,0.062637,0.9989,0.394429,0.026536,-0.020797,0.9525,0.234765,-0.158905,0.193707,0.4399,0.73324,-0.139052,0.041702,0.9736,0.568543,-0.174562,0.342632,0.6267,0.771935,-0.16835,0.041872,0.9446,0.65091,-0.165733,0.340466,0.6065,0.828641,-0.169973,-0.018579,0.954,0.721936,-0.131851,0.286297,0.7072
307,10233,0.547876,0.585645,1e-05,-0.660653,-0.050058,-0.09156,0.9993,-0.669903,-0.057371,-0.113979,0.999,-0.670403,-0.057706,-0.113321,0.9991,-0.670727,-0.057614,-0.113633,0.9991,-0.665691,-0.071625,-0.098675,0.9983,-0.666675,-0.072051,-0.099635,0.9982,-0.667978,-0.07196,-0.098347,0.9985,-0.607494,-0.033555,-0.169947,0.999,-0.594238,-0.086629,-0.108898,0.9984,-0.624207,-0.031719,-0.109576,0.9993,-0.620251,-0.047719,-0.091497,0.9992,-0.426093,0.026523,-0.209213,0.9999,-0.446265,-0.038435,-0.048307,0.9996,-0.172875,0.08659,-0.247299,0.9008,-0.082328,-0.032603,-0.164084,0.3534,0.033487,0.089963,-0.254124,0.9056,0.024505,0.013539,-0.026708,0.5031,0.113127,0.085281,-0.281222,0.8643,0.068188,-0.020509,0.041108,0.465,0.123963,0.091758,-0.284107,0.8627,0.069759,-0.012045,0.01844,0.4604,0.07115,0.092824,-0.262998,0.8143,0.030742,-0.002327,0.003449,0.4306,0.013882,0.003031,-0.060084,0.9995,-0.014613,-0.003163,0.06169,0.9989,0.392304,0.024395,-0.026983,0.9484,0.234808,-0.158684,0.193458,0.4562,0.73632,-0.131331,0.030206,0.9687,0.578036,-0.16947,0.320716,0.6286,0.776778,-0.159211,0.030127,0.9349,0.65903,-0.161579,0.319587,0.599,0.828345,-0.156675,-0.034178,0.9491,0.727724,-0.126827,0.258376,0.7051
308,10266,0.546,0.585124,-0.0,-0.660933,-0.049211,-0.084212,0.9994,-0.670105,-0.057056,-0.106813,0.999,-0.670602,-0.057389,-0.106155,0.9991,-0.67093,-0.057302,-0.10647,0.9992,-0.666115,-0.071538,-0.091603,0.9984,-0.667115,-0.071963,-0.092558,0.9983,-0.668413,-0.07187,-0.091288,0.9986,-0.608001,-0.033192,-0.163478,0.9991,-0.595681,-0.087912,-0.10263,0.9985,-0.624509,-0.030845,-0.102522,0.9994,-0.620875,-0.047137,-0.084582,0.9993,-0.426681,0.026194,-0.203414,0.9999,-0.448279,-0.039,-0.040929,0.9996,-0.172895,0.085049,-0.243995,0.9074,-0.082328,-0.032603,-0.164084,0.3423,0.034845,0.088948,-0.250807,0.9103,0.024505,0.013539,-0.026708,0.4835,0.114204,0.084622,-0.277904,0.8704,0.068188,-0.020509,0.041108,0.4469,0.124647,0.091101,-0.280545,0.8688,0.069759,-0.012045,0.01844,0.4424,0.071601,0.091916,-0.259192,0.8212,0.030742,-0.002327,0.003449,0.4127,0.013248,0.002362,-0.060806,0.9995,-0.013967,-0.002487,0.062372,0.9989,0.391112,0.025225,-0.034861,0.9516,0.235218,-0.158721,0.193743,0.4661,0.73987,-0.123714,0.018822,0.9708,0.585478,-0.164281,0.304993,0.6438,0.780785,-0.150529,0.018886,0.9392,0.666588,-0.157325,0.305329,0.6122,0.832222,-0.144747,-0.045757,0.9524,0.735512,-0.121135,0.240773,0.7166
309,10300,0.550838,0.584852,4e-06,-0.661297,-0.046566,-0.079739,0.9994,-0.670356,-0.05555,-0.101975,0.9991,-0.67085,-0.05588,-0.101288,0.9992,-0.671182,-0.055799,-0.10161,0.9992,-0.666688,-0.069601,-0.085536,0.9985,-0.667706,-0.070031,-0.086478,0.9984,-0.668997,-0.069934,-0.085238,0.9986,-0.608453,-0.033337,-0.157821,0.9992,-0.59744,-0.087757,-0.096628,0.9986,-0.624881,-0.029051,-0.097674,0.9994,-0.621682,-0.044782,-0.078132,0.9993,-0.427878,0.025654,-0.199382,1.0,-0.450191,-0.038912,-0.03279,0.9996,-0.173412,0.083554,-0.243005,0.9136,-0.082328,-0.032603,-0.164084,0.3348,0.036088,0.088024,-0.250691,0.9156,0.024505,0.013539,-0.026708,0.4712,0.115127,0.083991,-0.278537,0.8773,0.068188,-0.020509,0.041108,0.4335,0.125207,0.090739,-0.280285,0.8757,0.069759,-0.012045,0.01844,0.4287,0.071941,0.091158,-0.258219,0.8289,0.030742,-0.002327,0.003449,0.4001,0.012524,0.001708,-0.062138,0.9995,-0.013226,-0.001827,0.06367,0.9989,0.389341,0.026369,-0.040867,0.9499,0.235849,-0.158891,0.194258,0.4565,0.742685,-0.115265,0.010705,0.9701,0.591989,-0.159035,0.291278,0.6347,0.784526,-0.141136,0.010867,0.9411,0.67615,-0.152899,0.29348,0.6102,0.835684,-0.131806,-0.054066,0.9526,0.745252,-0.115278,0.226772,0.7091
310,10333,0.551082,0.584438,1.1e-05,-0.661775,-0.042026,-0.075596,0.9994,-0.670671,-0.052535,-0.097367,0.9991,-0.671162,-0.052862,-0.096635,0.9992,-0.671495,-0.052788,-0.096965,0.9992,-0.66744,-0.065923,-0.080447,0.9985,-0.66848,-0.066356,-0.081378,0.9984,-0.669761,-0.066258,-0.080159,0.9987,-0.608887,-0.033519,-0.152999,0.9992,-0.599722,-0.086466,-0.089668,0.9986,-0.625369,-0.025805,-0.093054,0.9994,-0.622765,-0.040661,-0.07287,0.9993,-0.42962,0.02517,-0.196431,1.0,-0.452675,-0.038533,-0.023247,0.9996,-0.174282,0.082097,-0.242879,0.9184,-0.082328,-0.032603,-0.164084,0.3237,0.036803,0.087417,-0.25134,0.9194,0.024505,0.013539,-0.026708,0.4547,0.115608,0.083559,-0.279916,0.8823,0.068188,-0.020509,0.041108,0.4167,0.12534,0.09085,-0.280617,0.8805,0.069759,-0.012045,0.01844,0.412,0.072001,0.090763,-0.257901,0.8338,0.030742,-0.002327,0.003449,0.3849,0.011734,0.00108,-0.064056,0.9995,-0.012413,-0.001195,0.065558,0.9989,0.387793,0.028392,-0.045999,0.9495,0.236681,-0.159188,0.194984,0.4464,0.745265,-0.106478,0.00399,0.97,0.598344,-0.153529,0.278448,0.6295,0.787836,-0.131486,0.004209,0.9432,0.687118,-0.147988,0.282306,0.6109,0.840307,-0.118842,-0.060932,0.9535,0.756749,-0.108638,0.214029,0.7061
311,10366,0.549648,0.584664,3.6e-05,-0.663073,-0.03702,-0.080141,0.9995,-0.671389,-0.049425,-0.101787,0.9992,-0.671889,-0.049755,-0.101052,0.9992,-0.672227,-0.049683,-0.101366,0.9993,-0.668681,-0.06185,-0.083082,0.9986,-0.669737,-0.062283,-0.084016,0.9985,-0.671023,-0.062183,-0.082784,0.9988,-0.608759,-0.034756,-0.15616,0.9992,-0.601434,-0.084808,-0.085117,0.9987,-0.62631,-0.022478,-0.09718,0.9994,-0.624411,-0.0361,-0.07472,0.9994,-0.430297,0.023674,-0.200757,1.0,-0.454825,-0.037775,-0.016987,0.9996,-0.174047,0.080947,-0.247284,0.9254,-0.082328,-0.032603,-0.164084,0.3027,0.038702,0.086992,-0.255581,0.9254,0.024505,0.013539,-0.026708,0.4248,0.11652,0.083241,-0.284263,0.8904,0.068188,-0.020509,0.041108,0.3903,0.126352,0.090954,-0.284158,0.8886,0.069759,-0.012045,0.01844,0.3861,0.072807,0.09048,-0.260887,0.8439,0.030742,-0.002327,0.003449,0.3612,0.011195,0.000518,-0.066189,0.9995,-0.011855,-0.000633,0.06769,0.9989,0.386987,0.029593,-0.050976,0.9494,0.237416,-0.159475,0.195728,0.4333,0.74746,-0.100565,-0.003961,0.9705,0.602674,-0.149237,0.268615,0.621,0.7904,-0.124859,-0.003861,0.945,0.695728,-0.143876,0.273195,0.6056,0.84421,-0.10935,-0.070509,0.9549,0.765405,-0.102333,0.203167,0.7033
312,10400,0.548906,0.584206,-1e-06,-0.664205,-0.030017,-0.088074,0.9995,-0.672022,-0.044342,-0.109692,0.9992,-0.672531,-0.044678,-0.108965,0.9993,-0.672875,-0.04461,-0.109259,0.9993,-0.669782,-0.055651,-0.089287,0.9987,-0.670854,-0.056083,-0.090225,0.9986,-0.672144,-0.055986,-0.088986,0.9988,-0.60779,-0.035848,-0.162773,0.9993,-0.602923,-0.081474,-0.083187,0.9987,-0.62714,-0.017567,-0.104739,0.9994,-0.625842,-0.029804,-0.080126,0.9994,-0.429284,0.021587,-0.208116,1.0,-0.456833,-0.03591,-0.012219,0.9997,-0.172061,0.079798,-0.254189,0.9316,-0.082328,-0.032603,-0.164084,0.2816,0.042241,0.086765,-0.262166,0.9305,0.024505,0.013539,-0.026708,0.3971,0.119038,0.083083,-0.290786,0.8974,0.068188,-0.020509,0.041108,0.367,0.129261,0.091423,-0.290197,0.8956,0.069759,-0.012045,0.01844,0.3633,0.075338,0.090452,-0.266197,0.8526,0.030742,-0.002327,0.003449,0.3408,0.010844,-0.000331,-0.06846,0.9995,-0.011485,0.000207,0.069966,0.9989,0.38641,0.030625,-0.05674,0.9496,0.237968,-0.159617,0.196418,0.4222,0.749805,-0.094947,-0.013292,0.9713,0.606336,-0.144888,0.259138,0.6141,0.793119,-0.118436,-0.013351,0.9463,0.703952,-0.139448,0.264066,0.5993,0.848377,-0.099103,-0.082133,0.9562,0.773668,-0.095308,0.19198,0.7015
313,10433,0.549086,0.584281,8e-06,-0.666832,-0.022298,-0.093053,0.9995,-0.674132,-0.038299,-0.114753,0.9992,-0.674651,-0.038645,-0.114032,0.9993,-0.675002,-0.038574,-0.114312,0.9993,-0.672309,-0.048825,-0.093294,0.9987,-0.673397,-0.049254,-0.094233,0.9987,-0.674696,-0.049156,-0.09299,0.9989,-0.607501,-0.036606,-0.167542,0.9993,-0.605009,-0.078389,-0.080438,0.9988,-0.629215,-0.012061,-0.109674,0.9994,-0.628503,-0.023323,-0.08372,0.9994,-0.428456,0.019074,-0.213742,1.0,-0.458986,-0.034196,-0.006827,0.9997,-0.170455,0.078639,-0.259285,0.9367,-0.082328,-0.032603,-0.164084,0.2626,0.044955,0.086665,-0.267008,0.9341,0.024505,0.013539,-0.026708,0.3702,0.121183,0.083035,-0.295499,0.9023,0.068188,-0.020509,0.041108,0.3438,0.131549,0.091893,-0.294599,0.9003,0.069759,-0.012045,0.01844,0.3408,0.077322,0.090498,-0.270123,0.8582,0.030742,-0.002327,0.003449,0.3203,0.010654,-0.00115,-0.070457,0.9994,-0.011277,0.00102,0.071967,0.9989,0.386714,0.031424,-0.061193,0.9502,0.238344,-0.159674,0.196976,0.426,0.752435,-0.089616,-0.02016,0.9717,0.609831,-0.140777,0.251002,0.6176,0.796057,-0.112453,-0.020435,0.9477,0.711456,-0.135177,0.256084,0.5977,0.852678,-0.090898,-0.089896,0.9571,0.781373,-0.088946,0.18224,0.7057
314,10466,0.548469,0.584414,-1.2e-05,-0.669328,-0.014866,-0.099656,0.9995,-0.676139,-0.032491,-0.121472,0.9993,-0.676667,-0.032846,-0.120755,0.9994,-0.677025,-0.032776,-0.121021,0.9994,-0.674671,-0.042203,-0.098505,0.9988,-0.675771,-0.042629,-0.099447,0.9988,-0.677081,-0.042534,-0.098201,0.999,-0.607224,-0.037275,-0.173899,0.9993,-0.606837,-0.075014,-0.078869,0.9989,-0.63121,-0.00657,-0.116247,0.9994,-0.631011,-0.016811,-0.088413,0.9994,-0.427407,0.016438,-0.220255,1.0,-0.460974,-0.032363,-0.002381,0.9997,-0.168731,0.077104,-0.265149,0.9418,-0.082328,-0.032603,-0.164084,0.2478,0.048137,0.086563,-0.272622,0.9386,0.024505,0.013539,-0.026708,0.3532,0.123619,0.082993,-0.301145,0.9082,0.068188,-0.020509,0.041108,0.3308,0.13449,0.09237,-0.299912,0.9061,0.069759,-0.012045,0.01844,0.3285,0.079756,0.090552,-0.274811,0.8658,0.030742,-0.002327,0.003449,0.3097,0.01064,-0.002023,-0.072352,0.9994,-0.011248,0.001887,0.073866,0.9989,0.387161,0.031523,-0.064837,0.9506,0.23855,-0.159636,0.197444,0.4273,0.755192,-0.0846,-0.025427,0.9722,0.612471,-0.136852,0.243521,0.6155,0.799143,-0.106662,-0.025867,0.9489,0.71854,-0.130992,0.248724,0.5927,0.856556,-0.082799,-0.096121,0.9579,0.788599,-0.082825,0.173632,0.7066
315,10500,0.550521,0.583983,-4e-06,-0.672043,-0.006925,-0.105538,0.9996,-0.678482,-0.025685,-0.127339,0.9993,-0.679017,-0.026049,-0.126622,0.9994,-0.67938,-0.025975,-0.12689,0.9994,-0.677319,-0.03482,-0.103048,0.9989,-0.678431,-0.03524,-0.104002,0.9989,-0.679753,-0.035148,-0.10275,0.9991,-0.607241,-0.036489,-0.179131,0.9994,-0.608892,-0.070954,-0.076511,0.999,-0.633427,-0.000497,-0.121857,0.9995,-0.633693,-0.009996,-0.092411,0.9995,-0.426421,0.014031,-0.22576,1.0,-0.463184,-0.030493,0.002576,0.9997,-0.166429,0.075535,-0.270231,0.9466,-0.082328,-0.032603,-0.164084,0.2406,0.051354,0.086665,-0.278148,0.9427,0.024505,0.013539,-0.026708,0.3402,0.125923,0.083269,-0.306659,0.9139,0.068188,-0.020509,0.041108,0.3202,0.137125,0.093124,-0.305166,0.9119,0.069759,-0.012045,0.01844,0.3186,0.082067,0.090796,-0.279511,0.8733,0.030742,-0.002327,0.003449,0.3003,0.010671,-0.002894,-0.074394,0.9995,-0.011261,0.002753,0.075906,0.999,0.387913,0.032743,-0.068527,0.9531,0.238756,-0.159604,0.19794,0.4332,0.757918,-0.0774,-0.030606,0.9736,0.615851,-0.131605,0.236136,0.6244,0.801951,-0.098658,-0.0311,0.9516,0.725972,-0.125259,0.241198,0.5977,0.860919,-0.072192,-0.101952,0.9601,0.79657,-0.074654,0.164835,0.7148
316,10533,0.551217,0.583982,-7.4e-05,-0.67418,-0.001667,-0.112082,0.9996,-0.680251,-0.021139,-0.133727,0.9994,-0.680791,-0.021508,-0.133,0.9995,-0.681159,-0.02143,-0.133263,0.9995,-0.679287,-0.029845,-0.108359,0.999,-0.680408,-0.030262,-0.10932,0.999,-0.68174,-0.030172,-0.108055,0.9991,-0.607165,-0.03589,-0.184462,0.9994,-0.610375,-0.067773,-0.077027,0.9991,-0.63519,0.00364,-0.12814,0.9995,-0.635771,-0.005292,-0.097428,0.9995,-0.425261,0.01225,-0.231056,1.0,-0.46487,-0.029101,0.005096,0.9997,-0.163984,0.074617,-0.275262,0.9509,-0.082328,-0.032603,-0.164084,0.2339,0.054258,0.086863,-0.284384,0.9469,0.024505,0.013539,-0.026708,0.3299,0.127819,0.0835,-0.312891,0.9197,0.068188,-0.020509,0.041108,0.3117,0.139489,0.093709,-0.311256,0.9177,0.069759,-0.012045,0.01844,0.3112,0.084101,0.091021,-0.285077,0.8807,0.030742,-0.002327,0.003449,0.2931,0.010769,-0.003602,-0.075816,0.9995,-0.011345,0.003458,0.077326,0.999,0.388448,0.033624,-0.069592,0.9542,0.238811,-0.159515,0.198248,0.445,0.759929,-0.070279,-0.031187,0.9745,0.618752,-0.12647,0.22904,0.6341,0.80408,-0.090632,-0.031699,0.9535,0.731855,-0.119539,0.233713,0.598,0.864155,-0.062793,-0.103184,0.9616,0.802605,-0.066593,0.155517,0.7237
317,10566,0.550977,0.584008,-5e-05,-0.67607,0.003455,-0.119811,0.9996,-0.681834,-0.016841,-0.141422,0.9994,-0.682377,-0.017214,-0.140687,0.9995,-0.682749,-0.017133,-0.140941,0.9995,-0.681033,-0.024981,-0.114912,0.9991,-0.682163,-0.025393,-0.115884,0.9991,-0.683502,-0.025306,-0.114616,0.9992,-0.606954,-0.035334,-0.191305,0.9995,-0.611647,-0.064523,-0.079352,0.9991,-0.636765,0.007565,-0.135683,0.9995,-0.63761,-0.000642,-0.103614,0.9995,-0.42383,0.010605,-0.237727,1.0,-0.466407,-0.027852,0.005772,0.9997,-0.161186,0.073636,-0.281535,0.9544,-0.082328,-0.032603,-0.164084,0.2265,0.057556,0.087036,-0.291456,0.9498,0.024505,0.013539,-0.026708,0.3227,0.13027,0.083711,-0.320056,0.9237,0.068188,-0.020509,0.041108,0.3068,0.142424,0.094256,-0.318216,0.9217,0.069759,-0.012045,0.01844,0.307,0.08676,0.091234,-0.291477,0.8856,0.030742,-0.002327,0.003449,0.2894,0.010903,-0.004296,-0.077191,0.9995,-0.011467,0.004148,0.078697,0.999,0.388779,0.034458,-0.071265,0.9555,0.23883,-0.15941,0.198532,0.4434,0.761626,-0.063596,-0.032673,0.9754,0.620595,-0.121545,0.22347,0.6353,0.805939,-0.083097,-0.033159,0.9553,0.737401,-0.113889,0.227878,0.5967,0.866814,-0.053118,-0.105535,0.9631,0.808116,-0.058481,0.148433,0.7263
318,10600,0.55205,0.583697,-6.5e-05,-0.678603,0.007517,-0.127636,0.9997,-0.683824,-0.013416,-0.149062,0.9995,-0.684366,-0.013792,-0.148313,0.9996,-0.684744,-0.013708,-0.148551,0.9996,-0.683057,-0.021098,-0.121525,0.9992,-0.684187,-0.021507,-0.122508,0.9991,-0.685535,-0.021422,-0.12123,0.9993,-0.606875,-0.034856,-0.198048,0.9995,-0.612731,-0.061723,-0.082301,0.9992,-0.638897,0.010742,-0.143325,0.9996,-0.639835,0.003152,-0.11007,0.9996,-0.4226,0.009233,-0.244463,1.0,-0.467707,-0.026795,0.005085,0.9997,-0.158796,0.072794,-0.288295,0.9581,-0.082328,-0.032603,-0.164084,0.2258,0.060474,0.087482,-0.299606,0.9533,0.024505,0.013539,-0.026708,0.3266,0.132302,0.084194,-0.32841,0.9287,0.068188,-0.020509,0.041108,0.3115,0.144909,0.094956,-0.326563,0.9267,0.069759,-0.012045,0.01844,0.313,0.088978,0.091717,-0.299079,0.8919,0.030742,-0.002327,0.003449,0.2949,0.011203,-0.004923,-0.078551,0.9995,-0.011754,0.004774,0.080046,0.9991,0.389239,0.036067,-0.072471,0.9582,0.238749,-0.159273,0.198778,0.4471,0.763243,-0.056788,-0.033683,0.9772,0.622279,-0.116865,0.2256,0.644,0.807497,-0.075441,-0.034162,0.9577,0.741007,-0.108611,0.230682,0.6024,0.868398,-0.042466,-0.10755,0.9658,0.81159,-0.05074,0.153182,0.737
319,10633,0.551844,0.58371,-5.9e-05,-0.680173,0.010988,-0.136878,0.9997,-0.685023,-0.010497,-0.158117,0.9995,-0.685563,-0.010877,-0.15736,0.9996,-0.685953,-0.010791,-0.157572,0.9996,-0.684343,-0.017674,-0.129754,0.9992,-0.685465,-0.01808,-0.130743,0.9992,-0.686823,-0.017997,-0.129452,0.9993,-0.60639,-0.034576,-0.205778,0.9996,-0.613285,-0.05912,-0.087097,0.9993,-0.64015,0.013405,-0.152144,0.9996,-0.641237,0.006408,-0.117925,0.9996,-0.420969,0.00794,-0.251693,1.0,-0.468713,-0.02587,0.002695,0.9998,-0.156398,0.071966,-0.294927,0.961,-0.082328,-0.032603,-0.164084,0.2213,0.063344,0.087899,-0.306766,0.9558,0.024505,0.013539,-0.026708,0.3262,0.134734,0.084682,-0.33565,0.9321,0.068188,-0.020509,0.041108,0.3118,0.1479,0.095727,-0.333725,0.9302,0.069759,-0.012045,0.01844,0.3139,0.091432,0.092217,-0.305766,0.8961,0.030742,-0.002327,0.003449,0.296,0.011613,-0.00549,-0.079847,0.9996,-0.012149,0.005338,0.081333,0.9991,0.389585,0.03748,-0.073844,0.9601,0.238596,-0.159114,0.19899,0.4433,0.764926,-0.050406,-0.03648,0.9789,0.62236,-0.112776,0.231359,0.6451,0.80916,-0.068089,-0.037194,0.9593,0.742593,-0.103961,0.237617,0.6043,0.869225,-0.031625,-0.112469,0.9681,0.812184,-0.04407,0.163489,0.7432
320,10666,0.55146,0.583341,-5.1e-05,-0.681708,0.014309,-0.146022,0.9997,-0.686192,-0.007726,-0.167193,0.9996,-0.68673,-0.008111,-0.166432,0.9996,-0.68713,-0.008023,-0.166615,0.9996,-0.685592,-0.014427,-0.137972,0.9993,-0.686707,-0.01483,-0.138969,0.9993,-0.688074,-0.01475,-0.137661,0.9994,-0.60577,-0.034313,-0.214015,0.9996,-0.613576,-0.056611,-0.09224,0.9993,-0.641373,0.015971,-0.161053,0.9996,-0.642598,0.009571,-0.125807,0.9996,-0.419006,0.006678,-0.259404,1.0,-0.469699,-0.02493,-0.000247,0.9998,-0.153774,0.071148,-0.301666,0.9639,-0.082328,-0.032603,-0.164084,0.2155,0.066388,0.088332,-0.313992,0.9583,0.024505,0.013539,-0.026708,0.3228,0.137309,0.08518,-0.342996,0.9357,0.068188,-0.020509,0.041108,0.3094,0.151047,0.096503,-0.34105,0.9338,0.069759,-0.012045,0.01844,0.3123,0.094031,0.092731,-0.3126,0.9007,0.030742,-0.002327,0.003449,0.295,0.012171,-0.006077,-0.081187,0.9996,-0.012692,0.005924,0.082663,0.9992,0.38993,0.038926,-0.074998,0.9618,0.238341,-0.158902,0.199176,0.4438,0.766516,-0.043574,-0.039247,0.9803,0.622807,-0.108061,0.23612,0.6494,0.810765,-0.060227,-0.040158,0.9605,0.744513,-0.098514,0.243444,0.6062,0.869485,-0.020116,-0.116818,0.97,0.81309,-0.03598,0.171944,0.7497
321,10700,0.551299,0.583354,-3.6e-05,-0.682981,0.017963,-0.152034,0.9997,-0.687213,-0.004784,-0.173215,0.9996,-0.68775,-0.005175,-0.172454,0.9997,-0.68816,-0.005087,-0.172618,0.9996,-0.686726,-0.011002,-0.143397,0.9993,-0.687835,-0.011399,-0.144399,0.9993,-0.68921,-0.011323,-0.143081,0.9994,-0.60536,-0.034098,-0.219688,0.9996,-0.614089,-0.054479,-0.096294,0.9994,-0.642399,0.018595,-0.166976,0.9997,-0.643786,0.012794,-0.131062,0.9996,-0.417436,0.005415,-0.264932,1.0,-0.470715,-0.02388,-0.002009,0.9998,-0.151681,0.069699,-0.30652,0.9666,-0.082328,-0.032603,-0.164084,0.2073,0.069012,0.088222,-0.319316,0.9608,0.024505,0.013539,-0.026708,0.3128,0.139661,0.08517,-0.348394,0.9391,0.068188,-0.020509,0.041108,0.301,0.153878,0.096844,-0.346472,0.9372,0.069759,-0.012045,0.01844,0.304,0.096268,0.092757,-0.317761,0.9053,0.030742,-0.002327,0.003449,0.2878,0.012674,-0.006563,-0.082379,0.9996,-0.013183,0.006409,0.08385,0.9992,0.390331,0.040071,-0.076078,0.963,0.238118,-0.158724,0.199346,0.4373,0.768029,-0.038568,-0.042149,0.9813,0.622239,-0.10438,0.239611,0.6451,0.81232,-0.054462,-0.0433,0.9618,0.746317,-0.09397,0.247931,0.6045,0.869692,-0.011483,-0.121595,0.9715,0.813906,-0.029207,0.178464,0.751
322,10733,0.550985,0.583044,-3.7e-05,-0.684095,0.019759,-0.158365,0.9998,-0.688006,-0.003666,-0.17944,0.9996,-0.688542,-0.004063,-0.178677,0.9997,-0.68896,-0.003972,-0.178825,0.9997,-0.687602,-0.009551,-0.149157,0.9994,-0.688706,-0.009945,-0.150166,0.9994,-0.690087,-0.009869,-0.148825,0.9995,-0.60468,-0.03405,-0.22537,0.9996,-0.61383,-0.052944,-0.100416,0.9994,-0.643275,0.020298,-0.173178,0.9997,-0.644761,0.014958,-0.136713,0.9997,-0.415565,0.004807,-0.269849,1.0,-0.471282,-0.022882,-0.004452,0.9998,-0.14969,0.068726,-0.310312,0.9694,-0.082328,-0.032603,-0.164084,0.203,0.071571,0.088161,-0.32313,0.9638,0.024505,0.013539,-0.026708,0.3107,0.141781,0.085141,-0.352268,0.9433,0.068188,-0.020509,0.041108,0.2988,0.156527,0.097074,-0.350317,0.9415,0.069759,-0.012045,0.01844,0.3025,0.098376,0.092766,-0.321466,0.911,0.030742,-0.002327,0.003449,0.2869,0.013195,-0.006953,-0.083308,0.9996,-0.013699,0.006797,0.084774,0.9992,0.390623,0.040896,-0.074718,0.9634,0.237847,-0.158536,0.199446,0.4328,0.769345,-0.034508,-0.040543,0.9818,0.621708,-0.101336,0.242363,0.6418,0.813743,-0.04969,-0.041888,0.9607,0.747834,-0.090145,0.251592,0.6,0.869327,-0.00436,-0.121809,0.9721,0.814315,-0.023648,0.183566,0.7515
323,10766,0.550554,0.583004,0.0,-0.684732,0.020667,-0.16594,0.9998,-0.688166,-0.003478,-0.186842,0.9997,-0.688701,-0.003873,-0.186079,0.9997,-0.689129,-0.003781,-0.186216,0.9997,-0.687863,-0.008943,-0.156207,0.9994,-0.688964,-0.009332,-0.15722,0.9994,-0.690351,-0.009254,-0.15586,0.9995,-0.603097,-0.034502,-0.231773,0.9997,-0.612727,-0.051608,-0.105545,0.9995,-0.643615,0.021347,-0.180462,0.9997,-0.645232,0.016572,-0.143558,0.9997,-0.41304,0.004203,-0.275044,1.0,-0.470996,-0.021827,-0.007675,0.9998,-0.147322,0.068285,-0.313994,0.9715,-0.082328,-0.032603,-0.164084,0.195,0.074224,0.0881,-0.326777,0.9653,0.024505,0.013539,-0.026708,0.3016,0.144163,0.085048,-0.356057,0.9454,0.068188,-0.020509,0.041108,0.2911,0.15953,0.097196,-0.353986,0.9436,0.069759,-0.012045,0.01844,0.2952,0.100877,0.092776,-0.325041,0.9137,0.030742,-0.002327,0.003449,0.2807,0.013723,-0.007377,-0.084178,0.9996,-0.014222,0.007222,0.085639,0.9992,0.390752,0.040853,-0.073473,0.9634,0.237544,-0.158321,0.199523,0.4326,0.770606,-0.030407,-0.039547,0.9824,0.621761,-0.098248,0.244373,0.641,0.815134,-0.044765,-0.041244,0.9606,0.750321,-0.086213,0.254352,0.5945,0.868164,0.002933,-0.123311,0.9729,0.815563,-0.018076,0.186793,0.7511
324,10800,0.550474,0.582869,-2e-06,-0.68491,0.022313,-0.171301,0.9998,-0.688064,-0.002387,-0.19217,0.9997,-0.688601,-0.002785,-0.191409,0.9997,-0.689036,-0.00269,-0.191538,0.9997,-0.68788,-0.007501,-0.161204,0.9995,-0.688979,-0.007887,-0.162219,0.9995,-0.690372,-0.007807,-0.160846,0.9996,-0.60178,-0.034635,-0.236627,0.9997,-0.61183,-0.050243,-0.109174,0.9995,-0.643608,0.02272,-0.185691,0.9997,-0.645376,0.018393,-0.148378,0.9997,-0.411061,0.00369,-0.279129,1.0,-0.470682,-0.020661,-0.010056,0.9998,-0.145116,0.067679,-0.316996,0.9736,-0.082328,-0.032603,-0.164084,0.189,0.077142,0.087793,-0.3296,0.9677,0.024505,0.013539,-0.026708,0.2953,0.146838,0.084642,-0.358973,0.9487,0.068188,-0.020509,0.041108,0.2858,0.162632,0.0971,-0.356825,0.947,0.069759,-0.012045,0.01844,0.2901,0.10345,0.092527,-0.327831,0.9185,0.030742,-0.002327,0.003449,0.2766,0.014155,-0.007819,-0.084853,0.9997,-0.014652,0.007666,0.086311,0.9992,0.39115,0.040437,-0.071454,0.9637,0.237254,-0.158099,0.199561,0.4364,0.771767,-0.026861,-0.036876,0.9829,0.622237,-0.09519,0.245956,0.6434,0.816409,-0.040441,-0.038751,0.9609,0.75265,-0.082372,0.256582,0.5927,0.867452,0.009241,-0.122425,0.9736,0.816898,-0.012781,0.189193,0.7542
325,10833,0.550153,0.582667,1.7e-05,-0.683334,0.023632,-0.17867,0.9998,-0.686437,-0.001503,-0.199364,0.9997,-0.686975,-0.001903,-0.198604,0.9998,-0.687419,-0.001806,-0.198726,0.9997,-0.686392,-0.006319,-0.168292,0.9995,-0.687485,-0.006702,-0.16931,0.9995,-0.688888,-0.006621,-0.167917,0.9996,-0.599651,-0.034744,-0.242481,0.9997,-0.61024,-0.048812,-0.114644,0.9995,-0.642027,0.023835,-0.192585,0.9998,-0.643968,0.019837,-0.155123,0.9997,-0.408596,0.003273,-0.283248,1.0,-0.469736,-0.0193,-0.013705,0.9998,-0.142672,0.067234,-0.31995,0.9754,-0.082328,-0.032603,-0.164084,0.1832,0.080198,0.087522,-0.33208,0.9695,0.024505,0.013539,-0.026708,0.291,0.149852,0.084228,-0.361468,0.9512,0.068188,-0.020509,0.041108,0.2823,0.166143,0.096988,-0.359362,0.9495,0.069759,-0.012045,0.01844,0.287,0.106294,0.092308,-0.330291,0.922,0.030742,-0.002327,0.003449,0.2746,0.014527,-0.008376,-0.085192,0.9997,-0.015022,0.008224,0.08665,0.9992,0.391443,0.039792,-0.069699,0.9633,0.236894,-0.157801,0.199498,0.4385,0.772745,-0.023735,-0.034687,0.9834,0.622602,-0.092611,0.246857,0.6454,0.817479,-0.036583,-0.036738,0.9607,0.754646,-0.079141,0.257997,0.5899,0.866869,0.014577,-0.121706,0.9743,0.818038,-0.008466,0.190847,0.7561
326,10866,0.549698,0.582645,1.4e-05,-0.680927,0.024769,-0.18481,0.9998,-0.684247,-0.000715,-0.20536,0.9997,-0.68479,-0.001117,-0.204605,0.9998,-0.685242,-0.00102,-0.204722,0.9998,-0.684362,-0.005256,-0.174239,0.9995,-0.685452,-0.005637,-0.175251,0.9995,-0.686865,-0.005555,-0.173845,0.9996,-0.597533,-0.034982,-0.24727,0.9997,-0.608742,-0.047475,-0.119211,0.9995,-0.639761,0.024604,-0.198271,0.9998,-0.641913,0.021078,-0.160705,0.9997,-0.40639,0.002768,-0.286714,1.0,-0.46871,-0.018082,-0.016609,0.9998,-0.140419,0.066828,-0.322431,0.9767,-0.082328,-0.032603,-0.164084,0.178,0.082977,0.087256,-0.333167,0.9703,0.024505,0.013539,-0.026708,0.2835,0.152888,0.083819,-0.362266,0.9523,0.068188,-0.020509,0.041108,0.2754,0.16954,0.096855,-0.360235,0.9506,0.069759,-0.012045,0.01844,0.2802,0.109038,0.092099,-0.331345,0.9233,0.030742,-0.002327,0.003449,0.2687,0.014866,-0.008958,-0.085372,0.9997,-0.015361,0.008804,0.086837,0.9992,0.391623,0.039006,-0.068233,0.9617,0.236514,-0.15748,0.199395,0.4374,0.773913,-0.020895,-0.033399,0.9835,0.62222,-0.090356,0.246996,0.6421,0.818824,-0.033107,-0.035748,0.9599,0.756474,-0.076154,0.258592,0.5847,0.866463,0.019117,-0.1224,0.9744,0.819017,-0.004777,0.191143,0.7533
327,10900,0.550659,0.582623,1.6e-05,-0.677943,0.025779,-0.190281,0.9998,-0.681721,5e-05,-0.210743,0.9997,-0.682272,-0.000354,-0.209994,0.9998,-0.682732,-0.000255,-0.210105,0.9998,-0.682031,-0.004183,-0.179567,0.9995,-0.683119,-0.004562,-0.180571,0.9996,-0.684543,-0.004478,-0.179155,0.9996,-0.595472,-0.035498,-0.251678,0.9997,-0.607245,-0.046127,-0.123369,0.9995,-0.637042,0.024947,-0.203379,0.9998,-0.639451,0.022029,-0.16568,0.9997,-0.404235,0.002065,-0.290152,1.0,-0.467674,-0.016873,-0.019311,0.9998,-0.138283,0.066458,-0.324615,0.9774,-0.082328,-0.032603,-0.164084,0.1749,0.085684,0.087015,-0.333306,0.971,0.024505,0.013539,-0.026708,0.2779,0.155835,0.0834,-0.362026,0.9531,0.068188,-0.020509,0.041108,0.2693,0.172798,0.096755,-0.360064,0.9514,0.069759,-0.012045,0.01844,0.2738,0.111759,0.09192,-0.331475,0.9244,0.030742,-0.002327,0.003449,0.263,0.015204,-0.009635,-0.085306,0.9997,-0.015699,0.00947,0.086789,0.9992,0.39153,0.037892,-0.066905,0.9578,0.236055,-0.157089,0.19921,0.4339,0.774994,-0.01793,-0.032268,0.9828,0.621168,-0.088115,0.246929,0.635,0.820219,-0.029473,-0.034858,0.9581,0.758253,-0.073024,0.259087,0.5777,0.865924,0.02351,-0.123162,0.9737,0.819688,-0.001161,0.191345,0.7471
328,10933,0.551801,0.582595,-1.2e-05,-0.676535,0.028427,-0.1937,0.9998,-0.680555,0.002389,-0.214304,0.9997,-0.68111,0.001979,-0.213564,0.9998,-0.681573,0.002076,-0.213674,0.9998,-0.681041,-0.001604,-0.182728,0.9996,-0.682133,-0.001986,-0.183725,0.9996,-0.683562,-0.001899,-0.182307,0.9996,-0.594462,-0.035071,-0.254783,0.9997,-0.6068,-0.044471,-0.125193,0.9995,-0.635732,0.026795,-0.206767,0.9998,-0.638367,0.024242,-0.168538,0.9997,-0.403046,0.001578,-0.292637,1.0,-0.467416,-0.015664,-0.020811,0.9998,-0.136994,0.066193,-0.326179,0.9785,-0.082328,-0.032603,-0.164084,0.1678,0.087776,0.086781,-0.333383,0.9722,0.024505,0.013539,-0.026708,0.2665,0.157956,0.082974,-0.361844,0.9547,0.068188,-0.020509,0.041108,0.2597,0.175103,0.096525,-0.359947,0.9529,0.069759,-0.012045,0.01844,0.2642,0.113729,0.091692,-0.331557,0.9265,0.030742,-0.002327,0.003449,0.2545,0.015447,-0.010143,-0.085182,0.9996,-0.015943,0.00997,0.086675,0.9991,0.392158,0.036487,-0.063926,0.9573,0.2357,-0.156787,0.199051,0.4426,0.77605,-0.015906,-0.02681,0.9827,0.621962,-0.086153,0.246345,0.6393,0.821448,-0.026903,-0.029352,0.9584,0.759948,-0.070584,0.25872,0.5774,0.866265,0.026035,-0.118254,0.9735,0.820748,0.001594,0.1902,0.75
329,10966,0.552001,0.582561,-8e-06,-0.675243,0.030997,-0.196762,0.9998,-0.679531,0.004792,-0.217453,0.9998,-0.68009,0.004377,-0.216721,0.9998,-0.680558,0.004473,-0.216834,0.9998,-0.680194,0.001069,-0.185534,0.9996,-0.681291,0.000683,-0.186522,0.9996,-0.682725,0.000773,-0.185103,0.9996,-0.593675,-0.034252,-0.257296,0.9998,-0.606604,-0.042389,-0.126644,0.9996,-0.634553,0.028683,-0.209729,0.9998,-0.637426,0.026486,-0.171039,0.9998,-0.402291,0.001451,-0.294625,1.0,-0.467278,-0.014076,-0.021548,0.9998,-0.13585,0.066056,-0.327492,0.9799,-0.082328,-0.032603,-0.164084,0.1647,0.089929,0.086596,-0.333455,0.974,0.024505,0.013539,-0.026708,0.2609,0.159961,0.082562,-0.361682,0.9573,0.068188,-0.020509,0.041108,0.2546,0.177279,0.09632,-0.35985,0.9556,0.069759,-0.012045,0.01844,0.2591,0.115656,0.09149,-0.33164,0.9303,0.030742,-0.002327,0.003449,0.25,0.015656,-0.010725,-0.084949,0.9996,-0.016152,0.010543,0.086451,0.9992,0.392942,0.03505,-0.06126,0.9573,0.235322,-0.156449,0.198855,0.4521,0.777255,-0.013972,-0.022294,0.9828,0.623302,-0.083827,0.24261,0.6454,0.822784,-0.024454,-0.024858,0.9581,0.761772,-0.067819,0.254608,0.5795,0.866963,0.028283,-0.114346,0.9736,0.821908,0.004443,0.183807,0.755
330,11000,0.552138,0.582616,-5.5e-05,-0.674576,0.033086,-0.199836,0.9998,-0.678867,0.006702,-0.220496,0.9998,-0.679428,0.006283,-0.219764,0.9998,-0.679901,0.006381,-0.219882,0.9998,-0.679672,0.003226,-0.188247,0.9996,-0.680776,0.002838,-0.189233,0.9996,-0.682215,0.002929,-0.187808,0.9997,-0.593046,-0.03359,-0.259783,0.9998,-0.606447,-0.040668,-0.127939,0.9996,-0.633881,0.030277,-0.212704,0.9998,-0.636951,0.028395,-0.173596,0.9998,-0.401603,0.001382,-0.296334,1.0,-0.467165,-0.012775,-0.022298,0.9998,-0.134878,0.066005,-0.329282,0.9813,-0.082328,-0.032603,-0.164084,0.1587,0.091687,0.086374,-0.335422,0.9757,0.024505,0.013539,-0.026708,0.2546,0.161572,0.082006,-0.363684,0.9598,0.068188,-0.020509,0.041108,0.2496,0.179219,0.095874,-0.361887,0.9581,0.069759,-0.012045,0.01844,0.2546,0.117228,0.091211,-0.333611,0.9337,0.030742,-0.002327,0.003449,0.2466,0.015827,-0.011273,-0.084423,0.9996,-0.016324,0.011087,0.085927,0.9992,0.393542,0.032748,-0.05733,0.9552,0.234913,-0.156091,0.198583,0.4558,0.778151,-0.013247,-0.015852,0.9818,0.623698,-0.08212,0.238902,0.6452,0.82402,-0.023281,-0.018434,0.9545,0.763843,-0.065532,0.250711,0.5746,0.867618,0.029042,-0.108511,0.9724,0.82335,0.006455,0.177762,0.7563
331,11033,0.551669,0.582619,-5.8e-05,-0.674106,0.035507,-0.203458,0.9999,-0.678316,0.008906,-0.224071,0.9998,-0.678879,0.008487,-0.223334,0.9998,-0.679357,0.008589,-0.223457,0.9998,-0.679242,0.005689,-0.19143,0.9996,-0.680351,0.005306,-0.192431,0.9997,-0.681793,0.005398,-0.191,0.9997,-0.592388,-0.032537,-0.262944,0.9998,-0.606089,-0.038619,-0.129554,0.9996,-0.633348,0.032293,-0.216297,0.9998,-0.63657,0.030712,-0.176723,0.9998,-0.400603,0.001458,-0.298748,1.0,-0.466915,-0.011197,-0.023556,0.9998,-0.133487,0.065984,-0.333429,0.9825,-0.082328,-0.032603,-0.164084,0.1506,0.093403,0.086032,-0.341446,0.9768,0.024505,0.013539,-0.026708,0.244,0.163144,0.081229,-0.370061,0.9613,0.068188,-0.020509,0.041108,0.2405,0.181315,0.095183,-0.368215,0.9596,0.069759,-0.012045,0.01844,0.2462,0.118921,0.090808,-0.33955,0.9357,0.030742,-0.002327,0.003449,0.24,0.015987,-0.011762,-0.083982,0.9996,-0.016486,0.011575,0.085485,0.9992,0.394265,0.030872,-0.05439,0.9545,0.234548,-0.155771,0.198344,0.4441,0.778992,-0.013202,-0.011429,0.9812,0.62176,-0.081273,0.236492,0.6311,0.825094,-0.022939,-0.014042,0.9529,0.765672,-0.063792,0.248564,0.5619,0.868277,0.029497,-0.104494,0.9715,0.824692,0.00814,0.174082,0.7461
332,11066,0.556115,0.582667,-5.7e-05,-0.674428,0.038292,-0.205768,0.9999,-0.678585,0.011453,-0.226345,0.9998,-0.679145,0.011034,-0.225608,0.9998,-0.679627,0.011138,-0.225746,0.9998,-0.679656,0.008493,-0.193188,0.9996,-0.680771,0.008111,-0.194191,0.9997,-0.682211,0.008207,-0.192769,0.9997,-0.592428,-0.031549,-0.265208,0.9998,-0.606568,-0.036637,-0.129679,0.9996,-0.633561,0.034441,-0.218713,0.9998,-0.636939,0.03317,-0.178444,0.9998,-0.400475,0.001659,-0.30073,1.0,-0.467061,-0.009595,-0.023427,0.9998,-0.133478,0.066633,-0.336784,0.9833,-0.082328,-0.032603,-0.164084,0.1423,0.094241,0.085806,-0.345809,0.9779,0.024505,0.013539,-0.026708,0.2336,0.163874,0.080516,-0.37459,0.963,0.068188,-0.020509,0.041108,0.2314,0.182682,0.094571,-0.37272,0.9613,0.069759,-0.012045,0.01844,0.2368,0.119861,0.090486,-0.343877,0.9381,0.030742,-0.002327,0.003449,0.2314,0.016094,-0.012116,-0.083515,0.9996,-0.016594,0.011924,0.085017,0.9991,0.394172,0.028863,-0.050968,0.9487,0.234259,-0.155522,0.198129,0.4369,0.779053,-0.01344,-0.005398,0.9789,0.619823,-0.080681,0.235174,0.6173,0.825631,-0.02297,-0.007925,0.9508,0.767284,-0.062324,0.247617,0.5539,0.867699,0.028832,-0.098298,0.9687,0.825433,0.008946,0.172852,0.7361
333,11100,0.555853,0.582692,5e-06,-0.674212,0.040953,-0.207725,0.9999,-0.678534,0.013886,-0.228292,0.9998,-0.679094,0.01347,-0.227555,0.9998,-0.679576,0.013572,-0.227704,0.9998,-0.679723,0.011317,-0.194709,0.9996,-0.680842,0.010938,-0.195715,0.9997,-0.682278,0.011035,-0.194299,0.9997,-0.592429,-0.030674,-0.266887,0.9998,-0.607,-0.034357,-0.129759,0.9996,-0.633325,0.036405,-0.220844,0.9998,-0.636837,0.035561,-0.179957,0.9998,-0.400365,0.001756,-0.302401,1.0,-0.467193,-0.007938,-0.022924,0.9998,-0.133427,0.066944,-0.339536,0.9839,-0.082328,-0.032603,-0.164084,0.1363,0.094899,0.085605,-0.349185,0.9784,0.024505,0.013539,-0.026708,0.2268,0.164555,0.079904,-0.378115,0.9637,0.068188,-0.020509,0.041108,0.2262,0.183916,0.094144,-0.376225,0.962,0.069759,-0.012045,0.01844,0.2316,0.120712,0.090253,-0.347264,0.939,0.030742,-0.002327,0.003449,0.2268,0.016189,-0.012528,-0.083278,0.9996,-0.016689,0.012332,0.084779,0.9991,0.394493,0.027405,-0.05367,0.9491,0.234011,-0.155286,0.197977,0.4317,0.779207,-0.013713,-0.010846,0.9796,0.619809,-0.079784,0.23263,0.6155,0.825632,-0.023043,-0.013489,0.9518,0.768702,-0.060967,0.244773,0.5533,0.867197,0.028288,-0.104352,0.9696,0.826131,0.009717,0.169049,0.7357
334,11133,0.557142,0.582806,-1.2e-05,-0.674505,0.043216,-0.207906,0.9999,-0.678903,0.015918,-0.228646,0.9998,-0.679463,0.015503,-0.227912,0.9998,-0.679944,0.015603,-0.228071,0.9998,-0.680217,0.013632,-0.194603,0.9996,-0.681341,0.013255,-0.195605,0.9997,-0.682773,0.013353,-0.1942,0.9997,-0.592656,-0.029969,-0.267788,0.9998,-0.607744,-0.032655,-0.128706,0.9996,-0.63352,0.038082,-0.221366,0.9998,-0.637188,0.03754,-0.179806,0.9998,-0.400537,0.001716,-0.303682,1.0,-0.467365,-0.006592,-0.021835,0.9998,-0.133584,0.067216,-0.341733,0.9845,-0.082328,-0.032603,-0.164084,0.1304,0.095366,0.085433,-0.351402,0.9788,0.024505,0.013539,-0.026708,0.2182,0.165016,0.079356,-0.380708,0.9642,0.068188,-0.020509,0.041108,0.2185,0.184824,0.093746,-0.378549,0.9625,0.069759,-0.012045,0.01844,0.2237,0.121338,0.090048,-0.349457,0.9397,0.030742,-0.002327,0.003449,0.2196,0.01624,-0.012871,-0.083182,0.9996,-0.016741,0.012671,0.084684,0.9991,0.394553,0.025857,-0.055774,0.9477,0.233846,-0.155113,0.197888,0.4227,0.779121,-0.014923,-0.013739,0.979,0.618595,-0.079602,0.230389,0.6052,0.825637,-0.02417,-0.016284,0.9516,0.770227,-0.060117,0.242384,0.5459,0.866931,0.027207,-0.107751,0.9688,0.827199,0.010277,0.166013,0.7289
335,11166,0.556716,0.58276,-1.7e-05,-0.674744,0.046801,-0.207081,0.9999,-0.67925,0.019157,-0.227961,0.9998,-0.679809,0.01874,-0.227226,0.9998,-0.68029,0.018836,-0.227394,0.9998,-0.68069,0.017284,-0.193491,0.9996,-0.681819,0.016907,-0.194485,0.9997,-0.683245,0.017003,-0.193095,0.9997,-0.592959,-0.028888,-0.267345,0.9998,-0.608718,-0.030067,-0.126478,0.9996,-0.633699,0.040745,-0.220658,0.9998,-0.637525,0.040663,-0.178518,0.9998,-0.401288,0.001848,-0.304214,1.0,-0.467639,-0.004723,-0.019259,0.9998,-0.134063,0.067428,-0.343638,0.9855,-0.082328,-0.032603,-0.164084,0.1244,0.09589,0.085348,-0.353078,0.9799,0.024505,0.013539,-0.026708,0.2102,0.165445,0.078977,-0.383015,0.9658,0.068188,-0.020509,0.041108,0.2123,0.185614,0.09373,-0.380247,0.9641,0.069759,-0.012045,0.01844,0.2173,0.121862,0.089991,-0.35098,0.9419,0.030742,-0.002327,0.003449,0.2133,0.016235,-0.013209,-0.08335,0.9996,-0.016736,0.013004,0.084861,0.9991,0.395043,0.024823,-0.058905,0.9497,0.23378,-0.155001,0.197894,0.4166,0.779286,-0.016503,-0.01858,0.9797,0.618221,-0.07939,0.228411,0.5997,0.825647,-0.025805,-0.021093,0.9538,0.771957,-0.05935,0.240185,0.5437,0.867372,0.025924,-0.112881,0.9697,0.828787,0.01084,0.163252,0.7254
336,11200,0.556419,0.582765,-1.4e-05,-0.675346,0.050264,-0.204802,0.9999,-0.679989,0.022287,-0.225907,0.9998,-0.680546,0.021869,-0.225173,0.9998,-0.681025,0.021962,-0.225346,0.9998,-0.681494,0.020703,-0.190988,0.9996,-0.682628,0.020327,-0.191977,0.9997,-0.684049,0.020421,-0.190606,0.9997,-0.593668,-0.027859,-0.266094,0.9998,-0.609884,-0.027663,-0.123252,0.9996,-0.634221,0.043335,-0.218668,0.9998,-0.638151,0.04357,-0.17593,0.9998,-0.402143,0.001811,-0.304177,1.0,-0.467956,-0.002945,-0.01614,0.9998,-0.134559,0.067573,-0.344751,0.9858,-0.082328,-0.032603,-0.164084,0.1198,0.096065,0.085245,-0.353697,0.9797,0.024505,0.013539,-0.026708,0.2026,0.16576,0.078609,-0.384175,0.9654,0.068188,-0.020509,0.041108,0.2059,0.186156,0.093687,-0.380906,0.9637,0.069759,-0.012045,0.01844,0.2108,0.122293,0.089934,-0.351526,0.9412,0.030742,-0.002327,0.003449,0.2073,0.016225,-0.013533,-0.083635,0.9996,-0.016725,0.013323,0.085151,0.9991,0.395334,0.023987,-0.061692,0.9501,0.233747,-0.154912,0.197938,0.4134,0.779348,-0.018048,-0.022558,0.9798,0.618057,-0.079173,0.226115,0.5953,0.825658,-0.027457,-0.025007,0.9544,0.773702,-0.058622,0.237512,0.5401,0.86804,0.024562,-0.117026,0.9697,0.830393,0.011325,0.159879,0.722
337,11233,0.556464,0.581887,-7e-06,-0.67579,0.053246,-0.203084,0.9999,-0.680542,0.025107,-0.224285,0.9998,-0.681098,0.024688,-0.223551,0.9998,-0.681574,0.02478,-0.22373,0.9998,-0.682084,0.023806,-0.189004,0.9996,-0.683223,0.023433,-0.189997,0.9997,-0.684639,0.023527,-0.188637,0.9997,-0.594245,-0.026649,-0.265081,0.9998,-0.610791,-0.025148,-0.120779,0.9996,-0.634619,0.045624,-0.217045,0.9998,-0.638619,0.046178,-0.173838,0.9998,-0.40285,0.002053,-0.304139,1.0,-0.46822,-0.001406,-0.013681,0.9998,-0.134784,0.067967,-0.345603,0.9863,-0.082328,-0.032603,-0.164084,0.1145,0.096443,0.085407,-0.35465,0.98,0.024505,0.013539,-0.026708,0.1929,0.166139,0.078495,-0.385468,0.9658,0.068188,-0.020509,0.041108,0.1972,0.186663,0.093772,-0.381835,0.9641,0.069759,-0.012045,0.01844,0.2021,0.122732,0.090088,-0.352423,0.9417,0.030742,-0.002327,0.003449,0.1993,0.016197,-0.013801,-0.083924,0.9996,-0.016696,0.013589,0.085442,0.999,0.395767,0.024345,-0.063706,0.9505,0.233745,-0.154851,0.197994,0.4119,0.779445,-0.018507,-0.025803,0.9797,0.618745,-0.078481,0.223009,0.5962,0.825744,-0.028219,-0.028174,0.9553,0.7757,-0.057461,0.233753,0.5398,0.869066,0.023455,-0.119072,0.9696,0.832341,0.01273,0.154867,0.7209
338,11266,0.557222,0.581767,-7e-06,-0.676511,0.056088,-0.19861,0.9998,-0.681454,0.02794,-0.219968,0.9998,-0.682009,0.027519,-0.219236,0.9998,-0.682481,0.027614,-0.219417,0.9998,-0.683046,0.026711,-0.184376,0.9996,-0.684193,0.02634,-0.185361,0.9996,-0.685607,0.026439,-0.184015,0.9997,-0.595435,-0.0255,-0.261752,0.9998,-0.612325,-0.023339,-0.115994,0.9996,-0.635338,0.047656,-0.212866,0.9998,-0.639412,0.048317,-0.169247,0.9997,-0.404209,0.002244,-0.302346,1.0,-0.468658,-0.000387,-0.009159,0.9998,-0.135267,0.0683,-0.34459,0.9868,-0.082328,-0.032603,-0.164084,0.1116,0.096247,0.085646,-0.354412,0.9806,0.024505,0.013539,-0.026708,0.1867,0.165969,0.078492,-0.385654,0.9667,0.068188,-0.020509,0.041108,0.1919,0.18661,0.093906,-0.381507,0.965,0.069759,-0.012045,0.01844,0.1968,0.122525,0.090274,-0.352122,0.9428,0.030742,-0.002327,0.003449,0.194,0.016099,-0.013964,-0.084139,0.9995,-0.016595,0.013752,0.08566,0.999,0.396374,0.024589,-0.064601,0.9503,0.233808,-0.154846,0.198057,0.4131,0.779476,-0.018834,-0.026818,0.9789,0.618876,-0.078068,0.220389,0.5936,0.825881,-0.028775,-0.029044,0.955,0.777574,-0.056528,0.230606,0.537,0.870296,0.022593,-0.119127,0.9685,0.83433,0.013756,0.150694,0.7181
339,11300,0.557053,0.581607,-2e-06,-0.677156,0.059377,-0.194201,0.9999,-0.682399,0.031446,-0.215559,0.9998,-0.682953,0.031021,-0.21483,0.9998,-0.683422,0.031118,-0.215011,0.9998,-0.68404,0.030433,-0.179877,0.9996,-0.685195,0.030064,-0.180856,0.9997,-0.686606,0.030167,-0.179522,0.9997,-0.596741,-0.023703,-0.25738,0.9998,-0.613955,-0.02046,-0.111347,0.9996,-0.636036,0.050018,-0.208438,0.9998,-0.640188,0.050924,-0.164739,0.9998,-0.405773,0.002613,-0.299458,1.0,-0.46915,0.000758,-0.004325,0.9998,-0.135636,0.068224,-0.342384,0.9875,-0.082328,-0.032603,-0.164084,0.113,0.096082,0.085932,-0.353301,0.9814,0.024505,0.013539,-0.026708,0.1866,0.16576,0.078741,-0.384809,0.968,0.068188,-0.020509,0.041108,0.1932,0.186248,0.094395,-0.380351,0.9663,0.069759,-0.012045,0.01844,0.1981,0.122202,0.090542,-0.350981,0.9448,0.030742,-0.002327,0.003449,0.1946,0.015974,-0.014142,-0.084392,0.9996,-0.016466,0.01393,0.085915,0.999,0.397381,0.025937,-0.066908,0.9522,0.233894,-0.15485,0.198136,0.414,0.780047,-0.018413,-0.030728,0.9796,0.619518,-0.077475,0.217824,0.5948,0.826277,-0.028599,-0.032929,0.9566,0.779143,-0.055567,0.227415,0.5399,0.872427,0.022349,-0.122398,0.9696,0.836244,0.014589,0.146737,0.7193
340,11333,0.557605,0.58157,0.0,-0.677737,0.06232,-0.189456,0.9998,-0.683278,0.034652,-0.210855,0.9998,-0.683831,0.034227,-0.210129,0.9998,-0.684295,0.034324,-0.21031,0.9998,-0.684948,0.033762,-0.175155,0.9996,-0.68611,0.033394,-0.176125,0.9996,-0.687518,0.033501,-0.174807,0.9997,-0.598161,-0.022012,-0.252961,0.9998,-0.615586,-0.018016,-0.106875,0.9996,-0.63667,0.052127,-0.203766,0.9998,-0.640885,0.053212,-0.160071,0.9997,-0.407403,0.002824,-0.296405,1.0,-0.469681,0.0017,3.2e-05,0.9998,-0.136006,0.067999,-0.339974,0.9875,-0.082328,-0.032603,-0.164084,0.1165,0.095485,0.08618,-0.351924,0.9811,0.024505,0.013539,-0.026708,0.1881,0.165272,0.078986,-0.383643,0.9678,0.068188,-0.020509,0.041108,0.1947,0.18533,0.094843,-0.378954,0.966,0.069759,-0.012045,0.01844,0.1997,0.12155,0.090792,-0.349615,0.9442,0.030742,-0.002327,0.003449,0.1955,0.015823,-0.014314,-0.084625,0.9996,-0.016307,0.014102,0.08615,0.999,0.398132,0.027488,-0.069433,0.9534,0.233998,-0.154863,0.198216,0.4172,0.780106,-0.017772,-0.034417,0.98,0.620698,-0.076724,0.214457,0.5993,0.826182,-0.028195,-0.03658,0.9578,0.780673,-0.054542,0.223171,0.5436,0.874334,0.022307,-0.125579,0.9703,0.838092,0.015432,0.141373,0.723
341,11366,0.557646,0.581592,-1.7e-05,-0.677419,0.064804,-0.186911,0.9998,-0.683546,0.037413,-0.207696,0.9998,-0.684099,0.036988,-0.206972,0.9998,-0.684554,0.037087,-0.207159,0.9998,-0.685194,0.036772,-0.172557,0.9996,-0.686358,0.036408,-0.173542,0.9997,-0.68777,0.036516,-0.172235,0.9997,-0.599393,-0.020426,-0.249449,0.9998,-0.617011,-0.014823,-0.104131,0.9996,-0.636554,0.053961,-0.200305,0.9998,-0.640771,0.055193,-0.157508,0.9997,-0.408725,0.003093,-0.293807,1.0,-0.47028,0.001798,0.003651,0.9998,-0.135905,0.067551,-0.337937,0.9878,-0.082328,-0.032603,-0.164084,0.1201,0.095124,0.086374,-0.351032,0.9815,0.024505,0.013539,-0.026708,0.1898,0.164832,0.07921,-0.382799,0.9684,0.068188,-0.020509,0.041108,0.1975,0.184399,0.095224,-0.378091,0.9667,0.069759,-0.012045,0.01844,0.203,0.120974,0.090998,-0.348776,0.9452,0.030742,-0.002327,0.003449,0.1984,0.015696,-0.014466,-0.08481,0.9996,-0.016173,0.014254,0.086331,0.9991,0.398631,0.029249,-0.072152,0.9536,0.234079,-0.154868,0.198278,0.412,0.780073,-0.016687,-0.037846,0.9799,0.620325,-0.076172,0.211269,0.5952,0.826104,-0.027435,-0.039907,0.9581,0.78167,-0.053527,0.21917,0.5414,0.876392,0.022192,-0.128043,0.9706,0.839437,0.016137,0.136559,0.7202
342,11400,0.557437,0.581548,-1.2e-05,-0.677143,0.067205,-0.18368,0.9998,-0.683784,0.040045,-0.204246,0.9998,-0.684337,0.039622,-0.203525,0.9998,-0.684783,0.039722,-0.203715,0.9998,-0.685411,0.039591,-0.169332,0.9996,-0.686577,0.03923,-0.170321,0.9996,-0.687991,0.039339,-0.169027,0.9997,-0.600513,-0.018921,-0.245835,0.9998,-0.61826,-0.0122,-0.100975,0.9996,-0.636455,0.055722,-0.196734,0.9998,-0.640671,0.057093,-0.15431,0.9997,-0.409971,0.003325,-0.291269,1.0,-0.470784,0.002172,0.007153,0.9998,-0.135784,0.066918,-0.335969,0.988,-0.082328,-0.032603,-0.164084,0.119,0.094776,0.086539,-0.34998,0.9814,0.024505,0.013539,-0.026708,0.1873,0.164507,0.079447,-0.381821,0.9682,0.068188,-0.020509,0.041108,0.1956,0.183583,0.095627,-0.377018,0.9665,0.069759,-0.012045,0.01844,0.2011,0.120497,0.091199,-0.347749,0.9448,0.030742,-0.002327,0.003449,0.1961,0.015533,-0.014603,-0.085026,0.9996,-0.015999,0.014392,0.086543,0.9991,0.398997,0.031359,-0.075585,0.9548,0.234199,-0.154897,0.198358,0.4109,0.7798,-0.015703,-0.042439,0.9803,0.620737,-0.075461,0.208222,0.5959,0.82569,-0.026741,-0.044416,0.9592,0.782714,-0.052478,0.215249,0.5433,0.878149,0.022095,-0.131588,0.9711,0.840849,0.0169,0.132126,0.7199
343,11433,0.557915,0.58162,-2.1e-05,-0.677122,0.069144,-0.18115,0.9998,-0.68416,0.042059,-0.201725,0.9998,-0.684712,0.041637,-0.201004,0.9998,-0.685154,0.041737,-0.201195,0.9998,-0.685813,0.041707,-0.166811,0.9996,-0.686982,0.041348,-0.167797,0.9996,-0.688395,0.041458,-0.166512,0.9997,-0.601566,-0.017789,-0.243318,0.9998,-0.619603,-0.010473,-0.098459,0.9995,-0.636561,0.057124,-0.194166,0.9998,-0.640832,0.058566,-0.151757,0.9997,-0.411254,0.003347,-0.289433,1.0,-0.47132,0.00246,0.009854,0.9998,-0.13613,0.0662,-0.334378,0.9881,-0.082328,-0.032603,-0.164084,0.1159,0.094398,0.086627,-0.347932,0.9814,0.024505,0.013539,-0.026708,0.1835,0.164141,0.079603,-0.379894,0.9682,0.068188,-0.020509,0.041108,0.1923,0.182849,0.095922,-0.374832,0.9664,0.069759,-0.012045,0.01844,0.1974,0.119995,0.091326,-0.345694,0.9447,0.030742,-0.002327,0.003449,0.1928,0.015397,-0.014688,-0.085288,0.9996,-0.015855,0.014476,0.086804,0.9991,0.399102,0.032679,-0.07719,0.9544,0.234326,-0.154946,0.198455,0.4057,0.779422,-0.015423,-0.04392,0.9802,0.619975,-0.075299,0.20746,0.59,0.825244,-0.026588,-0.045851,0.9599,0.783263,-0.051878,0.214184,0.5424,0.878973,0.021959,-0.132865,0.9708,0.841443,0.017274,0.131709,0.7168
344,11466,0.557848,0.581685,-2.9e-05,-0.67699,0.071312,-0.178338,0.9998,-0.684433,0.044214,-0.198997,0.9997,-0.684984,0.043794,-0.198276,0.9998,-0.685423,0.043893,-0.198465,0.9998,-0.686128,0.043941,-0.164027,0.9996,-0.6873,0.043584,-0.165004,0.9996,-0.688711,0.043693,-0.163733,0.9996,-0.602531,-0.016679,-0.240691,0.9997,-0.620859,-0.008946,-0.09568,0.9995,-0.636593,0.058732,-0.191396,0.9997,-0.640935,0.060235,-0.148903,0.9997,-0.412564,0.003459,-0.287669,1.0,-0.471895,0.002906,0.01267,0.9998,-0.136831,0.065807,-0.332846,0.988,-0.082328,-0.032603,-0.164084,0.1119,0.09394,0.086856,-0.345526,0.981,0.024505,0.013539,-0.026708,0.1775,0.163826,0.07983,-0.377623,0.9676,0.068188,-0.020509,0.041108,0.1869,0.18226,0.096332,-0.372325,0.9658,0.069759,-0.012045,0.01844,0.1916,0.119551,0.091608,-0.343305,0.9438,0.030742,-0.002327,0.003449,0.1876,0.015241,-0.014725,-0.085628,0.9996,-0.01569,0.014513,0.087145,0.9991,0.399159,0.033868,-0.078792,0.9545,0.2345,-0.155034,0.198587,0.3993,0.779008,-0.015276,-0.045667,0.9802,0.619242,-0.075166,0.206711,0.5838,0.824736,-0.026562,-0.047575,0.9606,0.783873,-0.051282,0.213117,0.5404,0.879666,0.021804,-0.134316,0.9708,0.84204,0.017678,0.131221,0.7116
345,11500,0.559258,0.581826,-1.9e-05,-0.67691,0.073096,-0.174996,0.9998,-0.684754,0.045996,-0.195788,0.9997,-0.685306,0.045577,-0.195068,0.9998,-0.685743,0.045676,-0.195258,0.9998,-0.686515,0.045786,-0.160702,0.9995,-0.687691,0.045429,-0.16166,0.9996,-0.6891,0.045539,-0.160408,0.9996,-0.60373,-0.015888,-0.237762,0.9997,-0.622519,-0.007849,-0.092339,0.9994,-0.636682,0.060053,-0.1882,0.9997,-0.641119,0.061606,-0.145511,0.9997,-0.414244,0.003348,-0.285543,1.0,-0.472706,0.003259,0.015862,0.9998,-0.138063,0.065488,-0.330965,0.9881,-0.082328,-0.032603,-0.164084,0.1107,0.093031,0.087068,-0.342445,0.981,0.024505,0.013539,-0.026708,0.1741,0.163153,0.080014,-0.374716,0.9675,0.068188,-0.020509,0.041108,0.1831,0.181417,0.096675,-0.369057,0.9656,0.069759,-0.012045,0.01844,0.1875,0.118662,0.091852,-0.340212,0.9435,0.030742,-0.002327,0.003449,0.1838,0.015024,-0.014795,-0.085877,0.9996,-0.015468,0.014579,0.087399,0.999,0.39908,0.034722,-0.07925,0.9536,0.234684,-0.155115,0.198701,0.3987,0.778493,-0.015195,-0.045403,0.9795,0.618775,-0.075017,0.206037,0.5794,0.824255,-0.026563,-0.047323,0.9602,0.784403,-0.050756,0.212133,0.5396,0.880122,0.021579,-0.134252,0.9699,0.842507,0.0179,0.130663,0.7087
346,11533,0.559757,0.581379,-2.8e-05,-0.676807,0.075192,-0.17193,0.9998,-0.685045,0.04814,-0.192841,0.9997,-0.685598,0.047722,-0.192121,0.9998,-0.686033,0.047818,-0.19231,0.9998,-0.686875,0.04801,-0.157661,0.9995,-0.688055,0.047652,-0.158605,0.9996,-0.689461,0.047761,-0.157368,0.9996,-0.604861,-0.014896,-0.234962,0.9997,-0.624169,-0.006578,-0.089274,0.9994,-0.636754,0.061593,-0.18523,0.9997,-0.641291,0.063238,-0.142393,0.9997,-0.415891,0.003338,-0.283616,1.0,-0.473957,0.003913,0.018981,0.9998,-0.139447,0.065232,-0.329265,0.9884,-0.082328,-0.032603,-0.164084,0.1085,0.092302,0.087374,-0.339782,0.9815,0.024505,0.013539,-0.026708,0.1704,0.162532,0.08032,-0.372186,0.9682,0.068188,-0.020509,0.041108,0.18,0.180638,0.097179,-0.366253,0.9664,0.069759,-0.012045,0.01844,0.1842,0.117837,0.092198,-0.337526,0.9447,0.030742,-0.002327,0.003449,0.1808,0.014812,-0.014859,-0.086126,0.9996,-0.015251,0.01464,0.087651,0.9991,0.399309,0.035553,-0.079664,0.9549,0.234867,-0.155196,0.198813,0.4052,0.778226,-0.015145,-0.045111,0.98,0.61984,-0.074533,0.205381,0.5847,0.823806,-0.026563,-0.047045,0.9616,0.78505,-0.050173,0.211124,0.5445,0.880595,0.021366,-0.133943,0.9706,0.843218,0.018189,0.130071,0.7118
347,11566,0.559255,0.581677,-2.7e-05,-0.676033,0.076898,-0.170117,0.9998,-0.684749,0.049885,-0.191269,0.9997,-0.685301,0.049468,-0.190557,0.9998,-0.685739,0.049562,-0.190736,0.9997,-0.686644,0.049817,-0.156019,0.9995,-0.687825,0.049459,-0.156947,0.9996,-0.68923,0.049567,-0.155723,0.9996,-0.605583,-0.014144,-0.233615,0.9997,-0.625352,-0.00565,-0.087721,0.9994,-0.63621,0.062859,-0.183491,0.9997,-0.640843,0.064583,-0.140518,0.9997,-0.41669,0.003094,-0.282163,1.0,-0.474799,0.004348,0.020563,0.9998,-0.140259,0.064979,-0.327821,0.9883,-0.082328,-0.032603,-0.164084,0.1087,0.091715,0.087632,-0.336799,0.9814,0.024505,0.013539,-0.026708,0.1701,0.162205,0.080596,-0.369061,0.968,0.068188,-0.020509,0.041108,0.1796,0.180197,0.097612,-0.363112,0.9661,0.069759,-0.012045,0.01844,0.1836,0.117277,0.092499,-0.334568,0.9444,0.030742,-0.002327,0.003449,0.1806,0.014642,-0.014929,-0.086029,0.9996,-0.015075,0.014708,0.08756,0.999,0.398877,0.035819,-0.079457,0.9514,0.234945,-0.155212,0.198814,0.4031,0.777841,-0.014704,-0.044343,0.9785,0.61874,-0.0744,0.204576,0.5774,0.823652,-0.026,-0.046328,0.9585,0.785101,-0.049608,0.21002,0.5384,0.88086,0.02134,-0.133607,0.9683,0.842706,0.018391,0.129097,0.7063
