frame_idx,timestamp_ms,processing_time_s,frame_state,pose_detected,pose_usable,quality_reason,quality_score,pose_visibility_mean,pose_visibility_min,pose_low_visibility_count,visible_joint_ratio,motion_jump,bbox_area_ratio,consistency_score,mean_abs_normalized_deviation,bone_variance_mean,bone_stddev_mean,pose_coverage,detected_pose_coverage,usable_pose_coverage,source_name,stable_frame_used,correction_metadata,Length_UpperArm_L,Normalized_UpperArm_L,Variance_UpperArm_L,StdDev_UpperArm_L,Length_LowerArm_L,Normalized_LowerArm_L,Variance_LowerArm_L,StdDev_LowerArm_L,Length_UpperArm_R,Normalized_UpperArm_R,Variance_UpperArm_R,StdDev_UpperArm_R,Length_LowerArm_R,Normalized_LowerArm_R,Variance_LowerArm_R,StdDev_LowerArm_R,Length_UpperLeg_L,Normalized_UpperLeg_L,Variance_UpperLeg_L,StdDev_UpperLeg_L,Length_LowerLeg_L,Normalized_LowerLeg_L,Variance_LowerLeg_L,StdDev_LowerLeg_L,Length_UpperLeg_R,Normalized_UpperLeg_R,Variance_UpperLeg_R,StdDev_UpperLeg_R,Length_LowerLeg_R,Normalized_LowerLeg_R,Variance_LowerLeg_R,StdDev_LowerLeg_R,Length_Shoulder,Normalized_Shoulder,Variance_Shoulder,StdDev_Shoulder,Length_Hip,Normalized_Hip,Variance_Hip,StdDev_Hip,Reference_Length_UpperArm_L,Reference_Length_LowerArm_L,Reference_Length_UpperArm_R,Reference_Length_LowerArm_R,Reference_Length_UpperLeg_L,Reference_Length_LowerLeg_L,Reference_Length_UpperLeg_R,Reference_Length_LowerLeg_R,Reference_Length_Shoulder,Reference_Length_Hip
0,0,0.470019,tracking_loss,0,0,tracking_loss,0.0,0.0,0.0,0,0.0,0.0,0.0,0.0,0.0,0.0,0.0,0.0,0.0,0.0,,False,{},0.0,0.0,0.0,0.0,0.0,0.0,0.0,0.0,0.0,0.0,0.0,0.0,0.0,0.0,0.0,0.0,0.0,0.0,0.0,0.0,0.0,0.0,0.0,0.0,0.0,0.0,0.0,0.0,0.0,0.0,0.0,0.0,0.0,0.0,0.0,0.0,0.0,0.0,0.0,0.0,0.0,0.0,0.0,0.0,0.0,0.0,0.0,0.0,0.0,0.0
1,33,0.472211,tracking_loss,0,0,tracking_loss,0.0,0.0,0.0,0,0.0,0.0,0.0,0.0,0.0,0.0,0.0,0.0,0.0,0.0,,False,{},0.0,0.0,0.0,0.0,0.0,0.0,0.0,0.0,0.0,0.0,0.0,0.0,0.0,0.0,0.0,0.0,0.0,0.0,0.0,0.0,0.0,0.0,0.0,0.0,0.0,0.0,0.0,0.0,0.0,0.0,0.0,0.0,0.0,0.0,0.0,0.0,0.0,0.0,0.0,0.0,0.0,0.0,0.0,0.0,0.0,0.0,0.0,0.0,0.0,0.0
2,66,0.474324,tracking_loss,0,0,tracking_loss,0.0,0.0,0.0,0,0.0,0.0,0.0,0.0,0.0,0.0,0.0,0.0,0.0,0.0,,False,{},0.0,0.0,0.0,0.0,0.0,0.0,0.0,0.0,0.0,0.0,0.0,0.0,0.0,0.0,0.0,0.0,0.0,0.0,0.0,0.0,0.0,0.0,0.0,0.0,0.0,0.0,0.0,0.0,0.0,0.0,0.0,0.0,0.0,0.0,0.0,0.0,0.0,0.0,0.0,0.0,0.0,0.0,0.0,0.0,0.0,0.0,0.0,0.0,0.0,0.0
3,100,0.476372,tracking_loss,0,0,tracking_loss,0.0,0.0,0.0,0,0.0,0.0,0.0,0.0,0.0,0.0,0.0,0.0,0.0,0.0,,False,{},0.0,0.0,0.0,0.0,0.0,0.0,0.0,0.0,0.0,0.0,0.0,0.0,0.0,0.0,0.0,0.0,0.0,0.0,0.0,0.0,0.0,0.0,0.0,0.0,0.0,0.0,0.0,0.0,0.0,0.0,0.0,0.0,0.0,0.0,0.0,0.0,0.0,0.0,0.0,0.0,0.0,0.0,0.0,0.0,0.0,0.0,0.0,0.0,0.0,0.0
4,133,0.478332,tracking_loss,0,0,tracking_loss,0.0,0.0,0.0,0,0.0,0.0,0.0,0.0,0.0,0.0,0.0,0.0,0.0,0.0,,False,{},0.0,0.0,0.0,0.0,0.0,0.0,0.0,0.0,0.0,0.0,0.0,0.0,0.0,0.0,0.0,0.0,0.0,0.0,0.0,0.0,0.0,0.0,0.0,0.0,0.0,0.0,0.0,0.0,0.0,0.0,0.0,0.0,0.0,0.0,0.0,0.0,0.0,0.0,0.0,0.0,0.0,0.0,0.0,0.0,0.0,0.0,0.0,0.0,0.0,0.0
5,166,0.48043,tracking_loss,0,0,tracking_loss,0.0,0.0,0.0,0,0.0,0.0,0.0,0.0,0.0,0.0,0.0,0.0,0.0,0.0,,False,{},0.0,0.0,0.0,0.0,0.0,0.0,0.0,0.0,0.0,0.0,0.0,0.0,0.0,0.0,0.0,0.0,0.0,0.0,0.0,0.0,0.0,0.0,0.0,0.0,0.0,0.0,0.0,0.0,0.0,0.0,0.0,0.0,0.0,0.0,0.0,0.0,0.0,0.0,0.0,0.0,0.0,0.0,0.0,0.0,0.0,0.0,0.0,0.0,0.0,0.0
6,200,0.5457,detected,1,0,partial_pose,0.5897,0.6506,0.0284,10,0.697,0.0,0.0017,1.0,0.0,0.0,0.0,0.1429,0.1429,0.0,world,False,"{""0"": ""raw_mediapipe"", ""1"": ""raw_mediapipe"", ""2"": ""raw_mediapipe"", ""3"": ""raw_mediapipe"", ""4"": ""raw_mediapipe"", ""5"": ""raw_mediapipe"", ""6"": ""raw_mediapipe"", ""7"": ""raw_mediapipe"", ""8"": ""raw_mediapipe"", ""9"": ""raw_mediapipe"", ""10"": ""raw_mediapipe"", ""11"": ""raw_mediapipe"", ""12"": ""raw_mediapipe"", ""13"": ""raw_mediapipe"", ""14"": ""raw_mediapipe"", ""15"": ""raw_mediapipe"", ""16"": ""raw_mediapipe"", ""17"": ""raw_mediapipe"", ""18"": ""raw_mediapipe"", ""19"": ""raw_mediapipe"", ""20"": ""raw_mediapipe"", ""21"": ""raw_mediapipe"", ""22"": ""raw_mediapipe"", ""23"": ""raw_mediapipe"", ""24"": ""raw_mediapipe"", ""25"": ""raw_mediapipe"", ""26"": ""raw_mediapipe"", ""27"": ""raw_mediapipe"", ""28"": ""raw_mediapipe"", ""29"": ""raw_mediapipe"", ""30"": ""raw_mediapipe"", ""31"": ""raw_mediapipe"", ""32"": ""raw_mediapipe""}",0.0,0.0,0.0,0.0,0.0,0.0,0.0,0.0,0.0,0.0,0.0,0.0,0.0,0.0,0.0,0.0,0.3437,0.0,0.0,0.0,0.3232,0.0,0.0,0.0,0.4121,0.0,0.0,0.0,0.3148,0.0,0.0,0.0,0.0,0.0,0.0,0.0,0.0,0.0,0.0,0.0,0.0,0.0,0.0,0.0,0.0,0.0,0.0,0.0,0.0,0.0
7,233,0.597969,detected,1,0,low_confidence,0.4366,0.6398,0.0557,10,0.697,1.6867,0.0021,1.0,0.0,0.0,0.0,0.25,0.25,0.0,world,False,"{""0"": ""raw_mediapipe"", ""1"": ""raw_mediapipe"", ""2"": ""raw_mediapipe"", ""3"": ""raw_mediapipe"", ""4"": ""raw_mediapipe"", ""5"": ""raw_mediapipe"", ""6"": ""raw_mediapipe"", ""7"": ""raw_mediapipe"", ""8"": ""raw_mediapipe"", ""9"": ""raw_mediapipe"", ""10"": ""raw_mediapipe"", ""11"": ""raw_mediapipe"", ""12"": ""raw_mediapipe"", ""13"": ""raw_mediapipe"", ""14"": ""raw_mediapipe"", ""15"": ""raw_mediapipe"", ""16"": ""raw_mediapipe"", ""17"": ""raw_mediapipe"", ""18"": ""raw_mediapipe"", ""19"": ""raw_mediapipe"", ""20"": ""raw_mediapipe"", ""21"": ""raw_mediapipe"", ""22"": ""raw_mediapipe"", ""23"": ""raw_mediapipe"", ""24"": ""raw_mediapipe"", ""25"": ""raw_mediapipe"", ""26"": ""raw_mediapipe"", ""27"": ""raw_mediapipe"", ""28"": ""raw_mediapipe"", ""29"": ""raw_mediapipe"", ""30"": ""raw_mediapipe"", ""31"": ""raw_mediapipe"", ""32"": ""raw_mediapipe""}",0.0,0.0,0.0,0.0,0.0,0.0,0.0,0.0,0.0,0.0,0.0,0.0,0.0,0.0,0.0,0.0,0.3375,0.0,0.0,0.0,0.3205,0.0,0.0,0.0,0.4026,0.0,0.0,0.0,0.3136,0.0,0.0,0.0,0.0,0.0,0.0,0.0,0.0,0.0,0.0,0.0,0.0,0.0,0.0,0.0,0.0,0.0,0.0,0.0,0.0,0.0
8,266,0.650524,detected,1,0,low_confidence,0.4464,0.6583,0.0771,10,0.697,1.2373,0.0032,1.0,0.0,0.0,0.0,0.3333,0.3333,0.0,world,False,"{""0"": ""raw_mediapipe"", ""1"": ""raw_mediapipe"", ""2"": ""raw_mediapipe"", ""3"": ""raw_mediapipe"", ""4"": ""raw_mediapipe"", ""5"": ""raw_mediapipe"", ""6"": ""raw_mediapipe"", ""7"": ""raw_mediapipe"", ""8"": ""raw_mediapipe"", ""9"": ""raw_mediapipe"", ""10"": ""raw_mediapipe"", ""11"": ""raw_mediapipe"", ""12"": ""raw_mediapipe"", ""13"": ""raw_mediapipe"", ""14"": ""raw_mediapipe"", ""15"": ""raw_mediapipe"", ""16"": ""raw_mediapipe"", ""17"": ""raw_mediapipe"", ""18"": ""raw_mediapipe"", ""19"": ""raw_mediapipe"", ""20"": ""raw_mediapipe"", ""21"": ""raw_mediapipe"", ""22"": ""raw_mediapipe"", ""23"": ""raw_mediapipe"", ""24"": ""raw_mediapipe"", ""25"": ""raw_mediapipe"", ""26"": ""raw_mediapipe"", ""27"": ""raw_mediapipe"", ""28"": ""raw_mediapipe"", ""29"": ""raw_mediapipe"", ""30"": ""raw_mediapipe"", ""31"": ""raw_mediapipe"", ""32"": ""raw_mediapipe""}",0.0,0.0,0.0,0.0,0.0,0.0,0.0,0.0,0.0,0.0,0.0,0.0,0.0,0.0,0.0,0.0,0.3347,0.0,0.0,0.0,0.3198,0.0,0.0,0.0,0.3948,0.0,0.0,0.0,0.314,0.0,0.0,0.0,0.0,0.0,0.0,0.0,0.0,0.0,0.0,0.0,0.0,0.0,0.0,0.0,0.0,0.0,0.0,0.0,0.0,0.0
9,300,0.705402,detected,1,0,low_confidence,0.4477,0.6611,0.0807,10,0.697,0.5275,0.0033,1.0,0.0,0.0,0.0,0.4,0.4,0.0,world,False,"{""0"": ""raw_mediapipe"", ""1"": ""raw_mediapipe"", ""2"": ""raw_mediapipe"", ""3"": ""raw_mediapipe"", ""4"": ""raw_mediapipe"", ""5"": ""raw_mediapipe"", ""6"": ""raw_mediapipe"", ""7"": ""raw_mediapipe"", ""8"": ""raw_mediapipe"", ""9"": ""raw_mediapipe"", ""10"": ""raw_mediapipe"", ""11"": ""raw_mediapipe"", ""12"": ""raw_mediapipe"", ""13"": ""raw_mediapipe"", ""14"": ""raw_mediapipe"", ""15"": ""raw_mediapipe"", ""16"": ""raw_mediapipe"", ""17"": ""raw_mediapipe"", ""18"": ""raw_mediapipe"", ""19"": ""raw_mediapipe"", ""20"": ""raw_mediapipe"", ""21"": ""raw_mediapipe"", ""22"": ""raw_mediapipe"", ""23"": ""raw_mediapipe"", ""24"": ""raw_mediapipe"", ""25"": ""raw_mediapipe"", ""26"": ""raw_mediapipe"", ""27"": ""raw_mediapipe"", ""28"": ""raw_mediapipe"", ""29"": ""raw_mediapipe"", ""30"": ""raw_mediapipe"", ""31"": ""raw_mediapipe"", ""32"": ""raw_mediapipe""}",0.0,0.0,0.0,0.0,0.0,0.0,0.0,0.0,0.0,0.0,0.0,0.0,0.0,0.0,0.0,0.0,0.3355,0.0,0.0,0.0,0.3229,0.0,0.0,0.0,0.3867,0.0,0.0,0.0,0.3168,0.0,0.0,0.0,0.0,0.0,0.0,0.0,0.0,0.0,0.0,0.0,0.0,0.0,0.0,0.0,0.0,0.0,0.0,0.0,0.0,0.0
10,333,0.75924,detected,1,0,partial_pose,0.452,0.6705,0.0882,10,0.697,0.8077,0.0036,1.0,0.0,0.0,0.0,0.4545,0.4545,0.0,world,False,"{""0"": ""raw_mediapipe"", ""1"": ""raw_mediapipe"", ""2"": ""raw_mediapipe"", ""3"": ""raw_mediapipe"", ""4"": ""raw_mediapipe"", ""5"": ""raw_mediapipe"", ""6"": ""raw_mediapipe"", ""7"": ""raw_mediapipe"", ""8"": ""raw_mediapipe"", ""9"": ""raw_mediapipe"", ""10"": ""raw_mediapipe"", ""11"": ""raw_mediapipe"", ""12"": ""raw_mediapipe"", ""13"": ""raw_mediapipe"", ""14"": ""raw_mediapipe"", ""15"": ""raw_mediapipe"", ""16"": ""raw_mediapipe"", ""17"": ""raw_mediapipe"", ""18"": ""raw_mediapipe"", ""19"": ""raw_mediapipe"", ""20"": ""raw_mediapipe"", ""21"": ""raw_mediapipe"", ""22"": ""raw_mediapipe"", ""23"": ""raw_mediapipe"", ""24"": ""raw_mediapipe"", ""25"": ""raw_mediapipe"", ""26"": ""raw_mediapipe"", ""27"": ""raw_mediapipe"", ""28"": ""raw_mediapipe"", ""29"": ""raw_mediapipe"", ""30"": ""raw_mediapipe"", ""31"": ""raw_mediapipe"", ""32"": ""raw_mediapipe""}",0.0,0.0,0.0,0.0,0.0,0.0,0.0,0.0,0.0,0.0,0.0,0.0,0.0,0.0,0.0,0.0,0.3363,0.0,0.0,0.0,0.3249,0.0,0.0,0.0,0.3799,0.0,0.0,0.0,0.3221,0.0,0.0,0.0,0.0,0.0,0.0,0.0,0.0,0.0,0.0,0.0,0.0,0.0,0.0,0.0,0.0,0.0,0.0,0.0,0.0,0.0
11,366,0.813845,detected,1,0,partial_pose,0.4693,0.6916,0.1284,10,0.697,0.7308,0.0073,1.0,0.0,0.0,0.0,0.5,0.5,0.0,world,False,"{""0"": ""raw_mediapipe"", ""1"": ""raw_mediapipe"", ""2"": ""raw_mediapipe"", ""3"": ""raw_mediapipe"", ""4"": ""raw_mediapipe"", ""5"": ""raw_mediapipe"", ""6"": ""raw_mediapipe"", ""7"": ""raw_mediapipe"", ""8"": ""raw_mediapipe"", ""9"": ""raw_mediapipe"", ""10"": ""raw_mediapipe"", ""11"": ""raw_mediapipe"", ""12"": ""raw_mediapipe"", ""13"": ""raw_mediapipe"", ""14"": ""raw_mediapipe"", ""15"": ""raw_mediapipe"", ""16"": ""raw_mediapipe"", ""17"": ""raw_mediapipe"", ""18"": ""raw_mediapipe"", ""19"": ""raw_mediapipe"", ""20"": ""raw_mediapipe"", ""21"": ""raw_mediapipe"", ""22"": ""raw_mediapipe"", ""23"": ""raw_mediapipe"", ""24"": ""raw_mediapipe"", ""25"": ""raw_mediapipe"", ""26"": ""raw_mediapipe"", ""27"": ""raw_mediapipe"", ""28"": ""raw_mediapipe"", ""29"": ""raw_mediapipe"", ""30"": ""raw_mediapipe"", ""31"": ""raw_mediapipe"", ""32"": ""raw_mediapipe""}",0.0,0.0,0.0,0.0,0.0,0.0,0.0,0.0,0.0,0.0,0.0,0.0,0.0,0.0,0.0,0.0,0.3362,0.0,0.0,0.0,0.3251,0.0,0.0,0.0,0.3735,0.0,0.0,0.0,0.3268,0.0,0.0,0.0,0.0,0.0,0.0,0.0,0.0,0.0,0.0,0.0,0.0,0.0,0.0,0.0,0.0,0.0,0.0,0.0,0.0,0.0
12,400,0.868326,detected,1,0,partial_pose,0.4838,0.7145,0.1532,10,0.697,0.2829,0.0096,1.0,0.0,0.0,0.0,0.5385,0.5385,0.0,world,False,"{""0"": ""raw_mediapipe"", ""1"": ""raw_mediapipe"", ""2"": ""raw_mediapipe"", ""3"": ""raw_mediapipe"", ""4"": ""raw_mediapipe"", ""5"": ""raw_mediapipe"", ""6"": ""raw_mediapipe"", ""7"": ""raw_mediapipe"", ""8"": ""raw_mediapipe"", ""9"": ""raw_mediapipe"", ""10"": ""raw_mediapipe"", ""11"": ""raw_mediapipe"", ""12"": ""raw_mediapipe"", ""13"": ""raw_mediapipe"", ""14"": ""raw_mediapipe"", ""15"": ""raw_mediapipe"", ""16"": ""raw_mediapipe"", ""17"": ""raw_mediapipe"", ""18"": ""raw_mediapipe"", ""19"": ""raw_mediapipe"", ""20"": ""raw_mediapipe"", ""21"": ""raw_mediapipe"", ""22"": ""raw_mediapipe"", ""23"": ""raw_mediapipe"", ""24"": ""raw_mediapipe"", ""25"": ""raw_mediapipe"", ""26"": ""raw_mediapipe"", ""27"": ""raw_mediapipe"", ""28"": ""raw_mediapipe"", ""29"": ""raw_mediapipe"", ""30"": ""raw_mediapipe"", ""31"": ""raw_mediapipe"", ""32"": ""raw_mediapipe""}",0.0,0.0,0.0,0.0,0.0,0.0,0.0,0.0,0.0,0.0,0.0,0.0,0.0,0.0,0.0,0.0,0.333,0.0,0.0,0.0,0.3237,0.0,0.0,0.0,0.3709,0.0,0.0,0.0,0.3315,0.0,0.0,0.0,0.0,0.0,0.0,0.0,0.0,0.0,0.0,0.0,0.0,0.0,0.0,0.0,0.0,0.0,0.0,0.0,0.0,0.0
13,433,0.923567,detected,1,0,partial_pose,0.4995,0.7328,0.1619,10,0.697,0.2191,0.0129,1.0,0.0,0.0,0.0,0.5714,0.5714,0.0,world,False,"{""0"": ""raw_mediapipe"", ""1"": ""raw_mediapipe"", ""2"": ""raw_mediapipe"", ""3"": ""raw_mediapipe"", ""4"": ""raw_mediapipe"", ""5"": ""raw_mediapipe"", ""6"": ""raw_mediapipe"", ""7"": ""raw_mediapipe"", ""8"": ""raw_mediapipe"", ""9"": ""raw_mediapipe"", ""10"": ""raw_mediapipe"", ""11"": ""raw_mediapipe"", ""12"": ""raw_mediapipe"", ""13"": ""raw_mediapipe"", ""14"": ""raw_mediapipe"", ""15"": ""raw_mediapipe"", ""16"": ""raw_mediapipe"", ""17"": ""raw_mediapipe"", ""18"": ""raw_mediapipe"", ""19"": ""raw_mediapipe"", ""20"": ""raw_mediapipe"", ""21"": ""raw_mediapipe"", ""22"": ""raw_mediapipe"", ""23"": ""raw_mediapipe"", ""24"": ""raw_mediapipe"", ""25"": ""raw_mediapipe"", ""26"": ""raw_mediapipe"", ""27"": ""raw_mediapipe"", ""28"": ""raw_mediapipe"", ""29"": ""raw_mediapipe"", ""30"": ""raw_mediapipe"", ""31"": ""raw_mediapipe"", ""32"": ""raw_mediapipe""}",0.0,0.0,0.0,0.0,0.0,0.0,0.0,0.0,0.0,0.0,0.0,0.0,0.0,0.0,0.0,0.0,0.3288,0.0,0.0,0.0,0.3203,0.0,0.0,0.0,0.3665,0.0,0.0,0.0,0.3316,0.0,0.0,0.0,0.0,0.0,0.0,0.0,0.0,0.0,0.0,0.0,0.0,0.0,0.0,0.0,0.0,0.0,0.0,0.0,0.0,0.0
14,466,0.983019,detected,1,0,partial_pose,0.5125,0.7533,0.2129,10,0.697,0.2294,0.0152,1.0,0.0,0.0,0.0,0.6,0.6,0.0,world,False,"{""0"": ""raw_mediapipe"", ""1"": ""raw_mediapipe"", ""2"": ""raw_mediapipe"", ""3"": ""raw_mediapipe"", ""4"": ""raw_mediapipe"", ""5"": ""raw_mediapipe"", ""6"": ""raw_mediapipe"", ""7"": ""raw_mediapipe"", ""8"": ""raw_mediapipe"", ""9"": ""raw_mediapipe"", ""10"": ""raw_mediapipe"", ""11"": ""raw_mediapipe"", ""12"": ""raw_mediapipe"", ""13"": ""raw_mediapipe"", ""14"": ""raw_mediapipe"", ""15"": ""raw_mediapipe"", ""16"": ""raw_mediapipe"", ""17"": ""raw_mediapipe"", ""18"": ""raw_mediapipe"", ""19"": ""raw_mediapipe"", ""20"": ""raw_mediapipe"", ""21"": ""raw_mediapipe"", ""22"": ""raw_mediapipe"", ""23"": ""raw_mediapipe"", ""24"": ""raw_mediapipe"", ""25"": ""raw_mediapipe"", ""26"": ""raw_mediapipe"", ""27"": ""raw_mediapipe"", ""28"": ""raw_mediapipe"", ""29"": ""raw_mediapipe"", ""30"": ""raw_mediapipe"", ""31"": ""raw_mediapipe"", ""32"": ""raw_mediapipe""}",0.0,0.0,0.0,0.0,0.0,0.0,0.0,0.0,0.0,0.0,0.0,0.0,0.0,0.0,0.0,0.0,0.3254,0.0,0.0,0.0,0.3145,0.0,0.0,0.0,0.3633,0.0,0.0,0.0,0.3309,0.0,0.0,0.0,0.0,0.0,0.0,0.0,0.0,0.0,0.0,0.0,0.0,0.0,0.0,0.0,0.0,0.0,0.0,0.0,0.0,0.0
15,500,1.038254,detected,1,0,partial_pose,0.5571,0.7741,0.2572,9,0.7273,0.1841,0.0168,1.0,0.0,0.0,0.0,0.625,0.625,0.0,world,False,"{""0"": ""raw_mediapipe"", ""1"": ""raw_mediapipe"", ""2"": ""raw_mediapipe"", ""3"": ""raw_mediapipe"", ""4"": ""raw_mediapipe"", ""5"": ""raw_mediapipe"", ""6"": ""raw_mediapipe"", ""7"": ""raw_mediapipe"", ""8"": ""raw_mediapipe"", ""9"": ""raw_mediapipe"", ""10"": ""raw_mediapipe"", ""11"": ""raw_mediapipe"", ""12"": ""raw_mediapipe"", ""13"": ""raw_mediapipe"", ""14"": ""raw_mediapipe"", ""15"": ""raw_mediapipe"", ""16"": ""raw_mediapipe"", ""17"": ""raw_mediapipe"", ""18"": ""raw_mediapipe"", ""19"": ""raw_mediapipe"", ""20"": ""raw_mediapipe"", ""21"": ""raw_mediapipe"", ""22"": ""raw_mediapipe"", ""23"": ""raw_mediapipe"", ""24"": ""raw_mediapipe"", ""25"": ""raw_mediapipe"", ""26"": ""raw_mediapipe"", ""27"": ""raw_mediapipe"", ""28"": ""raw_mediapipe"", ""29"": ""raw_mediapipe"", ""30"": ""raw_mediapipe"", ""31"": ""raw_mediapipe"", ""32"": ""raw_mediapipe""}",0.0,0.0,0.0,0.0,0.0,0.0,0.0,0.0,0.3534,0.0,0.0,0.0,0.0,0.0,0.0,0.0,0.319,0.0,0.0,0.0,0.31,0.0,0.0,0.0,0.3586,0.0,0.0,0.0,0.3298,0.0,0.0,0.0,0.0,0.0,0.0,0.0,0.0,0.0,0.0,0.0,0.0,0.0,0.0,0.0,0.0,0.0,0.0,0.0,0.0,0.0
16,533,1.094811,detected,1,0,unstable,0.5629,0.7874,0.2752,6,0.8182,0.3379,0.0171,1.0,0.0,0.0,0.0,0.6471,0.6471,0.0,world,False,"{""0"": ""raw_mediapipe"", ""1"": ""raw_mediapipe"", ""2"": ""raw_mediapipe"", ""3"": ""raw_mediapipe"", ""4"": ""raw_mediapipe"", ""5"": ""raw_mediapipe"", ""6"": ""raw_mediapipe"", ""7"": ""raw_mediapipe"", ""8"": ""raw_mediapipe"", ""9"": ""raw_mediapipe"", ""10"": ""raw_mediapipe"", ""11"": ""raw_mediapipe"", ""12"": ""raw_mediapipe"", ""13"": ""raw_mediapipe"", ""14"": ""raw_mediapipe"", ""15"": ""raw_mediapipe"", ""16"": ""raw_mediapipe"", ""17"": ""raw_mediapipe"", ""18"": ""raw_mediapipe"", ""19"": ""raw_mediapipe"", ""20"": ""raw_mediapipe"", ""21"": ""raw_mediapipe"", ""22"": ""raw_mediapipe"", ""23"": ""raw_mediapipe"", ""24"": ""raw_mediapipe"", ""25"": ""raw_mediapipe"", ""26"": ""raw_mediapipe"", ""27"": ""raw_mediapipe"", ""28"": ""raw_mediapipe"", ""29"": ""raw_mediapipe"", ""30"": ""raw_mediapipe"", ""31"": ""raw_mediapipe"", ""32"": ""raw_mediapipe""}",0.0,0.0,0.0,0.0,0.0,0.0,0.0,0.0,0.3325,0.0,0.0,0.0,0.2453,0.0,0.0,0.0,0.3149,0.0,0.0,0.0,0.3073,0.0,0.0,0.0,0.3514,0.0,0.0,0.0,0.3292,0.0,0.0,0.0,0.0,0.0,0.0,0.0,0.0,0.0,0.0,0.0,0.0,0.0,0.0,0.0,0.0,0.0,0.0,0.0,0.0,0.0
17,566,1.147498,detected,1,0,unstable,0.5734,0.7932,0.2514,5,0.8485,0.4115,0.0172,1.0,0.0,0.0,0.0,0.6667,0.6667,0.0,world,False,"{""0"": ""raw_mediapipe"", ""1"": ""raw_mediapipe"", ""2"": ""raw_mediapipe"", ""3"": ""raw_mediapipe"", ""4"": ""raw_mediapipe"", ""5"": ""raw_mediapipe"", ""6"": ""raw_mediapipe"", ""7"": ""raw_mediapipe"", ""8"": ""raw_mediapipe"", ""9"": ""raw_mediapipe"", ""10"": ""raw_mediapipe"", ""11"": ""raw_mediapipe"", ""12"": ""raw_mediapipe"", ""13"": ""raw_mediapipe"", ""14"": ""raw_mediapipe"", ""15"": ""raw_mediapipe"", ""16"": ""raw_mediapipe"", ""17"": ""raw_mediapipe"", ""18"": ""raw_mediapipe"", ""19"": ""raw_mediapipe"", ""20"": ""raw_mediapipe"", ""21"": ""raw_mediapipe"", ""22"": ""raw_mediapipe"", ""23"": ""raw_mediapipe"", ""24"": ""raw_mediapipe"", ""25"": ""raw_mediapipe"", ""26"": ""raw_mediapipe"", ""27"": ""raw_mediapipe"", ""28"": ""raw_mediapipe"", ""29"": ""raw_mediapipe"", ""30"": ""raw_mediapipe"", ""31"": ""raw_mediapipe"", ""32"": ""raw_mediapipe""}",0.0,0.0,0.0,0.0,0.0,0.0,0.0,0.0,0.3128,0.0,0.0,0.0,0.2392,0.0,0.0,0.0,0.3175,0.0,0.0,0.0,0.3081,0.0,0.0,0.0,0.3463,0.0,0.0,0.0,0.328,0.0,0.0,0.0,0.0,0.0,0.0,0.0,0.0,0.0,0.0,0.0,0.0,0.0,0.0,0.0,0.0,0.0,0.0,0.0,0.0,0.0
18,600,1.202724,detected,1,0,valid,0.5903,0.7981,0.2288,5,0.8485,0.1819,0.0128,1.0,0.0,0.0,0.0,0.6842,0.6842,0.0,world,False,"{""0"": ""raw_mediapipe"", ""1"": ""raw_mediapipe"", ""2"": ""raw_mediapipe"", ""3"": ""raw_mediapipe"", ""4"": ""raw_mediapipe"", ""5"": ""raw_mediapipe"", ""6"": ""raw_mediapipe"", ""7"": ""raw_mediapipe"", ""8"": ""raw_mediapipe"", ""9"": ""raw_mediapipe"", ""10"": ""raw_mediapipe"", ""11"": ""raw_mediapipe"", ""12"": ""raw_mediapipe"", ""13"": ""raw_mediapipe"", ""14"": ""raw_mediapipe"", ""15"": ""raw_mediapipe"", ""16"": ""raw_mediapipe"", ""17"": ""raw_mediapipe"", ""18"": ""raw_mediapipe"", ""19"": ""raw_mediapipe"", ""20"": ""raw_mediapipe"", ""21"": ""raw_mediapipe"", ""22"": ""raw_mediapipe"", ""23"": ""raw_mediapipe"", ""24"": ""raw_mediapipe"", ""25"": ""raw_mediapipe"", ""26"": ""raw_mediapipe"", ""27"": ""raw_mediapipe"", ""28"": ""raw_mediapipe"", ""29"": ""raw_mediapipe"", ""30"": ""raw_mediapipe"", ""31"": ""raw_mediapipe"", ""32"": ""raw_mediapipe""}",0.0,0.0,0.0,0.0,0.0,0.0,0.0,0.0,0.2955,0.0,0.0,0.0,0.2324,0.0,0.0,0.0,0.3224,0.0,0.0,0.0,0.3072,0.0,0.0,0.0,0.3425,0.0,0.0,0.0,0.3255,0.0,0.0,0.0,0.0,0.0,0.0,0.0,0.0,0.0,0.0,0.0,0.0,0.0,0.0,0.0,0.0,0.0,0.0,0.0,0.0,0.0
19,633,1.262142,detected,1,0,unstable,0.5713,0.8043,0.2096,5,0.8485,0.3427,0.0146,1.0,0.0,0.0,0.0,0.7,0.7,0.0,world,False,"{""0"": ""raw_mediapipe"", ""1"": ""raw_mediapipe"", ""2"": ""raw_mediapipe"", ""3"": ""raw_mediapipe"", ""4"": ""raw_mediapipe"", ""5"": ""raw_mediapipe"", ""6"": ""raw_mediapipe"", ""7"": ""raw_mediapipe"", ""8"": ""raw_mediapipe"", ""9"": ""raw_mediapipe"", ""10"": ""raw_mediapipe"", ""11"": ""raw_mediapipe"", ""12"": ""raw_mediapipe"", ""13"": ""raw_mediapipe"", ""14"": ""raw_mediapipe"", ""15"": ""raw_mediapipe"", ""16"": ""raw_mediapipe"", ""17"": ""raw_mediapipe"", ""18"": ""raw_mediapipe"", ""19"": ""raw_mediapipe"", ""20"": ""raw_mediapipe"", ""21"": ""raw_mediapipe"", ""22"": ""raw_mediapipe"", ""23"": ""raw_mediapipe"", ""24"": ""raw_mediapipe"", ""25"": ""raw_mediapipe"", ""26"": ""raw_mediapipe"", ""27"": ""raw_mediapipe"", ""28"": ""raw_mediapipe"", ""29"": ""raw_mediapipe"", ""30"": ""raw_mediapipe"", ""31"": ""raw_mediapipe"", ""32"": ""raw_mediapipe""}",0.0,0.0,0.0,0.0,0.0,0.0,0.0,0.0,0.2827,0.0,0.0,0.0,0.2239,0.0,0.0,0.0,0.3266,0.0,0.0,0.0,0.3072,0.0,0.0,0.0,0.3427,0.0,0.0,0.0,0.3235,0.0,0.0,0.0,0.0,0.0,0.0,0.0,0.0,0.0,0.0,0.0,0.0,0.0,0.0,0.0,0.0,0.0,0.0,0.0,0.0,0.0
20,666,1.314787,detected,1,0,unstable,0.5727,0.8083,0.1934,5,0.8485,0.3332,0.0146,1.0,0.0,0.0,0.0,0.7143,0.7143,0.0,world,False,"{""0"": ""raw_mediapipe"", ""1"": ""raw_mediapipe"", ""2"": ""raw_mediapipe"", ""3"": ""raw_mediapipe"", ""4"": ""raw_mediapipe"", ""5"": ""raw_mediapipe"", ""6"": ""raw_mediapipe"", ""7"": ""raw_mediapipe"", ""8"": ""raw_mediapipe"", ""9"": ""raw_mediapipe"", ""10"": ""raw_mediapipe"", ""11"": ""raw_mediapipe"", ""12"": ""raw_mediapipe"", ""13"": ""raw_mediapipe"", ""14"": ""raw_mediapipe"", ""15"": ""raw_mediapipe"", ""16"": ""raw_mediapipe"", ""17"": ""raw_mediapipe"", ""18"": ""raw_mediapipe"", ""19"": ""raw_mediapipe"", ""20"": ""raw_mediapipe"", ""21"": ""raw_mediapipe"", ""22"": ""raw_mediapipe"", ""23"": ""raw_mediapipe"", ""24"": ""raw_mediapipe"", ""25"": ""raw_mediapipe"", ""26"": ""raw_mediapipe"", ""27"": ""raw_mediapipe"", ""28"": ""raw_mediapipe"", ""29"": ""raw_mediapipe"", ""30"": ""raw_mediapipe"", ""31"": ""raw_mediapipe"", ""32"": ""raw_mediapipe""}",0.0,0.0,0.0,0.0,0.0,0.0,0.0,0.0,0.2675,0.0,0.0,0.0,0.2101,0.0,0.0,0.0,0.3301,0.0,0.0,0.0,0.3079,0.0,0.0,0.0,0.3435,0.0,0.0,0.0,0.3269,0.0,0.0,0.0,0.0,0.0,0.0,0.0,0.0,0.0,0.0,0.0,0.0,0.0,0.0,0.0,0.0,0.0,0.0,0.0,0.0,0.0
21,700,1.369088,detected,1,0,unstable,0.5838,0.8248,0.2577,5,0.8485,0.4381,0.0165,1.0,0.0,0.0,0.0,0.7273,0.7273,0.0,world,False,"{""0"": ""raw_mediapipe"", ""1"": ""raw_mediapipe"", ""2"": ""raw_mediapipe"", ""3"": ""raw_mediapipe"", ""4"": ""raw_mediapipe"", ""5"": ""raw_mediapipe"", ""6"": ""raw_mediapipe"", ""7"": ""raw_mediapipe"", ""8"": ""raw_mediapipe"", ""9"": ""raw_mediapipe"", ""10"": ""raw_mediapipe"", ""11"": ""raw_mediapipe"", ""12"": ""raw_mediapipe"", ""13"": ""raw_mediapipe"", ""14"": ""raw_mediapipe"", ""15"": ""raw_mediapipe"", ""16"": ""raw_mediapipe"", ""17"": ""raw_mediapipe"", ""18"": ""raw_mediapipe"", ""19"": ""raw_mediapipe"", ""20"": ""raw_mediapipe"", ""21"": ""raw_mediapipe"", ""22"": ""raw_mediapipe"", ""23"": ""raw_mediapipe"", ""24"": ""raw_mediapipe"", ""25"": ""raw_mediapipe"", ""26"": ""raw_mediapipe"", ""27"": ""raw_mediapipe"", ""28"": ""raw_mediapipe"", ""29"": ""raw_mediapipe"", ""30"": ""raw_mediapipe"", ""31"": ""raw_mediapipe"", ""32"": ""raw_mediapipe""}",0.0,0.0,0.0,0.0,0.0,0.0,0.0,0.0,0.2505,0.0,0.0,0.0,0.1915,0.0,0.0,0.0,0.3346,0.0,0.0,0.0,0.3087,0.0,0.0,0.0,0.3453,0.0,0.0,0.0,0.3286,0.0,0.0,0.0,0.0,0.0,0.0,0.0,0.0,0.0,0.0,0.0,0.0,0.0,0.0,0.0,0.0,0.0,0.0,0.0,0.0,0.0
22,733,1.42257,detected,1,0,unstable,0.5966,0.8377,0.3238,5,0.8485,0.3768,0.0197,1.0,0.0,0.0,0.0,0.7391,0.7391,0.0,world,False,"{""0"": ""raw_mediapipe"", ""1"": ""raw_mediapipe"", ""2"": ""raw_mediapipe"", ""3"": ""raw_mediapipe"", ""4"": ""raw_mediapipe"", ""5"": ""raw_mediapipe"", ""6"": ""raw_mediapipe"", ""7"": ""raw_mediapipe"", ""8"": ""raw_mediapipe"", ""9"": ""raw_mediapipe"", ""10"": ""raw_mediapipe"", ""11"": ""raw_mediapipe"", ""12"": ""raw_mediapipe"", ""13"": ""raw_mediapipe"", ""14"": ""raw_mediapipe"", ""15"": ""raw_mediapipe"", ""16"": ""raw_mediapipe"", ""17"": ""raw_mediapipe"", ""18"": ""raw_mediapipe"", ""19"": ""raw_mediapipe"", ""20"": ""raw_mediapipe"", ""21"": ""raw_mediapipe"", ""22"": ""raw_mediapipe"", ""23"": ""raw_mediapipe"", ""24"": ""raw_mediapipe"", ""25"": ""raw_mediapipe"", ""26"": ""raw_mediapipe"", ""27"": ""raw_mediapipe"", ""28"": ""raw_mediapipe"", ""29"": ""raw_mediapipe"", ""30"": ""raw_mediapipe"", ""31"": ""raw_mediapipe"", ""32"": ""raw_mediapipe""}",0.0,0.0,0.0,0.0,0.0,0.0,0.0,0.0,0.2303,0.0,0.0,0.0,0.1624,0.0,0.0,0.0,0.3398,0.0,0.0,0.0,0.3114,0.0,0.0,0.0,0.3467,0.0,0.0,0.0,0.3313,0.0,0.0,0.0,0.0,0.0,0.0,0.0,0.0,0.0,0.0,0.0,0.0,0.0,0.0,0.0,0.0,0.0,0.0,0.0,0.0,0.0
23,766,1.473395,detected,1,0,unstable,0.6088,0.8414,0.3649,5,0.8485,1.1816,0.024,1.0,0.0,0.0,0.0,0.75,0.75,0.0,world,False,"{""0"": ""raw_mediapipe"", ""1"": ""raw_mediapipe"", ""2"": ""raw_mediapipe"", ""3"": ""raw_mediapipe"", ""4"": ""raw_mediapipe"", ""5"": ""raw_mediapipe"", ""6"": ""raw_mediapipe"", ""7"": ""raw_mediapipe"", ""8"": ""raw_mediapipe"", ""9"": ""raw_mediapipe"", ""10"": ""raw_mediapipe"", ""11"": ""raw_mediapipe"", ""12"": ""raw_mediapipe"", ""13"": ""raw_mediapipe"", ""14"": ""raw_mediapipe"", ""15"": ""raw_mediapipe"", ""16"": ""raw_mediapipe"", ""17"": ""raw_mediapipe"", ""18"": ""raw_mediapipe"", ""19"": ""raw_mediapipe"", ""20"": ""raw_mediapipe"", ""21"": ""raw_mediapipe"", ""22"": ""raw_mediapipe"", ""23"": ""raw_mediapipe"", ""24"": ""raw_mediapipe"", ""25"": ""raw_mediapipe"", ""26"": ""raw_mediapipe"", ""27"": ""raw_mediapipe"", ""28"": ""raw_mediapipe"", ""29"": ""raw_mediapipe"", ""30"": ""raw_mediapipe"", ""31"": ""raw_mediapipe"", ""32"": ""raw_mediapipe""}",0.0,0.0,0.0,0.0,0.0,0.0,0.0,0.0,0.19,0.0,0.0,0.0,0.127,0.0,0.0,0.0,0.3438,0.0,0.0,0.0,0.3117,0.0,0.0,0.0,0.3461,0.0,0.0,0.0,0.3269,0.0,0.0,0.0,0.0,0.0,0.0,0.0,0.0,0.0,0.0,0.0,0.0,0.0,0.0,0.0,0.0,0.0,0.0,0.0,0.0,0.0
24,800,1.525273,detected,1,0,unstable,0.6063,0.8221,0.3987,5,0.8485,0.5615,0.0259,1.0,0.0,0.0,0.0,0.76,0.76,0.0,world,False,"{""0"": ""raw_mediapipe"", ""1"": ""raw_mediapipe"", ""2"": ""raw_mediapipe"", ""3"": ""raw_mediapipe"", ""4"": ""raw_mediapipe"", ""5"": ""raw_mediapipe"", ""6"": ""raw_mediapipe"", ""7"": ""raw_mediapipe"", ""8"": ""raw_mediapipe"", ""9"": ""raw_mediapipe"", ""10"": ""raw_mediapipe"", ""11"": ""raw_mediapipe"", ""12"": ""raw_mediapipe"", ""13"": ""raw_mediapipe"", ""14"": ""raw_mediapipe"", ""15"": ""raw_mediapipe"", ""16"": ""raw_mediapipe"", ""17"": ""raw_mediapipe"", ""18"": ""raw_mediapipe"", ""19"": ""raw_mediapipe"", ""20"": ""raw_mediapipe"", ""21"": ""raw_mediapipe"", ""22"": ""raw_mediapipe"", ""23"": ""raw_mediapipe"", ""24"": ""raw_mediapipe"", ""25"": ""raw_mediapipe"", ""26"": ""raw_mediapipe"", ""27"": ""raw_mediapipe"", ""28"": ""raw_mediapipe"", ""29"": ""raw_mediapipe"", ""30"": ""raw_mediapipe"", ""31"": ""raw_mediapipe"", ""32"": ""raw_mediapipe""}",0.0,0.0,0.0,0.0,0.0,0.0,0.0,0.0,0.165,0.0,0.0,0.0,0.1017,0.0,0.0,0.0,0.3476,0.0,0.0,0.0,0.3063,0.0,0.0,0.0,0.3412,0.0,0.0,0.0,0.3242,0.0,0.0,0.0,0.0,0.0,0.0,0.0,0.0,0.0,0.0,0.0,0.0,0.0,0.0,0.0,0.0,0.0,0.0,0.0,0.0,0.0
25,833,1.578111,detected,1,0,unstable,0.6034,0.8071,0.4512,2,0.9394,0.4467,0.0172,1.0,0.0,0.0,0.0,0.7692,0.7692,0.0,world,False,"{""0"": ""raw_mediapipe"", ""1"": ""raw_mediapipe"", ""2"": ""raw_mediapipe"", ""3"": ""raw_mediapipe"", ""4"": ""raw_mediapipe"", ""5"": ""raw_mediapipe"", ""6"": ""raw_mediapipe"", ""7"": ""raw_mediapipe"", ""8"": ""raw_mediapipe"", ""9"": ""raw_mediapipe"", ""10"": ""raw_mediapipe"", ""11"": ""raw_mediapipe"", ""12"": ""raw_mediapipe"", ""13"": ""raw_mediapipe"", ""14"": ""raw_mediapipe"", ""15"": ""raw_mediapipe"", ""16"": ""raw_mediapipe"", ""17"": ""raw_mediapipe"", ""18"": ""raw_mediapipe"", ""19"": ""raw_mediapipe"", ""20"": ""raw_mediapipe"", ""21"": ""raw_mediapipe"", ""22"": ""raw_mediapipe"", ""23"": ""raw_mediapipe"", ""24"": ""raw_mediapipe"", ""25"": ""raw_mediapipe"", ""26"": ""raw_mediapipe"", ""27"": ""raw_mediapipe"", ""28"": ""raw_mediapipe"", ""29"": ""raw_mediapipe"", ""30"": ""raw_mediapipe"", ""31"": ""raw_mediapipe"", ""32"": ""raw_mediapipe""}",0.0,0.0,0.0,0.0,0.0,0.0,0.0,0.0,0.1433,0.0,0.0,0.0,0.0791,0.0,0.0,0.0,0.3512,0.0,0.0,0.0,0.2976,0.0,0.0,0.0,0.3343,0.0,0.0,0.0,0.3254,0.0,0.0,0.0,0.0,0.0,0.0,0.0,0.0,0.0,0.0,0.0,0.0,0.0,0.0,0.0,0.0,0.0,0.0,0.0,0.0,0.0
26,866,1.630018,detected,1,0,unstable,0.5502,0.7883,0.4464,5,0.8485,0.9011,0.0086,1.0,0.0,0.0,0.0,0.7778,0.7778,0.0,world,False,"{""0"": ""raw_mediapipe"", ""1"": ""raw_mediapipe"", ""2"": ""raw_mediapipe"", ""3"": ""raw_mediapipe"", ""4"": ""raw_mediapipe"", ""5"": ""raw_mediapipe"", ""6"": ""raw_mediapipe"", ""7"": ""raw_mediapipe"", ""8"": ""raw_mediapipe"", ""9"": ""raw_mediapipe"", ""10"": ""raw_mediapipe"", ""11"": ""raw_mediapipe"", ""12"": ""raw_mediapipe"", ""13"": ""raw_mediapipe"", ""14"": ""raw_mediapipe"", ""15"": ""raw_mediapipe"", ""16"": ""raw_mediapipe"", ""17"": ""raw_mediapipe"", ""18"": ""raw_mediapipe"", ""19"": ""raw_mediapipe"", ""20"": ""raw_mediapipe"", ""21"": ""raw_mediapipe"", ""22"": ""raw_mediapipe"", ""23"": ""raw_mediapipe"", ""24"": ""raw_mediapipe"", ""25"": ""raw_mediapipe"", ""26"": ""raw_mediapipe"", ""27"": ""raw_mediapipe"", ""28"": ""raw_mediapipe"", ""29"": ""raw_mediapipe"", ""30"": ""raw_mediapipe"", ""31"": ""raw_mediapipe"", ""32"": ""raw_mediapipe""}",0.0,0.0,0.0,0.0,0.0,0.0,0.0,0.0,0.1321,0.0,0.0,0.0,0.0644,0.0,0.0,0.0,0.3537,0.0,0.0,0.0,0.2947,0.0,0.0,0.0,0.3286,0.0,0.0,0.0,0.3297,0.0,0.0,0.0,0.0,0.0,0.0,0.0,0.0,0.0,0.0,0.0,0.0,0.0,0.0,0.0,0.0,0.0,0.0,0.0,0.0,0.0
27,900,1.681396,detected,1,0,unstable,0.546,0.7648,0.4262,5,0.8485,1.1655,0.0105,1.0,0.0,0.0,0.0,0.7857,0.7857,0.0,world,False,"{""0"": ""raw_mediapipe"", ""1"": ""raw_mediapipe"", ""2"": ""raw_mediapipe"", ""3"": ""raw_mediapipe"", ""4"": ""raw_mediapipe"", ""5"": ""raw_mediapipe"", ""6"": ""raw_mediapipe"", ""7"": ""raw_mediapipe"", ""8"": ""raw_mediapipe"", ""9"": ""raw_mediapipe"", ""10"": ""raw_mediapipe"", ""11"": ""raw_mediapipe"", ""12"": ""raw_mediapipe"", ""13"": ""raw_mediapipe"", ""14"": ""raw_mediapipe"", ""15"": ""raw_mediapipe"", ""16"": ""raw_mediapipe"", ""17"": ""raw_mediapipe"", ""18"": ""raw_mediapipe"", ""19"": ""raw_mediapipe"", ""20"": ""raw_mediapipe"", ""21"": ""raw_mediapipe"", ""22"": ""raw_mediapipe"", ""23"": ""raw_mediapipe"", ""24"": ""raw_mediapipe"", ""25"": ""raw_mediapipe"", ""26"": ""raw_mediapipe"", ""27"": ""raw_mediapipe"", ""28"": ""raw_mediapipe"", ""29"": ""raw_mediapipe"", ""30"": ""raw_mediapipe"", ""31"": ""raw_mediapipe"", ""32"": ""raw_mediapipe""}",0.4864,0.0,0.0,0.0,0.0,0.0,0.0,0.0,0.1116,0.0,0.0,0.0,0.0542,0.0,0.0,0.0,0.3545,0.0,0.0,0.0,0.287,0.0,0.0,0.0,0.3218,0.0,0.0,0.0,0.3358,0.0,0.0,0.0,0.0,0.0,0.0,0.0,0.0,0.0,0.0,0.0,0.0,0.0,0.0,0.0,0.0,0.0,0.0,0.0,0.0,0.0
28,933,1.73842,detected,1,0,unstable,0.5597,0.7487,0.4391,5,0.8485,0.5295,0.0185,1.0,0.0,0.0,0.0,0.7931,0.7931,0.0,world,False,"{""0"": ""raw_mediapipe"", ""1"": ""raw_mediapipe"", ""2"": ""raw_mediapipe"", ""3"": ""raw_mediapipe"", ""4"": ""raw_mediapipe"", ""5"": ""raw_mediapipe"", ""6"": ""raw_mediapipe"", ""7"": ""raw_mediapipe"", ""8"": ""raw_mediapipe"", ""9"": ""raw_mediapipe"", ""10"": ""raw_mediapipe"", ""11"": ""raw_mediapipe"", ""12"": ""raw_mediapipe"", ""13"": ""raw_mediapipe"", ""14"": ""raw_mediapipe"", ""15"": ""raw_mediapipe"", ""16"": ""raw_mediapipe"", ""17"": ""raw_mediapipe"", ""18"": ""raw_mediapipe"", ""19"": ""raw_mediapipe"", ""20"": ""raw_mediapipe"", ""21"": ""raw_mediapipe"", ""22"": ""raw_mediapipe"", ""23"": ""raw_mediapipe"", ""24"": ""raw_mediapipe"", ""25"": ""raw_mediapipe"", ""26"": ""raw_mediapipe"", ""27"": ""raw_mediapipe"", ""28"": ""raw_mediapipe"", ""29"": ""raw_mediapipe"", ""30"": ""raw_mediapipe"", ""31"": ""raw_mediapipe"", ""32"": ""raw_mediapipe""}",0.438,0.0,0.0,0.0,0.6298,0.0,0.0,0.0,0.0886,0.0,0.0,0.0,0.0,0.0,0.0,0.0,0.3598,0.0,0.0,0.0,0.2825,0.0,0.0,0.0,0.3142,0.0,0.0,0.0,0.3438,0.0,0.0,0.0,0.0,0.0,0.0,0.0,0.0,0.0,0.0,0.0,0.0,0.0,0.0,0.0,0.0,0.0,0.0,0.0,0.0,0.0
29,966,1.796706,detected,1,0,unstable,0.6185,0.7677,0.4901,1,0.9697,0.6598,0.026,1.0,0.0,0.0,0.0,0.8,0.8,0.0,world,False,"{""0"": ""raw_mediapipe"", ""1"": ""raw_mediapipe"", ""2"": ""raw_mediapipe"", ""3"": ""raw_mediapipe"", ""4"": ""raw_mediapipe"", ""5"": ""raw_mediapipe"", ""6"": ""raw_mediapipe"", ""7"": ""raw_mediapipe"", ""8"": ""raw_mediapipe"", ""9"": ""raw_mediapipe"", ""10"": ""raw_mediapipe"", ""11"": ""raw_mediapipe"", ""12"": ""raw_mediapipe"", ""13"": ""raw_mediapipe"", ""14"": ""raw_mediapipe"", ""15"": ""raw_mediapipe"", ""16"": ""raw_mediapipe"", ""17"": ""raw_mediapipe"", ""18"": ""raw_mediapipe"", ""19"": ""raw_mediapipe"", ""20"": ""raw_mediapipe"", ""21"": ""raw_mediapipe"", ""22"": ""raw_mediapipe"", ""23"": ""raw_mediapipe"", ""24"": ""raw_mediapipe"", ""25"": ""raw_mediapipe"", ""26"": ""raw_mediapipe"", ""27"": ""raw_mediapipe"", ""28"": ""raw_mediapipe"", ""29"": ""raw_mediapipe"", ""30"": ""raw_mediapipe"", ""31"": ""raw_mediapipe"", ""32"": ""raw_mediapipe""}",0.3977,0.0,0.0,0.0,0.5778,0.0,0.0,0.0,0.0793,0.0,0.0,0.0,0.062,0.0,0.0,0.0,0.3659,0.0,0.0,0.0,0.2805,0.0,0.0,0.0,0.3073,0.0,0.0,0.0,0.3397,0.0,0.0,0.0,0.0,0.0,0.0,0.0,0.0,0.0,0.0,0.0,0.0,0.0,0.0,0.0,0.0,0.0,0.0,0.0,0.0,0.0
30,1000,1.852952,detected,1,0,unstable,0.6338,0.7837,0.5059,0,1.0,0.8848,0.0264,1.0,0.0,0.0,0.0,0.8065,0.8065,0.0,world,False,"{""0"": ""raw_mediapipe"", ""1"": ""raw_mediapipe"", ""2"": ""raw_mediapipe"", ""3"": ""raw_mediapipe"", ""4"": ""raw_mediapipe"", ""5"": ""raw_mediapipe"", ""6"": ""raw_mediapipe"", ""7"": ""raw_mediapipe"", ""8"": ""raw_mediapipe"", ""9"": ""raw_mediapipe"", ""10"": ""raw_mediapipe"", ""11"": ""raw_mediapipe"", ""12"": ""raw_mediapipe"", ""13"": ""raw_mediapipe"", ""14"": ""raw_mediapipe"", ""15"": ""raw_mediapipe"", ""16"": ""raw_mediapipe"", ""17"": ""raw_mediapipe"", ""18"": ""raw_mediapipe"", ""19"": ""raw_mediapipe"", ""20"": ""raw_mediapipe"", ""21"": ""raw_mediapipe"", ""22"": ""raw_mediapipe"", ""23"": ""raw_mediapipe"", ""24"": ""raw_mediapipe"", ""25"": ""raw_mediapipe"", ""26"": ""raw_mediapipe"", ""27"": ""raw_mediapipe"", ""28"": ""raw_mediapipe"", ""29"": ""raw_mediapipe"", ""30"": ""raw_mediapipe"", ""31"": ""raw_mediapipe"", ""32"": ""raw_mediapipe""}",0.3324,0.0,0.0,0.0,0.5543,0.0,0.0,0.0,0.0742,0.0,0.0,0.0,0.0468,0.0,0.0,0.0,0.3724,0.0,0.0,0.0,0.2804,0.0,0.0,0.0,0.2928,0.0,0.0,0.0,0.3372,0.0,0.0,0.0,0.0,0.0,0.0,0.0,0.0,0.0,0.0,0.0,0.0,0.0,0.0,0.0,0.0,0.0,0.0,0.0,0.0,0.0
31,1033,1.906834,detected,1,0,unstable,0.5472,0.7576,0.4554,5,0.8485,0.8979,0.0121,1.0,0.0,0.0,0.0,0.8125,0.8125,0.0,world,False,"{""0"": ""raw_mediapipe"", ""1"": ""raw_mediapipe"", ""2"": ""raw_mediapipe"", ""3"": ""raw_mediapipe"", ""4"": ""raw_mediapipe"", ""5"": ""raw_mediapipe"", ""6"": ""raw_mediapipe"", ""7"": ""raw_mediapipe"", ""8"": ""raw_mediapipe"", ""9"": ""raw_mediapipe"", ""10"": ""raw_mediapipe"", ""11"": ""raw_mediapipe"", ""12"": ""raw_mediapipe"", ""13"": ""raw_mediapipe"", ""14"": ""raw_mediapipe"", ""15"": ""raw_mediapipe"", ""16"": ""raw_mediapipe"", ""17"": ""raw_mediapipe"", ""18"": ""raw_mediapipe"", ""19"": ""raw_mediapipe"", ""20"": ""raw_mediapipe"", ""21"": ""raw_mediapipe"", ""22"": ""raw_mediapipe"", ""23"": ""raw_mediapipe"", ""24"": ""raw_mediapipe"", ""25"": ""raw_mediapipe"", ""26"": ""raw_mediapipe"", ""27"": ""raw_mediapipe"", ""28"": ""raw_mediapipe"", ""29"": ""raw_mediapipe"", ""30"": ""raw_mediapipe"", ""31"": ""raw_mediapipe"", ""32"": ""raw_mediapipe""}",0.2969,0.0,0.0,0.0,0.53,0.0,0.0,0.0,0.0,0.0,0.0,0.0,0.0,0.0,0.0,0.0,0.3739,0.0,0.0,0.0,0.2844,0.0,0.0,0.0,0.2616,0.0,0.0,0.0,0.3239,0.0,0.0,0.0,0.0,0.0,0.0,0.0,0.0,0.0,0.0,0.0,0.0,0.0,0.0,0.0,0.0,0.0,0.0,0.0,0.0,0.0
32,1066,2.022561,interpolated,0,0,interpolated,0.0,0.0,0.0,0,0.0,0.0,0.0,1.0,0.0,0.0,0.0,0.7879,0.7879,0.0,world,False,{},0.2674,0.0,0.0,0.0,0.5036,0.0,0.0,0.0,0.0762,0.0,0.0,0.0,0.0434,0.0,0.0,0.0,0.3687,0.0,0.0,0.0,0.2821,0.0,0.0,0.0,0.258,0.0,0.0,0.0,0.3203,0.0,0.0,0.0,0.0,0.0,0.0,0.0,0.0,0.0,0.0,0.0,0.0,0.0,0.0,0.0,0.0,0.0,0.0,0.0,0.0,0.0
33,1100,2.025792,detected,1,0,unstable,0.5564,0.7554,0.4391,3,0.9091,1.5672,0.0096,1.0,0.0,0.0,0.0,0.7941,0.7941,0.0,world,False,"{""0"": ""raw_mediapipe"", ""1"": ""raw_mediapipe"", ""2"": ""raw_mediapipe"", ""3"": ""raw_mediapipe"", ""4"": ""raw_mediapipe"", ""5"": ""raw_mediapipe"", ""6"": ""raw_mediapipe"", ""7"": ""raw_mediapipe"", ""8"": ""raw_mediapipe"", ""9"": ""raw_mediapipe"", ""10"": ""raw_mediapipe"", ""11"": ""raw_mediapipe"", ""12"": ""raw_mediapipe"", ""13"": ""raw_mediapipe"", ""14"": ""raw_mediapipe"", ""15"": ""raw_mediapipe"", ""16"": ""raw_mediapipe"", ""17"": ""raw_mediapipe"", ""18"": ""raw_mediapipe"", ""19"": ""raw_mediapipe"", ""20"": ""raw_mediapipe"", ""21"": ""raw_mediapipe"", ""22"": ""raw_mediapipe"", ""23"": ""raw_mediapipe"", ""24"": ""raw_mediapipe"", ""25"": ""raw_mediapipe"", ""26"": ""raw_mediapipe"", ""27"": ""raw_mediapipe"", ""28"": ""raw_mediapipe"", ""29"": ""raw_mediapipe"", ""30"": ""raw_mediapipe"", ""31"": ""raw_mediapipe"", ""32"": ""raw_mediapipe""}",0.2383,0.0,0.0,0.0,0.4774,0.0,0.0,0.0,0.082,0.0,0.0,0.0,0.0432,0.0,0.0,0.0,0.3638,0.0,0.0,0.0,0.2808,0.0,0.0,0.0,0.2546,0.0,0.0,0.0,0.3173,0.0,0.0,0.0,0.0,0.0,0.0,0.0,0.0,0.0,0.0,0.0,0.0,0.0,0.0,0.0,0.0,0.0,0.0,0.0,0.0,0.0
34,1133,2.077935,detected,1,0,partial_pose,0.5156,0.7289,0.3956,9,0.7273,1.067,0.0169,1.0,0.0,0.0,0.0,0.8,0.8,0.0,world,False,"{""0"": ""raw_mediapipe"", ""1"": ""raw_mediapipe"", ""2"": ""raw_mediapipe"", ""3"": ""raw_mediapipe"", ""4"": ""raw_mediapipe"", ""5"": ""raw_mediapipe"", ""6"": ""raw_mediapipe"", ""7"": ""raw_mediapipe"", ""8"": ""raw_mediapipe"", ""9"": ""raw_mediapipe"", ""10"": ""raw_mediapipe"", ""11"": ""raw_mediapipe"", ""12"": ""raw_mediapipe"", ""13"": ""raw_mediapipe"", ""14"": ""raw_mediapipe"", ""15"": ""raw_mediapipe"", ""16"": ""raw_mediapipe"", ""17"": ""raw_mediapipe"", ""18"": ""raw_mediapipe"", ""19"": ""raw_mediapipe"", ""20"": ""raw_mediapipe"", ""21"": ""raw_mediapipe"", ""22"": ""raw_mediapipe"", ""23"": ""raw_mediapipe"", ""24"": ""raw_mediapipe"", ""25"": ""raw_mediapipe"", ""26"": ""raw_mediapipe"", ""27"": ""raw_mediapipe"", ""28"": ""raw_mediapipe"", ""29"": ""raw_mediapipe"", ""30"": ""raw_mediapipe"", ""31"": ""raw_mediapipe"", ""32"": ""raw_mediapipe""}",0.0,0.0,0.0,0.0,0.0,0.0,0.0,0.0,0.0,0.0,0.0,0.0,0.0,0.0,0.0,0.0,0.0,0.0,0.0,0.0,0.0,0.0,0.0,0.0,0.2466,0.0,0.0,0.0,0.32,0.0,0.0,0.0,0.0,0.0,0.0,0.0,0.0,0.0,0.0,0.0,0.0,0.0,0.0,0.0,0.0,0.0,0.0,0.0,0.0,0.0
35,1166,2.19176,interpolated,0,0,interpolated,0.0,0.0,0.0,0,0.0,0.0,0.0,1.0,0.0,0.0,0.0,0.7778,0.7778,0.0,world,False,{},0.0,0.0,0.0,0.0,0.0,0.0,0.0,0.0,0.0,0.0,0.0,0.0,0.0,0.0,0.0,0.0,0.0,0.0,0.0,0.0,0.0,0.0,0.0,0.0,0.2323,0.0,0.0,0.0,0.3083,0.0,0.0,0.0,0.0,0.0,0.0,0.0,0.0,0.0,0.0,0.0,0.0,0.0,0.0,0.0,0.0,0.0,0.0,0.0,0.0,0.0
36,1200,2.194645,detected,1,0,low_confidence,0.4381,0.7171,0.4035,13,0.6061,2.6099,0.0008,1.0,0.0,0.0,0.0,0.7838,0.7838,0.0,world,False,"{""0"": ""raw_mediapipe"", ""1"": ""raw_mediapipe"", ""2"": ""raw_mediapipe"", ""3"": ""raw_mediapipe"", ""4"": ""raw_mediapipe"", ""5"": ""raw_mediapipe"", ""6"": ""raw_mediapipe"", ""7"": ""raw_mediapipe"", ""8"": ""raw_mediapipe"", ""9"": ""raw_mediapipe"", ""10"": ""raw_mediapipe"", ""11"": ""raw_mediapipe"", ""12"": ""raw_mediapipe"", ""13"": ""raw_mediapipe"", ""14"": ""raw_mediapipe"", ""15"": ""raw_mediapipe"", ""16"": ""raw_mediapipe"", ""17"": ""raw_mediapipe"", ""18"": ""raw_mediapipe"", ""19"": ""raw_mediapipe"", ""20"": ""raw_mediapipe"", ""21"": ""raw_mediapipe"", ""22"": ""raw_mediapipe"", ""23"": ""raw_mediapipe"", ""24"": ""raw_mediapipe"", ""25"": ""raw_mediapipe"", ""26"": ""raw_mediapipe"", ""27"": ""raw_mediapipe"", ""28"": ""raw_mediapipe"", ""29"": ""raw_mediapipe"", ""30"": ""raw_mediapipe"", ""31"": ""raw_mediapipe"", ""32"": ""raw_mediapipe""}",0.0,0.0,0.0,0.0,0.0,0.0,0.0,0.0,0.0,0.0,0.0,0.0,0.0,0.0,0.0,0.0,0.0,0.0,0.0,0.0,0.0,0.0,0.0,0.0,0.2187,0.0,0.0,0.0,0.2976,0.0,0.0,0.0,0.0,0.0,0.0,0.0,0.0,0.0,0.0,0.0,0.0,0.0,0.0,0.0,0.0,0.0,0.0,0.0,0.0,0.0
37,1233,2.303315,interpolated,0,0,interpolated,0.0,0.0,0.0,0,0.0,0.0,0.0,1.0,0.0,0.0,0.0,0.7632,0.7632,0.0,world,False,{},0.0,0.0,0.0,0.0,0.0,0.0,0.0,0.0,0.0,0.0,0.0,0.0,0.0,0.0,0.0,0.0,0.0,0.0,0.0,0.0,0.0,0.0,0.0,0.0,0.2113,0.0,0.0,0.0,0.3035,0.0,0.0,0.0,0.0,0.0,0.0,0.0,0.0,0.0,0.0,0.0,0.0,0.0,0.0,0.0,0.0,0.0,0.0,0.0,0.0,0.0
38,1266,2.306229,detected,1,0,partial_pose,0.5315,0.7186,0.3981,12,0.6364,1.546,0.0347,1.0,0.0,0.0,0.0,0.7692,0.7692,0.0,world,False,"{""0"": ""raw_mediapipe"", ""1"": ""raw_mediapipe"", ""2"": ""raw_mediapipe"", ""3"": ""raw_mediapipe"", ""4"": ""raw_mediapipe"", ""5"": ""raw_mediapipe"", ""6"": ""raw_mediapipe"", ""7"": ""raw_mediapipe"", ""8"": ""raw_mediapipe"", ""9"": ""raw_mediapipe"", ""10"": ""raw_mediapipe"", ""11"": ""raw_mediapipe"", ""12"": ""raw_mediapipe"", ""13"": ""raw_mediapipe"", ""14"": ""raw_mediapipe"", ""15"": ""raw_mediapipe"", ""16"": ""raw_mediapipe"", ""17"": ""raw_mediapipe"", ""18"": ""raw_mediapipe"", ""19"": ""raw_mediapipe"", ""20"": ""raw_mediapipe"", ""21"": ""raw_mediapipe"", ""22"": ""raw_mediapipe"", ""23"": ""raw_mediapipe"", ""24"": ""raw_mediapipe"", ""25"": ""raw_mediapipe"", ""26"": ""raw_mediapipe"", ""27"": ""raw_mediapipe"", ""28"": ""raw_mediapipe"", ""29"": ""raw_mediapipe"", ""30"": ""raw_mediapipe"", ""31"": ""raw_mediapipe"", ""32"": ""raw_mediapipe""}",0.0,0.0,0.0,0.0,0.0,0.0,0.0,0.0,0.0,0.0,0.0,0.0,0.0,0.0,0.0,0.0,0.0,0.0,0.0,0.0,0.0,0.0,0.0,0.0,0.205,0.0,0.0,0.0,0.3095,0.0,0.0,0.0,0.0,0.0,0.0,0.0,0.0,0.0,0.0,0.0,0.0,0.0,0.0,0.0,0.0,0.0,0.0,0.0,0.0,0.0
39,1300,2.358559,detected,1,0,unstable,0.6333,0.7458,0.4562,4,0.8788,0.2718,0.0451,1.0,0.0,0.0,0.0,0.775,0.775,0.0,world,False,"{""0"": ""raw_mediapipe"", ""1"": ""raw_mediapipe"", ""2"": ""raw_mediapipe"", ""3"": ""raw_mediapipe"", ""4"": ""raw_mediapipe"", ""5"": ""raw_mediapipe"", ""6"": ""raw_mediapipe"", ""7"": ""raw_mediapipe"", ""8"": ""raw_mediapipe"", ""9"": ""raw_mediapipe"", ""10"": ""raw_mediapipe"", ""11"": ""raw_mediapipe"", ""12"": ""raw_mediapipe"", ""13"": ""raw_mediapipe"", ""14"": ""raw_mediapipe"", ""15"": ""raw_mediapipe"", ""16"": ""raw_mediapipe"", ""17"": ""raw_mediapipe"", ""18"": ""raw_mediapipe"", ""19"": ""raw_mediapipe"", ""20"": ""raw_mediapipe"", ""21"": ""raw_mediapipe"", ""22"": ""raw_mediapipe"", ""23"": ""raw_mediapipe"", ""24"": ""raw_mediapipe"", ""25"": ""raw_mediapipe"", ""26"": ""raw_mediapipe"", ""27"": ""raw_mediapipe"", ""28"": ""raw_mediapipe"", ""29"": ""raw_mediapipe"", ""30"": ""raw_mediapipe"", ""31"": ""raw_mediapipe"", ""32"": ""raw_mediapipe""}",0.0835,0.0,0.0,0.0,0.4121,0.0,0.0,0.0,0.1346,0.0,0.0,0.0,0.0527,0.0,0.0,0.0,0.272,0.0,0.0,0.0,0.2474,0.0,0.0,0.0,0.1891,0.0,0.0,0.0,0.2874,0.0,0.0,0.0,0.0,0.0,0.0,0.0,0.0,0.0,0.0,0.0,0.0,0.0,0.0,0.0,0.0,0.0,0.0,0.0,0.0,0.0
40,1333,2.410192,detected,1,0,unstable,0.6877,0.7706,0.5099,0,1.0,0.5082,0.0499,1.0,0.0,0.0,0.0,0.7805,0.7805,0.0,world,False,"{""0"": ""raw_mediapipe"", ""1"": ""raw_mediapipe"", ""2"": ""raw_mediapipe"", ""3"": ""raw_mediapipe"", ""4"": ""raw_mediapipe"", ""5"": ""raw_mediapipe"", ""6"": ""raw_mediapipe"", ""7"": ""raw_mediapipe"", ""8"": ""raw_mediapipe"", ""9"": ""raw_mediapipe"", ""10"": ""raw_mediapipe"", ""11"": ""raw_mediapipe"", ""12"": ""raw_mediapipe"", ""13"": ""raw_mediapipe"", ""14"": ""raw_mediapipe"", ""15"": ""raw_mediapipe"", ""16"": ""raw_mediapipe"", ""17"": ""raw_mediapipe"", ""18"": ""raw_mediapipe"", ""19"": ""raw_mediapipe"", ""20"": ""raw_mediapipe"", ""21"": ""raw_mediapipe"", ""22"": ""raw_mediapipe"", ""23"": ""raw_mediapipe"", ""24"": ""raw_mediapipe"", ""25"": ""raw_mediapipe"", ""26"": ""raw_mediapipe"", ""27"": ""raw_mediapipe"", ""28"": ""raw_mediapipe"", ""29"": ""raw_mediapipe"", ""30"": ""raw_mediapipe"", ""31"": ""raw_mediapipe"", ""32"": ""raw_mediapipe""}",0.0713,0.0,0.0,0.0,0.3969,0.0,0.0,0.0,0.1439,0.0,0.0,0.0,0.0633,0.0,0.0,0.0,0.2492,0.0,0.0,0.0,0.226,0.0,0.0,0.0,0.18,0.0,0.0,0.0,0.2704,0.0,0.0,0.0,0.0,0.0,0.0,0.0,0.0,0.0,0.0,0.0,0.0,0.0,0.0,0.0,0.0,0.0,0.0,0.0,0.0,0.0
41,1366,2.462272,detected,1,0,unstable,0.6892,0.7927,0.556,0,1.0,0.3494,0.0472,1.0,0.0,0.0,0.0,0.7857,0.7857,0.0,world,False,"{""0"": ""raw_mediapipe"", ""1"": ""raw_mediapipe"", ""2"": ""raw_mediapipe"", ""3"": ""raw_mediapipe"", ""4"": ""raw_mediapipe"", ""5"": ""raw_mediapipe"", ""6"": ""raw_mediapipe"", ""7"": ""raw_mediapipe"", ""8"": ""raw_mediapipe"", ""9"": ""raw_mediapipe"", ""10"": ""raw_mediapipe"", ""11"": ""raw_mediapipe"", ""12"": ""raw_mediapipe"", ""13"": ""raw_mediapipe"", ""14"": ""raw_mediapipe"", ""15"": ""raw_mediapipe"", ""16"": ""raw_mediapipe"", ""17"": ""raw_mediapipe"", ""18"": ""raw_mediapipe"", ""19"": ""raw_mediapipe"", ""20"": ""raw_mediapipe"", ""21"": ""raw_mediapipe"", ""22"": ""raw_mediapipe"", ""23"": ""raw_mediapipe"", ""24"": ""raw_mediapipe"", ""25"": ""raw_mediapipe"", ""26"": ""raw_mediapipe"", ""27"": ""raw_mediapipe"", ""28"": ""raw_mediapipe"", ""29"": ""raw_mediapipe"", ""30"": ""raw_mediapipe"", ""31"": ""raw_mediapipe"", ""32"": ""raw_mediapipe""}",0.0773,0.0,0.0,0.0,0.3756,0.0,0.0,0.0,0.1534,0.0,0.0,0.0,0.0782,0.0,0.0,0.0,0.2421,0.0,0.0,0.0,0.2155,0.0,0.0,0.0,0.1827,0.0,0.0,0.0,0.2598,0.0,0.0,0.0,0.0,0.0,0.0,0.0,0.0,0.0,0.0,0.0,0.0,0.0,0.0,0.0,0.0,0.0,0.0,0.0,0.0,0.0
42,1400,2.515526,detected,1,0,unstable,0.651,0.7866,0.5174,0,1.0,1.1291,0.0328,1.0,0.0,0.0,0.0,0.7907,0.7907,0.0,world,False,"{""0"": ""raw_mediapipe"", ""1"": ""raw_mediapipe"", ""2"": ""raw_mediapipe"", ""3"": ""raw_mediapipe"", ""4"": ""raw_mediapipe"", ""5"": ""raw_mediapipe"", ""6"": ""raw_mediapipe"", ""7"": ""raw_mediapipe"", ""8"": ""raw_mediapipe"", ""9"": ""raw_mediapipe"", ""10"": ""raw_mediapipe"", ""11"": ""raw_mediapipe"", ""12"": ""raw_mediapipe"", ""13"": ""raw_mediapipe"", ""14"": ""raw_mediapipe"", ""15"": ""raw_mediapipe"", ""16"": ""raw_mediapipe"", ""17"": ""raw_mediapipe"", ""18"": ""raw_mediapipe"", ""19"": ""raw_mediapipe"", ""20"": ""raw_mediapipe"", ""21"": ""raw_mediapipe"", ""22"": ""raw_mediapipe"", ""23"": ""raw_mediapipe"", ""24"": ""raw_mediapipe"", ""25"": ""raw_mediapipe"", ""26"": ""raw_mediapipe"", ""27"": ""raw_mediapipe"", ""28"": ""raw_mediapipe"", ""29"": ""raw_mediapipe"", ""30"": ""raw_mediapipe"", ""31"": ""raw_mediapipe"", ""32"": ""raw_mediapipe""}",0.0954,0.0,0.0,0.0,0.3367,0.0,0.0,0.0,0.1681,0.0,0.0,0.0,0.0876,0.0,0.0,0.0,0.2527,0.0,0.0,0.0,0.216,0.0,0.0,0.0,0.1926,0.0,0.0,0.0,0.2527,0.0,0.0,0.0,0.0,0.0,0.0,0.0,0.0,0.0,0.0,0.0,0.0,0.0,0.0,0.0,0.0,0.0,0.0,0.0,0.0,0.0
43,1433,2.568796,detected,1,0,unstable,0.6638,0.7868,0.5036,0,1.0,0.4494,0.0379,1.0,0.0,0.0,0.0,0.7955,0.7955,0.0,world,False,"{""0"": ""raw_mediapipe"", ""1"": ""raw_mediapipe"", ""2"": ""raw_mediapipe"", ""3"": ""raw_mediapipe"", ""4"": ""raw_mediapipe"", ""5"": ""raw_mediapipe"", ""6"": ""raw_mediapipe"", ""7"": ""raw_mediapipe"", ""8"": ""raw_mediapipe"", ""9"": ""raw_mediapipe"", ""10"": ""raw_mediapipe"", ""11"": ""raw_mediapipe"", ""12"": ""raw_mediapipe"", ""13"": ""raw_mediapipe"", ""14"": ""raw_mediapipe"", ""15"": ""raw_mediapipe"", ""16"": ""raw_mediapipe"", ""17"": ""raw_mediapipe"", ""18"": ""raw_mediapipe"", ""19"": ""raw_mediapipe"", ""20"": ""raw_mediapipe"", ""21"": ""raw_mediapipe"", ""22"": ""raw_mediapipe"", ""23"": ""raw_mediapipe"", ""24"": ""raw_mediapipe"", ""25"": ""raw_mediapipe"", ""26"": ""raw_mediapipe"", ""27"": ""raw_mediapipe"", ""28"": ""raw_mediapipe"", ""29"": ""raw_mediapipe"", ""30"": ""raw_mediapipe"", ""31"": ""raw_mediapipe"", ""32"": ""raw_mediapipe""}",0.1163,0.0,0.0,0.0,0.291,0.0,0.0,0.0,0.1828,0.0,0.0,0.0,0.0947,0.0,0.0,0.0,0.26,0.0,0.0,0.0,0.2172,0.0,0.0,0.0,0.1998,0.0,0.0,0.0,0.2677,0.0,0.0,0.0,0.0,0.0,0.0,0.0,0.0,0.0,0.0,0.0,0.0,0.0,0.0,0.0,0.0,0.0,0.0,0.0,0.0,0.0
44,1466,2.621183,detected,1,0,unstable,0.6807,0.786,0.4626,1,0.9697,0.8512,0.0481,1.0,0.0,0.0,0.0,0.8,0.8,0.0,world,False,"{""0"": ""raw_mediapipe"", ""1"": ""raw_mediapipe"", ""2"": ""raw_mediapipe"", ""3"": ""raw_mediapipe"", ""4"": ""raw_mediapipe"", ""5"": ""raw_mediapipe"", ""6"": ""raw_mediapipe"", ""7"": ""raw_mediapipe"", ""8"": ""raw_mediapipe"", ""9"": ""raw_mediapipe"", ""10"": ""raw_mediapipe"", ""11"": ""raw_mediapipe"", ""12"": ""raw_mediapipe"", ""13"": ""raw_mediapipe"", ""14"": ""raw_mediapipe"", ""15"": ""raw_mediapipe"", ""16"": ""raw_mediapipe"", ""17"": ""raw_mediapipe"", ""18"": ""raw_mediapipe"", ""19"": ""raw_mediapipe"", ""20"": ""raw_mediapipe"", ""21"": ""raw_mediapipe"", ""22"": ""raw_mediapipe"", ""23"": ""raw_mediapipe"", ""24"": ""raw_mediapipe"", ""25"": ""raw_mediapipe"", ""26"": ""raw_mediapipe"", ""27"": ""raw_mediapipe"", ""28"": ""raw_mediapipe"", ""29"": ""raw_mediapipe"", ""30"": ""raw_mediapipe"", ""31"": ""raw_mediapipe"", ""32"": ""raw_mediapipe""}",0.1207,0.0,0.0,0.0,0.2453,0.0,0.0,0.0,0.0,0.0,0.0,0.0,0.0,0.0,0.0,0.0,0.2663,0.0,0.0,0.0,0.2187,0.0,0.0,0.0,0.2093,0.0,0.0,0.0,0.277,0.0,0.0,0.0,0.0,0.0,0.0,0.0,0.0,0.0,0.0,0.0,0.0,0.0,0.0,0.0,0.0,0.0,0.0,0.0,0.0,0.0
45,1500,2.6733,detected,1,0,unstable,0.6922,0.7884,0.423,1,0.9697,1.0354,0.0523,1.0,0.0,0.0,0.0,0.8043,0.8043,0.0,world,False,"{""0"": ""raw_mediapipe"", ""1"": ""raw_mediapipe"", ""2"": ""raw_mediapipe"", ""3"": ""raw_mediapipe"", ""4"": ""raw_mediapipe"", ""5"": ""raw_mediapipe"", ""6"": ""raw_mediapipe"", ""7"": ""raw_mediapipe"", ""8"": ""raw_mediapipe"", ""9"": ""raw_mediapipe"", ""10"": ""raw_mediapipe"", ""11"": ""raw_mediapipe"", ""12"": ""raw_mediapipe"", ""13"": ""raw_mediapipe"", ""14"": ""raw_mediapipe"", ""15"": ""raw_mediapipe"", ""16"": ""raw_mediapipe"", ""17"": ""raw_mediapipe"", ""18"": ""raw_mediapipe"", ""19"": ""raw_mediapipe"", ""20"": ""raw_mediapipe"", ""21"": ""raw_mediapipe"", ""22"": ""raw_mediapipe"", ""23"": ""raw_mediapipe"", ""24"": ""raw_mediapipe"", ""25"": ""raw_mediapipe"", ""26"": ""raw_mediapipe"", ""27"": ""raw_mediapipe"", ""28"": ""raw_mediapipe"", ""29"": ""raw_mediapipe"", ""30"": ""raw_mediapipe"", ""31"": ""raw_mediapipe"", ""32"": ""raw_mediapipe""}",0.1346,0.0,0.0,0.0,0.2048,0.0,0.0,0.0,0.0,0.0,0.0,0.0,0.0,0.0,0.0,0.0,0.2708,0.0,0.0,0.0,0.2132,0.0,0.0,0.0,0.2181,0.0,0.0,0.0,0.282,0.0,0.0,0.0,0.0,0.0,0.0,0.0,0.0,0.0,0.0,0.0,0.0,0.0,0.0,0.0,0.0,0.0,0.0,0.0,0.0,0.0
46,1533,2.728337,detected,1,0,unstable,0.6103,0.776,0.3846,5,0.8485,0.6699,0.0345,1.0,0.0,0.0,0.0,0.8085,0.8085,0.0,world,False,"{""0"": ""raw_mediapipe"", ""1"": ""raw_mediapipe"", ""2"": ""raw_mediapipe"", ""3"": ""raw_mediapipe"", ""4"": ""raw_mediapipe"", ""5"": ""raw_mediapipe"", ""6"": ""raw_mediapipe"", ""7"": ""raw_mediapipe"", ""8"": ""raw_mediapipe"", ""9"": ""raw_mediapipe"", ""10"": ""raw_mediapipe"", ""11"": ""raw_mediapipe"", ""12"": ""raw_mediapipe"", ""13"": ""raw_mediapipe"", ""14"": ""raw_mediapipe"", ""15"": ""raw_mediapipe"", ""16"": ""raw_mediapipe"", ""17"": ""raw_mediapipe"", ""18"": ""raw_mediapipe"", ""19"": ""raw_mediapipe"", ""20"": ""raw_mediapipe"", ""21"": ""raw_mediapipe"", ""22"": ""raw_mediapipe"", ""23"": ""raw_mediapipe"", ""24"": ""raw_mediapipe"", ""25"": ""raw_mediapipe"", ""26"": ""raw_mediapipe"", ""27"": ""raw_mediapipe"", ""28"": ""raw_mediapipe"", ""29"": ""raw_mediapipe"", ""30"": ""raw_mediapipe"", ""31"": ""raw_mediapipe"", ""32"": ""raw_mediapipe""}",0.152,0.0,0.0,0.0,0.1874,0.0,0.0,0.0,0.0,0.0,0.0,0.0,0.0,0.0,0.0,0.0,0.2771,0.0,0.0,0.0,0.2139,0.0,0.0,0.0,0.2293,0.0,0.0,0.0,0.2887,0.0,0.0,0.0,0.0,0.0,0.0,0.0,0.0,0.0,0.0,0.0,0.0,0.0,0.0,0.0,0.0,0.0,0.0,0.0,0.0,0.0
47,1566,2.781203,detected,1,0,valid,0.6217,0.7645,0.3503,5,0.8485,0.1828,0.0307,1.0,0.0,0.0,0.0,0.8125,0.8125,0.0,world,False,"{""0"": ""raw_mediapipe"", ""1"": ""raw_mediapipe"", ""2"": ""raw_mediapipe"", ""3"": ""raw_mediapipe"", ""4"": ""raw_mediapipe"", ""5"": ""raw_mediapipe"", ""6"": ""raw_mediapipe"", ""7"": ""raw_mediapipe"", ""8"": ""raw_mediapipe"", ""9"": ""raw_mediapipe"", ""10"": ""raw_mediapipe"", ""11"": ""raw_mediapipe"", ""12"": ""raw_mediapipe"", ""13"": ""raw_mediapipe"", ""14"": ""raw_mediapipe"", ""15"": ""raw_mediapipe"", ""16"": ""raw_mediapipe"", ""17"": ""raw_mediapipe"", ""18"": ""raw_mediapipe"", ""19"": ""raw_mediapipe"", ""20"": ""raw_mediapipe"", ""21"": ""raw_mediapipe"", ""22"": ""raw_mediapipe"", ""23"": ""raw_mediapipe"", ""24"": ""raw_mediapipe"", ""25"": ""raw_mediapipe"", ""26"": ""raw_mediapipe"", ""27"": ""raw_mediapipe"", ""28"": ""raw_mediapipe"", ""29"": ""raw_mediapipe"", ""30"": ""raw_mediapipe"", ""31"": ""raw_mediapipe"", ""32"": ""raw_mediapipe""}",0.1717,0.0,0.0,0.0,0.1796,0.0,0.0,0.0,0.0,0.0,0.0,0.0,0.0,0.0,0.0,0.0,0.2869,0.0,0.0,0.0,0.2148,0.0,0.0,0.0,0.2397,0.0,0.0,0.0,0.2965,0.0,0.0,0.0,0.0,0.0,0.0,0.0,0.0,0.0,0.0,0.0,0.0,0.0,0.0,0.0,0.0,0.0,0.0,0.0,0.0,0.0
48,1600,2.83535,detected,1,0,unstable,0.5831,0.734,0.3273,5,0.8485,0.6926,0.03,1.0,0.0,0.0,0.0,0.8163,0.8163,0.0,world,False,"{""0"": ""raw_mediapipe"", ""1"": ""raw_mediapipe"", ""2"": ""raw_mediapipe"", ""3"": ""raw_mediapipe"", ""4"": ""raw_mediapipe"", ""5"": ""raw_mediapipe"", ""6"": ""raw_mediapipe"", ""7"": ""raw_mediapipe"", ""8"": ""raw_mediapipe"", ""9"": ""raw_mediapipe"", ""10"": ""raw_mediapipe"", ""11"": ""raw_mediapipe"", ""12"": ""raw_mediapipe"", ""13"": ""raw_mediapipe"", ""14"": ""raw_mediapipe"", ""15"": ""raw_mediapipe"", ""16"": ""raw_mediapipe"", ""17"": ""raw_mediapipe"", ""18"": ""raw_mediapipe"", ""19"": ""raw_mediapipe"", ""20"": ""raw_mediapipe"", ""21"": ""raw_mediapipe"", ""22"": ""raw_mediapipe"", ""23"": ""raw_mediapipe"", ""24"": ""raw_mediapipe"", ""25"": ""raw_mediapipe"", ""26"": ""raw_mediapipe"", ""27"": ""raw_mediapipe"", ""28"": ""raw_mediapipe"", ""29"": ""raw_mediapipe"", ""30"": ""raw_mediapipe"", ""31"": ""raw_mediapipe"", ""32"": ""raw_mediapipe""}",0.1854,0.0,0.0,0.0,0.1728,0.0,0.0,0.0,0.0,0.0,0.0,0.0,0.0,0.0,0.0,0.0,0.2926,0.0,0.0,0.0,0.2159,0.0,0.0,0.0,0.2494,0.0,0.0,0.0,0.2996,0.0,0.0,0.0,0.0,0.0,0.0,0.0,0.0,0.0,0.0,0.0,0.0,0.0,0.0,0.0,0.0,0.0,0.0,0.0,0.0,0.0
49,1633,2.887852,detected,1,0,partial_pose,0.5385,0.7389,0.3933,10,0.697,0.7098,0.0278,1.0,0.0,0.0,0.0,0.82,0.82,0.0,world,False,"{""0"": ""raw_mediapipe"", ""1"": ""raw_mediapipe"", ""2"": ""raw_mediapipe"", ""3"": ""raw_mediapipe"", ""4"": ""raw_mediapipe"", ""5"": ""raw_mediapipe"", ""6"": ""raw_mediapipe"", ""7"": ""raw_mediapipe"", ""8"": ""raw_mediapipe"", ""9"": ""raw_mediapipe"", ""10"": ""raw_mediapipe"", ""11"": ""raw_mediapipe"", ""12"": ""raw_mediapipe"", ""13"": ""raw_mediapipe"", ""14"": ""raw_mediapipe"", ""15"": ""raw_mediapipe"", ""16"": ""raw_mediapipe"", ""17"": ""raw_mediapipe"", ""18"": ""raw_mediapipe"", ""19"": ""raw_mediapipe"", ""20"": ""raw_mediapipe"", ""21"": ""raw_mediapipe"", ""22"": ""raw_mediapipe"", ""23"": ""raw_mediapipe"", ""24"": ""raw_mediapipe"", ""25"": ""raw_mediapipe"", ""26"": ""raw_mediapipe"", ""27"": ""raw_mediapipe"", ""28"": ""raw_mediapipe"", ""29"": ""raw_mediapipe"", ""30"": ""raw_mediapipe"", ""31"": ""raw_mediapipe"", ""32"": ""raw_mediapipe""}",0.0,0.0,0.0,0.0,0.0,0.0,0.0,0.0,0.0,0.0,0.0,0.0,0.0,0.0,0.0,0.0,0.2951,0.0,0.0,0.0,0.2141,0.0,0.0,0.0,0.257,0.0,0.0,0.0,0.2985,0.0,0.0,0.0,0.0,0.0,0.0,0.0,0.0,0.0,0.0,0.0,0.0,0.0,0.0,0.0,0.0,0.0,0.0,0.0,0.0,0.0
50,1666,2.940276,detected,1,0,unstable,0.5784,0.7559,0.431,7,0.7879,0.6115,0.0314,1.0,0.0,0.0,0.0,0.8235,0.8235,0.0,world,False,"{""0"": ""raw_mediapipe"", ""1"": ""raw_mediapipe"", ""2"": ""raw_mediapipe"", ""3"": ""raw_mediapipe"", ""4"": ""raw_mediapipe"", ""5"": ""raw_mediapipe"", ""6"": ""raw_mediapipe"", ""7"": ""raw_mediapipe"", ""8"": ""raw_mediapipe"", ""9"": ""raw_mediapipe"", ""10"": ""raw_mediapipe"", ""11"": ""raw_mediapipe"", ""12"": ""raw_mediapipe"", ""13"": ""raw_mediapipe"", ""14"": ""raw_mediapipe"", ""15"": ""raw_mediapipe"", ""16"": ""raw_mediapipe"", ""17"": ""raw_mediapipe"", ""18"": ""raw_mediapipe"", ""19"": ""raw_mediapipe"", ""20"": ""raw_mediapipe"", ""21"": ""raw_mediapipe"", ""22"": ""raw_mediapipe"", ""23"": ""raw_mediapipe"", ""24"": ""raw_mediapipe"", ""25"": ""raw_mediapipe"", ""26"": ""raw_mediapipe"", ""27"": ""raw_mediapipe"", ""28"": ""raw_mediapipe"", ""29"": ""raw_mediapipe"", ""30"": ""raw_mediapipe"", ""31"": ""raw_mediapipe"", ""32"": ""raw_mediapipe""}",0.0,0.0,0.0,0.0,0.0,0.0,0.0,0.0,0.0,0.0,0.0,0.0,0.0,0.0,0.0,0.0,0.2983,0.0,0.0,0.0,0.2197,0.0,0.0,0.0,0.2645,0.0,0.0,0.0,0.2995,0.0,0.0,0.0,0.0,0.0,0.0,0.0,0.0,0.0,0.0,0.0,0.0,0.0,0.0,0.0,0.0,0.0,0.0,0.0,0.0,0.0
51,1700,2.992832,detected,1,0,unstable,0.6347,0.7727,0.4595,3,0.9091,0.6056,0.0382,1.0,0.0,0.0,0.0,0.8269,0.8269,0.0,world,False,"{""0"": ""raw_mediapipe"", ""1"": ""raw_mediapipe"", ""2"": ""raw_mediapipe"", ""3"": ""raw_mediapipe"", ""4"": ""raw_mediapipe"", ""5"": ""raw_mediapipe"", ""6"": ""raw_mediapipe"", ""7"": ""raw_mediapipe"", ""8"": ""raw_mediapipe"", ""9"": ""raw_mediapipe"", ""10"": ""raw_mediapipe"", ""11"": ""raw_mediapipe"", ""12"": ""raw_mediapipe"", ""13"": ""raw_mediapipe"", ""14"": ""raw_mediapipe"", ""15"": ""raw_mediapipe"", ""16"": ""raw_mediapipe"", ""17"": ""raw_mediapipe"", ""18"": ""raw_mediapipe"", ""19"": ""raw_mediapipe"", ""20"": ""raw_mediapipe"", ""21"": ""raw_mediapipe"", ""22"": ""raw_mediapipe"", ""23"": ""raw_mediapipe"", ""24"": ""raw_mediapipe"", ""25"": ""raw_mediapipe"", ""26"": ""raw_mediapipe"", ""27"": ""raw_mediapipe"", ""28"": ""raw_mediapipe"", ""29"": ""raw_mediapipe"", ""30"": ""raw_mediapipe"", ""31"": ""raw_mediapipe"", ""32"": ""raw_mediapipe""}",0.0,0.0,0.0,0.0,0.0,0.0,0.0,0.0,0.0,0.0,0.0,0.0,0.0,0.0,0.0,0.0,0.302,0.0,0.0,0.0,0.2214,0.0,0.0,0.0,0.2712,0.0,0.0,0.0,0.3034,0.0,0.0,0.0,0.0,0.0,0.0,0.0,0.0,0.0,0.0,0.0,0.0,0.0,0.0,0.0,0.0,0.0,0.0,0.0,0.0,0.0
52,1733,3.046932,detected,1,0,unstable,0.6461,0.7779,0.4714,2,0.9394,0.8663,0.0387,1.0,0.0,0.0,0.0,0.8302,0.8302,0.0,world,False,"{""0"": ""raw_mediapipe"", ""1"": ""raw_mediapipe"", ""2"": ""raw_mediapipe"", ""3"": ""raw_mediapipe"", ""4"": ""raw_mediapipe"", ""5"": ""raw_mediapipe"", ""6"": ""raw_mediapipe"", ""7"": ""raw_mediapipe"", ""8"": ""raw_mediapipe"", ""9"": ""raw_mediapipe"", ""10"": ""raw_mediapipe"", ""11"": ""raw_mediapipe"", ""12"": ""raw_mediapipe"", ""13"": ""raw_mediapipe"", ""14"": ""raw_mediapipe"", ""15"": ""raw_mediapipe"", ""16"": ""raw_mediapipe"", ""17"": ""raw_mediapipe"", ""18"": ""raw_mediapipe"", ""19"": ""raw_mediapipe"", ""20"": ""raw_mediapipe"", ""21"": ""raw_mediapipe"", ""22"": ""raw_mediapipe"", ""23"": ""raw_mediapipe"", ""24"": ""raw_mediapipe"", ""25"": ""raw_mediapipe"", ""26"": ""raw_mediapipe"", ""27"": ""raw_mediapipe"", ""28"": ""raw_mediapipe"", ""29"": ""raw_mediapipe"", ""30"": ""raw_mediapipe"", ""31"": ""raw_mediapipe"", ""32"": ""raw_mediapipe""}",0.0,0.0,0.0,0.0,0.0,0.0,0.0,0.0,0.3098,0.0,0.0,0.0,0.0969,0.0,0.0,0.0,0.3054,0.0,0.0,0.0,0.2267,0.0,0.0,0.0,0.2776,0.0,0.0,0.0,0.3044,0.0,0.0,0.0,0.0,0.0,0.0,0.0,0.0,0.0,0.0,0.0,0.0,0.0,0.0,0.0,0.0,0.0,0.0,0.0,0.0,0.0
53,1766,3.099756,detected,1,0,unstable,0.6234,0.769,0.4556,3,0.9091,0.557,0.0343,1.0,0.0,0.0,0.0,0.8333,0.8333,0.0,world,False,"{""0"": ""raw_mediapipe"", ""1"": ""raw_mediapipe"", ""2"": ""raw_mediapipe"", ""3"": ""raw_mediapipe"", ""4"": ""raw_mediapipe"", ""5"": ""raw_mediapipe"", ""6"": ""raw_mediapipe"", ""7"": ""raw_mediapipe"", ""8"": ""raw_mediapipe"", ""9"": ""raw_mediapipe"", ""10"": ""raw_mediapipe"", ""11"": ""raw_mediapipe"", ""12"": ""raw_mediapipe"", ""13"": ""raw_mediapipe"", ""14"": ""raw_mediapipe"", ""15"": ""raw_mediapipe"", ""16"": ""raw_mediapipe"", ""17"": ""raw_mediapipe"", ""18"": ""raw_mediapipe"", ""19"": ""raw_mediapipe"", ""20"": ""raw_mediapipe"", ""21"": ""raw_mediapipe"", ""22"": ""raw_mediapipe"", ""23"": ""raw_mediapipe"", ""24"": ""raw_mediapipe"", ""25"": ""raw_mediapipe"", ""26"": ""raw_mediapipe"", ""27"": ""raw_mediapipe"", ""28"": ""raw_mediapipe"", ""29"": ""raw_mediapipe"", ""30"": ""raw_mediapipe"", ""31"": ""raw_mediapipe"", ""32"": ""raw_mediapipe""}",0.2716,0.0,0.0,0.0,0.1966,0.0,0.0,0.0,0.0,0.0,0.0,0.0,0.0,0.0,0.0,0.0,0.3094,0.0,0.0,0.0,0.2307,0.0,0.0,0.0,0.2806,0.0,0.0,0.0,0.307,0.0,0.0,0.0,0.0,0.0,0.0,0.0,0.0,0.0,0.0,0.0,0.0,0.0,0.0,0.0,0.0,0.0,0.0,0.0,0.0,0.0
54,1800,3.160401,detected,1,0,unstable,0.6099,0.7656,0.4233,5,0.8485,0.2785,0.036,1.0,0.0,0.0,0.0,0.8364,0.8364,0.0,world,False,"{""0"": ""raw_mediapipe"", ""1"": ""raw_mediapipe"", ""2"": ""raw_mediapipe"", ""3"": ""raw_mediapipe"", ""4"": ""raw_mediapipe"", ""5"": ""raw_mediapipe"", ""6"": ""raw_mediapipe"", ""7"": ""raw_mediapipe"", ""8"": ""raw_mediapipe"", ""9"": ""raw_mediapipe"", ""10"": ""raw_mediapipe"", ""11"": ""raw_mediapipe"", ""12"": ""raw_mediapipe"", ""13"": ""raw_mediapipe"", ""14"": ""raw_mediapipe"", ""15"": ""raw_mediapipe"", ""16"": ""raw_mediapipe"", ""17"": ""raw_mediapipe"", ""18"": ""raw_mediapipe"", ""19"": ""raw_mediapipe"", ""20"": ""raw_mediapipe"", ""21"": ""raw_mediapipe"", ""22"": ""raw_mediapipe"", ""23"": ""raw_mediapipe"", ""24"": ""raw_mediapipe"", ""25"": ""raw_mediapipe"", ""26"": ""raw_mediapipe"", ""27"": ""raw_mediapipe"", ""28"": ""raw_mediapipe"", ""29"": ""raw_mediapipe"", ""30"": ""raw_mediapipe"", ""31"": ""raw_mediapipe"", ""32"": ""raw_mediapipe""}",0.2649,0.0,0.0,0.0,0.1838,0.0,0.0,0.0,0.0,0.0,0.0,0.0,0.0,0.0,0.0,0.0,0.31,0.0,0.0,0.0,0.2385,0.0,0.0,0.0,0.281,0.0,0.0,0.0,0.3097,0.0,0.0,0.0,0.0,0.0,0.0,0.0,0.0,0.0,0.0,0.0,0.0,0.0,0.0,0.0,0.0,0.0,0.0,0.0,0.0,0.0
55,1833,3.213049,detected,1,0,unstable,0.6207,0.7488,0.3823,5,0.8485,0.6953,0.0428,1.0,0.0,0.0,0.0,0.8393,0.8393,0.0,world,False,"{""0"": ""raw_mediapipe"", ""1"": ""raw_mediapipe"", ""2"": ""raw_mediapipe"", ""3"": ""raw_mediapipe"", ""4"": ""raw_mediapipe"", ""5"": ""raw_mediapipe"", ""6"": ""raw_mediapipe"", ""7"": ""raw_mediapipe"", ""8"": ""raw_mediapipe"", ""9"": ""raw_mediapipe"", ""10"": ""raw_mediapipe"", ""11"": ""raw_mediapipe"", ""12"": ""raw_mediapipe"", ""13"": ""raw_mediapipe"", ""14"": ""raw_mediapipe"", ""15"": ""raw_mediapipe"", ""16"": ""raw_mediapipe"", ""17"": ""raw_mediapipe"", ""18"": ""raw_mediapipe"", ""19"": ""raw_mediapipe"", ""20"": ""raw_mediapipe"", ""21"": ""raw_mediapipe"", ""22"": ""raw_mediapipe"", ""23"": ""raw_mediapipe"", ""24"": ""raw_mediapipe"", ""25"": ""raw_mediapipe"", ""26"": ""raw_mediapipe"", ""27"": ""raw_mediapipe"", ""28"": ""raw_mediapipe"", ""29"": ""raw_mediapipe"", ""30"": ""raw_mediapipe"", ""31"": ""raw_mediapipe"", ""32"": ""raw_mediapipe""}",0.2552,0.0,0.0,0.0,0.1878,0.0,0.0,0.0,0.0,0.0,0.0,0.0,0.0,0.0,0.0,0.0,0.3091,0.0,0.0,0.0,0.242,0.0,0.0,0.0,0.2821,0.0,0.0,0.0,0.3082,0.0,0.0,0.0,0.0,0.0,0.0,0.0,0.0,0.0,0.0,0.0,0.0,0.0,0.0,0.0,0.0,0.0,0.0,0.0,0.0,0.0
56,1866,3.264757,detected,1,0,unstable,0.6292,0.7398,0.3452,6,0.8182,0.46,0.0509,1.0,0.0,0.0,0.0,0.8421,0.8421,0.0,world,False,"{""0"": ""raw_mediapipe"", ""1"": ""raw_mediapipe"", ""2"": ""raw_mediapipe"", ""3"": ""raw_mediapipe"", ""4"": ""raw_mediapipe"", ""5"": ""raw_mediapipe"", ""6"": ""raw_mediapipe"", ""7"": ""raw_mediapipe"", ""8"": ""raw_mediapipe"", ""9"": ""raw_mediapipe"", ""10"": ""raw_mediapipe"", ""11"": ""raw_mediapipe"", ""12"": ""raw_mediapipe"", ""13"": ""raw_mediapipe"", ""14"": ""raw_mediapipe"", ""15"": ""raw_mediapipe"", ""16"": ""raw_mediapipe"", ""17"": ""raw_mediapipe"", ""18"": ""raw_mediapipe"", ""19"": ""raw_mediapipe"", ""20"": ""raw_mediapipe"", ""21"": ""raw_mediapipe"", ""22"": ""raw_mediapipe"", ""23"": ""raw_mediapipe"", ""24"": ""raw_mediapipe"", ""25"": ""raw_mediapipe"", ""26"": ""raw_mediapipe"", ""27"": ""raw_mediapipe"", ""28"": ""raw_mediapipe"", ""29"": ""raw_mediapipe"", ""30"": ""raw_mediapipe"", ""31"": ""raw_mediapipe"", ""32"": ""raw_mediapipe""}",0.2529,0.0,0.0,0.0,0.1807,0.0,0.0,0.0,0.0,0.0,0.0,0.0,0.0,0.0,0.0,0.0,0.3096,0.0,0.0,0.0,0.241,0.0,0.0,0.0,0.2824,0.0,0.0,0.0,0.3067,0.0,0.0,0.0,0.0,0.0,0.0,0.0,0.0,0.0,0.0,0.0,0.0,0.0,0.0,0.0,0.0,0.0,0.0,0.0,0.0,0.0
57,1900,3.321434,detected,1,0,unstable,0.633,0.7371,0.3114,6,0.8182,0.4692,0.0528,1.0,0.0,0.0,0.0,0.8448,0.8448,0.0,world,False,"{""0"": ""raw_mediapipe"", ""1"": ""raw_mediapipe"", ""2"": ""raw_mediapipe"", ""3"": ""raw_mediapipe"", ""4"": ""raw_mediapipe"", ""5"": ""raw_mediapipe"", ""6"": ""raw_mediapipe"", ""7"": ""raw_mediapipe"", ""8"": ""raw_mediapipe"", ""9"": ""raw_mediapipe"", ""10"": ""raw_mediapipe"", ""11"": ""raw_mediapipe"", ""12"": ""raw_mediapipe"", ""13"": ""raw_mediapipe"", ""14"": ""raw_mediapipe"", ""15"": ""raw_mediapipe"", ""16"": ""raw_mediapipe"", ""17"": ""raw_mediapipe"", ""18"": ""raw_mediapipe"", ""19"": ""raw_mediapipe"", ""20"": ""raw_mediapipe"", ""21"": ""raw_mediapipe"", ""22"": ""raw_mediapipe"", ""23"": ""raw_mediapipe"", ""24"": ""raw_mediapipe"", ""25"": ""raw_mediapipe"", ""26"": ""raw_mediapipe"", ""27"": ""raw_mediapipe"", ""28"": ""raw_mediapipe"", ""29"": ""raw_mediapipe"", ""30"": ""raw_mediapipe"", ""31"": ""raw_mediapipe"", ""32"": ""raw_mediapipe""}",0.2454,0.0,0.0,0.0,0.1824,0.0,0.0,0.0,0.0,0.0,0.0,0.0,0.0,0.0,0.0,0.0,0.3094,0.0,0.0,0.0,0.2439,0.0,0.0,0.0,0.2812,0.0,0.0,0.0,0.3091,0.0,0.0,0.0,0.0,0.0,0.0,0.0,0.0,0.0,0.0,0.0,0.0,0.0,0.0,0.0,0.0,0.0,0.0,0.0,0.0,0.0
58,1933,3.372638,detected,1,0,partial_pose,0.6201,0.7305,0.2805,9,0.7273,0.293,0.0585,1.0,0.0,0.0,0.0,0.8475,0.8475,0.0,world,False,"{""0"": ""raw_mediapipe"", ""1"": ""raw_mediapipe"", ""2"": ""raw_mediapipe"", ""3"": ""raw_mediapipe"", ""4"": ""raw_mediapipe"", ""5"": ""raw_mediapipe"", ""6"": ""raw_mediapipe"", ""7"": ""raw_mediapipe"", ""8"": ""raw_mediapipe"", ""9"": ""raw_mediapipe"", ""10"": ""raw_mediapipe"", ""11"": ""raw_mediapipe"", ""12"": ""raw_mediapipe"", ""13"": ""raw_mediapipe"", ""14"": ""raw_mediapipe"", ""15"": ""raw_mediapipe"", ""16"": ""raw_mediapipe"", ""17"": ""raw_mediapipe"", ""18"": ""raw_mediapipe"", ""19"": ""raw_mediapipe"", ""20"": ""raw_mediapipe"", ""21"": ""raw_mediapipe"", ""22"": ""raw_mediapipe"", ""23"": ""raw_mediapipe"", ""24"": ""raw_mediapipe"", ""25"": ""raw_mediapipe"", ""26"": ""raw_mediapipe"", ""27"": ""raw_mediapipe"", ""28"": ""raw_mediapipe"", ""29"": ""raw_mediapipe"", ""30"": ""raw_mediapipe"", ""31"": ""raw_mediapipe"", ""32"": ""raw_mediapipe""}",0.2372,0.0,0.0,0.0,0.0,0.0,0.0,0.0,0.0,0.0,0.0,0.0,0.0,0.0,0.0,0.0,0.31,0.0,0.0,0.0,0.2484,0.0,0.0,0.0,0.2771,0.0,0.0,0.0,0.3091,0.0,0.0,0.0,0.0,0.0,0.0,0.0,0.0,0.0,0.0,0.0,0.0,0.0,0.0,0.0,0.0,0.0,0.0,0.0,0.0,0.0
59,1966,3.424114,detected,1,0,partial_pose,0.6172,0.7254,0.2534,10,0.697,0.3217,0.0614,1.0,0.0,0.0,0.0,0.85,0.85,0.0,world,False,"{""0"": ""raw_mediapipe"", ""1"": ""raw_mediapipe"", ""2"": ""raw_mediapipe"", ""3"": ""raw_mediapipe"", ""4"": ""raw_mediapipe"", ""5"": ""raw_mediapipe"", ""6"": ""raw_mediapipe"", ""7"": ""raw_mediapipe"", ""8"": ""raw_mediapipe"", ""9"": ""raw_mediapipe"", ""10"": ""raw_mediapipe"", ""11"": ""raw_mediapipe"", ""12"": ""raw_mediapipe"", ""13"": ""raw_mediapipe"", ""14"": ""raw_mediapipe"", ""15"": ""raw_mediapipe"", ""16"": ""raw_mediapipe"", ""17"": ""raw_mediapipe"", ""18"": ""raw_mediapipe"", ""19"": ""raw_mediapipe"", ""20"": ""raw_mediapipe"", ""21"": ""raw_mediapipe"", ""22"": ""raw_mediapipe"", ""23"": ""raw_mediapipe"", ""24"": ""raw_mediapipe"", ""25"": ""raw_mediapipe"", ""26"": ""raw_mediapipe"", ""27"": ""raw_mediapipe"", ""28"": ""raw_mediapipe"", ""29"": ""raw_mediapipe"", ""30"": ""raw_mediapipe"", ""31"": ""raw_mediapipe"", ""32"": ""raw_mediapipe""}",0.0,0.0,0.0,0.0,0.0,0.0,0.0,0.0,0.0,0.0,0.0,0.0,0.0,0.0,0.0,0.0,0.3104,0.0,0.0,0.0,0.2544,0.0,0.0,0.0,0.2749,0.0,0.0,0.0,0.3115,0.0,0.0,0.0,0.0,0.0,0.0,0.0,0.0,0.0,0.0,0.0,0.0,0.0,0.0,0.0,0.0,0.0,0.0,0.0,0.0,0.0
60,2000,3.476465,detected,1,0,partial_pose,0.6973,0.7238,0.2439,10,0.697,0.1015,0.0613,1.0,0.0,0.0,0.0,0.8525,0.8525,0.0,world,False,"{""0"": ""raw_mediapipe"", ""1"": ""raw_mediapipe"", ""2"": ""raw_mediapipe"", ""3"": ""raw_mediapipe"", ""4"": ""raw_mediapipe"", ""5"": ""raw_mediapipe"", ""6"": ""raw_mediapipe"", ""7"": ""raw_mediapipe"", ""8"": ""raw_mediapipe"", ""9"": ""raw_mediapipe"", ""10"": ""raw_mediapipe"", ""11"": ""raw_mediapipe"", ""12"": ""raw_mediapipe"", ""13"": ""raw_mediapipe"", ""14"": ""raw_mediapipe"", ""15"": ""raw_mediapipe"", ""16"": ""raw_mediapipe"", ""17"": ""raw_mediapipe"", ""18"": ""raw_mediapipe"", ""19"": ""raw_mediapipe"", ""20"": ""raw_mediapipe"", ""21"": ""raw_mediapipe"", ""22"": ""raw_mediapipe"", ""23"": ""raw_mediapipe"", ""24"": ""raw_mediapipe"", ""25"": ""raw_mediapipe"", ""26"": ""raw_mediapipe"", ""27"": ""raw_mediapipe"", ""28"": ""raw_mediapipe"", ""29"": ""raw_mediapipe"", ""30"": ""raw_mediapipe"", ""31"": ""raw_mediapipe"", ""32"": ""raw_mediapipe""}",0.0,0.0,0.0,0.0,0.0,0.0,0.0,0.0,0.0,0.0,0.0,0.0,0.0,0.0,0.0,0.0,0.315,0.0,0.0,0.0,0.2606,0.0,0.0,0.0,0.2741,0.0,0.0,0.0,0.3154,0.0,0.0,0.0,0.0,0.0,0.0,0.0,0.0,0.0,0.0,0.0,0.0,0.0,0.0,0.0,0.0,0.0,0.0,0.0,0.0,0.0
61,2033,3.529197,detected,1,0,partial_pose,0.608,0.7183,0.2199,10,0.697,0.2723,0.0587,1.0,0.0,0.0,0.0,0.8548,0.8548,0.0,world,False,"{""0"": ""raw_mediapipe"", ""1"": ""raw_mediapipe"", ""2"": ""raw_mediapipe"", ""3"": ""raw_mediapipe"", ""4"": ""raw_mediapipe"", ""5"": ""raw_mediapipe"", ""6"": ""raw_mediapipe"", ""7"": ""raw_mediapipe"", ""8"": ""raw_mediapipe"", ""9"": ""raw_mediapipe"", ""10"": ""raw_mediapipe"", ""11"": ""raw_mediapipe"", ""12"": ""raw_mediapipe"", ""13"": ""raw_mediapipe"", ""14"": ""raw_mediapipe"", ""15"": ""raw_mediapipe"", ""16"": ""raw_mediapipe"", ""17"": ""raw_mediapipe"", ""18"": ""raw_mediapipe"", ""19"": ""raw_mediapipe"", ""20"": ""raw_mediapipe"", ""21"": ""raw_mediapipe"", ""22"": ""raw_mediapipe"", ""23"": ""raw_mediapipe"", ""24"": ""raw_mediapipe"", ""25"": ""raw_mediapipe"", ""26"": ""raw_mediapipe"", ""27"": ""raw_mediapipe"", ""28"": ""raw_mediapipe"", ""29"": ""raw_mediapipe"", ""30"": ""raw_mediapipe"", ""31"": ""raw_mediapipe"", ""32"": ""raw_mediapipe""}",0.0,0.0,0.0,0.0,0.0,0.0,0.0,0.0,0.0,0.0,0.0,0.0,0.0,0.0,0.0,0.0,0.3185,0.0,0.0,0.0,0.2639,0.0,0.0,0.0,0.273,0.0,0.0,0.0,0.3197,0.0,0.0,0.0,0.0,0.0,0.0,0.0,0.0,0.0,0.0,0.0,0.0,0.0,0.0,0.0,0.0,0.0,0.0,0.0,0.0,0.0
62,2066,3.580247,detected,1,0,partial_pose,0.6005,0.7114,0.1984,10,0.697,0.2289,0.0568,1.0,0.0,0.0,0.0,0.8571,0.8571,0.0,world,False,"{""0"": ""raw_mediapipe"", ""1"": ""raw_mediapipe"", ""2"": ""raw_mediapipe"", ""3"": ""raw_mediapipe"", ""4"": ""raw_mediapipe"", ""5"": ""raw_mediapipe"", ""6"": ""raw_mediapipe"", ""7"": ""raw_mediapipe"", ""8"": ""raw_mediapipe"", ""9"": ""raw_mediapipe"", ""10"": ""raw_mediapipe"", ""11"": ""raw_mediapipe"", ""12"": ""raw_mediapipe"", ""13"": ""raw_mediapipe"", ""14"": ""raw_mediapipe"", ""15"": ""raw_mediapipe"", ""16"": ""raw_mediapipe"", ""17"": ""raw_mediapipe"", ""18"": ""raw_mediapipe"", ""19"": ""raw_mediapipe"", ""20"": ""raw_mediapipe"", ""21"": ""raw_mediapipe"", ""22"": ""raw_mediapipe"", ""23"": ""raw_mediapipe"", ""24"": ""raw_mediapipe"", ""25"": ""raw_mediapipe"", ""26"": ""raw_mediapipe"", ""27"": ""raw_mediapipe"", ""28"": ""raw_mediapipe"", ""29"": ""raw_mediapipe"", ""30"": ""raw_mediapipe"", ""31"": ""raw_mediapipe"", ""32"": ""raw_mediapipe""}",0.0,0.0,0.0,0.0,0.0,0.0,0.0,0.0,0.0,0.0,0.0,0.0,0.0,0.0,0.0,0.0,0.3213,0.0,0.0,0.0,0.2652,0.0,0.0,0.0,0.2714,0.0,0.0,0.0,0.3244,0.0,0.0,0.0,0.0,0.0,0.0,0.0,0.0,0.0,0.0,0.0,0.0,0.0,0.0,0.0,0.0,0.0,0.0,0.0,0.0,0.0
63,2100,3.632942,detected,1,0,partial_pose,0.6809,0.7005,0.1788,10,0.697,0.0881,0.0546,1.0,0.0,0.0,0.0,0.8594,0.8594,0.0,world,False,"{""0"": ""raw_mediapipe"", ""1"": ""raw_mediapipe"", ""2"": ""raw_mediapipe"", ""3"": ""raw_mediapipe"", ""4"": ""raw_mediapipe"", ""5"": ""raw_mediapipe"", ""6"": ""raw_mediapipe"", ""7"": ""raw_mediapipe"", ""8"": ""raw_mediapipe"", ""9"": ""raw_mediapipe"", ""10"": ""raw_mediapipe"", ""11"": ""raw_mediapipe"", ""12"": ""raw_mediapipe"", ""13"": ""raw_mediapipe"", ""14"": ""raw_mediapipe"", ""15"": ""raw_mediapipe"", ""16"": ""raw_mediapipe"", ""17"": ""raw_mediapipe"", ""18"": ""raw_mediapipe"", ""19"": ""raw_mediapipe"", ""20"": ""raw_mediapipe"", ""21"": ""raw_mediapipe"", ""22"": ""raw_mediapipe"", ""23"": ""raw_mediapipe"", ""24"": ""raw_mediapipe"", ""25"": ""raw_mediapipe"", ""26"": ""raw_mediapipe"", ""27"": ""raw_mediapipe"", ""28"": ""raw_mediapipe"", ""29"": ""raw_mediapipe"", ""30"": ""raw_mediapipe"", ""31"": ""raw_mediapipe"", ""32"": ""raw_mediapipe""}",0.0,0.0,0.0,0.0,0.0,0.0,0.0,0.0,0.0,0.0,0.0,0.0,0.0,0.0,0.0,0.0,0.3235,0.0,0.0,0.0,0.2682,0.0,0.0,0.0,0.2707,0.0,0.0,0.0,0.3306,0.0,0.0,0.0,0.0,0.0,0.0,0.0,0.0,0.0,0.0,0.0,0.0,0.0,0.0,0.0,0.0,0.0,0.0,0.0,0.0,0.0
64,2133,3.688751,detected,1,0,partial_pose,0.6765,0.6793,0.1611,10,0.697,0.0743,0.0524,1.0,0.0,0.0,0.0,0.8615,0.8615,0.0,world,False,"{""0"": ""raw_mediapipe"", ""1"": ""raw_mediapipe"", ""2"": ""raw_mediapipe"", ""3"": ""raw_mediapipe"", ""4"": ""raw_mediapipe"", ""5"": ""raw_mediapipe"", ""6"": ""raw_mediapipe"", ""7"": ""raw_mediapipe"", ""8"": ""raw_mediapipe"", ""9"": ""raw_mediapipe"", ""10"": ""raw_mediapipe"", ""11"": ""raw_mediapipe"", ""12"": ""raw_mediapipe"", ""13"": ""raw_mediapipe"", ""14"": ""raw_mediapipe"", ""15"": ""raw_mediapipe"", ""16"": ""raw_mediapipe"", ""17"": ""raw_mediapipe"", ""18"": ""raw_mediapipe"", ""19"": ""raw_mediapipe"", ""20"": ""raw_mediapipe"", ""21"": ""raw_mediapipe"", ""22"": ""raw_mediapipe"", ""23"": ""raw_mediapipe"", ""24"": ""raw_mediapipe"", ""25"": ""raw_mediapipe"", ""26"": ""raw_mediapipe"", ""27"": ""raw_mediapipe"", ""28"": ""raw_mediapipe"", ""29"": ""raw_mediapipe"", ""30"": ""raw_mediapipe"", ""31"": ""raw_mediapipe"", ""32"": ""raw_mediapipe""}",0.0,0.0,0.0,0.0,0.0,0.0,0.0,0.0,0.0,0.0,0.0,0.0,0.0,0.0,0.0,0.0,0.3266,0.0,0.0,0.0,0.271,0.0,0.0,0.0,0.2702,0.0,0.0,0.0,0.3351,0.0,0.0,0.0,0.0,0.0,0.0,0.0,0.0,0.0,0.0,0.0,0.0,0.0,0.0,0.0,0.0,0.0,0.0,0.0,0.0,0.0
65,2166,3.743934,detected,1,0,partial_pose,0.5681,0.6636,0.1458,10,0.697,0.3997,0.0511,1.0,0.0,0.0,0.0,0.8636,0.8636,0.0,world,False,"{""0"": ""raw_mediapipe"", ""1"": ""raw_mediapipe"", ""2"": ""raw_mediapipe"", ""3"": ""raw_mediapipe"", ""4"": ""raw_mediapipe"", ""5"": ""raw_mediapipe"", ""6"": ""raw_mediapipe"", ""7"": ""raw_mediapipe"", ""8"": ""raw_mediapipe"", ""9"": ""raw_mediapipe"", ""10"": ""raw_mediapipe"", ""11"": ""raw_mediapipe"", ""12"": ""raw_mediapipe"", ""13"": ""raw_mediapipe"", ""14"": ""raw_mediapipe"", ""15"": ""raw_mediapipe"", ""16"": ""raw_mediapipe"", ""17"": ""raw_mediapipe"", ""18"": ""raw_mediapipe"", ""19"": ""raw_mediapipe"", ""20"": ""raw_mediapipe"", ""21"": ""raw_mediapipe"", ""22"": ""raw_mediapipe"", ""23"": ""raw_mediapipe"", ""24"": ""raw_mediapipe"", ""25"": ""raw_mediapipe"", ""26"": ""raw_mediapipe"", ""27"": ""raw_mediapipe"", ""28"": ""raw_mediapipe"", ""29"": ""raw_mediapipe"", ""30"": ""raw_mediapipe"", ""31"": ""raw_mediapipe"", ""32"": ""raw_mediapipe""}",0.0,0.0,0.0,0.0,0.0,0.0,0.0,0.0,0.0,0.0,0.0,0.0,0.0,0.0,0.0,0.0,0.3286,0.0,0.0,0.0,0.2733,0.0,0.0,0.0,0.2719,0.0,0.0,0.0,0.3368,0.0,0.0,0.0,0.0,0.0,0.0,0.0,0.0,0.0,0.0,0.0,0.0,0.0,0.0,0.0,0.0,0.0,0.0,0.0,0.0,0.0
66,2200,3.796722,detected,1,0,partial_pose,0.6597,0.6562,0.1317,10,0.697,0.0739,0.049,1.0,0.0,0.0,0.0,0.8657,0.8657,0.0,world,False,"{""0"": ""raw_mediapipe"", ""1"": ""raw_mediapipe"", ""2"": ""raw_mediapipe"", ""3"": ""raw_mediapipe"", ""4"": ""raw_mediapipe"", ""5"": ""raw_mediapipe"", ""6"": ""raw_mediapipe"", ""7"": ""raw_mediapipe"", ""8"": ""raw_mediapipe"", ""9"": ""raw_mediapipe"", ""10"": ""raw_mediapipe"", ""11"": ""raw_mediapipe"", ""12"": ""raw_mediapipe"", ""13"": ""raw_mediapipe"", ""14"": ""raw_mediapipe"", ""15"": ""raw_mediapipe"", ""16"": ""raw_mediapipe"", ""17"": ""raw_mediapipe"", ""18"": ""raw_mediapipe"", ""19"": ""raw_mediapipe"", ""20"": ""raw_mediapipe"", ""21"": ""raw_mediapipe"", ""22"": ""raw_mediapipe"", ""23"": ""raw_mediapipe"", ""24"": ""raw_mediapipe"", ""25"": ""raw_mediapipe"", ""26"": ""raw_mediapipe"", ""27"": ""raw_mediapipe"", ""28"": ""raw_mediapipe"", ""29"": ""raw_mediapipe"", ""30"": ""raw_mediapipe"", ""31"": ""raw_mediapipe"", ""32"": ""raw_mediapipe""}",0.0,0.0,0.0,0.0,0.0,0.0,0.0,0.0,0.0,0.0,0.0,0.0,0.0,0.0,0.0,0.0,0.3289,0.0,0.0,0.0,0.2751,0.0,0.0,0.0,0.2733,0.0,0.0,0.0,0.3395,0.0,0.0,0.0,0.0,0.0,0.0,0.0,0.0,0.0,0.0,0.0,0.0,0.0,0.0,0.0,0.0,0.0,0.0,0.0,0.0,0.0
67,2233,3.84845,detected,1,0,partial_pose,0.598,0.6533,0.1229,11,0.6667,0.1528,0.0495,1.0,0.0,0.0,0.0,0.8676,0.8676,0.0,world,False,"{""0"": ""raw_mediapipe"", ""1"": ""raw_mediapipe"", ""2"": ""raw_mediapipe"", ""3"": ""raw_mediapipe"", ""4"": ""raw_mediapipe"", ""5"": ""raw_mediapipe"", ""6"": ""raw_mediapipe"", ""7"": ""raw_mediapipe"", ""8"": ""raw_mediapipe"", ""9"": ""raw_mediapipe"", ""10"": ""raw_mediapipe"", ""11"": ""raw_mediapipe"", ""12"": ""raw_mediapipe"", ""13"": ""raw_mediapipe"", ""14"": ""raw_mediapipe"", ""15"": ""raw_mediapipe"", ""16"": ""raw_mediapipe"", ""17"": ""raw_mediapipe"", ""18"": ""raw_mediapipe"", ""19"": ""raw_mediapipe"", ""20"": ""raw_mediapipe"", ""21"": ""raw_mediapipe"", ""22"": ""raw_mediapipe"", ""23"": ""raw_mediapipe"", ""24"": ""raw_mediapipe"", ""25"": ""raw_mediapipe"", ""26"": ""raw_mediapipe"", ""27"": ""raw_mediapipe"", ""28"": ""raw_mediapipe"", ""29"": ""raw_mediapipe"", ""30"": ""raw_mediapipe"", ""31"": ""raw_mediapipe"", ""32"": ""raw_mediapipe""}",0.0,0.0,0.0,0.0,0.0,0.0,0.0,0.0,0.0,0.0,0.0,0.0,0.0,0.0,0.0,0.0,0.3301,0.0,0.0,0.0,0.2782,0.0,0.0,0.0,0.0,0.0,0.0,0.0,0.0,0.0,0.0,0.0,0.0,0.0,0.0,0.0,0.0,0.0,0.0,0.0,0.0,0.0,0.0,0.0,0.0,0.0,0.0,0.0,0.0,0.0
68,2266,3.902384,detected,1,0,partial_pose,0.5483,0.6487,0.1146,12,0.6364,0.2353,0.052,1.0,0.0,0.0,0.0,0.8696,0.8696,0.0,world,False,"{""0"": ""raw_mediapipe"", ""1"": ""raw_mediapipe"", ""2"": ""raw_mediapipe"", ""3"": ""raw_mediapipe"", ""4"": ""raw_mediapipe"", ""5"": ""raw_mediapipe"", ""6"": ""raw_mediapipe"", ""7"": ""raw_mediapipe"", ""8"": ""raw_mediapipe"", ""9"": ""raw_mediapipe"", ""10"": ""raw_mediapipe"", ""11"": ""raw_mediapipe"", ""12"": ""raw_mediapipe"", ""13"": ""raw_mediapipe"", ""14"": ""raw_mediapipe"", ""15"": ""raw_mediapipe"", ""16"": ""raw_mediapipe"", ""17"": ""raw_mediapipe"", ""18"": ""raw_mediapipe"", ""19"": ""raw_mediapipe"", ""20"": ""raw_mediapipe"", ""21"": ""raw_mediapipe"", ""22"": ""raw_mediapipe"", ""23"": ""raw_mediapipe"", ""24"": ""raw_mediapipe"", ""25"": ""raw_mediapipe"", ""26"": ""raw_mediapipe"", ""27"": ""raw_mediapipe"", ""28"": ""raw_mediapipe"", ""29"": ""raw_mediapipe"", ""30"": ""raw_mediapipe"", ""31"": ""raw_mediapipe"", ""32"": ""raw_mediapipe""}",0.0,0.0,0.0,0.0,0.0,0.0,0.0,0.0,0.0,0.0,0.0,0.0,0.0,0.0,0.0,0.0,0.3309,0.0,0.0,0.0,0.281,0.0,0.0,0.0,0.0,0.0,0.0,0.0,0.0,0.0,0.0,0.0,0.0,0.0,0.0,0.0,0.0,0.0,0.0,0.0,0.0,0.0,0.0,0.0,0.0,0.0,0.0,0.0,0.0,0.0
69,2300,3.958226,detected,1,0,partial_pose,0.5729,0.6554,0.1209,10,0.697,0.3444,0.0542,1.0,0.0,0.0,0.0,0.8714,0.8714,0.0,world,False,"{""0"": ""raw_mediapipe"", ""1"": ""raw_mediapipe"", ""2"": ""raw_mediapipe"", ""3"": ""raw_mediapipe"", ""4"": ""raw_mediapipe"", ""5"": ""raw_mediapipe"", ""6"": ""raw_mediapipe"", ""7"": ""raw_mediapipe"", ""8"": ""raw_mediapipe"", ""9"": ""raw_mediapipe"", ""10"": ""raw_mediapipe"", ""11"": ""raw_mediapipe"", ""12"": ""raw_mediapipe"", ""13"": ""raw_mediapipe"", ""14"": ""raw_mediapipe"", ""15"": ""raw_mediapipe"", ""16"": ""raw_mediapipe"", ""17"": ""raw_mediapipe"", ""18"": ""raw_mediapipe"", ""19"": ""raw_mediapipe"", ""20"": ""raw_mediapipe"", ""21"": ""raw_mediapipe"", ""22"": ""raw_mediapipe"", ""23"": ""raw_mediapipe"", ""24"": ""raw_mediapipe"", ""25"": ""raw_mediapipe"", ""26"": ""raw_mediapipe"", ""27"": ""raw_mediapipe"", ""28"": ""raw_mediapipe"", ""29"": ""raw_mediapipe"", ""30"": ""raw_mediapipe"", ""31"": ""raw_mediapipe"", ""32"": ""raw_mediapipe""}",0.0,0.0,0.0,0.0,0.0,0.0,0.0,0.0,0.0,0.0,0.0,0.0,0.0,0.0,0.0,0.0,0.3315,0.0,0.0,0.0,0.2838,0.0,0.0,0.0,0.2768,0.0,0.0,0.0,0.3521,0.0,0.0,0.0,0.0,0.0,0.0,0.0,0.0,0.0,0.0,0.0,0.0,0.0,0.0,0.0,0.0,0.0,0.0,0.0,0.0,0.0
70,2333,4.011685,detected,1,0,partial_pose,0.6456,0.6653,0.136,10,0.697,0.1256,0.0561,1.0,0.0,0.0,0.0,0.8732,0.8732,0.0,world,False,"{""0"": ""raw_mediapipe"", ""1"": ""raw_mediapipe"", ""2"": ""raw_mediapipe"", ""3"": ""raw_mediapipe"", ""4"": ""raw_mediapipe"", ""5"": ""raw_mediapipe"", ""6"": ""raw_mediapipe"", ""7"": ""raw_mediapipe"", ""8"": ""raw_mediapipe"", ""9"": ""raw_mediapipe"", ""10"": ""raw_mediapipe"", ""11"": ""raw_mediapipe"", ""12"": ""raw_mediapipe"", ""13"": ""raw_mediapipe"", ""14"": ""raw_mediapipe"", ""15"": ""raw_mediapipe"", ""16"": ""raw_mediapipe"", ""17"": ""raw_mediapipe"", ""18"": ""raw_mediapipe"", ""19"": ""raw_mediapipe"", ""20"": ""raw_mediapipe"", ""21"": ""raw_mediapipe"", ""22"": ""raw_mediapipe"", ""23"": ""raw_mediapipe"", ""24"": ""raw_mediapipe"", ""25"": ""raw_mediapipe"", ""26"": ""raw_mediapipe"", ""27"": ""raw_mediapipe"", ""28"": ""raw_mediapipe"", ""29"": ""raw_mediapipe"", ""30"": ""raw_mediapipe"", ""31"": ""raw_mediapipe"", ""32"": ""raw_mediapipe""}",0.0,0.0,0.0,0.0,0.0,0.0,0.0,0.0,0.0,0.0,0.0,0.0,0.0,0.0,0.0,0.0,0.3319,0.0,0.0,0.0,0.2886,0.0,0.0,0.0,0.2799,0.0,0.0,0.0,0.3564,0.0,0.0,0.0,0.0,0.0,0.0,0.0,0.0,0.0,0.0,0.0,0.0,0.0,0.0,0.0,0.0,0.0,0.0,0.0,0.0,0.0
71,2366,4.067359,detected,1,0,partial_pose,0.6593,0.6729,0.1342,10,0.697,0.1196,0.0588,1.0,0.0,0.0,0.0,0.875,0.875,0.0,world,False,"{""0"": ""raw_mediapipe"", ""1"": ""raw_mediapipe"", ""2"": ""raw_mediapipe"", ""3"": ""raw_mediapipe"", ""4"": ""raw_mediapipe"", ""5"": ""raw_mediapipe"", ""6"": ""raw_mediapipe"", ""7"": ""raw_mediapipe"", ""8"": ""raw_mediapipe"", ""9"": ""raw_mediapipe"", ""10"": ""raw_mediapipe"", ""11"": ""raw_mediapipe"", ""12"": ""raw_mediapipe"", ""13"": ""raw_mediapipe"", ""14"": ""raw_mediapipe"", ""15"": ""raw_mediapipe"", ""16"": ""raw_mediapipe"", ""17"": ""raw_mediapipe"", ""18"": ""raw_mediapipe"", ""19"": ""raw_mediapipe"", ""20"": ""raw_mediapipe"", ""21"": ""raw_mediapipe"", ""22"": ""raw_mediapipe"", ""23"": ""raw_mediapipe"", ""24"": ""raw_mediapipe"", ""25"": ""raw_mediapipe"", ""26"": ""raw_mediapipe"", ""27"": ""raw_mediapipe"", ""28"": ""raw_mediapipe"", ""29"": ""raw_mediapipe"", ""30"": ""raw_mediapipe"", ""31"": ""raw_mediapipe"", ""32"": ""raw_mediapipe""}",0.0,0.0,0.0,0.0,0.0,0.0,0.0,0.0,0.0,0.0,0.0,0.0,0.0,0.0,0.0,0.0,0.3322,0.0,0.0,0.0,0.2959,0.0,0.0,0.0,0.2846,0.0,0.0,0.0,0.3625,0.0,0.0,0.0,0.0,0.0,0.0,0.0,0.0,0.0,0.0,0.0,0.0,0.0,0.0,0.0,0.0,0.0,0.0,0.0,0.0,0.0
72,2400,4.120675,detected,1,0,partial_pose,0.6279,0.6798,0.1264,10,0.697,0.171,0.0592,1.0,0.0,0.0,0.0,0.8767,0.8767,0.0,world,False,"{""0"": ""raw_mediapipe"", ""1"": ""raw_mediapipe"", ""2"": ""raw_mediapipe"", ""3"": ""raw_mediapipe"", ""4"": ""raw_mediapipe"", ""5"": ""raw_mediapipe"", ""6"": ""raw_mediapipe"", ""7"": ""raw_mediapipe"", ""8"": ""raw_mediapipe"", ""9"": ""raw_mediapipe"", ""10"": ""raw_mediapipe"", ""11"": ""raw_mediapipe"", ""12"": ""raw_mediapipe"", ""13"": ""raw_mediapipe"", ""14"": ""raw_mediapipe"", ""15"": ""raw_mediapipe"", ""16"": ""raw_mediapipe"", ""17"": ""raw_mediapipe"", ""18"": ""raw_mediapipe"", ""19"": ""raw_mediapipe"", ""20"": ""raw_mediapipe"", ""21"": ""raw_mediapipe"", ""22"": ""raw_mediapipe"", ""23"": ""raw_mediapipe"", ""24"": ""raw_mediapipe"", ""25"": ""raw_mediapipe"", ""26"": ""raw_mediapipe"", ""27"": ""raw_mediapipe"", ""28"": ""raw_mediapipe"", ""29"": ""raw_mediapipe"", ""30"": ""raw_mediapipe"", ""31"": ""raw_mediapipe"", ""32"": ""raw_mediapipe""}",0.0,0.0,0.0,0.0,0.0,0.0,0.0,0.0,0.0,0.0,0.0,0.0,0.0,0.0,0.0,0.0,0.333,0.0,0.0,0.0,0.3037,0.0,0.0,0.0,0.2895,0.0,0.0,0.0,0.3687,0.0,0.0,0.0,0.0,0.0,0.0,0.0,0.0,0.0,0.0,0.0,0.0,0.0,0.0,0.0,0.0,0.0,0.0,0.0,0.0,0.0
73,2433,4.175383,detected,1,0,partial_pose,0.6344,0.6935,0.1315,10,0.697,0.1703,0.0595,1.0,0.0,0.0,0.0,0.8784,0.8784,0.0,world,False,"{""0"": ""raw_mediapipe"", ""1"": ""raw_mediapipe"", ""2"": ""raw_mediapipe"", ""3"": ""raw_mediapipe"", ""4"": ""raw_mediapipe"", ""5"": ""raw_mediapipe"", ""6"": ""raw_mediapipe"", ""7"": ""raw_mediapipe"", ""8"": ""raw_mediapipe"", ""9"": ""raw_mediapipe"", ""10"": ""raw_mediapipe"", ""11"": ""raw_mediapipe"", ""12"": ""raw_mediapipe"", ""13"": ""raw_mediapipe"", ""14"": ""raw_mediapipe"", ""15"": ""raw_mediapipe"", ""16"": ""raw_mediapipe"", ""17"": ""raw_mediapipe"", ""18"": ""raw_mediapipe"", ""19"": ""raw_mediapipe"", ""20"": ""raw_mediapipe"", ""21"": ""raw_mediapipe"", ""22"": ""raw_mediapipe"", ""23"": ""raw_mediapipe"", ""24"": ""raw_mediapipe"", ""25"": ""raw_mediapipe"", ""26"": ""raw_mediapipe"", ""27"": ""raw_mediapipe"", ""28"": ""raw_mediapipe"", ""29"": ""raw_mediapipe"", ""30"": ""raw_mediapipe"", ""31"": ""raw_mediapipe"", ""32"": ""raw_mediapipe""}",0.0,0.0,0.0,0.0,0.0,0.0,0.0,0.0,0.0,0.0,0.0,0.0,0.0,0.0,0.0,0.0,0.3344,0.0,0.0,0.0,0.3128,0.0,0.0,0.0,0.2943,0.0,0.0,0.0,0.3737,0.0,0.0,0.0,0.0,0.0,0.0,0.0,0.0,0.0,0.0,0.0,0.0,0.0,0.0,0.0,0.0,0.0,0.0,0.0,0.0,0.0
74,2466,4.231022,detected,1,0,partial_pose,0.6529,0.698,0.135,10,0.697,0.1476,0.0601,1.0,0.0,0.0,0.0,0.88,0.88,0.0,world,False,"{""0"": ""raw_mediapipe"", ""1"": ""raw_mediapipe"", ""2"": ""raw_mediapipe"", ""3"": ""raw_mediapipe"", ""4"": ""raw_mediapipe"", ""5"": ""raw_mediapipe"", ""6"": ""raw_mediapipe"", ""7"": ""raw_mediapipe"", ""8"": ""raw_mediapipe"", ""9"": ""raw_mediapipe"", ""10"": ""raw_mediapipe"", ""11"": ""raw_mediapipe"", ""12"": ""raw_mediapipe"", ""13"": ""raw_mediapipe"", ""14"": ""raw_mediapipe"", ""15"": ""raw_mediapipe"", ""16"": ""raw_mediapipe"", ""17"": ""raw_mediapipe"", ""18"": ""raw_mediapipe"", ""19"": ""raw_mediapipe"", ""20"": ""raw_mediapipe"", ""21"": ""raw_mediapipe"", ""22"": ""raw_mediapipe"", ""23"": ""raw_mediapipe"", ""24"": ""raw_mediapipe"", ""25"": ""raw_mediapipe"", ""26"": ""raw_mediapipe"", ""27"": ""raw_mediapipe"", ""28"": ""raw_mediapipe"", ""29"": ""raw_mediapipe"", ""30"": ""raw_mediapipe"", ""31"": ""raw_mediapipe"", ""32"": ""raw_mediapipe""}",0.0,0.0,0.0,0.0,0.0,0.0,0.0,0.0,0.0,0.0,0.0,0.0,0.0,0.0,0.0,0.0,0.336,0.0,0.0,0.0,0.321,0.0,0.0,0.0,0.2988,0.0,0.0,0.0,0.3787,0.0,0.0,0.0,0.0,0.0,0.0,0.0,0.0,0.0,0.0,0.0,0.0,0.0,0.0,0.0,0.0,0.0,0.0,0.0,0.0,0.0
75,2500,4.283787,detected,1,0,partial_pose,0.6483,0.7004,0.1512,10,0.697,0.1532,0.0593,1.0,0.0,0.0,0.0,0.8816,0.8816,0.0,world,False,"{""0"": ""raw_mediapipe"", ""1"": ""raw_mediapipe"", ""2"": ""raw_mediapipe"", ""3"": ""raw_mediapipe"", ""4"": ""raw_mediapipe"", ""5"": ""raw_mediapipe"", ""6"": ""raw_mediapipe"", ""7"": ""raw_mediapipe"", ""8"": ""raw_mediapipe"", ""9"": ""raw_mediapipe"", ""10"": ""raw_mediapipe"", ""11"": ""raw_mediapipe"", ""12"": ""raw_mediapipe"", ""13"": ""raw_mediapipe"", ""14"": ""raw_mediapipe"", ""15"": ""raw_mediapipe"", ""16"": ""raw_mediapipe"", ""17"": ""raw_mediapipe"", ""18"": ""raw_mediapipe"", ""19"": ""raw_mediapipe"", ""20"": ""raw_mediapipe"", ""21"": ""raw_mediapipe"", ""22"": ""raw_mediapipe"", ""23"": ""raw_mediapipe"", ""24"": ""raw_mediapipe"", ""25"": ""raw_mediapipe"", ""26"": ""raw_mediapipe"", ""27"": ""raw_mediapipe"", ""28"": ""raw_mediapipe"", ""29"": ""raw_mediapipe"", ""30"": ""raw_mediapipe"", ""31"": ""raw_mediapipe"", ""32"": ""raw_mediapipe""}",0.0,0.0,0.0,0.0,0.0,0.0,0.0,0.0,0.0,0.0,0.0,0.0,0.0,0.0,0.0,0.0,0.3381,0.0,0.0,0.0,0.3285,0.0,0.0,0.0,0.3031,0.0,0.0,0.0,0.3845,0.0,0.0,0.0,0.0,0.0,0.0,0.0,0.0,0.0,0.0,0.0,0.0,0.0,0.0,0.0,0.0,0.0,0.0,0.0,0.0,0.0
76,2533,4.342597,detected,1,0,partial_pose,0.6754,0.7148,0.1956,9,0.7273,0.1237,0.0567,1.0,0.0,0.0,0.0,0.8831,0.8831,0.0,world,False,"{""0"": ""raw_mediapipe"", ""1"": ""raw_mediapipe"", ""2"": ""raw_mediapipe"", ""3"": ""raw_mediapipe"", ""4"": ""raw_mediapipe"", ""5"": ""raw_mediapipe"", ""6"": ""raw_mediapipe"", ""7"": ""raw_mediapipe"", ""8"": ""raw_mediapipe"", ""9"": ""raw_mediapipe"", ""10"": ""raw_mediapipe"", ""11"": ""raw_mediapipe"", ""12"": ""raw_mediapipe"", ""13"": ""raw_mediapipe"", ""14"": ""raw_mediapipe"", ""15"": ""raw_mediapipe"", ""16"": ""raw_mediapipe"", ""17"": ""raw_mediapipe"", ""18"": ""raw_mediapipe"", ""19"": ""raw_mediapipe"", ""20"": ""raw_mediapipe"", ""21"": ""raw_mediapipe"", ""22"": ""raw_mediapipe"", ""23"": ""raw_mediapipe"", ""24"": ""raw_mediapipe"", ""25"": ""raw_mediapipe"", ""26"": ""raw_mediapipe"", ""27"": ""raw_mediapipe"", ""28"": ""raw_mediapipe"", ""29"": ""raw_mediapipe"", ""30"": ""raw_mediapipe"", ""31"": ""raw_mediapipe"", ""32"": ""raw_mediapipe""}",0.0,0.0,0.0,0.0,0.0,0.0,0.0,0.0,0.4344,0.0,0.0,0.0,0.0,0.0,0.0,0.0,0.3408,0.0,0.0,0.0,0.3367,0.0,0.0,0.0,0.3066,0.0,0.0,0.0,0.3917,0.0,0.0,0.0,0.0,0.0,0.0,0.0,0.0,0.0,0.0,0.0,0.0,0.0,0.0,0.0,0.0,0.0,0.0,0.0,0.0,0.0
77,2566,4.396597,detected,1,0,partial_pose,0.669,0.7233,0.2205,9,0.7273,0.1271,0.0538,1.0,0.0,0.0,0.0,0.8846,0.8846,0.0,world,False,"{""0"": ""raw_mediapipe"", ""1"": ""raw_mediapipe"", ""2"": ""raw_mediapipe"", ""3"": ""raw_mediapipe"", ""4"": ""raw_mediapipe"", ""5"": ""raw_mediapipe"", ""6"": ""raw_mediapipe"", ""7"": ""raw_mediapipe"", ""8"": ""raw_mediapipe"", ""9"": ""raw_mediapipe"", ""10"": ""raw_mediapipe"", ""11"": ""raw_mediapipe"", ""12"": ""raw_mediapipe"", ""13"": ""raw_mediapipe"", ""14"": ""raw_mediapipe"", ""15"": ""raw_mediapipe"", ""16"": ""raw_mediapipe"", ""17"": ""raw_mediapipe"", ""18"": ""raw_mediapipe"", ""19"": ""raw_mediapipe"", ""20"": ""raw_mediapipe"", ""21"": ""raw_mediapipe"", ""22"": ""raw_mediapipe"", ""23"": ""raw_mediapipe"", ""24"": ""raw_mediapipe"", ""25"": ""raw_mediapipe"", ""26"": ""raw_mediapipe"", ""27"": ""raw_mediapipe"", ""28"": ""raw_mediapipe"", ""29"": ""raw_mediapipe"", ""30"": ""raw_mediapipe"", ""31"": ""raw_mediapipe"", ""32"": ""raw_mediapipe""}",0.0,0.0,0.0,0.0,0.0,0.0,0.0,0.0,0.4256,0.0,0.0,0.0,0.0,0.0,0.0,0.0,0.3437,0.0,0.0,0.0,0.3426,0.0,0.0,0.0,0.3085,0.0,0.0,0.0,0.3972,0.0,0.0,0.0,0.0,0.0,0.0,0.0,0.0,0.0,0.0,0.0,0.0,0.0,0.0,0.0,0.0,0.0,0.0,0.0,0.0,0.0
78,2600,4.449026,detected,1,0,partial_pose,0.6813,0.7326,0.2288,10,0.697,0.0914,0.0508,1.0,0.0,0.0,0.0,0.8861,0.8861,0.0,world,False,"{""0"": ""raw_mediapipe"", ""1"": ""raw_mediapipe"", ""2"": ""raw_mediapipe"", ""3"": ""raw_mediapipe"", ""4"": ""raw_mediapipe"", ""5"": ""raw_mediapipe"", ""6"": ""raw_mediapipe"", ""7"": ""raw_mediapipe"", ""8"": ""raw_mediapipe"", ""9"": ""raw_mediapipe"", ""10"": ""raw_mediapipe"", ""11"": ""raw_mediapipe"", ""12"": ""raw_mediapipe"", ""13"": ""raw_mediapipe"", ""14"": ""raw_mediapipe"", ""15"": ""raw_mediapipe"", ""16"": ""raw_mediapipe"", ""17"": ""raw_mediapipe"", ""18"": ""raw_mediapipe"", ""19"": ""raw_mediapipe"", ""20"": ""raw_mediapipe"", ""21"": ""raw_mediapipe"", ""22"": ""raw_mediapipe"", ""23"": ""raw_mediapipe"", ""24"": ""raw_mediapipe"", ""25"": ""raw_mediapipe"", ""26"": ""raw_mediapipe"", ""27"": ""raw_mediapipe"", ""28"": ""raw_mediapipe"", ""29"": ""raw_mediapipe"", ""30"": ""raw_mediapipe"", ""31"": ""raw_mediapipe"", ""32"": ""raw_mediapipe""}",0.0,0.0,0.0,0.0,0.0,0.0,0.0,0.0,0.0,0.0,0.0,0.0,0.0,0.0,0.0,0.0,0.3462,0.0,0.0,0.0,0.3454,0.0,0.0,0.0,0.3089,0.0,0.0,0.0,0.4016,0.0,0.0,0.0,0.0,0.0,0.0,0.0,0.0,0.0,0.0,0.0,0.0,0.0,0.0,0.0,0.0,0.0,0.0,0.0,0.0,0.0
79,2633,4.501076,detected,1,0,partial_pose,0.6436,0.7316,0.2298,10,0.697,0.143,0.05,1.0,0.0,0.0,0.0,0.8875,0.8875,0.0,world,False,"{""0"": ""raw_mediapipe"", ""1"": ""raw_mediapipe"", ""2"": ""raw_mediapipe"", ""3"": ""raw_mediapipe"", ""4"": ""raw_mediapipe"", ""5"": ""raw_mediapipe"", ""6"": ""raw_mediapipe"", ""7"": ""raw_mediapipe"", ""8"": ""raw_mediapipe"", ""9"": ""raw_mediapipe"", ""10"": ""raw_mediapipe"", ""11"": ""raw_mediapipe"", ""12"": ""raw_mediapipe"", ""13"": ""raw_mediapipe"", ""14"": ""raw_mediapipe"", ""15"": ""raw_mediapipe"", ""16"": ""raw_mediapipe"", ""17"": ""raw_mediapipe"", ""18"": ""raw_mediapipe"", ""19"": ""raw_mediapipe"", ""20"": ""raw_mediapipe"", ""21"": ""raw_mediapipe"", ""22"": ""raw_mediapipe"", ""23"": ""raw_mediapipe"", ""24"": ""raw_mediapipe"", ""25"": ""raw_mediapipe"", ""26"": ""raw_mediapipe"", ""27"": ""raw_mediapipe"", ""28"": ""raw_mediapipe"", ""29"": ""raw_mediapipe"", ""30"": ""raw_mediapipe"", ""31"": ""raw_mediapipe"", ""32"": ""raw_mediapipe""}",0.0,0.0,0.0,0.0,0.0,0.0,0.0,0.0,0.0,0.0,0.0,0.0,0.0,0.0,0.0,0.0,0.3476,0.0,0.0,0.0,0.3469,0.0,0.0,0.0,0.3084,0.0,0.0,0.0,0.4043,0.0,0.0,0.0,0.0,0.0,0.0,0.0,0.0,0.0,0.0,0.0,0.0,0.0,0.0,0.0,0.0,0.0,0.0,0.0,0.0,0.0
80,2666,4.552924,detected,1,0,partial_pose,0.5851,0.7253,0.2133,10,0.697,0.3975,0.0485,1.0,0.0,0.0,0.0,0.8889,0.8889,0.0,world,False,"{""0"": ""raw_mediapipe"", ""1"": ""raw_mediapipe"", ""2"": ""raw_mediapipe"", ""3"": ""raw_mediapipe"", ""4"": ""raw_mediapipe"", ""5"": ""raw_mediapipe"", ""6"": ""raw_mediapipe"", ""7"": ""raw_mediapipe"", ""8"": ""raw_mediapipe"", ""9"": ""raw_mediapipe"", ""10"": ""raw_mediapipe"", ""11"": ""raw_mediapipe"", ""12"": ""raw_mediapipe"", ""13"": ""raw_mediapipe"", ""14"": ""raw_mediapipe"", ""15"": ""raw_mediapipe"", ""16"": ""raw_mediapipe"", ""17"": ""raw_mediapipe"", ""18"": ""raw_mediapipe"", ""19"": ""raw_mediapipe"", ""20"": ""raw_mediapipe"", ""21"": ""raw_mediapipe"", ""22"": ""raw_mediapipe"", ""23"": ""raw_mediapipe"", ""24"": ""raw_mediapipe"", ""25"": ""raw_mediapipe"", ""26"": ""raw_mediapipe"", ""27"": ""raw_mediapipe"", ""28"": ""raw_mediapipe"", ""29"": ""raw_mediapipe"", ""30"": ""raw_mediapipe"", ""31"": ""raw_mediapipe"", ""32"": ""raw_mediapipe""}",0.3911,0.0,0.0,0.0,0.0,0.0,0.0,0.0,0.0,0.0,0.0,0.0,0.0,0.0,0.0,0.0,0.0,0.0,0.0,0.0,0.0,0.0,0.0,0.0,0.3084,0.0,0.0,0.0,0.405,0.0,0.0,0.0,0.0,0.0,0.0,0.0,0.0,0.0,0.0,0.0,0.0,0.0,0.0,0.0,0.0,0.0,0.0,0.0,0.0,0.0
81,2700,4.60456,detected,1,0,partial_pose,0.5578,0.7092,0.1928,11,0.6667,0.3315,0.0433,1.0,0.0,0.0,0.0,0.8902,0.8902,0.0,world,False,"{""0"": ""raw_mediapipe"", ""1"": ""raw_mediapipe"", ""2"": ""raw_mediapipe"", ""3"": ""raw_mediapipe"", ""4"": ""raw_mediapipe"", ""5"": ""raw_mediapipe"", ""6"": ""raw_mediapipe"", ""7"": ""raw_mediapipe"", ""8"": ""raw_mediapipe"", ""9"": ""raw_mediapipe"", ""10"": ""raw_mediapipe"", ""11"": ""raw_mediapipe"", ""12"": ""raw_mediapipe"", ""13"": ""raw_mediapipe"", ""14"": ""raw_mediapipe"", ""15"": ""raw_mediapipe"", ""16"": ""raw_mediapipe"", ""17"": ""raw_mediapipe"", ""18"": ""raw_mediapipe"", ""19"": ""raw_mediapipe"", ""20"": ""raw_mediapipe"", ""21"": ""raw_mediapipe"", ""22"": ""raw_mediapipe"", ""23"": ""raw_mediapipe"", ""24"": ""raw_mediapipe"", ""25"": ""raw_mediapipe"", ""26"": ""raw_mediapipe"", ""27"": ""raw_mediapipe"", ""28"": ""raw_mediapipe"", ""29"": ""raw_mediapipe"", ""30"": ""raw_mediapipe"", ""31"": ""raw_mediapipe"", ""32"": ""raw_mediapipe""}",0.0,0.0,0.0,0.0,0.0,0.0,0.0,0.0,0.0,0.0,0.0,0.0,0.0,0.0,0.0,0.0,0.0,0.0,0.0,0.0,0.0,0.0,0.0,0.0,0.3049,0.0,0.0,0.0,0.4044,0.0,0.0,0.0,0.0,0.0,0.0,0.0,0.0,0.0,0.0,0.0,0.0,0.0,0.0,0.0,0.0,0.0,0.0,0.0,0.0,0.0
82,2733,4.659248,detected,1,0,partial_pose,0.6418,0.6964,0.1759,11,0.6667,0.0907,0.0436,1.0,0.0,0.0,0.0,0.8916,0.8916,0.0,world,False,"{""0"": ""raw_mediapipe"", ""1"": ""raw_mediapipe"", ""2"": ""raw_mediapipe"", ""3"": ""raw_mediapipe"", ""4"": ""raw_mediapipe"", ""5"": ""raw_mediapipe"", ""6"": ""raw_mediapipe"", ""7"": ""raw_mediapipe"", ""8"": ""raw_mediapipe"", ""9"": ""raw_mediapipe"", ""10"": ""raw_mediapipe"", ""11"": ""raw_mediapipe"", ""12"": ""raw_mediapipe"", ""13"": ""raw_mediapipe"", ""14"": ""raw_mediapipe"", ""15"": ""raw_mediapipe"", ""16"": ""raw_mediapipe"", ""17"": ""raw_mediapipe"", ""18"": ""raw_mediapipe"", ""19"": ""raw_mediapipe"", ""20"": ""raw_mediapipe"", ""21"": ""raw_mediapipe"", ""22"": ""raw_mediapipe"", ""23"": ""raw_mediapipe"", ""24"": ""raw_mediapipe"", ""25"": ""raw_mediapipe"", ""26"": ""raw_mediapipe"", ""27"": ""raw_mediapipe"", ""28"": ""raw_mediapipe"", ""29"": ""raw_mediapipe"", ""30"": ""raw_mediapipe"", ""31"": ""raw_mediapipe"", ""32"": ""raw_mediapipe""}",0.0,0.0,0.0,0.0,0.0,0.0,0.0,0.0,0.0,0.0,0.0,0.0,0.0,0.0,0.0,0.0,0.0,0.0,0.0,0.0,0.0,0.0,0.0,0.0,0.3008,0.0,0.0,0.0,0.4061,0.0,0.0,0.0,0.0,0.0,0.0,0.0,0.0,0.0,0.0,0.0,0.0,0.0,0.0,0.0,0.0,0.0,0.0,0.0,0.0,0.0
83,2766,4.713565,detected,1,0,partial_pose,0.5518,0.6887,0.1587,11,0.6667,0.4215,0.044,1.0,0.0,0.0,0.0,0.8929,0.8929,0.0,world,False,"{""0"": ""raw_mediapipe"", ""1"": ""raw_mediapipe"", ""2"": ""raw_mediapipe"", ""3"": ""raw_mediapipe"", ""4"": ""raw_mediapipe"", ""5"": ""raw_mediapipe"", ""6"": ""raw_mediapipe"", ""7"": ""raw_mediapipe"", ""8"": ""raw_mediapipe"", ""9"": ""raw_mediapipe"", ""10"": ""raw_mediapipe"", ""11"": ""raw_mediapipe"", ""12"": ""raw_mediapipe"", ""13"": ""raw_mediapipe"", ""14"": ""raw_mediapipe"", ""15"": ""raw_mediapipe"", ""16"": ""raw_mediapipe"", ""17"": ""raw_mediapipe"", ""18"": ""raw_mediapipe"", ""19"": ""raw_mediapipe"", ""20"": ""raw_mediapipe"", ""21"": ""raw_mediapipe"", ""22"": ""raw_mediapipe"", ""23"": ""raw_mediapipe"", ""24"": ""raw_mediapipe"", ""25"": ""raw_mediapipe"", ""26"": ""raw_mediapipe"", ""27"": ""raw_mediapipe"", ""28"": ""raw_mediapipe"", ""29"": ""raw_mediapipe"", ""30"": ""raw_mediapipe"", ""31"": ""raw_mediapipe"", ""32"": ""raw_mediapipe""}",0.0,0.0,0.0,0.0,0.0,0.0,0.0,0.0,0.0,0.0,0.0,0.0,0.0,0.0,0.0,0.0,0.0,0.0,0.0,0.0,0.0,0.0,0.0,0.0,0.2999,0.0,0.0,0.0,0.4071,0.0,0.0,0.0,0.0,0.0,0.0,0.0,0.0,0.0,0.0,0.0,0.0,0.0,0.0,0.0,0.0,0.0,0.0,0.0,0.0,0.0
84,2800,4.767858,detected,1,0,partial_pose,0.5428,0.6754,0.1432,11,0.6667,0.3188,0.0425,1.0,0.0,0.0,0.0,0.8941,0.8941,0.0,world,False,"{""0"": ""raw_mediapipe"", ""1"": ""raw_mediapipe"", ""2"": ""raw_mediapipe"", ""3"": ""raw_mediapipe"", ""4"": ""raw_mediapipe"", ""5"": ""raw_mediapipe"", ""6"": ""raw_mediapipe"", ""7"": ""raw_mediapipe"", ""8"": ""raw_mediapipe"", ""9"": ""raw_mediapipe"", ""10"": ""raw_mediapipe"", ""11"": ""raw_mediapipe"", ""12"": ""raw_mediapipe"", ""13"": ""raw_mediapipe"", ""14"": ""raw_mediapipe"", ""15"": ""raw_mediapipe"", ""16"": ""raw_mediapipe"", ""17"": ""raw_mediapipe"", ""18"": ""raw_mediapipe"", ""19"": ""raw_mediapipe"", ""20"": ""raw_mediapipe"", ""21"": ""raw_mediapipe"", ""22"": ""raw_mediapipe"", ""23"": ""raw_mediapipe"", ""24"": ""raw_mediapipe"", ""25"": ""raw_mediapipe"", ""26"": ""raw_mediapipe"", ""27"": ""raw_mediapipe"", ""28"": ""raw_mediapipe"", ""29"": ""raw_mediapipe"", ""30"": ""raw_mediapipe"", ""31"": ""raw_mediapipe"", ""32"": ""raw_mediapipe""}",0.0,0.0,0.0,0.0,0.0,0.0,0.0,0.0,0.0,0.0,0.0,0.0,0.0,0.0,0.0,0.0,0.0,0.0,0.0,0.0,0.0,0.0,0.0,0.0,0.2979,0.0,0.0,0.0,0.4112,0.0,0.0,0.0,0.0,0.0,0.0,0.0,0.0,0.0,0.0,0.0,0.0,0.0,0.0,0.0,0.0,0.0,0.0,0.0,0.0,0.0
85,2833,4.819414,detected,1,0,partial_pose,0.5453,0.6745,0.132,11,0.6667,0.2579,0.0436,1.0,0.0,0.0,0.0,0.8953,0.8953,0.0,world,False,"{""0"": ""raw_mediapipe"", ""1"": ""raw_mediapipe"", ""2"": ""raw_mediapipe"", ""3"": ""raw_mediapipe"", ""4"": ""raw_mediapipe"", ""5"": ""raw_mediapipe"", ""6"": ""raw_mediapipe"", ""7"": ""raw_mediapipe"", ""8"": ""raw_mediapipe"", ""9"": ""raw_mediapipe"", ""10"": ""raw_mediapipe"", ""11"": ""raw_mediapipe"", ""12"": ""raw_mediapipe"", ""13"": ""raw_mediapipe"", ""14"": ""raw_mediapipe"", ""15"": ""raw_mediapipe"", ""16"": ""raw_mediapipe"", ""17"": ""raw_mediapipe"", ""18"": ""raw_mediapipe"", ""19"": ""raw_mediapipe"", ""20"": ""raw_mediapipe"", ""21"": ""raw_mediapipe"", ""22"": ""raw_mediapipe"", ""23"": ""raw_mediapipe"", ""24"": ""raw_mediapipe"", ""25"": ""raw_mediapipe"", ""26"": ""raw_mediapipe"", ""27"": ""raw_mediapipe"", ""28"": ""raw_mediapipe"", ""29"": ""raw_mediapipe"", ""30"": ""raw_mediapipe"", ""31"": ""raw_mediapipe"", ""32"": ""raw_mediapipe""}",0.0,0.0,0.0,0.0,0.0,0.0,0.0,0.0,0.0,0.0,0.0,0.0,0.0,0.0,0.0,0.0,0.0,0.0,0.0,0.0,0.0,0.0,0.0,0.0,0.2984,0.0,0.0,0.0,0.4148,0.0,0.0,0.0,0.0,0.0,0.0,0.0,0.0,0.0,0.0,0.0,0.0,0.0,0.0,0.0,0.0,0.0,0.0,0.0,0.0,0.0
86,2866,4.872937,detected,1,0,partial_pose,0.5378,0.6629,0.1189,13,0.6061,0.2337,0.0489,1.0,0.0,0.0,0.0,0.8966,0.8966,0.0,world,False,"{""0"": ""raw_mediapipe"", ""1"": ""raw_mediapipe"", ""2"": ""raw_mediapipe"", ""3"": ""raw_mediapipe"", ""4"": ""raw_mediapipe"", ""5"": ""raw_mediapipe"", ""6"": ""raw_mediapipe"", ""7"": ""raw_mediapipe"", ""8"": ""raw_mediapipe"", ""9"": ""raw_mediapipe"", ""10"": ""raw_mediapipe"", ""11"": ""raw_mediapipe"", ""12"": ""raw_mediapipe"", ""13"": ""raw_mediapipe"", ""14"": ""raw_mediapipe"", ""15"": ""raw_mediapipe"", ""16"": ""raw_mediapipe"", ""17"": ""raw_mediapipe"", ""18"": ""raw_mediapipe"", ""19"": ""raw_mediapipe"", ""20"": ""raw_mediapipe"", ""21"": ""raw_mediapipe"", ""22"": ""raw_mediapipe"", ""23"": ""raw_mediapipe"", ""24"": ""raw_mediapipe"", ""25"": ""raw_mediapipe"", ""26"": ""raw_mediapipe"", ""27"": ""raw_mediapipe"", ""28"": ""raw_mediapipe"", ""29"": ""raw_mediapipe"", ""30"": ""raw_mediapipe"", ""31"": ""raw_mediapipe"", ""32"": ""raw_mediapipe""}",0.0,0.0,0.0,0.0,0.0,0.0,0.0,0.0,0.0,0.0,0.0,0.0,0.0,0.0,0.0,0.0,0.0,0.0,0.0,0.0,0.0,0.0,0.0,0.0,0.0,0.0,0.0,0.0,0.0,0.0,0.0,0.0,0.0,0.0,0.0,0.0,0.0,0.0,0.0,0.0,0.0,0.0,0.0,0.0,0.0,0.0,0.0,0.0,0.0,0.0
87,2900,4.932742,detected,1,0,partial_pose,0.5412,0.6447,0.1071,13,0.6061,0.2066,0.0494,1.0,0.0,0.0,0.0,0.8977,0.8977,0.0,world,False,"{""0"": ""raw_mediapipe"", ""1"": ""raw_mediapipe"", ""2"": ""raw_mediapipe"", ""3"": ""raw_mediapipe"", ""4"": ""raw_mediapipe"", ""5"": ""raw_mediapipe"", ""6"": ""raw_mediapipe"", ""7"": ""raw_mediapipe"", ""8"": ""raw_mediapipe"", ""9"": ""raw_mediapipe"", ""10"": ""raw_mediapipe"", ""11"": ""raw_mediapipe"", ""12"": ""raw_mediapipe"", ""13"": ""raw_mediapipe"", ""14"": ""raw_mediapipe"", ""15"": ""raw_mediapipe"", ""16"": ""raw_mediapipe"", ""17"": ""raw_mediapipe"", ""18"": ""raw_mediapipe"", ""19"": ""raw_mediapipe"", ""20"": ""raw_mediapipe"", ""21"": ""raw_mediapipe"", ""22"": ""raw_mediapipe"", ""23"": ""raw_mediapipe"", ""24"": ""raw_mediapipe"", ""25"": ""raw_mediapipe"", ""26"": ""raw_mediapipe"", ""27"": ""raw_mediapipe"", ""28"": ""raw_mediapipe"", ""29"": ""raw_mediapipe"", ""30"": ""raw_mediapipe"", ""31"": ""raw_mediapipe"", ""32"": ""raw_mediapipe""}",0.0,0.0,0.0,0.0,0.0,0.0,0.0,0.0,0.0,0.0,0.0,0.0,0.0,0.0,0.0,0.0,0.0,0.0,0.0,0.0,0.0,0.0,0.0,0.0,0.0,0.0,0.0,0.0,0.0,0.0,0.0,0.0,0.0,0.0,0.0,0.0,0.0,0.0,0.0,0.0,0.0,0.0,0.0,0.0,0.0,0.0,0.0,0.0,0.0,0.0
88,2933,4.987036,detected,1,0,partial_pose,0.637,0.6378,0.0966,13,0.6061,0.0561,0.0477,1.0,0.0,0.0,0.0,0.8989,0.8989,0.0,world,False,"{""0"": ""raw_mediapipe"", ""1"": ""raw_mediapipe"", ""2"": ""raw_mediapipe"", ""3"": ""raw_mediapipe"", ""4"": ""raw_mediapipe"", ""5"": ""raw_mediapipe"", ""6"": ""raw_mediapipe"", ""7"": ""raw_mediapipe"", ""8"": ""raw_mediapipe"", ""9"": ""raw_mediapipe"", ""10"": ""raw_mediapipe"", ""11"": ""raw_mediapipe"", ""12"": ""raw_mediapipe"", ""13"": ""raw_mediapipe"", ""14"": ""raw_mediapipe"", ""15"": ""raw_mediapipe"", ""16"": ""raw_mediapipe"", ""17"": ""raw_mediapipe"", ""18"": ""raw_mediapipe"", ""19"": ""raw_mediapipe"", ""20"": ""raw_mediapipe"", ""21"": ""raw_mediapipe"", ""22"": ""raw_mediapipe"", ""23"": ""raw_mediapipe"", ""24"": ""raw_mediapipe"", ""25"": ""raw_mediapipe"", ""26"": ""raw_mediapipe"", ""27"": ""raw_mediapipe"", ""28"": ""raw_mediapipe"", ""29"": ""raw_mediapipe"", ""30"": ""raw_mediapipe"", ""31"": ""raw_mediapipe"", ""32"": ""raw_mediapipe""}",0.0,0.0,0.0,0.0,0.0,0.0,0.0,0.0,0.0,0.0,0.0,0.0,0.0,0.0,0.0,0.0,0.0,0.0,0.0,0.0,0.0,0.0,0.0,0.0,0.0,0.0,0.0,0.0,0.0,0.0,0.0,0.0,0.0,0.0,0.0,0.0,0.0,0.0,0.0,0.0,0.0,0.0,0.0,0.0,0.0,0.0,0.0,0.0,0.0,0.0
89,2966,5.037759,detected,1,0,partial_pose,0.6064,0.6295,0.0873,13,0.6061,0.0829,0.044,1.0,0.0,0.0,0.0,0.9,0.9,0.0,world,False,"{""0"": ""raw_mediapipe"", ""1"": ""raw_mediapipe"", ""2"": ""raw_mediapipe"", ""3"": ""raw_mediapipe"", ""4"": ""raw_mediapipe"", ""5"": ""raw_mediapipe"", ""6"": ""raw_mediapipe"", ""7"": ""raw_mediapipe"", ""8"": ""raw_mediapipe"", ""9"": ""raw_mediapipe"", ""10"": ""raw_mediapipe"", ""11"": ""raw_mediapipe"", ""12"": ""raw_mediapipe"", ""13"": ""raw_mediapipe"", ""14"": ""raw_mediapipe"", ""15"": ""raw_mediapipe"", ""16"": ""raw_mediapipe"", ""17"": ""raw_mediapipe"", ""18"": ""raw_mediapipe"", ""19"": ""raw_mediapipe"", ""20"": ""raw_mediapipe"", ""21"": ""raw_mediapipe"", ""22"": ""raw_mediapipe"", ""23"": ""raw_mediapipe"", ""24"": ""raw_mediapipe"", ""25"": ""raw_mediapipe"", ""26"": ""raw_mediapipe"", ""27"": ""raw_mediapipe"", ""28"": ""raw_mediapipe"", ""29"": ""raw_mediapipe"", ""30"": ""raw_mediapipe"", ""31"": ""raw_mediapipe"", ""32"": ""raw_mediapipe""}",0.0,0.0,0.0,0.0,0.0,0.0,0.0,0.0,0.0,0.0,0.0,0.0,0.0,0.0,0.0,0.0,0.0,0.0,0.0,0.0,0.0,0.0,0.0,0.0,0.0,0.0,0.0,0.0,0.0,0.0,0.0,0.0,0.0,0.0,0.0,0.0,0.0,0.0,0.0,0.0,0.0,0.0,0.0,0.0,0.0,0.0,0.0,0.0,0.0,0.0
90,3000,5.093114,detected,1,0,partial_pose,0.502,0.6274,0.0787,13,0.6061,0.3753,0.04,1.0,0.0,0.0,0.0,0.9011,0.9011,0.0,world,False,"{""0"": ""raw_mediapipe"", ""1"": ""raw_mediapipe"", ""2"": ""raw_mediapipe"", ""3"": ""raw_mediapipe"", ""4"": ""raw_mediapipe"", ""5"": ""raw_mediapipe"", ""6"": ""raw_mediapipe"", ""7"": ""raw_mediapipe"", ""8"": ""raw_mediapipe"", ""9"": ""raw_mediapipe"", ""10"": ""raw_mediapipe"", ""11"": ""raw_mediapipe"", ""12"": ""raw_mediapipe"", ""13"": ""raw_mediapipe"", ""14"": ""raw_mediapipe"", ""15"": ""raw_mediapipe"", ""16"": ""raw_mediapipe"", ""17"": ""raw_mediapipe"", ""18"": ""raw_mediapipe"", ""19"": ""raw_mediapipe"", ""20"": ""raw_mediapipe"", ""21"": ""raw_mediapipe"", ""22"": ""raw_mediapipe"", ""23"": ""raw_mediapipe"", ""24"": ""raw_mediapipe"", ""25"": ""raw_mediapipe"", ""26"": ""raw_mediapipe"", ""27"": ""raw_mediapipe"", ""28"": ""raw_mediapipe"", ""29"": ""raw_mediapipe"", ""30"": ""raw_mediapipe"", ""31"": ""raw_mediapipe"", ""32"": ""raw_mediapipe""}",0.0,0.0,0.0,0.0,0.0,0.0,0.0,0.0,0.0,0.0,0.0,0.0,0.0,0.0,0.0,0.0,0.0,0.0,0.0,0.0,0.0,0.0,0.0,0.0,0.0,0.0,0.0,0.0,0.0,0.0,0.0,0.0,0.0,0.0,0.0,0.0,0.0,0.0,0.0,0.0,0.0,0.0,0.0,0.0,0.0,0.0,0.0,0.0,0.0,0.0
91,3033,5.144253,detected,1,0,partial_pose,0.5226,0.6259,0.0709,13,0.6061,0.186,0.0392,1.0,0.0,0.0,0.0,0.9022,0.9022,0.0,world,False,"{""0"": ""raw_mediapipe"", ""1"": ""raw_mediapipe"", ""2"": ""raw_mediapipe"", ""3"": ""raw_mediapipe"", ""4"": ""raw_mediapipe"", ""5"": ""raw_mediapipe"", ""6"": ""raw_mediapipe"", ""7"": ""raw_mediapipe"", ""8"": ""raw_mediapipe"", ""9"": ""raw_mediapipe"", ""10"": ""raw_mediapipe"", ""11"": ""raw_mediapipe"", ""12"": ""raw_mediapipe"", ""13"": ""raw_mediapipe"", ""14"": ""raw_mediapipe"", ""15"": ""raw_mediapipe"", ""16"": ""raw_mediapipe"", ""17"": ""raw_mediapipe"", ""18"": ""raw_mediapipe"", ""19"": ""raw_mediapipe"", ""20"": ""raw_mediapipe"", ""21"": ""raw_mediapipe"", ""22"": ""raw_mediapipe"", ""23"": ""raw_mediapipe"", ""24"": ""raw_mediapipe"", ""25"": ""raw_mediapipe"", ""26"": ""raw_mediapipe"", ""27"": ""raw_mediapipe"", ""28"": ""raw_mediapipe"", ""29"": ""raw_mediapipe"", ""30"": ""raw_mediapipe"", ""31"": ""raw_mediapipe"", ""32"": ""raw_mediapipe""}",0.0,0.0,0.0,0.0,0.0,0.0,0.0,0.0,0.0,0.0,0.0,0.0,0.0,0.0,0.0,0.0,0.0,0.0,0.0,0.0,0.0,0.0,0.0,0.0,0.0,0.0,0.0,0.0,0.0,0.0,0.0,0.0,0.0,0.0,0.0,0.0,0.0,0.0,0.0,0.0,0.0,0.0,0.0,0.0,0.0,0.0,0.0,0.0,0.0,0.0
92,3066,5.202758,detected,1,0,partial_pose,0.5134,0.6271,0.0643,11,0.6667,0.2716,0.038,1.0,0.0,0.0,0.0,0.9032,0.9032,0.0,world,False,"{""0"": ""raw_mediapipe"", ""1"": ""raw_mediapipe"", ""2"": ""raw_mediapipe"", ""3"": ""raw_mediapipe"", ""4"": ""raw_mediapipe"", ""5"": ""raw_mediapipe"", ""6"": ""raw_mediapipe"", ""7"": ""raw_mediapipe"", ""8"": ""raw_mediapipe"", ""9"": ""raw_mediapipe"", ""10"": ""raw_mediapipe"", ""11"": ""raw_mediapipe"", ""12"": ""raw_mediapipe"", ""13"": ""raw_mediapipe"", ""14"": ""raw_mediapipe"", ""15"": ""raw_mediapipe"", ""16"": ""raw_mediapipe"", ""17"": ""raw_mediapipe"", ""18"": ""raw_mediapipe"", ""19"": ""raw_mediapipe"", ""20"": ""raw_mediapipe"", ""21"": ""raw_mediapipe"", ""22"": ""raw_mediapipe"", ""23"": ""raw_mediapipe"", ""24"": ""raw_mediapipe"", ""25"": ""raw_mediapipe"", ""26"": ""raw_mediapipe"", ""27"": ""raw_mediapipe"", ""28"": ""raw_mediapipe"", ""29"": ""raw_mediapipe"", ""30"": ""raw_mediapipe"", ""31"": ""raw_mediapipe"", ""32"": ""raw_mediapipe""}",0.0,0.0,0.0,0.0,0.0,0.0,0.0,0.0,0.0,0.0,0.0,0.0,0.0,0.0,0.0,0.0,0.3449,0.0,0.0,0.0,0.4124,0.0,0.0,0.0,0.0,0.0,0.0,0.0,0.0,0.0,0.0,0.0,0.0,0.0,0.0,0.0,0.0,0.0,0.0,0.0,0.0,0.0,0.0,0.0,0.0,0.0,0.0,0.0,0.0,0.0
93,3100,5.255366,detected,1,0,partial_pose,0.5737,0.6198,0.0582,11,0.6667,0.1203,0.0361,1.0,0.0,0.0,0.0,0.9043,0.9043,0.0,world,False,"{""0"": ""raw_mediapipe"", ""1"": ""raw_mediapipe"", ""2"": ""raw_mediapipe"", ""3"": ""raw_mediapipe"", ""4"": ""raw_mediapipe"", ""5"": ""raw_mediapipe"", ""6"": ""raw_mediapipe"", ""7"": ""raw_mediapipe"", ""8"": ""raw_mediapipe"", ""9"": ""raw_mediapipe"", ""10"": ""raw_mediapipe"", ""11"": ""raw_mediapipe"", ""12"": ""raw_mediapipe"", ""13"": ""raw_mediapipe"", ""14"": ""raw_mediapipe"", ""15"": ""raw_mediapipe"", ""16"": ""raw_mediapipe"", ""17"": ""raw_mediapipe"", ""18"": ""raw_mediapipe"", ""19"": ""raw_mediapipe"", ""20"": ""raw_mediapipe"", ""21"": ""raw_mediapipe"", ""22"": ""raw_mediapipe"", ""23"": ""raw_mediapipe"", ""24"": ""raw_mediapipe"", ""25"": ""raw_mediapipe"", ""26"": ""raw_mediapipe"", ""27"": ""raw_mediapipe"", ""28"": ""raw_mediapipe"", ""29"": ""raw_mediapipe"", ""30"": ""raw_mediapipe"", ""31"": ""raw_mediapipe"", ""32"": ""raw_mediapipe""}",0.0,0.0,0.0,0.0,0.0,0.0,0.0,0.0,0.0,0.0,0.0,0.0,0.0,0.0,0.0,0.0,0.3444,0.0,0.0,0.0,0.4123,0.0,0.0,0.0,0.0,0.0,0.0,0.0,0.0,0.0,0.0,0.0,0.0,0.0,0.0,0.0,0.0,0.0,0.0,0.0,0.0,0.0,0.0,0.0,0.0,0.0,0.0,0.0,0.0,0.0
94,3133,5.306652,detected,1,0,partial_pose,0.5361,0.6059,0.0526,13,0.6061,0.1317,0.0328,1.0,0.0,0.0,0.0,0.9053,0.9053,0.0,world,False,"{""0"": ""raw_mediapipe"", ""1"": ""raw_mediapipe"", ""2"": ""raw_mediapipe"", ""3"": ""raw_mediapipe"", ""4"": ""raw_mediapipe"", ""5"": ""raw_mediapipe"", ""6"": ""raw_mediapipe"", ""7"": ""raw_mediapipe"", ""8"": ""raw_mediapipe"", ""9"": ""raw_mediapipe"", ""10"": ""raw_mediapipe"", ""11"": ""raw_mediapipe"", ""12"": ""raw_mediapipe"", ""13"": ""raw_mediapipe"", ""14"": ""raw_mediapipe"", ""15"": ""raw_mediapipe"", ""16"": ""raw_mediapipe"", ""17"": ""raw_mediapipe"", ""18"": ""raw_mediapipe"", ""19"": ""raw_mediapipe"", ""20"": ""raw_mediapipe"", ""21"": ""raw_mediapipe"", ""22"": ""raw_mediapipe"", ""23"": ""raw_mediapipe"", ""24"": ""raw_mediapipe"", ""25"": ""raw_mediapipe"", ""26"": ""raw_mediapipe"", ""27"": ""raw_mediapipe"", ""28"": ""raw_mediapipe"", ""29"": ""raw_mediapipe"", ""30"": ""raw_mediapipe"", ""31"": ""raw_mediapipe"", ""32"": ""raw_mediapipe""}",0.0,0.0,0.0,0.0,0.0,0.0,0.0,0.0,0.0,0.0,0.0,0.0,0.0,0.0,0.0,0.0,0.3436,0.0,0.0,0.0,0.4117,0.0,0.0,0.0,0.0,0.0,0.0,0.0,0.0,0.0,0.0,0.0,0.0,0.0,0.0,0.0,0.0,0.0,0.0,0.0,0.0,0.0,0.0,0.0,0.0,0.0,0.0,0.0,0.0,0.0
95,3166,5.358346,detected,1,0,partial_pose,0.5147,0.5923,0.0474,16,0.5152,0.1115,0.0306,1.0,0.0,0.0,0.0,0.9062,0.9062,0.0,world,False,"{""0"": ""raw_mediapipe"", ""1"": ""raw_mediapipe"", ""2"": ""raw_mediapipe"", ""3"": ""raw_mediapipe"", ""4"": ""raw_mediapipe"", ""5"": ""raw_mediapipe"", ""6"": ""raw_mediapipe"", ""7"": ""raw_mediapipe"", ""8"": ""raw_mediapipe"", ""9"": ""raw_mediapipe"", ""10"": ""raw_mediapipe"", ""11"": ""raw_mediapipe"", ""12"": ""raw_mediapipe"", ""13"": ""raw_mediapipe"", ""14"": ""raw_mediapipe"", ""15"": ""raw_mediapipe"", ""16"": ""raw_mediapipe"", ""17"": ""raw_mediapipe"", ""18"": ""raw_mediapipe"", ""19"": ""raw_mediapipe"", ""20"": ""raw_mediapipe"", ""21"": ""raw_mediapipe"", ""22"": ""raw_mediapipe"", ""23"": ""raw_mediapipe"", ""24"": ""raw_mediapipe"", ""25"": ""raw_mediapipe"", ""26"": ""raw_mediapipe"", ""27"": ""raw_mediapipe"", ""28"": ""raw_mediapipe"", ""29"": ""raw_mediapipe"", ""30"": ""raw_mediapipe"", ""31"": ""raw_mediapipe"", ""32"": ""raw_mediapipe""}",0.0,0.0,0.0,0.0,0.0,0.0,0.0,0.0,0.0,0.0,0.0,0.0,0.0,0.0,0.0,0.0,0.0,0.0,0.0,0.0,0.0,0.0,0.0,0.0,0.0,0.0,0.0,0.0,0.0,0.0,0.0,0.0,0.0,0.0,0.0,0.0,0.0,0.0,0.0,0.0,0.0,0.0,0.0,0.0,0.0,0.0,0.0,0.0,0.0,0.0
96,3200,5.409854,detected,1,0,partial_pose,0.5137,0.5788,0.0427,17,0.4848,0.0887,0.0293,1.0,0.0,0.0,0.0,0.9072,0.9072,0.0,world,False,"{""0"": ""raw_mediapipe"", ""1"": ""raw_mediapipe"", ""2"": ""raw_mediapipe"", ""3"": ""raw_mediapipe"", ""4"": ""raw_mediapipe"", ""5"": ""raw_mediapipe"", ""6"": ""raw_mediapipe"", ""7"": ""raw_mediapipe"", ""8"": ""raw_mediapipe"", ""9"": ""raw_mediapipe"", ""10"": ""raw_mediapipe"", ""11"": ""raw_mediapipe"", ""12"": ""raw_mediapipe"", ""13"": ""raw_mediapipe"", ""14"": ""raw_mediapipe"", ""15"": ""raw_mediapipe"", ""16"": ""raw_mediapipe"", ""17"": ""raw_mediapipe"", ""18"": ""raw_mediapipe"", ""19"": ""raw_mediapipe"", ""20"": ""raw_mediapipe"", ""21"": ""raw_mediapipe"", ""22"": ""raw_mediapipe"", ""23"": ""raw_mediapipe"", ""24"": ""raw_mediapipe"", ""25"": ""raw_mediapipe"", ""26"": ""raw_mediapipe"", ""27"": ""raw_mediapipe"", ""28"": ""raw_mediapipe"", ""29"": ""raw_mediapipe"", ""30"": ""raw_mediapipe"", ""31"": ""raw_mediapipe"", ""32"": ""raw_mediapipe""}",0.0,0.0,0.0,0.0,0.0,0.0,0.0,0.0,0.0,0.0,0.0,0.0,0.0,0.0,0.0,0.0,0.0,0.0,0.0,0.0,0.0,0.0,0.0,0.0,0.0,0.0,0.0,0.0,0.0,0.0,0.0,0.0,0.0,0.0,0.0,0.0,0.0,0.0,0.0,0.0,0.0,0.0,0.0,0.0,0.0,0.0,0.0,0.0,0.0,0.0
97,3233,5.470087,detected,1,0,partial_pose,0.4786,0.5684,0.0386,18,0.4545,0.1157,0.0275,1.0,0.0,0.0,0.0,0.9082,0.9082,0.0,world,False,"{""0"": ""raw_mediapipe"", ""1"": ""raw_mediapipe"", ""2"": ""raw_mediapipe"", ""3"": ""raw_mediapipe"", ""4"": ""raw_mediapipe"", ""5"": ""raw_mediapipe"", ""6"": ""raw_mediapipe"", ""7"": ""raw_mediapipe"", ""8"": ""raw_mediapipe"", ""9"": ""raw_mediapipe"", ""10"": ""raw_mediapipe"", ""11"": ""raw_mediapipe"", ""12"": ""raw_mediapipe"", ""13"": ""raw_mediapipe"", ""14"": ""raw_mediapipe"", ""15"": ""raw_mediapipe"", ""16"": ""raw_mediapipe"", ""17"": ""raw_mediapipe"", ""18"": ""raw_mediapipe"", ""19"": ""raw_mediapipe"", ""20"": ""raw_mediapipe"", ""21"": ""raw_mediapipe"", ""22"": ""raw_mediapipe"", ""23"": ""raw_mediapipe"", ""24"": ""raw_mediapipe"", ""25"": ""raw_mediapipe"", ""26"": ""raw_mediapipe"", ""27"": ""raw_mediapipe"", ""28"": ""raw_mediapipe"", ""29"": ""raw_mediapipe"", ""30"": ""raw_mediapipe"", ""31"": ""raw_mediapipe"", ""32"": ""raw_mediapipe""}",0.0,0.0,0.0,0.0,0.0,0.0,0.0,0.0,0.0,0.0,0.0,0.0,0.0,0.0,0.0,0.0,0.0,0.0,0.0,0.0,0.0,0.0,0.0,0.0,0.0,0.0,0.0,0.0,0.0,0.0,0.0,0.0,0.0,0.0,0.0,0.0,0.0,0.0,0.0,0.0,0.0,0.0,0.0,0.0,0.0,0.0,0.0,0.0,0.0,0.0
98,3266,5.521936,detected,1,0,partial_pose,0.4775,0.5611,0.0355,18,0.4545,0.1069,0.0258,1.0,0.0,0.0,0.0,0.9091,0.9091,0.0,world,False,"{""0"": ""raw_mediapipe"", ""1"": ""raw_mediapipe"", ""2"": ""raw_mediapipe"", ""3"": ""raw_mediapipe"", ""4"": ""raw_mediapipe"", ""5"": ""raw_mediapipe"", ""6"": ""raw_mediapipe"", ""7"": ""raw_mediapipe"", ""8"": ""raw_mediapipe"", ""9"": ""raw_mediapipe"", ""10"": ""raw_mediapipe"", ""11"": ""raw_mediapipe"", ""12"": ""raw_mediapipe"", ""13"": ""raw_mediapipe"", ""14"": ""raw_mediapipe"", ""15"": ""raw_mediapipe"", ""16"": ""raw_mediapipe"", ""17"": ""raw_mediapipe"", ""18"": ""raw_mediapipe"", ""19"": ""raw_mediapipe"", ""20"": ""raw_mediapipe"", ""21"": ""raw_mediapipe"", ""22"": ""raw_mediapipe"", ""23"": ""raw_mediapipe"", ""24"": ""raw_mediapipe"", ""25"": ""raw_mediapipe"", ""26"": ""raw_mediapipe"", ""27"": ""raw_mediapipe"", ""28"": ""raw_mediapipe"", ""29"": ""raw_mediapipe"", ""30"": ""raw_mediapipe"", ""31"": ""raw_mediapipe"", ""32"": ""raw_mediapipe""}",0.0,0.0,0.0,0.0,0.0,0.0,0.0,0.0,0.0,0.0,0.0,0.0,0.0,0.0,0.0,0.0,0.0,0.0,0.0,0.0,0.0,0.0,0.0,0.0,0.0,0.0,0.0,0.0,0.0,0.0,0.0,0.0,0.0,0.0,0.0,0.0,0.0,0.0,0.0,0.0,0.0,0.0,0.0,0.0,0.0,0.0,0.0,0.0,0.0,0.0
99,3300,5.576091,detected,1,0,partial_pose,0.4876,0.5521,0.0323,18,0.4545,0.0806,0.024,1.0,0.0,0.0,0.0,0.91,0.91,0.0,world,False,"{""0"": ""raw_mediapipe"", ""1"": ""raw_mediapipe"", ""2"": ""raw_mediapipe"", ""3"": ""raw_mediapipe"", ""4"": ""raw_mediapipe"", ""5"": ""raw_mediapipe"", ""6"": ""raw_mediapipe"", ""7"": ""raw_mediapipe"", ""8"": ""raw_mediapipe"", ""9"": ""raw_mediapipe"", ""10"": ""raw_mediapipe"", ""11"": ""raw_mediapipe"", ""12"": ""raw_mediapipe"", ""13"": ""raw_mediapipe"", ""14"": ""raw_mediapipe"", ""15"": ""raw_mediapipe"", ""16"": ""raw_mediapipe"", ""17"": ""raw_mediapipe"", ""18"": ""raw_mediapipe"", ""19"": ""raw_mediapipe"", ""20"": ""raw_mediapipe"", ""21"": ""raw_mediapipe"", ""22"": ""raw_mediapipe"", ""23"": ""raw_mediapipe"", ""24"": ""raw_mediapipe"", ""25"": ""raw_mediapipe"", ""26"": ""raw_mediapipe"", ""27"": ""raw_mediapipe"", ""28"": ""raw_mediapipe"", ""29"": ""raw_mediapipe"", ""30"": ""raw_mediapipe"", ""31"": ""raw_mediapipe"", ""32"": ""raw_mediapipe""}",0.0,0.0,0.0,0.0,0.0,0.0,0.0,0.0,0.0,0.0,0.0,0.0,0.0,0.0,0.0,0.0,0.0,0.0,0.0,0.0,0.0,0.0,0.0,0.0,0.0,0.0,0.0,0.0,0.0,0.0,0.0,0.0,0.0,0.0,0.0,0.0,0.0,0.0,0.0,0.0,0.0,0.0,0.0,0.0,0.0,0.0,0.0,0.0,0.0,0.0
100,3333,5.62757,detected,1,0,partial_pose,0.4691,0.5472,0.0294,18,0.4545,0.1063,0.0244,1.0,0.0,0.0,0.0,0.9109,0.9109,0.0,world,False,"{""0"": ""raw_mediapipe"", ""1"": ""raw_mediapipe"", ""2"": ""raw_mediapipe"", ""3"": ""raw_mediapipe"", ""4"": ""raw_mediapipe"", ""5"": ""raw_mediapipe"", ""6"": ""raw_mediapipe"", ""7"": ""raw_mediapipe"", ""8"": ""raw_mediapipe"", ""9"": ""raw_mediapipe"", ""10"": ""raw_mediapipe"", ""11"": ""raw_mediapipe"", ""12"": ""raw_mediapipe"", ""13"": ""raw_mediapipe"", ""14"": ""raw_mediapipe"", ""15"": ""raw_mediapipe"", ""16"": ""raw_mediapipe"", ""17"": ""raw_mediapipe"", ""18"": ""raw_mediapipe"", ""19"": ""raw_mediapipe"", ""20"": ""raw_mediapipe"", ""21"": ""raw_mediapipe"", ""22"": ""raw_mediapipe"", ""23"": ""raw_mediapipe"", ""24"": ""raw_mediapipe"", ""25"": ""raw_mediapipe"", ""26"": ""raw_mediapipe"", ""27"": ""raw_mediapipe"", ""28"": ""raw_mediapipe"", ""29"": ""raw_mediapipe"", ""30"": ""raw_mediapipe"", ""31"": ""raw_mediapipe"", ""32"": ""raw_mediapipe""}",0.0,0.0,0.0,0.0,0.0,0.0,0.0,0.0,0.0,0.0,0.0,0.0,0.0,0.0,0.0,0.0,0.0,0.0,0.0,0.0,0.0,0.0,0.0,0.0,0.0,0.0,0.0,0.0,0.0,0.0,0.0,0.0,0.0,0.0,0.0,0.0,0.0,0.0,0.0,0.0,0.0,0.0,0.0,0.0,0.0,0.0,0.0,0.0,0.0,0.0
101,3366,5.681671,detected,1,0,low_confidence,0.4,0.542,0.0268,18,0.4545,0.2013,0.0234,1.0,0.0,0.0,0.0,0.9118,0.9118,0.0,world,False,"{""0"": ""raw_mediapipe"", ""1"": ""raw_mediapipe"", ""2"": ""raw_mediapipe"", ""3"": ""raw_mediapipe"", ""4"": ""raw_mediapipe"", ""5"": ""raw_mediapipe"", ""6"": ""raw_mediapipe"", ""7"": ""raw_mediapipe"", ""8"": ""raw_mediapipe"", ""9"": ""raw_mediapipe"", ""10"": ""raw_mediapipe"", ""11"": ""raw_mediapipe"", ""12"": ""raw_mediapipe"", ""13"": ""raw_mediapipe"", ""14"": ""raw_mediapipe"", ""15"": ""raw_mediapipe"", ""16"": ""raw_mediapipe"", ""17"": ""raw_mediapipe"", ""18"": ""raw_mediapipe"", ""19"": ""raw_mediapipe"", ""20"": ""raw_mediapipe"", ""21"": ""raw_mediapipe"", ""22"": ""raw_mediapipe"", ""23"": ""raw_mediapipe"", ""24"": ""raw_mediapipe"", ""25"": ""raw_mediapipe"", ""26"": ""raw_mediapipe"", ""27"": ""raw_mediapipe"", ""28"": ""raw_mediapipe"", ""29"": ""raw_mediapipe"", ""30"": ""raw_mediapipe"", ""31"": ""raw_mediapipe"", ""32"": ""raw_mediapipe""}",0.0,0.0,0.0,0.0,0.0,0.0,0.0,0.0,0.0,0.0,0.0,0.0,0.0,0.0,0.0,0.0,0.0,0.0,0.0,0.0,0.0,0.0,0.0,0.0,0.0,0.0,0.0,0.0,0.0,0.0,0.0,0.0,0.0,0.0,0.0,0.0,0.0,0.0,0.0,0.0,0.0,0.0,0.0,0.0,0.0,0.0,0.0,0.0,0.0,0.0
102,3400,5.73415,detected,1,0,low_confidence,0.4474,0.5381,0.0255,18,0.4545,0.1284,0.0231,1.0,0.0,0.0,0.0,0.9126,0.9126,0.0,world,False,"{""0"": ""raw_mediapipe"", ""1"": ""raw_mediapipe"", ""2"": ""raw_mediapipe"", ""3"": ""raw_mediapipe"", ""4"": ""raw_mediapipe"", ""5"": ""raw_mediapipe"", ""6"": ""raw_mediapipe"", ""7"": ""raw_mediapipe"", ""8"": ""raw_mediapipe"", ""9"": ""raw_mediapipe"", ""10"": ""raw_mediapipe"", ""11"": ""raw_mediapipe"", ""12"": ""raw_mediapipe"", ""13"": ""raw_mediapipe"", ""14"": ""raw_mediapipe"", ""15"": ""raw_mediapipe"", ""16"": ""raw_mediapipe"", ""17"": ""raw_mediapipe"", ""18"": ""raw_mediapipe"", ""19"": ""raw_mediapipe"", ""20"": ""raw_mediapipe"", ""21"": ""raw_mediapipe"", ""22"": ""raw_mediapipe"", ""23"": ""raw_mediapipe"", ""24"": ""raw_mediapipe"", ""25"": ""raw_mediapipe"", ""26"": ""raw_mediapipe"", ""27"": ""raw_mediapipe"", ""28"": ""raw_mediapipe"", ""29"": ""raw_mediapipe"", ""30"": ""raw_mediapipe"", ""31"": ""raw_mediapipe"", ""32"": ""raw_mediapipe""}",0.0,0.0,0.0,0.0,0.0,0.0,0.0,0.0,0.0,0.0,0.0,0.0,0.0,0.0,0.0,0.0,0.0,0.0,0.0,0.0,0.0,0.0,0.0,0.0,0.0,0.0,0.0,0.0,0.0,0.0,0.0,0.0,0.0,0.0,0.0,0.0,0.0,0.0,0.0,0.0,0.0,0.0,0.0,0.0,0.0,0.0,0.0,0.0,0.0,0.0
103,3433,5.790026,detected,1,0,low_confidence,0.3796,0.5326,0.0231,18,0.4545,0.9129,0.0218,1.0,0.0,0.0,0.0,0.9135,0.9135,0.0,world,False,"{""0"": ""raw_mediapipe"", ""1"": ""raw_mediapipe"", ""2"": ""raw_mediapipe"", ""3"": ""raw_mediapipe"", ""4"": ""raw_mediapipe"", ""5"": ""raw_mediapipe"", ""6"": ""raw_mediapipe"", ""7"": ""raw_mediapipe"", ""8"": ""raw_mediapipe"", ""9"": ""raw_mediapipe"", ""10"": ""raw_mediapipe"", ""11"": ""raw_mediapipe"", ""12"": ""raw_mediapipe"", ""13"": ""raw_mediapipe"", ""14"": ""raw_mediapipe"", ""15"": ""raw_mediapipe"", ""16"": ""raw_mediapipe"", ""17"": ""raw_mediapipe"", ""18"": ""raw_mediapipe"", ""19"": ""raw_mediapipe"", ""20"": ""raw_mediapipe"", ""21"": ""raw_mediapipe"", ""22"": ""raw_mediapipe"", ""23"": ""raw_mediapipe"", ""24"": ""raw_mediapipe"", ""25"": ""raw_mediapipe"", ""26"": ""raw_mediapipe"", ""27"": ""raw_mediapipe"", ""28"": ""raw_mediapipe"", ""29"": ""raw_mediapipe"", ""30"": ""raw_mediapipe"", ""31"": ""raw_mediapipe"", ""32"": ""raw_mediapipe""}",0.0,0.0,0.0,0.0,0.0,0.0,0.0,0.0,0.0,0.0,0.0,0.0,0.0,0.0,0.0,0.0,0.0,0.0,0.0,0.0,0.0,0.0,0.0,0.0,0.0,0.0,0.0,0.0,0.0,0.0,0.0,0.0,0.0,0.0,0.0,0.0,0.0,0.0,0.0,0.0,0.0,0.0,0.0,0.0,0.0,0.0,0.0,0.0,0.0,0.0
104,3466,5.844352,detected,1,0,low_confidence,0.3556,0.5246,0.0208,18,0.4545,1.7636,0.0134,1.0,0.0,0.0,0.0,0.9143,0.9143,0.0,world,False,"{""0"": ""raw_mediapipe"", ""1"": ""raw_mediapipe"", ""2"": ""raw_mediapipe"", ""3"": ""raw_mediapipe"", ""4"": ""raw_mediapipe"", ""5"": ""raw_mediapipe"", ""6"": ""raw_mediapipe"", ""7"": ""raw_mediapipe"", ""8"": ""raw_mediapipe"", ""9"": ""raw_mediapipe"", ""10"": ""raw_mediapipe"", ""11"": ""raw_mediapipe"", ""12"": ""raw_mediapipe"", ""13"": ""raw_mediapipe"", ""14"": ""raw_mediapipe"", ""15"": ""raw_mediapipe"", ""16"": ""raw_mediapipe"", ""17"": ""raw_mediapipe"", ""18"": ""raw_mediapipe"", ""19"": ""raw_mediapipe"", ""20"": ""raw_mediapipe"", ""21"": ""raw_mediapipe"", ""22"": ""raw_mediapipe"", ""23"": ""raw_mediapipe"", ""24"": ""raw_mediapipe"", ""25"": ""raw_mediapipe"", ""26"": ""raw_mediapipe"", ""27"": ""raw_mediapipe"", ""28"": ""raw_mediapipe"", ""29"": ""raw_mediapipe"", ""30"": ""raw_mediapipe"", ""31"": ""raw_mediapipe"", ""32"": ""raw_mediapipe""}",0.0,0.0,0.0,0.0,0.0,0.0,0.0,0.0,0.0,0.0,0.0,0.0,0.0,0.0,0.0,0.0,0.0,0.0,0.0,0.0,0.0,0.0,0.0,0.0,0.0,0.0,0.0,0.0,0.0,0.0,0.0,0.0,0.0,0.0,0.0,0.0,0.0,0.0,0.0,0.0,0.0,0.0,0.0,0.0,0.0,0.0,0.0,0.0,0.0,0.0
105,3500,5.898028,detected,1,0,low_confidence,0.3947,0.5165,0.0187,18,0.4545,0.1664,0.0157,1.0,0.0,0.0,0.0,0.9151,0.9151,0.0,world,False,"{""0"": ""raw_mediapipe"", ""1"": ""raw_mediapipe"", ""2"": ""raw_mediapipe"", ""3"": ""raw_mediapipe"", ""4"": ""raw_mediapipe"", ""5"": ""raw_mediapipe"", ""6"": ""raw_mediapipe"", ""7"": ""raw_mediapipe"", ""8"": ""raw_mediapipe"", ""9"": ""raw_mediapipe"", ""10"": ""raw_mediapipe"", ""11"": ""raw_mediapipe"", ""12"": ""raw_mediapipe"", ""13"": ""raw_mediapipe"", ""14"": ""raw_mediapipe"", ""15"": ""raw_mediapipe"", ""16"": ""raw_mediapipe"", ""17"": ""raw_mediapipe"", ""18"": ""raw_mediapipe"", ""19"": ""raw_mediapipe"", ""20"": ""raw_mediapipe"", ""21"": ""raw_mediapipe"", ""22"": ""raw_mediapipe"", ""23"": ""raw_mediapipe"", ""24"": ""raw_mediapipe"", ""25"": ""raw_mediapipe"", ""26"": ""raw_mediapipe"", ""27"": ""raw_mediapipe"", ""28"": ""raw_mediapipe"", ""29"": ""raw_mediapipe"", ""30"": ""raw_mediapipe"", ""31"": ""raw_mediapipe"", ""32"": ""raw_mediapipe""}",0.0,0.0,0.0,0.0,0.0,0.0,0.0,0.0,0.0,0.0,0.0,0.0,0.0,0.0,0.0,0.0,0.0,0.0,0.0,0.0,0.0,0.0,0.0,0.0,0.0,0.0,0.0,0.0,0.0,0.0,0.0,0.0,0.0,0.0,0.0,0.0,0.0,0.0,0.0,0.0,0.0,0.0,0.0,0.0,0.0,0.0,0.0,0.0,0.0,0.0
106,3533,6.010094,interpolated,0,0,interpolated,0.0,0.0,0.0,0,0.0,0.0,0.0,1.0,0.0,0.0,0.0,0.9065,0.9065,0.0,world,False,{},0.0,0.0,0.0,0.0,0.0,0.0,0.0,0.0,0.0,0.0,0.0,0.0,0.0,0.0,0.0,0.0,0.0,0.0,0.0,0.0,0.0,0.0,0.0,0.0,0.0,0.0,0.0,0.0,0.0,0.0,0.0,0.0,0.0,0.0,0.0,0.0,0.0,0.0,0.0,0.0,0.0,0.0,0.0,0.0,0.0,0.0,0.0,0.0,0.0,0.0
107,3566,6.013055,detected,1,0,low_confidence,0.3524,0.5058,0.0169,18,0.4545,1.1114,0.015,1.0,0.0,0.0,0.0,0.9074,0.9074,0.0,world,False,"{""0"": ""raw_mediapipe"", ""1"": ""raw_mediapipe"", ""2"": ""raw_mediapipe"", ""3"": ""raw_mediapipe"", ""4"": ""raw_mediapipe"", ""5"": ""raw_mediapipe"", ""6"": ""raw_mediapipe"", ""7"": ""raw_mediapipe"", ""8"": ""raw_mediapipe"", ""9"": ""raw_mediapipe"", ""10"": ""raw_mediapipe"", ""11"": ""raw_mediapipe"", ""12"": ""raw_mediapipe"", ""13"": ""raw_mediapipe"", ""14"": ""raw_mediapipe"", ""15"": ""raw_mediapipe"", ""16"": ""raw_mediapipe"", ""17"": ""raw_mediapipe"", ""18"": ""raw_mediapipe"", ""19"": ""raw_mediapipe"", ""20"": ""raw_mediapipe"", ""21"": ""raw_mediapipe"", ""22"": ""raw_mediapipe"", ""23"": ""raw_mediapipe"", ""24"": ""raw_mediapipe"", ""25"": ""raw_mediapipe"", ""26"": ""raw_mediapipe"", ""27"": ""raw_mediapipe"", ""28"": ""raw_mediapipe"", ""29"": ""raw_mediapipe"", ""30"": ""raw_mediapipe"", ""31"": ""raw_mediapipe"", ""32"": ""raw_mediapipe""}",0.0,0.0,0.0,0.0,0.0,0.0,0.0,0.0,0.0,0.0,0.0,0.0,0.0,0.0,0.0,0.0,0.0,0.0,0.0,0.0,0.0,0.0,0.0,0.0,0.0,0.0,0.0,0.0,0.0,0.0,0.0,0.0,0.0,0.0,0.0,0.0,0.0,0.0,0.0,0.0,0.0,0.0,0.0,0.0,0.0,0.0,0.0,0.0,0.0,0.0
108,3600,6.063445,detected,1,0,low_confidence,0.3516,0.504,0.0152,18,0.4545,0.3361,0.0149,1.0,0.0,0.0,0.0,0.9083,0.9083,0.0,world,False,"{""0"": ""raw_mediapipe"", ""1"": ""raw_mediapipe"", ""2"": ""raw_mediapipe"", ""3"": ""raw_mediapipe"", ""4"": ""raw_mediapipe"", ""5"": ""raw_mediapipe"", ""6"": ""raw_mediapipe"", ""7"": ""raw_mediapipe"", ""8"": ""raw_mediapipe"", ""9"": ""raw_mediapipe"", ""10"": ""raw_mediapipe"", ""11"": ""raw_mediapipe"", ""12"": ""raw_mediapipe"", ""13"": ""raw_mediapipe"", ""14"": ""raw_mediapipe"", ""15"": ""raw_mediapipe"", ""16"": ""raw_mediapipe"", ""17"": ""raw_mediapipe"", ""18"": ""raw_mediapipe"", ""19"": ""raw_mediapipe"", ""20"": ""raw_mediapipe"", ""21"": ""raw_mediapipe"", ""22"": ""raw_mediapipe"", ""23"": ""raw_mediapipe"", ""24"": ""raw_mediapipe"", ""25"": ""raw_mediapipe"", ""26"": ""raw_mediapipe"", ""27"": ""raw_mediapipe"", ""28"": ""raw_mediapipe"", ""29"": ""raw_mediapipe"", ""30"": ""raw_mediapipe"", ""31"": ""raw_mediapipe"", ""32"": ""raw_mediapipe""}",0.0,0.0,0.0,0.0,0.0,0.0,0.0,0.0,0.0,0.0,0.0,0.0,0.0,0.0,0.0,0.0,0.0,0.0,0.0,0.0,0.0,0.0,0.0,0.0,0.0,0.0,0.0,0.0,0.0,0.0,0.0,0.0,0.0,0.0,0.0,0.0,0.0,0.0,0.0,0.0,0.0,0.0,0.0,0.0,0.0,0.0,0.0,0.0,0.0,0.0
109,3633,6.116665,detected,1,0,low_confidence,0.3413,0.4983,0.0137,18,0.4545,0.2346,0.0117,1.0,0.0,0.0,0.0,0.9091,0.9091,0.0,world,False,"{""0"": ""raw_mediapipe"", ""1"": ""raw_mediapipe"", ""2"": ""raw_mediapipe"", ""3"": ""raw_mediapipe"", ""4"": ""raw_mediapipe"", ""5"": ""raw_mediapipe"", ""6"": ""raw_mediapipe"", ""7"": ""raw_mediapipe"", ""8"": ""raw_mediapipe"", ""9"": ""raw_mediapipe"", ""10"": ""raw_mediapipe"", ""11"": ""raw_mediapipe"", ""12"": ""raw_mediapipe"", ""13"": ""raw_mediapipe"", ""14"": ""raw_mediapipe"", ""15"": ""raw_mediapipe"", ""16"": ""raw_mediapipe"", ""17"": ""raw_mediapipe"", ""18"": ""raw_mediapipe"", ""19"": ""raw_mediapipe"", ""20"": ""raw_mediapipe"", ""21"": ""raw_mediapipe"", ""22"": ""raw_mediapipe"", ""23"": ""raw_mediapipe"", ""24"": ""raw_mediapipe"", ""25"": ""raw_mediapipe"", ""26"": ""raw_mediapipe"", ""27"": ""raw_mediapipe"", ""28"": ""raw_mediapipe"", ""29"": ""raw_mediapipe"", ""30"": ""raw_mediapipe"", ""31"": ""raw_mediapipe"", ""32"": ""raw_mediapipe""}",0.0,0.0,0.0,0.0,0.0,0.0,0.0,0.0,0.0,0.0,0.0,0.0,0.0,0.0,0.0,0.0,0.0,0.0,0.0,0.0,0.0,0.0,0.0,0.0,0.0,0.0,0.0,0.0,0.0,0.0,0.0,0.0,0.0,0.0,0.0,0.0,0.0,0.0,0.0,0.0,0.0,0.0,0.0,0.0,0.0,0.0,0.0,0.0,0.0,0.0
110,3666,6.248821,interpolated,0,0,interpolated,0.0,0.0,0.0,0,0.0,0.0,0.0,1.0,0.0,0.0,0.0,0.9009,0.9009,0.0,world,False,{},0.0,0.0,0.0,0.0,0.0,0.0,0.0,0.0,0.0,0.0,0.0,0.0,0.0,0.0,0.0,0.0,0.0,0.0,0.0,0.0,0.0,0.0,0.0,0.0,0.0,0.0,0.0,0.0,0.0,0.0,0.0,0.0,0.0,0.0,0.0,0.0,0.0,0.0,0.0,0.0,0.0,0.0,0.0,0.0,0.0,0.0,0.0,0.0,0.0,0.0
111,3700,6.251451,interpolated,0,0,interpolated,0.0,0.0,0.0,0,0.0,0.0,0.0,1.0,0.0,0.0,0.0,0.8929,0.8929,0.0,world,False,{},0.0,0.0,0.0,0.0,0.0,0.0,0.0,0.0,0.0,0.0,0.0,0.0,0.0,0.0,0.0,0.0,0.0,0.0,0.0,0.0,0.0,0.0,0.0,0.0,0.0,0.0,0.0,0.0,0.0,0.0,0.0,0.0,0.0,0.0,0.0,0.0,0.0,0.0,0.0,0.0,0.0,0.0,0.0,0.0,0.0,0.0,0.0,0.0,0.0,0.0
112,3733,6.254455,detected,1,0,low_confidence,0.3468,0.516,0.0457,18,0.4545,0.5187,0.0112,1.0,0.0,0.0,0.0,0.8938,0.8938,0.0,world,False,"{""0"": ""raw_mediapipe"", ""1"": ""raw_mediapipe"", ""2"": ""raw_mediapipe"", ""3"": ""raw_mediapipe"", ""4"": ""raw_mediapipe"", ""5"": ""raw_mediapipe"", ""6"": ""raw_mediapipe"", ""7"": ""raw_mediapipe"", ""8"": ""raw_mediapipe"", ""9"": ""raw_mediapipe"", ""10"": ""raw_mediapipe"", ""11"": ""raw_mediapipe"", ""12"": ""raw_mediapipe"", ""13"": ""raw_mediapipe"", ""14"": ""raw_mediapipe"", ""15"": ""raw_mediapipe"", ""16"": ""raw_mediapipe"", ""17"": ""raw_mediapipe"", ""18"": ""raw_mediapipe"", ""19"": ""raw_mediapipe"", ""20"": ""raw_mediapipe"", ""21"": ""raw_mediapipe"", ""22"": ""raw_mediapipe"", ""23"": ""raw_mediapipe"", ""24"": ""raw_mediapipe"", ""25"": ""raw_mediapipe"", ""26"": ""raw_mediapipe"", ""27"": ""raw_mediapipe"", ""28"": ""raw_mediapipe"", ""29"": ""raw_mediapipe"", ""30"": ""raw_mediapipe"", ""31"": ""raw_mediapipe"", ""32"": ""raw_mediapipe""}",0.0,0.0,0.0,0.0,0.0,0.0,0.0,0.0,0.0,0.0,0.0,0.0,0.0,0.0,0.0,0.0,0.0,0.0,0.0,0.0,0.0,0.0,0.0,0.0,0.0,0.0,0.0,0.0,0.0,0.0,0.0,0.0,0.0,0.0,0.0,0.0,0.0,0.0,0.0,0.0,0.0,0.0,0.0,0.0,0.0,0.0,0.0,0.0,0.0,0.0
113,3766,6.306265,detected,1,0,low_confidence,0.3399,0.5192,0.0452,18,0.4545,0.2484,0.008,1.0,0.0,0.0,0.0,0.8947,0.8947,0.0,world,False,"{""0"": ""raw_mediapipe"", ""1"": ""raw_mediapipe"", ""2"": ""raw_mediapipe"", ""3"": ""raw_mediapipe"", ""4"": ""raw_mediapipe"", ""5"": ""raw_mediapipe"", ""6"": ""raw_mediapipe"", ""7"": ""raw_mediapipe"", ""8"": ""raw_mediapipe"", ""9"": ""raw_mediapipe"", ""10"": ""raw_mediapipe"", ""11"": ""raw_mediapipe"", ""12"": ""raw_mediapipe"", ""13"": ""raw_mediapipe"", ""14"": ""raw_mediapipe"", ""15"": ""raw_mediapipe"", ""16"": ""raw_mediapipe"", ""17"": ""raw_mediapipe"", ""18"": ""raw_mediapipe"", ""19"": ""raw_mediapipe"", ""20"": ""raw_mediapipe"", ""21"": ""raw_mediapipe"", ""22"": ""raw_mediapipe"", ""23"": ""raw_mediapipe"", ""24"": ""raw_mediapipe"", ""25"": ""raw_mediapipe"", ""26"": ""raw_mediapipe"", ""27"": ""raw_mediapipe"", ""28"": ""raw_mediapipe"", ""29"": ""raw_mediapipe"", ""30"": ""raw_mediapipe"", ""31"": ""raw_mediapipe"", ""32"": ""raw_mediapipe""}",0.0,0.0,0.0,0.0,0.0,0.0,0.0,0.0,0.0,0.0,0.0,0.0,0.0,0.0,0.0,0.0,0.0,0.0,0.0,0.0,0.0,0.0,0.0,0.0,0.0,0.0,0.0,0.0,0.0,0.0,0.0,0.0,0.0,0.0,0.0,0.0,0.0,0.0,0.0,0.0,0.0,0.0,0.0,0.0,0.0,0.0,0.0,0.0,0.0,0.0
114,3800,6.470109,tracking_loss,0,0,tracking_loss,0.0,0.0,0.0,0,0.0,0.0,0.0,1.0,0.0,0.0,0.0,0.887,0.887,0.0,world,False,{},0.0,0.0,0.0,0.0,0.0,0.0,0.0,0.0,0.0,0.0,0.0,0.0,0.0,0.0,0.0,0.0,0.0,0.0,0.0,0.0,0.0,0.0,0.0,0.0,0.0,0.0,0.0,0.0,0.0,0.0,0.0,0.0,0.0,0.0,0.0,0.0,0.0,0.0,0.0,0.0,0.0,0.0,0.0,0.0,0.0,0.0,0.0,0.0,0.0,0.0
115,3833,6.472859,tracking_loss,0,0,tracking_loss,0.0,0.0,0.0,0,0.0,0.0,0.0,1.0,0.0,0.0,0.0,0.8793,0.8793,0.0,world,False,{},0.0,0.0,0.0,0.0,0.0,0.0,0.0,0.0,0.0,0.0,0.0,0.0,0.0,0.0,0.0,0.0,0.0,0.0,0.0,0.0,0.0,0.0,0.0,0.0,0.0,0.0,0.0,0.0,0.0,0.0,0.0,0.0,0.0,0.0,0.0,0.0,0.0,0.0,0.0,0.0,0.0,0.0,0.0,0.0,0.0,0.0,0.0,0.0,0.0,0.0
116,3866,6.475505,tracking_loss,0,0,tracking_loss,0.0,0.0,0.0,0,0.0,0.0,0.0,1.0,0.0,0.0,0.0,0.8718,0.8718,0.0,world,False,{},0.0,0.0,0.0,0.0,0.0,0.0,0.0,0.0,0.0,0.0,0.0,0.0,0.0,0.0,0.0,0.0,0.0,0.0,0.0,0.0,0.0,0.0,0.0,0.0,0.0,0.0,0.0,0.0,0.0,0.0,0.0,0.0,0.0,0.0,0.0,0.0,0.0,0.0,0.0,0.0,0.0,0.0,0.0,0.0,0.0,0.0,0.0,0.0,0.0,0.0
117,3900,6.478184,tracking_loss,0,0,tracking_loss,0.0,0.0,0.0,0,0.0,0.0,0.0,1.0,0.0,0.0,0.0,0.8644,0.8644,0.0,world,False,{},0.0,0.0,0.0,0.0,0.0,0.0,0.0,0.0,0.0,0.0,0.0,0.0,0.0,0.0,0.0,0.0,0.0,0.0,0.0,0.0,0.0,0.0,0.0,0.0,0.0,0.0,0.0,0.0,0.0,0.0,0.0,0.0,0.0,0.0,0.0,0.0,0.0,0.0,0.0,0.0,0.0,0.0,0.0,0.0,0.0,0.0,0.0,0.0,0.0,0.0
118,3933,6.480662,tracking_loss,0,0,tracking_loss,0.0,0.0,0.0,0,0.0,0.0,0.0,1.0,0.0,0.0,0.0,0.8571,0.8571,0.0,world,False,{},0.0,0.0,0.0,0.0,0.0,0.0,0.0,0.0,0.0,0.0,0.0,0.0,0.0,0.0,0.0,0.0,0.0,0.0,0.0,0.0,0.0,0.0,0.0,0.0,0.0,0.0,0.0,0.0,0.0,0.0,0.0,0.0,0.0,0.0,0.0,0.0,0.0,0.0,0.0,0.0,0.0,0.0,0.0,0.0,0.0,0.0,0.0,0.0,0.0,0.0
119,3966,6.483283,tracking_loss,0,0,tracking_loss,0.0,0.0,0.0,0,0.0,0.0,0.0,1.0,0.0,0.0,0.0,0.85,0.85,0.0,world,False,{},0.0,0.0,0.0,0.0,0.0,0.0,0.0,0.0,0.0,0.0,0.0,0.0,0.0,0.0,0.0,0.0,0.0,0.0,0.0,0.0,0.0,0.0,0.0,0.0,0.0,0.0,0.0,0.0,0.0,0.0,0.0,0.0,0.0,0.0,0.0,0.0,0.0,0.0,0.0,0.0,0.0,0.0,0.0,0.0,0.0,0.0,0.0,0.0,0.0,0.0
120,4000,6.577477,tracking_loss,0,0,tracking_loss,0.0,0.0,0.0,0,0.0,0.0,0.0,1.0,0.0,0.0,0.0,0.843,0.843,0.0,world,False,{},0.0,0.0,0.0,0.0,0.0,0.0,0.0,0.0,0.0,0.0,0.0,0.0,0.0,0.0,0.0,0.0,0.0,0.0,0.0,0.0,0.0,0.0,0.0,0.0,0.0,0.0,0.0,0.0,0.0,0.0,0.0,0.0,0.0,0.0,0.0,0.0,0.0,0.0,0.0,0.0,0.0,0.0,0.0,0.0,0.0,0.0,0.0,0.0,0.0,0.0
121,4033,6.580234,tracking_loss,0,0,tracking_loss,0.0,0.0,0.0,0,0.0,0.0,0.0,1.0,0.0,0.0,0.0,0.8361,0.8361,0.0,world,False,{},0.0,0.0,0.0,0.0,0.0,0.0,0.0,0.0,0.0,0.0,0.0,0.0,0.0,0.0,0.0,0.0,0.0,0.0,0.0,0.0,0.0,0.0,0.0,0.0,0.0,0.0,0.0,0.0,0.0,0.0,0.0,0.0,0.0,0.0,0.0,0.0,0.0,0.0,0.0,0.0,0.0,0.0,0.0,0.0,0.0,0.0,0.0,0.0,0.0,0.0
122,4066,6.582643,tracking_loss,0,0,tracking_loss,0.0,0.0,0.0,0,0.0,0.0,0.0,1.0,0.0,0.0,0.0,0.8293,0.8293,0.0,world,False,{},0.0,0.0,0.0,0.0,0.0,0.0,0.0,0.0,0.0,0.0,0.0,0.0,0.0,0.0,0.0,0.0,0.0,0.0,0.0,0.0,0.0,0.0,0.0,0.0,0.0,0.0,0.0,0.0,0.0,0.0,0.0,0.0,0.0,0.0,0.0,0.0,0.0,0.0,0.0,0.0,0.0,0.0,0.0,0.0,0.0,0.0,0.0,0.0,0.0,0.0
123,4100,6.58507,tracking_loss,0,0,tracking_loss,0.0,0.0,0.0,0,0.0,0.0,0.0,1.0,0.0,0.0,0.0,0.8226,0.8226,0.0,world,False,{},0.0,0.0,0.0,0.0,0.0,0.0,0.0,0.0,0.0,0.0,0.0,0.0,0.0,0.0,0.0,0.0,0.0,0.0,0.0,0.0,0.0,0.0,0.0,0.0,0.0,0.0,0.0,0.0,0.0,0.0,0.0,0.0,0.0,0.0,0.0,0.0,0.0,0.0,0.0,0.0,0.0,0.0,0.0,0.0,0.0,0.0,0.0,0.0,0.0,0.0
124,4133,6.58767,tracking_loss,0,0,tracking_loss,0.0,0.0,0.0,0,0.0,0.0,0.0,1.0,0.0,0.0,0.0,0.816,0.816,0.0,world,False,{},0.0,0.0,0.0,0.0,0.0,0.0,0.0,0.0,0.0,0.0,0.0,0.0,0.0,0.0,0.0,0.0,0.0,0.0,0.0,0.0,0.0,0.0,0.0,0.0,0.0,0.0,0.0,0.0,0.0,0.0,0.0,0.0,0.0,0.0,0.0,0.0,0.0,0.0,0.0,0.0,0.0,0.0,0.0,0.0,0.0,0.0,0.0,0.0,0.0,0.0
125,4166,6.59009,tracking_loss,0,0,tracking_loss,0.0,0.0,0.0,0,0.0,0.0,0.0,1.0,0.0,0.0,0.0,0.8095,0.8095,0.0,world,False,{},0.0,0.0,0.0,0.0,0.0,0.0,0.0,0.0,0.0,0.0,0.0,0.0,0.0,0.0,0.0,0.0,0.0,0.0,0.0,0.0,0.0,0.0,0.0,0.0,0.0,0.0,0.0,0.0,0.0,0.0,0.0,0.0,0.0,0.0,0.0,0.0,0.0,0.0,0.0,0.0,0.0,0.0,0.0,0.0,0.0,0.0,0.0,0.0,0.0,0.0
126,4200,6.961073,tracking_loss,0,0,tracking_loss,0.0,0.0,0.0,0,0.0,0.0,0.0,1.0,0.0,0.0,0.0,0.8031,0.8031,0.0,world,False,{},0.0,0.0,0.0,0.0,0.0,0.0,0.0,0.0,0.0,0.0,0.0,0.0,0.0,0.0,0.0,0.0,0.0,0.0,0.0,0.0,0.0,0.0,0.0,0.0,0.0,0.0,0.0,0.0,0.0,0.0,0.0,0.0,0.0,0.0,0.0,0.0,0.0,0.0,0.0,0.0,0.0,0.0,0.0,0.0,0.0,0.0,0.0,0.0,0.0,0.0
127,4233,6.96373,tracking_loss,0,0,tracking_loss,0.0,0.0,0.0,0,0.0,0.0,0.0,1.0,0.0,0.0,0.0,0.7969,0.7969,0.0,world,False,{},0.0,0.0,0.0,0.0,0.0,0.0,0.0,0.0,0.0,0.0,0.0,0.0,0.0,0.0,0.0,0.0,0.0,0.0,0.0,0.0,0.0,0.0,0.0,0.0,0.0,0.0,0.0,0.0,0.0,0.0,0.0,0.0,0.0,0.0,0.0,0.0,0.0,0.0,0.0,0.0,0.0,0.0,0.0,0.0,0.0,0.0,0.0,0.0,0.0,0.0
128,4266,6.966256,tracking_loss,0,0,tracking_loss,0.0,0.0,0.0,0,0.0,0.0,0.0,1.0,0.0,0.0,0.0,0.7907,0.7907,0.0,world,False,{},0.0,0.0,0.0,0.0,0.0,0.0,0.0,0.0,0.0,0.0,0.0,0.0,0.0,0.0,0.0,0.0,0.0,0.0,0.0,0.0,0.0,0.0,0.0,0.0,0.0,0.0,0.0,0.0,0.0,0.0,0.0,0.0,0.0,0.0,0.0,0.0,0.0,0.0,0.0,0.0,0.0,0.0,0.0,0.0,0.0,0.0,0.0,0.0,0.0,0.0
129,4300,6.9688,tracking_loss,0,0,tracking_loss,0.0,0.0,0.0,0,0.0,0.0,0.0,1.0,0.0,0.0,0.0,0.7846,0.7846,0.0,world,False,{},0.0,0.0,0.0,0.0,0.0,0.0,0.0,0.0,0.0,0.0,0.0,0.0,0.0,0.0,0.0,0.0,0.0,0.0,0.0,0.0,0.0,0.0,0.0,0.0,0.0,0.0,0.0,0.0,0.0,0.0,0.0,0.0,0.0,0.0,0.0,0.0,0.0,0.0,0.0,0.0,0.0,0.0,0.0,0.0,0.0,0.0,0.0,0.0,0.0,0.0
130,4333,6.971223,tracking_loss,0,0,tracking_loss,0.0,0.0,0.0,0,0.0,0.0,0.0,1.0,0.0,0.0,0.0,0.7786,0.7786,0.0,world,False,{},0.0,0.0,0.0,0.0,0.0,0.0,0.0,0.0,0.0,0.0,0.0,0.0,0.0,0.0,0.0,0.0,0.0,0.0,0.0,0.0,0.0,0.0,0.0,0.0,0.0,0.0,0.0,0.0,0.0,0.0,0.0,0.0,0.0,0.0,0.0,0.0,0.0,0.0,0.0,0.0,0.0,0.0,0.0,0.0,0.0,0.0,0.0,0.0,0.0,0.0
131,4366,6.973719,tracking_loss,0,0,tracking_loss,0.0,0.0,0.0,0,0.0,0.0,0.0,1.0,0.0,0.0,0.0,0.7727,0.7727,0.0,world,False,{},0.0,0.0,0.0,0.0,0.0,0.0,0.0,0.0,0.0,0.0,0.0,0.0,0.0,0.0,0.0,0.0,0.0,0.0,0.0,0.0,0.0,0.0,0.0,0.0,0.0,0.0,0.0,0.0,0.0,0.0,0.0,0.0,0.0,0.0,0.0,0.0,0.0,0.0,0.0,0.0,0.0,0.0,0.0,0.0,0.0,0.0,0.0,0.0,0.0,0.0
132,4400,7.162449,interpolated,0,0,interpolated,0.0,0.0,0.0,0,0.0,0.0,0.0,1.0,0.0,0.0,0.0,0.7669,0.7669,0.0,world,False,{},0.0,0.0,0.0,0.0,0.0,0.0,0.0,0.0,0.0,0.0,0.0,0.0,0.0,0.0,0.0,0.0,0.0,0.0,0.0,0.0,0.0,0.0,0.0,0.0,0.0,0.0,0.0,0.0,0.0,0.0,0.0,0.0,0.0,0.0,0.0,0.0,0.0,0.0,0.0,0.0,0.0,0.0,0.0,0.0,0.0,0.0,0.0,0.0,0.0,0.0
133,4433,7.165062,interpolated,0,0,interpolated,0.0,0.0,0.0,0,0.0,0.0,0.0,1.0,0.0,0.0,0.0,0.7612,0.7612,0.0,world,False,{},0.0,0.0,0.0,0.0,0.0,0.0,0.0,0.0,0.0,0.0,0.0,0.0,0.0,0.0,0.0,0.0,0.0,0.0,0.0,0.0,0.0,0.0,0.0,0.0,0.0,0.0,0.0,0.0,0.0,0.0,0.0,0.0,0.0,0.0,0.0,0.0,0.0,0.0,0.0,0.0,0.0,0.0,0.0,0.0,0.0,0.0,0.0,0.0,0.0,0.0
134,4466,7.16788,detected,1,0,low_confidence,0.3479,0.5352,0.05,18,0.4545,1.0023,0.0087,1.0,0.0,0.0,0.0,0.763,0.763,0.0,world,False,"{""0"": ""raw_mediapipe"", ""1"": ""raw_mediapipe"", ""2"": ""raw_mediapipe"", ""3"": ""raw_mediapipe"", ""4"": ""raw_mediapipe"", ""5"": ""raw_mediapipe"", ""6"": ""raw_mediapipe"", ""7"": ""raw_mediapipe"", ""8"": ""raw_mediapipe"", ""9"": ""raw_mediapipe"", ""10"": ""raw_mediapipe"", ""11"": ""raw_mediapipe"", ""12"": ""raw_mediapipe"", ""13"": ""raw_mediapipe"", ""14"": ""raw_mediapipe"", ""15"": ""raw_mediapipe"", ""16"": ""raw_mediapipe"", ""17"": ""raw_mediapipe"", ""18"": ""raw_mediapipe"", ""19"": ""raw_mediapipe"", ""20"": ""raw_mediapipe"", ""21"": ""raw_mediapipe"", ""22"": ""raw_mediapipe"", ""23"": ""raw_mediapipe"", ""24"": ""raw_mediapipe"", ""25"": ""raw_mediapipe"", ""26"": ""raw_mediapipe"", ""27"": ""raw_mediapipe"", ""28"": ""raw_mediapipe"", ""29"": ""raw_mediapipe"", ""30"": ""raw_mediapipe"", ""31"": ""raw_mediapipe"", ""32"": ""raw_mediapipe""}",0.0,0.0,0.0,0.0,0.0,0.0,0.0,0.0,0.0,0.0,0.0,0.0,0.0,0.0,0.0,0.0,0.0,0.0,0.0,0.0,0.0,0.0,0.0,0.0,0.0,0.0,0.0,0.0,0.0,0.0,0.0,0.0,0.0,0.0,0.0,0.0,0.0,0.0,0.0,0.0,0.0,0.0,0.0,0.0,0.0,0.0,0.0,0.0,0.0,0.0
135,4500,7.224001,detected,1,0,low_confidence,0.3479,0.5412,0.0479,18,0.4545,0.3262,0.0078,1.0,0.0,0.0,0.0,0.7647,0.7647,0.0,world,False,"{""0"": ""raw_mediapipe"", ""1"": ""raw_mediapipe"", ""2"": ""raw_mediapipe"", ""3"": ""raw_mediapipe"", ""4"": ""raw_mediapipe"", ""5"": ""raw_mediapipe"", ""6"": ""raw_mediapipe"", ""7"": ""raw_mediapipe"", ""8"": ""raw_mediapipe"", ""9"": ""raw_mediapipe"", ""10"": ""raw_mediapipe"", ""11"": ""raw_mediapipe"", ""12"": ""raw_mediapipe"", ""13"": ""raw_mediapipe"", ""14"": ""raw_mediapipe"", ""15"": ""raw_mediapipe"", ""16"": ""raw_mediapipe"", ""17"": ""raw_mediapipe"", ""18"": ""raw_mediapipe"", ""19"": ""raw_mediapipe"", ""20"": ""raw_mediapipe"", ""21"": ""raw_mediapipe"", ""22"": ""raw_mediapipe"", ""23"": ""raw_mediapipe"", ""24"": ""raw_mediapipe"", ""25"": ""raw_mediapipe"", ""26"": ""raw_mediapipe"", ""27"": ""raw_mediapipe"", ""28"": ""raw_mediapipe"", ""29"": ""raw_mediapipe"", ""30"": ""raw_mediapipe"", ""31"": ""raw_mediapipe"", ""32"": ""raw_mediapipe""}",0.0,0.0,0.0,0.0,0.0,0.0,0.0,0.0,0.0,0.0,0.0,0.0,0.0,0.0,0.0,0.0,0.0,0.0,0.0,0.0,0.0,0.0,0.0,0.0,0.0,0.0,0.0,0.0,0.0,0.0,0.0,0.0,0.0,0.0,0.0,0.0,0.0,0.0,0.0,0.0,0.0,0.0,0.0,0.0,0.0,0.0,0.0,0.0,0.0,0.0
136,4533,7.275566,detected,1,0,low_confidence,0.3663,0.5766,0.1431,18,0.4545,3.6,0.0098,1.0,0.0,0.0,0.0,0.7664,0.7664,0.0,world,False,"{""0"": ""raw_mediapipe"", ""1"": ""raw_mediapipe"", ""2"": ""raw_mediapipe"", ""3"": ""raw_mediapipe"", ""4"": ""raw_mediapipe"", ""5"": ""raw_mediapipe"", ""6"": ""raw_mediapipe"", ""7"": ""raw_mediapipe"", ""8"": ""raw_mediapipe"", ""9"": ""raw_mediapipe"", ""10"": ""raw_mediapipe"", ""11"": ""raw_mediapipe"", ""12"": ""raw_mediapipe"", ""13"": ""raw_mediapipe"", ""14"": ""raw_mediapipe"", ""15"": ""raw_mediapipe"", ""16"": ""raw_mediapipe"", ""17"": ""raw_mediapipe"", ""18"": ""raw_mediapipe"", ""19"": ""raw_mediapipe"", ""20"": ""raw_mediapipe"", ""21"": ""raw_mediapipe"", ""22"": ""raw_mediapipe"", ""23"": ""raw_mediapipe"", ""24"": ""raw_mediapipe"", ""25"": ""raw_mediapipe"", ""26"": ""raw_mediapipe"", ""27"": ""raw_mediapipe"", ""28"": ""raw_mediapipe"", ""29"": ""raw_mediapipe"", ""30"": ""raw_mediapipe"", ""31"": ""raw_mediapipe"", ""32"": ""raw_mediapipe""}",0.0,0.0,0.0,0.0,0.0,0.0,0.0,0.0,0.0,0.0,0.0,0.0,0.0,0.0,0.0,0.0,0.0,0.0,0.0,0.0,0.0,0.0,0.0,0.0,0.0,0.0,0.0,0.0,0.0,0.0,0.0,0.0,0.0,0.0,0.0,0.0,0.0,0.0,0.0,0.0,0.0,0.0,0.0,0.0,0.0,0.0,0.0,0.0,0.0,0.0
137,4566,7.328119,detected,1,0,low_confidence,0.3588,0.5726,0.1402,18,0.4545,3.2322,0.0074,1.0,0.0,0.0,0.0,0.7681,0.7681,0.0,world,False,"{""0"": ""raw_mediapipe"", ""1"": ""raw_mediapipe"", ""2"": ""raw_mediapipe"", ""3"": ""raw_mediapipe"", ""4"": ""raw_mediapipe"", ""5"": ""raw_mediapipe"", ""6"": ""raw_mediapipe"", ""7"": ""raw_mediapipe"", ""8"": ""raw_mediapipe"", ""9"": ""raw_mediapipe"", ""10"": ""raw_mediapipe"", ""11"": ""raw_mediapipe"", ""12"": ""raw_mediapipe"", ""13"": ""raw_mediapipe"", ""14"": ""raw_mediapipe"", ""15"": ""raw_mediapipe"", ""16"": ""raw_mediapipe"", ""17"": ""raw_mediapipe"", ""18"": ""raw_mediapipe"", ""19"": ""raw_mediapipe"", ""20"": ""raw_mediapipe"", ""21"": ""raw_mediapipe"", ""22"": ""raw_mediapipe"", ""23"": ""raw_mediapipe"", ""24"": ""raw_mediapipe"", ""25"": ""raw_mediapipe"", ""26"": ""raw_mediapipe"", ""27"": ""raw_mediapipe"", ""28"": ""raw_mediapipe"", ""29"": ""raw_mediapipe"", ""30"": ""raw_mediapipe"", ""31"": ""raw_mediapipe"", ""32"": ""raw_mediapipe""}",0.0,0.0,0.0,0.0,0.0,0.0,0.0,0.0,0.0,0.0,0.0,0.0,0.0,0.0,0.0,0.0,0.0,0.0,0.0,0.0,0.0,0.0,0.0,0.0,0.0,0.0,0.0,0.0,0.0,0.0,0.0,0.0,0.0,0.0,0.0,0.0,0.0,0.0,0.0,0.0,0.0,0.0,0.0,0.0,0.0,0.0,0.0,0.0,0.0,0.0
138,4600,7.383753,detected,1,0,partial_pose,0.4597,0.5881,0.1899,18,0.4545,0.1159,0.017,1.0,0.0,0.0,0.0,0.7698,0.7698,0.0,world,False,"{""0"": ""raw_mediapipe"", ""1"": ""raw_mediapipe"", ""2"": ""raw_mediapipe"", ""3"": ""raw_mediapipe"", ""4"": ""raw_mediapipe"", ""5"": ""raw_mediapipe"", ""6"": ""raw_mediapipe"", ""7"": ""raw_mediapipe"", ""8"": ""raw_mediapipe"", ""9"": ""raw_mediapipe"", ""10"": ""raw_mediapipe"", ""11"": ""raw_mediapipe"", ""12"": ""raw_mediapipe"", ""13"": ""raw_mediapipe"", ""14"": ""raw_mediapipe"", ""15"": ""raw_mediapipe"", ""16"": ""raw_mediapipe"", ""17"": ""raw_mediapipe"", ""18"": ""raw_mediapipe"", ""19"": ""raw_mediapipe"", ""20"": ""raw_mediapipe"", ""21"": ""raw_mediapipe"", ""22"": ""raw_mediapipe"", ""23"": ""raw_mediapipe"", ""24"": ""raw_mediapipe"", ""25"": ""raw_mediapipe"", ""26"": ""raw_mediapipe"", ""27"": ""raw_mediapipe"", ""28"": ""raw_mediapipe"", ""29"": ""raw_mediapipe"", ""30"": ""raw_mediapipe"", ""31"": ""raw_mediapipe"", ""32"": ""raw_mediapipe""}",0.0,0.0,0.0,0.0,0.0,0.0,0.0,0.0,0.0,0.0,0.0,0.0,0.0,0.0,0.0,0.0,0.0,0.0,0.0,0.0,0.0,0.0,0.0,0.0,0.0,0.0,0.0,0.0,0.0,0.0,0.0,0.0,0.0,0.0,0.0,0.0,0.0,0.0,0.0,0.0,0.0,0.0,0.0,0.0,0.0,0.0,0.0,0.0,0.0,0.0
139,4633,7.438879,detected,1,0,low_confidence,0.3691,0.5818,0.1743,18,0.4545,0.7776,0.0101,1.0,0.0,0.0,0.0,0.7714,0.7714,0.0,world,False,"{""0"": ""raw_mediapipe"", ""1"": ""raw_mediapipe"", ""2"": ""raw_mediapipe"", ""3"": ""raw_mediapipe"", ""4"": ""raw_mediapipe"", ""5"": ""raw_mediapipe"", ""6"": ""raw_mediapipe"", ""7"": ""raw_mediapipe"", ""8"": ""raw_mediapipe"", ""9"": ""raw_mediapipe"", ""10"": ""raw_mediapipe"", ""11"": ""raw_mediapipe"", ""12"": ""raw_mediapipe"", ""13"": ""raw_mediapipe"", ""14"": ""raw_mediapipe"", ""15"": ""raw_mediapipe"", ""16"": ""raw_mediapipe"", ""17"": ""raw_mediapipe"", ""18"": ""raw_mediapipe"", ""19"": ""raw_mediapipe"", ""20"": ""raw_mediapipe"", ""21"": ""raw_mediapipe"", ""22"": ""raw_mediapipe"", ""23"": ""raw_mediapipe"", ""24"": ""raw_mediapipe"", ""25"": ""raw_mediapipe"", ""26"": ""raw_mediapipe"", ""27"": ""raw_mediapipe"", ""28"": ""raw_mediapipe"", ""29"": ""raw_mediapipe"", ""30"": ""raw_mediapipe"", ""31"": ""raw_mediapipe"", ""32"": ""raw_mediapipe""}",0.0,0.0,0.0,0.0,0.0,0.0,0.0,0.0,0.0,0.0,0.0,0.0,0.0,0.0,0.0,0.0,0.0,0.0,0.0,0.0,0.0,0.0,0.0,0.0,0.0,0.0,0.0,0.0,0.0,0.0,0.0,0.0,0.0,0.0,0.0,0.0,0.0,0.0,0.0,0.0,0.0,0.0,0.0,0.0,0.0,0.0,0.0,0.0,0.0,0.0
140,4666,7.49135,detected,1,0,low_confidence,0.3873,0.6066,0.2072,18,0.4545,0.2626,0.0136,1.0,0.0,0.0,0.0,0.773,0.773,0.0,world,False,"{""0"": ""raw_mediapipe"", ""1"": ""raw_mediapipe"", ""2"": ""raw_mediapipe"", ""3"": ""raw_mediapipe"", ""4"": ""raw_mediapipe"", ""5"": ""raw_mediapipe"", ""6"": ""raw_mediapipe"", ""7"": ""raw_mediapipe"", ""8"": ""raw_mediapipe"", ""9"": ""raw_mediapipe"", ""10"": ""raw_mediapipe"", ""11"": ""raw_mediapipe"", ""12"": ""raw_mediapipe"", ""13"": ""raw_mediapipe"", ""14"": ""raw_mediapipe"", ""15"": ""raw_mediapipe"", ""16"": ""raw_mediapipe"", ""17"": ""raw_mediapipe"", ""18"": ""raw_mediapipe"", ""19"": ""raw_mediapipe"", ""20"": ""raw_mediapipe"", ""21"": ""raw_mediapipe"", ""22"": ""raw_mediapipe"", ""23"": ""raw_mediapipe"", ""24"": ""raw_mediapipe"", ""25"": ""raw_mediapipe"", ""26"": ""raw_mediapipe"", ""27"": ""raw_mediapipe"", ""28"": ""raw_mediapipe"", ""29"": ""raw_mediapipe"", ""30"": ""raw_mediapipe"", ""31"": ""raw_mediapipe"", ""32"": ""raw_mediapipe""}",0.0,0.0,0.0,0.0,0.0,0.0,0.0,0.0,0.0,0.0,0.0,0.0,0.0,0.0,0.0,0.0,0.0,0.0,0.0,0.0,0.0,0.0,0.0,0.0,0.0,0.0,0.0,0.0,0.0,0.0,0.0,0.0,0.0,0.0,0.0,0.0,0.0,0.0,0.0,0.0,0.0,0.0,0.0,0.0,0.0,0.0,0.0,0.0,0.0,0.0
141,4700,7.546077,detected,1,0,partial_pose,0.4516,0.6015,0.1967,18,0.4545,0.1757,0.028,1.0,0.0,0.0,0.0,0.7746,0.7746,0.0,world,False,"{""0"": ""raw_mediapipe"", ""1"": ""raw_mediapipe"", ""2"": ""raw_mediapipe"", ""3"": ""raw_mediapipe"", ""4"": ""raw_mediapipe"", ""5"": ""raw_mediapipe"", ""6"": ""raw_mediapipe"", ""7"": ""raw_mediapipe"", ""8"": ""raw_mediapipe"", ""9"": ""raw_mediapipe"", ""10"": ""raw_mediapipe"", ""11"": ""raw_mediapipe"", ""12"": ""raw_mediapipe"", ""13"": ""raw_mediapipe"", ""14"": ""raw_mediapipe"", ""15"": ""raw_mediapipe"", ""16"": ""raw_mediapipe"", ""17"": ""raw_mediapipe"", ""18"": ""raw_mediapipe"", ""19"": ""raw_mediapipe"", ""20"": ""raw_mediapipe"", ""21"": ""raw_mediapipe"", ""22"": ""raw_mediapipe"", ""23"": ""raw_mediapipe"", ""24"": ""raw_mediapipe"", ""25"": ""raw_mediapipe"", ""26"": ""raw_mediapipe"", ""27"": ""raw_mediapipe"", ""28"": ""raw_mediapipe"", ""29"": ""raw_mediapipe"", ""30"": ""raw_mediapipe"", ""31"": ""raw_mediapipe"", ""32"": ""raw_mediapipe""}",0.0,0.0,0.0,0.0,0.0,0.0,0.0,0.0,0.0,0.0,0.0,0.0,0.0,0.0,0.0,0.0,0.0,0.0,0.0,0.0,0.0,0.0,0.0,0.0,0.0,0.0,0.0,0.0,0.0,0.0,0.0,0.0,0.0,0.0,0.0,0.0,0.0,0.0,0.0,0.0,0.0,0.0,0.0,0.0,0.0,0.0,0.0,0.0,0.0,0.0
142,4733,7.600868,detected,1,0,partial_pose,0.4648,0.607,0.198,18,0.4545,0.155,0.0268,1.0,0.0,0.0,0.0,0.7762,0.7762,0.0,world,False,"{""0"": ""raw_mediapipe"", ""1"": ""raw_mediapipe"", ""2"": ""raw_mediapipe"", ""3"": ""raw_mediapipe"", ""4"": ""raw_mediapipe"", ""5"": ""raw_mediapipe"", ""6"": ""raw_mediapipe"", ""7"": ""raw_mediapipe"", ""8"": ""raw_mediapipe"", ""9"": ""raw_mediapipe"", ""10"": ""raw_mediapipe"", ""11"": ""raw_mediapipe"", ""12"": ""raw_mediapipe"", ""13"": ""raw_mediapipe"", ""14"": ""raw_mediapipe"", ""15"": ""raw_mediapipe"", ""16"": ""raw_mediapipe"", ""17"": ""raw_mediapipe"", ""18"": ""raw_mediapipe"", ""19"": ""raw_mediapipe"", ""20"": ""raw_mediapipe"", ""21"": ""raw_mediapipe"", ""22"": ""raw_mediapipe"", ""23"": ""raw_mediapipe"", ""24"": ""raw_mediapipe"", ""25"": ""raw_mediapipe"", ""26"": ""raw_mediapipe"", ""27"": ""raw_mediapipe"", ""28"": ""raw_mediapipe"", ""29"": ""raw_mediapipe"", ""30"": ""raw_mediapipe"", ""31"": ""raw_mediapipe"", ""32"": ""raw_mediapipe""}",0.0,0.0,0.0,0.0,0.0,0.0,0.0,0.0,0.0,0.0,0.0,0.0,0.0,0.0,0.0,0.0,0.0,0.0,0.0,0.0,0.0,0.0,0.0,0.0,0.0,0.0,0.0,0.0,0.0,0.0,0.0,0.0,0.0,0.0,0.0,0.0,0.0,0.0,0.0,0.0,0.0,0.0,0.0,0.0,0.0,0.0,0.0,0.0,0.0,0.0
143,4766,7.657806,detected,1,0,low_confidence,0.4291,0.6089,0.1837,18,0.4545,0.5713,0.03,1.0,0.0,0.0,0.0,0.7778,0.7778,0.0,world,False,"{""0"": ""raw_mediapipe"", ""1"": ""raw_mediapipe"", ""2"": ""raw_mediapipe"", ""3"": ""raw_mediapipe"", ""4"": ""raw_mediapipe"", ""5"": ""raw_mediapipe"", ""6"": ""raw_mediapipe"", ""7"": ""raw_mediapipe"", ""8"": ""raw_mediapipe"", ""9"": ""raw_mediapipe"", ""10"": ""raw_mediapipe"", ""11"": ""raw_mediapipe"", ""12"": ""raw_mediapipe"", ""13"": ""raw_mediapipe"", ""14"": ""raw_mediapipe"", ""15"": ""raw_mediapipe"", ""16"": ""raw_mediapipe"", ""17"": ""raw_mediapipe"", ""18"": ""raw_mediapipe"", ""19"": ""raw_mediapipe"", ""20"": ""raw_mediapipe"", ""21"": ""raw_mediapipe"", ""22"": ""raw_mediapipe"", ""23"": ""raw_mediapipe"", ""24"": ""raw_mediapipe"", ""25"": ""raw_mediapipe"", ""26"": ""raw_mediapipe"", ""27"": ""raw_mediapipe"", ""28"": ""raw_mediapipe"", ""29"": ""raw_mediapipe"", ""30"": ""raw_mediapipe"", ""31"": ""raw_mediapipe"", ""32"": ""raw_mediapipe""}",0.0,0.0,0.0,0.0,0.0,0.0,0.0,0.0,0.0,0.0,0.0,0.0,0.0,0.0,0.0,0.0,0.0,0.0,0.0,0.0,0.0,0.0,0.0,0.0,0.0,0.0,0.0,0.0,0.0,0.0,0.0,0.0,0.0,0.0,0.0,0.0,0.0,0.0,0.0,0.0,0.0,0.0,0.0,0.0,0.0,0.0,0.0,0.0,0.0,0.0
144,4800,7.712329,detected,1,0,partial_pose,0.523,0.6159,0.1686,17,0.4848,0.1048,0.0318,1.0,0.0,0.0,0.0,0.7793,0.7793,0.0,world,False,"{""0"": ""raw_mediapipe"", ""1"": ""raw_mediapipe"", ""2"": ""raw_mediapipe"", ""3"": ""raw_mediapipe"", ""4"": ""raw_mediapipe"", ""5"": ""raw_mediapipe"", ""6"": ""raw_mediapipe"", ""7"": ""raw_mediapipe"", ""8"": ""raw_mediapipe"", ""9"": ""raw_mediapipe"", ""10"": ""raw_mediapipe"", ""11"": ""raw_mediapipe"", ""12"": ""raw_mediapipe"", ""13"": ""raw_mediapipe"", ""14"": ""raw_mediapipe"", ""15"": ""raw_mediapipe"", ""16"": ""raw_mediapipe"", ""17"": ""raw_mediapipe"", ""18"": ""raw_mediapipe"", ""19"": ""raw_mediapipe"", ""20"": ""raw_mediapipe"", ""21"": ""raw_mediapipe"", ""22"": ""raw_mediapipe"", ""23"": ""raw_mediapipe"", ""24"": ""raw_mediapipe"", ""25"": ""raw_mediapipe"", ""26"": ""raw_mediapipe"", ""27"": ""raw_mediapipe"", ""28"": ""raw_mediapipe"", ""29"": ""raw_mediapipe"", ""30"": ""raw_mediapipe"", ""31"": ""raw_mediapipe"", ""32"": ""raw_mediapipe""}",0.0,0.0,0.0,0.0,0.0,0.0,0.0,0.0,0.0,0.0,0.0,0.0,0.0,0.0,0.0,0.0,0.0,0.0,0.0,0.0,0.0,0.0,0.0,0.0,0.0,0.0,0.0,0.0,0.0,0.0,0.0,0.0,0.0,0.0,0.0,0.0,0.0,0.0,0.0,0.0,0.0,0.0,0.0,0.0,0.0,0.0,0.0,0.0,0.0,0.0
145,4833,7.765747,detected,1,0,low_confidence,0.4322,0.6346,0.1948,16,0.5152,0.3073,0.0208,1.0,0.0,0.0,0.0,0.7808,0.7808,0.0,world,False,"{""0"": ""raw_mediapipe"", ""1"": ""raw_mediapipe"", ""2"": ""raw_mediapipe"", ""3"": ""raw_mediapipe"", ""4"": ""raw_mediapipe"", ""5"": ""raw_mediapipe"", ""6"": ""raw_mediapipe"", ""7"": ""raw_mediapipe"", ""8"": ""raw_mediapipe"", ""9"": ""raw_mediapipe"", ""10"": ""raw_mediapipe"", ""11"": ""raw_mediapipe"", ""12"": ""raw_mediapipe"", ""13"": ""raw_mediapipe"", ""14"": ""raw_mediapipe"", ""15"": ""raw_mediapipe"", ""16"": ""raw_mediapipe"", ""17"": ""raw_mediapipe"", ""18"": ""raw_mediapipe"", ""19"": ""raw_mediapipe"", ""20"": ""raw_mediapipe"", ""21"": ""raw_mediapipe"", ""22"": ""raw_mediapipe"", ""23"": ""raw_mediapipe"", ""24"": ""raw_mediapipe"", ""25"": ""raw_mediapipe"", ""26"": ""raw_mediapipe"", ""27"": ""raw_mediapipe"", ""28"": ""raw_mediapipe"", ""29"": ""raw_mediapipe"", ""30"": ""raw_mediapipe"", ""31"": ""raw_mediapipe"", ""32"": ""raw_mediapipe""}",0.0,0.0,0.0,0.0,0.0,0.0,0.0,0.0,0.0,0.0,0.0,0.0,0.0,0.0,0.0,0.0,0.0,0.0,0.0,0.0,0.0,0.0,0.0,0.0,0.0,0.0,0.0,0.0,0.0,0.0,0.0,0.0,0.0,0.0,0.0,0.0,0.0,0.0,0.0,0.0,0.0,0.0,0.0,0.0,0.0,0.0,0.0,0.0,0.0,0.0
146,4866,7.819291,detected,1,0,partial_pose,0.4888,0.6394,0.1769,16,0.5152,0.1576,0.0257,1.0,0.0,0.0,0.0,0.7823,0.7823,0.0,world,False,"{""0"": ""raw_mediapipe"", ""1"": ""raw_mediapipe"", ""2"": ""raw_mediapipe"", ""3"": ""raw_mediapipe"", ""4"": ""raw_mediapipe"", ""5"": ""raw_mediapipe"", ""6"": ""raw_mediapipe"", ""7"": ""raw_mediapipe"", ""8"": ""raw_mediapipe"", ""9"": ""raw_mediapipe"", ""10"": ""raw_mediapipe"", ""11"": ""raw_mediapipe"", ""12"": ""raw_mediapipe"", ""13"": ""raw_mediapipe"", ""14"": ""raw_mediapipe"", ""15"": ""raw_mediapipe"", ""16"": ""raw_mediapipe"", ""17"": ""raw_mediapipe"", ""18"": ""raw_mediapipe"", ""19"": ""raw_mediapipe"", ""20"": ""raw_mediapipe"", ""21"": ""raw_mediapipe"", ""22"": ""raw_mediapipe"", ""23"": ""raw_mediapipe"", ""24"": ""raw_mediapipe"", ""25"": ""raw_mediapipe"", ""26"": ""raw_mediapipe"", ""27"": ""raw_mediapipe"", ""28"": ""raw_mediapipe"", ""29"": ""raw_mediapipe"", ""30"": ""raw_mediapipe"", ""31"": ""raw_mediapipe"", ""32"": ""raw_mediapipe""}",0.0,0.0,0.0,0.0,0.0,0.0,0.0,0.0,0.0,0.0,0.0,0.0,0.0,0.0,0.0,0.0,0.0,0.0,0.0,0.0,0.0,0.0,0.0,0.0,0.0,0.0,0.0,0.0,0.0,0.0,0.0,0.0,0.0,0.0,0.0,0.0,0.0,0.0,0.0,0.0,0.0,0.0,0.0,0.0,0.0,0.0,0.0,0.0,0.0,0.0
147,4900,7.871839,detected,1,0,partial_pose,0.4574,0.648,0.1625,15,0.5455,0.9027,0.0255,1.0,0.0,0.0,0.0,0.7838,0.7838,0.0,world,False,"{""0"": ""raw_mediapipe"", ""1"": ""raw_mediapipe"", ""2"": ""raw_mediapipe"", ""3"": ""raw_mediapipe"", ""4"": ""raw_mediapipe"", ""5"": ""raw_mediapipe"", ""6"": ""raw_mediapipe"", ""7"": ""raw_mediapipe"", ""8"": ""raw_mediapipe"", ""9"": ""raw_mediapipe"", ""10"": ""raw_mediapipe"", ""11"": ""raw_mediapipe"", ""12"": ""raw_mediapipe"", ""13"": ""raw_mediapipe"", ""14"": ""raw_mediapipe"", ""15"": ""raw_mediapipe"", ""16"": ""raw_mediapipe"", ""17"": ""raw_mediapipe"", ""18"": ""raw_mediapipe"", ""19"": ""raw_mediapipe"", ""20"": ""raw_mediapipe"", ""21"": ""raw_mediapipe"", ""22"": ""raw_mediapipe"", ""23"": ""raw_mediapipe"", ""24"": ""raw_mediapipe"", ""25"": ""raw_mediapipe"", ""26"": ""raw_mediapipe"", ""27"": ""raw_mediapipe"", ""28"": ""raw_mediapipe"", ""29"": ""raw_mediapipe"", ""30"": ""raw_mediapipe"", ""31"": ""raw_mediapipe"", ""32"": ""raw_mediapipe""}",0.0,0.0,0.0,0.0,0.0,0.0,0.0,0.0,0.0,0.0,0.0,0.0,0.0,0.0,0.0,0.0,0.0,0.0,0.0,0.0,0.0,0.0,0.0,0.0,0.0,0.0,0.0,0.0,0.0,0.0,0.0,0.0,0.0,0.0,0.0,0.0,0.0,0.0,0.0,0.0,0.0,0.0,0.0,0.0,0.0,0.0,0.0,0.0,0.0,0.0
148,4933,7.923367,detected,1,0,partial_pose,0.4797,0.6448,0.148,13,0.6061,0.3901,0.0284,1.0,0.0,0.0,0.0,0.7852,0.7852,0.0,world,False,"{""0"": ""raw_mediapipe"", ""1"": ""raw_mediapipe"", ""2"": ""raw_mediapipe"", ""3"": ""raw_mediapipe"", ""4"": ""raw_mediapipe"", ""5"": ""raw_mediapipe"", ""6"": ""raw_mediapipe"", ""7"": ""raw_mediapipe"", ""8"": ""raw_mediapipe"", ""9"": ""raw_mediapipe"", ""10"": ""raw_mediapipe"", ""11"": ""raw_mediapipe"", ""12"": ""raw_mediapipe"", ""13"": ""raw_mediapipe"", ""14"": ""raw_mediapipe"", ""15"": ""raw_mediapipe"", ""16"": ""raw_mediapipe"", ""17"": ""raw_mediapipe"", ""18"": ""raw_mediapipe"", ""19"": ""raw_mediapipe"", ""20"": ""raw_mediapipe"", ""21"": ""raw_mediapipe"", ""22"": ""raw_mediapipe"", ""23"": ""raw_mediapipe"", ""24"": ""raw_mediapipe"", ""25"": ""raw_mediapipe"", ""26"": ""raw_mediapipe"", ""27"": ""raw_mediapipe"", ""28"": ""raw_mediapipe"", ""29"": ""raw_mediapipe"", ""30"": ""raw_mediapipe"", ""31"": ""raw_mediapipe"", ""32"": ""raw_mediapipe""}",0.1923,0.0,0.0,0.0,0.1695,0.0,0.0,0.0,0.0,0.0,0.0,0.0,0.0,0.0,0.0,0.0,0.0,0.0,0.0,0.0,0.0,0.0,0.0,0.0,0.0,0.0,0.0,0.0,0.0,0.0,0.0,0.0,0.0,0.0,0.0,0.0,0.0,0.0,0.0,0.0,0.0,0.0,0.0,0.0,0.0,0.0,0.0,0.0,0.0,0.0
149,4966,7.973896,detected,1,0,partial_pose,0.5334,0.6718,0.1999,10,0.697,0.2121,0.0338,1.0,0.0,0.0,0.0,0.7867,0.7867,0.0,world,False,"{""0"": ""raw_mediapipe"", ""1"": ""raw_mediapipe"", ""2"": ""raw_mediapipe"", ""3"": ""raw_mediapipe"", ""4"": ""raw_mediapipe"", ""5"": ""raw_mediapipe"", ""6"": ""raw_mediapipe"", ""7"": ""raw_mediapipe"", ""8"": ""raw_mediapipe"", ""9"": ""raw_mediapipe"", ""10"": ""raw_mediapipe"", ""11"": ""raw_mediapipe"", ""12"": ""raw_mediapipe"", ""13"": ""raw_mediapipe"", ""14"": ""raw_mediapipe"", ""15"": ""raw_mediapipe"", ""16"": ""raw_mediapipe"", ""17"": ""raw_mediapipe"", ""18"": ""raw_mediapipe"", ""19"": ""raw_mediapipe"", ""20"": ""raw_mediapipe"", ""21"": ""raw_mediapipe"", ""22"": ""raw_mediapipe"", ""23"": ""raw_mediapipe"", ""24"": ""raw_mediapipe"", ""25"": ""raw_mediapipe"", ""26"": ""raw_mediapipe"", ""27"": ""raw_mediapipe"", ""28"": ""raw_mediapipe"", ""29"": ""raw_mediapipe"", ""30"": ""raw_mediapipe"", ""31"": ""raw_mediapipe"", ""32"": ""raw_mediapipe""}",0.1952,0.0,0.0,0.0,0.1739,0.0,0.0,0.0,0.0,0.0,0.0,0.0,0.0,0.0,0.0,0.0,0.0,0.0,0.0,0.0,0.0,0.0,0.0,0.0,0.0,0.0,0.0,0.0,0.0,0.0,0.0,0.0,0.0,0.0,0.0,0.0,0.0,0.0,0.0,0.0,0.0,0.0,0.0,0.0,0.0,0.0,0.0,0.0,0.0,0.0
